==================================================================
Job 4223697 task 1 on n23g0015.hpc.itc.rwth-aachen.de — Sat Sep 19 07:19:45 CEST 2026
  study  : 2D-ONLY, FROM SCRATCH
  arm    : singleview / lambda=1e-4
  cluster: RWTH CLAIX-2023 | partition c23g | account rwth2151
  wall   : ends Sun Sep 20 07:19:10 CEST 2026
  repo   : /rwthfs/rz/cluster/home/mkd34160/2d/SMILify
  env    : /hpcwork/mkd34160/conda_envs/pytorch3d
  config : configs_runs/singleview_2d_lam1e-4.json
  gpus   : 4 per node x 2 node(s) = 8 rank(s)  [from SLURM_GPUS_ON_NODE]
==================================================================
  torch  : 2.3.1, CUDA 11.8, 4 GPU(s) visible
  resume : none — training from randomly initialised weights
  num_epochs (end)  : 1000
  -> will train 1000 epoch(s) this job
  STUDY INVARIANT   : total schedule is 1000 epochs from scratch — every arm MUST match.
  scale/trans plumbing: the config's weights reach the trainer's resolver  OK
  3D supervision    : all of keypoint_3d, global_rot, joint_rot, betas, trans, log_beta_scales, betas_trans are 0.0 at every epoch  OK
  keypoint_2d       : 0.1 .. 0.1 across the schedule
  camera terms      : fov=0, cam_rot=0, cam_trans=0
  WARNING: every camera term is 0 as well. With a free camera and no 3D, the 2D
           reprojection loss can be reduced by moving the CAMERA rather than posing
           the animal. Expect the pose to be under-determined.
  joint_limit_regularization: 0.0001  (array task expects 0.0001)
  smal_file         : 3D_model_prep/SMILy_STICK_limits_authored.pkl
  authored limits   : 129/162 non-root axes constrained (80%)
  NOTE: the penalty is a mean over ALL 162 non-root axes, so the effective
        prior strength is w x 0.80 = 7.963e-05.
  -> effective limit weight is 0.000796x the peak keypoint_2d weight.
     CAVEAT: the earlier lambda sweep ran against a loss dominated by keypoint_3d at
     weight 20. With 3D gone the same lambda is a far larger FRACTION of the total
     loss, so these lambdas are NOT on the same scale as that study's.
  batch_size 16 per rank x 8 rank(s) -> effective 128
  STUDY INVARIANT   : effective batch 128 — every arm MUST match.
  1 sibling arm(s) agree on the allocation shape  OK
  recorded the allocation shape -> /hpcwork/mkd34160/smilify_runs/singleview_2d_lam1e-4/allocation.json
  save_checkpoint_every: 2 (bounds the epochs lost at each 24 h wall)
  generate_visualizations_every: 10 plot_history_every: 10 samples: 5
  checkpoints -> /hpcwork/mkd34160/smilify_runs/singleview_2d_lam1e-4/checkpoints
  free space on /hpcwork/mkd34160/smilify_runs/singleview_2d_lam1e-4: 858 GB (advisory — statvfs shows the FILESYSTEM, not your quota)
  lr over [0, 1000): 0.0001@e0 -> 5e-05@e120 -> 1e-05@e200
  WARNING — SCALE/DEPTH DEGENERACY: mesh_scaling.allow_mesh_scaling is on and there is
            no 3D supervision. TrainingConfig.MESH_SCALING_CONFIG states the global
            mesh scale is trained implicitly via the 3D keypoint loss; with that gone,
            a larger animal further away reprojects to the same pixels. Only the
            limb_scale / limb_trans regularizers and the joint-limit prior hold it.
            Kept ON deliberately: the study is the reference setup MINUS 3D.

=== configs_runs/singleview_2d_lam0.json ===
  from scratch: resume_checkpoint is null  OK
  num_epochs: 1000
  scale/trans loss weights reach the trainer's resolver  OK
  3D supervision: all of keypoint_3d, global_rot, joint_rot, betas, trans, log_beta_scales, betas_trans are 0.0 at every epoch  OK
  keypoint_2d: 0.1 .. 0.1 across the run  OK
  joint_limit_regularization: 0 (constant)  OK

=== configs_runs/singleview_2d_lam1e-1.json ===
  from scratch: resume_checkpoint is null  OK
  num_epochs: 1000
  scale/trans loss weights reach the trainer's resolver  OK
  3D supervision: all of keypoint_3d, global_rot, joint_rot, betas, trans, log_beta_scales, betas_trans are 0.0 at every epoch  OK
  keypoint_2d: 0.1 .. 0.1 across the run  OK
  joint_limit_regularization: 0.1 (constant)  OK

=== configs_runs/singleview_2d_lam1e-4.json ===
  from scratch: resume_checkpoint is null  OK
  num_epochs: 1000
  scale/trans loss weights reach the trainer's resolver  OK
  3D supervision: all of keypoint_3d, global_rot, joint_rot, betas, trans, log_beta_scales, betas_trans are 0.0 at every epoch  OK
  keypoint_2d: 0.1 .. 0.1 across the run  OK
  joint_limit_regularization: 0.0001 (constant)  OK

=== sweep invariant ===
  lambdas distinct: ['0', '0.1', '0.0001']  OK
  all 3 arms agree on mode, model, dataset, training, optimizer, augmentation, smal_model, mesh_scaling, depth, joint_importance, ignored_joints, ignored_joint_locations, scale_trans_beta  OK
  checkpoint dirs distinct  OK

==================================================================
Pre-flight clean. Safe to submit.
  launch : srun x 2 node(s), rendezvous on n23g0015:29501
[config] SMAL_FILE overridden to: 3D_model_prep/SMILy_STICK_limits_authored.pkl
[config] N_POSE=54, N_BETAS=5, joints=55
[config] SMAL_FILE overridden to: 3D_model_prep/SMILy_STICK_limits_authored.pkl
[config] N_POSE=54, N_BETAS=5, joints=55
[config] SMAL_FILE overridden to: 3D_model_prep/SMILy_STICK_limits_authored.pkl
[config] N_POSE=54, N_BETAS=5, joints=55
[config] SMAL_FILE overridden to: 3D_model_prep/SMILy_STICK_limits_authored.pkl
[config] N_POSE=54, N_BETAS=5, joints=55
Loaded config from: configs_runs/singleview_2d_lam1e-4.json
Resolved config saved to: /hpcwork/mkd34160/smilify_runs/singleview_2d_lam1e-4/checkpoints/config.json
Loaded config from: configs_runs/singleview_2d_lam1e-4.json
Resolved config saved to: /hpcwork/mkd34160/smilify_runs/singleview_2d_lam1e-4/checkpoints/config.json
Loaded config from: configs_runs/singleview_2d_lam1e-4.json
Resolved config saved to: /hpcwork/mkd34160/smilify_runs/singleview_2d_lam1e-4/checkpoints/config.json
Loaded config from: configs_runs/singleview_2d_lam1e-4.json
Resolved config saved to: /hpcwork/mkd34160/smilify_runs/singleview_2d_lam1e-4/checkpoints/config.json
Detected torchrun/HPC launch environment:
  Global rank: 0
  Local rank (GPU): 0
  World size: 8
  MASTER_ADDR: n23g0015.hpc.itc.rwth-aachen.de
  MASTER_PORT: 43115
[config] SMAL_FILE overridden to: 3D_model_prep/SMILy_STICK_limits_authored.pkl
[config] N_POSE=54, N_BETAS=5, joints=55
[config] SMAL_FILE overridden to: 3D_model_prep/SMILy_STICK_limits_authored.pkl
[config] N_POSE=54, N_BETAS=5, joints=55
[config] SMAL_FILE overridden to: 3D_model_prep/SMILy_STICK_limits_authored.pkl
[config] N_POSE=54, N_BETAS=5, joints=55
[config] SMAL_FILE overridden to: 3D_model_prep/SMILy_STICK_limits_authored.pkl
[config] N_POSE=54, N_BETAS=5, joints=55
[config] SMAL_FILE overridden to: 3D_model_prep/SMILy_STICK_limits_authored.pkl
[config] N_POSE=54, N_BETAS=5, joints=55
[config] SMAL_FILE overridden to: 3D_model_prep/SMILy_STICK_limits_authored.pkl
[config] N_POSE=54, N_BETAS=5, joints=55
[config] SMAL_FILE overridden to: 3D_model_prep/SMILy_STICK_limits_authored.pkl
[config] N_POSE=54, N_BETAS=5, joints=55
Loaded config from: configs_runs/singleview_2d_lam1e-4.json
Resolved config saved to: /hpcwork/mkd34160/smilify_runs/singleview_2d_lam1e-4/checkpoints/config.json
Loaded config from: configs_runs/singleview_2d_lam1e-4.json
Resolved config saved to: /hpcwork/mkd34160/smilify_runs/singleview_2d_lam1e-4/checkpoints/config.json
Loaded config from: configs_runs/singleview_2d_lam1e-4.json
Resolved config saved to: /hpcwork/mkd34160/smilify_runs/singleview_2d_lam1e-4/checkpoints/config.json
Loaded config from: configs_runs/singleview_2d_lam1e-4.json
Resolved config saved to: /hpcwork/mkd34160/smilify_runs/singleview_2d_lam1e-4/checkpoints/config.json
[config] SMAL_FILE overridden to: 3D_model_prep/SMILy_STICK_limits_authored.pkl
[config] N_POSE=54, N_BETAS=5, joints=55
============================================================
SMIL Training Configuration Summary
============================================================
Dataset: RealSMILyMouseFalknerFROM3D_no_crop
Data Path: RealSMILyMouseFalknerFROM3D_no_crop.h5
Train/Val/Test Split: 85.0%/5.0%/10.0%

Training Parameters:
  batch_size: 16
  num_epochs: 1000
  learning_rate: 0.0001
  weight_decay: 0.0001
  seed: 42
  rotation_representation: 6d
  resume_checkpoint: None
  num_workers: 8
  pin_memory: True
  prefetch_factor: 16

Model Configuration:
  backbone_name: vit_large_patch16_224
  freeze_backbone: True
  hidden_dim: 1024
  rgb_only: False
  use_unity_prior: False
  head_type: transformer_decoder
  Backbone type: Vision Transformer
  Feature dimension: 1024
  Regression head: transformer_decoder
  Transformer decoder config:
    hidden_dim: 1024
    depth: 6
    heads: 8
    dim_head: 64
    mlp_dim: 1024
    dropout: 0.1
    ief_iters: 3
    trans_scale_factor: 1

Loss Curriculum:
  Base weights:
    global_rot: 0.0
    joint_rot: 0.0
    betas: 0.0
    trans: 0.0
    fov: 0.0
    cam_rot: 0.0
    cam_trans: 0.0
    log_beta_scales: 0.0
    betas_trans: 0.0
    keypoint_2d: 0.1
    keypoint_3d: 0.0
    silhouette: 0.0
    joint_angle_regularization: 0.001
    limb_scale_regularization: 0.1
    limb_trans_regularization: 1
    joint_limit_regularization: 0.0001
  Curriculum stages:
    Epoch 20+: {'joint_angle_regularization': 0.0001}
    Epoch 50+: {'joint_angle_regularization': 1e-05}
    Epoch 60+: {'joint_angle_regularization': 1e-06, 'limb_scale_regularization': 0.001, 'limb_trans_regularization': 0.5}
    Epoch 120+: {'joint_angle_regularization': 1e-06, 'limb_scale_regularization': 0.0005, 'limb_trans_regularization': 0.5}
    Epoch 200+: {'joint_angle_regularization': 1e-06, 'limb_scale_regularization': 0.0001, 'limb_trans_regularization': 0.5}
    Epoch 250+: {'joint_angle_regularization': 1e-06, 'limb_scale_regularization': 5e-05, 'limb_trans_regularization': 0.5}
    Epoch 300+: {'joint_angle_regularization': 5e-07, 'limb_scale_regularization': 5e-05, 'limb_trans_regularization': 0.5}
    Epoch 400+: {'joint_angle_regularization': 2e-07, 'limb_scale_regularization': 1e-05, 'limb_trans_regularization': 0.5}

Learning Rate Curriculum:
  Base learning rate: 0.0001
  Learning rate stages:
    Epoch 0+: 0.0001
    Epoch 120+: 5e-05
    Epoch 200+: 1e-05

Output Configuration:
  checkpoint_dir: /hpcwork/mkd34160/smilify_runs/singleview_2d_lam1e-4/checkpoints
  plots_dir: /hpcwork/mkd34160/smilify_runs/singleview_2d_lam1e-4/plots
  visualizations_dir: /hpcwork/mkd34160/smilify_runs/singleview_2d_lam1e-4/visualizations
  train_visualizations_dir: /hpcwork/mkd34160/smilify_runs/singleview_2d_lam1e-4/visualizations_train
  save_checkpoint_every: 2
  generate_visualizations_every: 10
  plot_history_every: 10
  num_visualization_samples: 5
============================================================
Random seed set to: 42
Using device override: cuda:0
Loading dataset...
Using rotation representation: 6d
Using backbone: vit_large_patch16_224

======================================================================
SINGLE DATASET TRAINING MODE (Legacy)
======================================================================
SLEAP dataset support: enabled
Dataset size: 506250
Original resolution: 512
Target resolution: 512
Single-view-from-multiview split (sample-grouped, seed=42): 86062/5062/10126 samples -> 430310/25310/50630 view-items
Train set: 430310 samples
Validation set: 25310 samples
Test set: 50630 samples
Data loading configuration:
  Workers: 8
  Pin memory: True
  Prefetch factor: 16
  Matplotlib backend: Agg
Using distributed samplers for 8 GPUs
Effective batch size per GPU: 16
Total effective batch size: 128
Rank 0: Train sampler size: 53789, Val sampler size: 3164
Successfully created data loaders with 8 workers
Memory Status Before model initialization:
  GPU: 0.0MB / 95319.4MB (0.0%)
  System: 32524.1MB / 515103.4MB (6.3%)
Memory recommendations for vit_large_patch16_224:
  backbone_name: vit_large_patch16_224
  freeze_backbone: True
  use_mixed_precision: True
  use_gradient_checkpointing: True
  target_memory_gb: 19.200000000000003
  estimated_batch_size: 16
  hidden_dim: 1024
Initializing model...
Using backbone: vit_large_patch16_224
Using input resolution: 224x224 (backbone: vit_large_patch16_224)
[config] SMAL_FILE overridden to: 3D_model_prep/SMILy_STICK_limits_authored.pkl
[config] N_POSE=54, N_BETAS=5, joints=55
[config] SMAL_FILE overridden to: 3D_model_prep/SMILy_STICK_limits_authored.pkl
[config] N_POSE=54, N_BETAS=5, joints=55
[config] SMAL_FILE overridden to: 3D_model_prep/SMILy_STICK_limits_authored.pkl
[config] N_POSE=54, N_BETAS=5, joints=55
[config] SMAL_FILE overridden to: 3D_model_prep/SMILy_STICK_limits_authored.pkl
[config] N_POSE=54, N_BETAS=5, joints=55
[ViTBackbone:vit_large_patch16_224] input normalization: mean=[0.5, 0.5, 0.5], std=[0.5, 0.5, 0.5][ViTBackbone:vit_large_patch16_224] input normalization: mean=[0.5, 0.5, 0.5], std=[0.5, 0.5, 0.5]
[ViTBackbone:vit_large_patch16_224] input normalization: mean=[0.5, 0.5, 0.5], std=[0.5, 0.5, 0.5]

[ViTBackbone:vit_large_patch16_224] input normalization: mean=[0.5, 0.5, 0.5], std=[0.5, 0.5, 0.5]
Model created with head type: transformer_decoder
Scale/Translation mode: separate
Positive depth: True (init_depth=0.195, bounds=0.075..0.52), init_mesh_scale=0.04
Transformer decoder config: {'hidden_dim': 1024, 'depth': 6, 'heads': 8, 'dim_head': 64, 'mlp_dim': 1024, 'dropout': 0.1, 'ief_iters': 3, 'trans_scale_factor': 1}
  Trans scale factor: 1
Memory Status After model initialization:
  GPU: 1310.2MB / 95319.4MB (1.4%)
  System: 34644.8MB / 515103.4MB (6.7%)
[ViTBackbone:vit_large_patch16_224] input normalization: mean=[0.5, 0.5, 0.5], std=[0.5, 0.5, 0.5]
[ViTBackbone:vit_large_patch16_224] input normalization: mean=[0.5, 0.5, 0.5], std=[0.5, 0.5, 0.5][ViTBackbone:vit_large_patch16_224] input normalization: mean=[0.5, 0.5, 0.5], std=[0.5, 0.5, 0.5]

[ViTBackbone:vit_large_patch16_224] input normalization: mean=[0.5, 0.5, 0.5], std=[0.5, 0.5, 0.5]
Model wrapped with DistributedDataParallel on 8 GPUs
Model parameters: 329,919,097
  Backbone parameters: 303,301,632
  Transformer decoder parameters: 26,614,771
Using conservative learning rate for transformer decoder: 1.0000000000000002e-06
Optimizer parameter groups created:
  Backbone/other groups: 2
    -  (lr=0.0001)
    -  (lr=0.0001)
  Transformer groups: 0
  Total groups: 2

Optimizer configuration:
  Type: AdamW
  Initial learning rate: 0.0001
  Weight decay: 0.0001
  Number of parameter groups: 2
  Group 0: 294 tensors, 303,301,632 total parameters, lr=0.0001
  Group 1: 107 tensors, 26,614,771 total parameters, lr=0.0001
Starting training...
Training from scratch
Learning rate updated to 1e-05 (group '') at epoch 0
Learning rate updated to 1e-05 (group '') at epoch 0
Joint importance: 6/6 joints matched, multiplier=10.0
Joint importance: 6/6 joints matched, multiplier=10.0
Joint importance: 6/6 joints matched, multiplier=10.0
Joint importance: 6/6 joints matched, multiplier=10.0
Joint importance: 6/6 joints matched, multiplier=10.0
Joint importance: 6/6 joints matched, multiplier=10.0
Joint importance: 6/6 joints matched, multiplier=10.0
Joint importance: 6/6 joints matched, multiplier=10.0

Epoch 0:
  Train Loss = 0.001184, Val Loss = 0.000327, LR = 1.00e-04
  Parameter Errors (Train / Val):
    betas          : 1.718165 / 1.894971
    betas_trans    : 0.000000 / 0.000000
    cam_rot        : 0.000000 / 0.000000
    cam_trans      : 0.000000 / 0.000000
    fov            : 0.000000 / 0.000000
    global_rot     : 0.000000 / 0.000000
    joint_angle_regularization: 0.066972 / 0.009140
    joint_limit_regularization: 0.009217 / 0.000913
    joint_rot      : 0.000000 / 0.000000
    keypoint_2d    : 0.009889 / 0.002760
    keypoint_3d    : 0.000000 / 0.000000
    limb_scale_regularization: 0.000184 / 0.000074
    limb_trans_regularization: 0.000109 / 0.000035
    log_beta_scales: 0.000000 / 0.000000
    silhouette     : 0.000000 / 0.000000
    trans          : 0.000000 / 0.000000
  New best model saved with validation loss: 0.000327

Epoch 1:
  Train Loss = 0.000238, Val Loss = 0.000156, LR = 1.00e-04
  Parameter Errors (Train / Val):
    betas          : 1.812382 / 1.826448
    betas_trans    : 0.000000 / 0.000000
    cam_rot        : 0.000000 / 0.000000
    cam_trans      : 0.000000 / 0.000000
    fov            : 0.000000 / 0.000000
    global_rot     : 0.000000 / 0.000000
    joint_angle_regularization: 0.008485 / 0.005750
    joint_limit_regularization: 0.000365 / 0.000160
    joint_rot      : 0.000000 / 0.000000
    keypoint_2d    : 0.001854 / 0.001289
    keypoint_3d    : 0.000000 / 0.000000
    limb_scale_regularization: 0.000059 / 0.000029
    limb_trans_regularization: 0.000038 / 0.000018
    log_beta_scales: 0.000000 / 0.000000
    silhouette     : 0.000000 / 0.000000
    trans          : 0.000000 / 0.000000
  New best model saved with validation loss: 0.000156
  Checkpoint saved at epoch 1

Epoch 2:
  Train Loss = 0.000159, Val Loss = 0.000137, LR = 1.00e-04
  Parameter Errors (Train / Val):
    betas          : 1.895018 / 2.145701
    betas_trans    : 0.000000 / 0.000000
    cam_rot        : 0.000000 / 0.000000
    cam_trans      : 0.000000 / 0.000000
    fov            : 0.000000 / 0.000000
    global_rot     : 0.000000 / 0.000000
    joint_angle_regularization: 0.008276 / 0.005568
    joint_limit_regularization: 0.000207 / 0.000137
    joint_rot      : 0.000000 / 0.000000
    keypoint_2d    : 0.001271 / 0.001159
    keypoint_3d    : 0.000000 / 0.000000
    limb_scale_regularization: 0.000030 / 0.000020
    limb_trans_regularization: 0.000021 / 0.000014
    log_beta_scales: 0.000000 / 0.000000
    silhouette     : 0.000000 / 0.000000
    trans          : 0.000000 / 0.000000
  New best model saved with validation loss: 0.000137

Epoch 3:
  Train Loss = 0.000147, Val Loss = 0.000104, LR = 1.00e-04
  Parameter Errors (Train / Val):
    betas          : 2.218870 / 2.414590
    betas_trans    : 0.000000 / 0.000000
    cam_rot        : 0.000000 / 0.000000
    cam_trans      : 0.000000 / 0.000000
    fov            : 0.000000 / 0.000000
    global_rot     : 0.000000 / 0.000000
    joint_angle_regularization: 0.008591 / 0.005568
    joint_limit_regularization: 0.000211 / 0.000164
    joint_rot      : 0.000000 / 0.000000
    keypoint_2d    : 0.001199 / 0.000874
    keypoint_3d    : 0.000000 / 0.000000
    limb_scale_regularization: 0.000023 / 0.000013
    limb_trans_regularization: 0.000016 / 0.000010
    log_beta_scales: 0.000000 / 0.000000
    silhouette     : 0.000000 / 0.000000
    trans          : 0.000000 / 0.000000
  New best model saved with validation loss: 0.000104
  Checkpoint saved at epoch 3

Epoch 4:
  Train Loss = 0.000116, Val Loss = 0.000104, LR = 1.00e-04
  Parameter Errors (Train / Val):
    betas          : 2.538809 / 2.732928
    betas_trans    : 0.000000 / 0.000000
    cam_rot        : 0.000000 / 0.000000
    cam_trans      : 0.000000 / 0.000000
    fov            : 0.000000 / 0.000000
    global_rot     : 0.000000 / 0.000000
    joint_angle_regularization: 0.008805 / 0.005557
    joint_limit_regularization: 0.000225 / 0.000155
    joint_rot      : 0.000000 / 0.000000
    keypoint_2d    : 0.000946 / 0.000890
    keypoint_3d    : 0.000000 / 0.000000
    limb_scale_regularization: 0.000016 / 0.000012
    limb_trans_regularization: 0.000011 / 0.000008
    log_beta_scales: 0.000000 / 0.000000
    silhouette     : 0.000000 / 0.000000
    trans          : 0.000000 / 0.000000

Epoch 5:
  Train Loss = 0.000101, Val Loss = 0.000091, LR = 1.00e-04
  Parameter Errors (Train / Val):
    betas          : 2.842306 / 3.064669
    betas_trans    : 0.000000 / 0.000000
    cam_rot        : 0.000000 / 0.000000
    cam_trans      : 0.000000 / 0.000000
    fov            : 0.000000 / 0.000000
    global_rot     : 0.000000 / 0.000000
    joint_angle_regularization: 0.009021 / 0.005724
    joint_limit_regularization: 0.000256 / 0.000179
    joint_rot      : 0.000000 / 0.000000
    keypoint_2d    : 0.000817 / 0.000779
    keypoint_3d    : 0.000000 / 0.000000
    limb_scale_regularization: 0.000014 / 0.000010
    limb_trans_regularization: 0.000009 / 0.000007
    log_beta_scales: 0.000000 / 0.000000
    silhouette     : 0.000000 / 0.000000
    trans          : 0.000000 / 0.000000
  New best model saved with validation loss: 0.000091
  Checkpoint saved at epoch 5

Epoch 6:
  Train Loss = 0.000094, Val Loss = 0.000078, LR = 1.00e-04
  Parameter Errors (Train / Val):
    betas          : 3.313012 / 3.382363
    betas_trans    : 0.000000 / 0.000000
    cam_rot        : 0.000000 / 0.000000
    cam_trans      : 0.000000 / 0.000000
    fov            : 0.000000 / 0.000000
    global_rot     : 0.000000 / 0.000000
    joint_angle_regularization: 0.009326 / 0.006026
    joint_limit_regularization: 0.000273 / 0.000191
    joint_rot      : 0.000000 / 0.000000
    keypoint_2d    : 0.000759 / 0.000654
    keypoint_3d    : 0.000000 / 0.000000
    limb_scale_regularization: 0.000013 / 0.000010
    limb_trans_regularization: 0.000008 / 0.000006
    log_beta_scales: 0.000000 / 0.000000
    silhouette     : 0.000000 / 0.000000
    trans          : 0.000000 / 0.000000
  New best model saved with validation loss: 0.000078

Epoch 7:
  Train Loss = 0.000088, Val Loss = 0.000071, LR = 1.00e-04
  Parameter Errors (Train / Val):
    betas          : 3.738810 / 3.728121
    betas_trans    : 0.000000 / 0.000000
    cam_rot        : 0.000000 / 0.000000
    cam_trans      : 0.000000 / 0.000000
    fov            : 0.000000 / 0.000000
    global_rot     : 0.000000 / 0.000000
    joint_angle_regularization: 0.009542 / 0.006211
    joint_limit_regularization: 0.000305 / 0.000198
    joint_rot      : 0.000000 / 0.000000
    keypoint_2d    : 0.000707 / 0.000590
    keypoint_3d    : 0.000000 / 0.000000
    limb_scale_regularization: 0.000013 / 0.000009
    limb_trans_regularization: 0.000007 / 0.000005
    log_beta_scales: 0.000000 / 0.000000
    silhouette     : 0.000000 / 0.000000
    trans          : 0.000000 / 0.000000
  New best model saved with validation loss: 0.000071
  Checkpoint saved at epoch 7

Epoch 8:
  Train Loss = 0.000085, Val Loss = 0.000069, LR = 1.00e-04
  Parameter Errors (Train / Val):
    betas          : 4.092551 / 4.023970
    betas_trans    : 0.000000 / 0.000000
    cam_rot        : 0.000000 / 0.000000
    cam_trans      : 0.000000 / 0.000000
    fov            : 0.000000 / 0.000000
    global_rot     : 0.000000 / 0.000000
    joint_angle_regularization: 0.009766 / 0.006503
    joint_limit_regularization: 0.000330 / 0.000225
    joint_rot      : 0.000000 / 0.000000
    keypoint_2d    : 0.000681 / 0.000560
    keypoint_3d    : 0.000000 / 0.000000
    limb_scale_regularization: 0.000011 / 0.000009
    limb_trans_regularization: 0.000006 / 0.000006
    log_beta_scales: 0.000000 / 0.000000
    silhouette     : 0.000000 / 0.000000
    trans          : 0.000000 / 0.000000
  New best model saved with validation loss: 0.000069

Epoch 9:
  Train Loss = 0.000081, Val Loss = 0.000064, LR = 1.00e-04
  Parameter Errors (Train / Val):
    betas          : 4.437604 / 4.281665
    betas_trans    : 0.000000 / 0.000000
    cam_rot        : 0.000000 / 0.000000
    cam_trans      : 0.000000 / 0.000000
    fov            : 0.000000 / 0.000000
    global_rot     : 0.000000 / 0.000000
    joint_angle_regularization: 0.009802 / 0.006648
    joint_limit_regularization: 0.000340 / 0.000246
    joint_rot      : 0.000000 / 0.000000
    keypoint_2d    : 0.000640 / 0.000516
    keypoint_3d    : 0.000000 / 0.000000
    limb_scale_regularization: 0.000011 / 0.000008
    limb_trans_regularization: 0.000006 / 0.000005
    log_beta_scales: 0.000000 / 0.000000
    silhouette     : 0.000000 / 0.000000
    trans          : 0.000000 / 0.000000
  New best model saved with validation loss: 0.000064
  Checkpoint saved at epoch 9
Visualizing 5 samples from dataset: unknown
Generated 5 visualization images for epoch 9 in /hpcwork/mkd34160/smilify_runs/singleview_2d_lam1e-4/visualizations/epoch_009
Visualizing 5 samples from dataset: unknown
Generated 5 visualization images for epoch 9 in /hpcwork/mkd34160/smilify_runs/singleview_2d_lam1e-4/visualizations_train/epoch_009

Epoch 10:
  Train Loss = 0.000074, Val Loss = 0.000062, LR = 1.00e-04
  Parameter Errors (Train / Val):
    betas          : 4.819674 / 4.496614
    betas_trans    : 0.000000 / 0.000000
    cam_rot        : 0.000000 / 0.000000
    cam_trans      : 0.000000 / 0.000000
    fov            : 0.000000 / 0.000000
    global_rot     : 0.000000 / 0.000000
    joint_angle_regularization: 0.010138 / 0.006828
    joint_limit_regularization: 0.000363 / 0.000253
    joint_rot      : 0.000000 / 0.000000
    keypoint_2d    : 0.000574 / 0.000500
    keypoint_3d    : 0.000000 / 0.000000
    limb_scale_regularization: 0.000010 / 0.000008
    limb_trans_regularization: 0.000005 / 0.000004
    log_beta_scales: 0.000000 / 0.000000
    silhouette     : 0.000000 / 0.000000
    trans          : 0.000000 / 0.000000
  New best model saved with validation loss: 0.000062

Epoch 11:
  Train Loss = 0.000072, Val Loss = 0.000057, LR = 1.00e-04
  Parameter Errors (Train / Val):
    betas          : 5.244048 / 4.794884
    betas_trans    : 0.000000 / 0.000000
    cam_rot        : 0.000000 / 0.000000
    cam_trans      : 0.000000 / 0.000000
    fov            : 0.000000 / 0.000000
    global_rot     : 0.000000 / 0.000000
    joint_angle_regularization: 0.010278 / 0.006678
    joint_limit_regularization: 0.000375 / 0.000224
    joint_rot      : 0.000000 / 0.000000
    keypoint_2d    : 0.000558 / 0.000456
    keypoint_3d    : 0.000000 / 0.000000
    limb_scale_regularization: 0.000009 / 0.000007
    limb_trans_regularization: 0.000005 / 0.000004
    log_beta_scales: 0.000000 / 0.000000
    silhouette     : 0.000000 / 0.000000
    trans          : 0.000000 / 0.000000
  New best model saved with validation loss: 0.000057
  Checkpoint saved at epoch 11

Epoch 12:
  Train Loss = 0.000067, Val Loss = 0.000059, LR = 1.00e-04
  Parameter Errors (Train / Val):
    betas          : 5.582058 / 4.916971
    betas_trans    : 0.000000 / 0.000000
    cam_rot        : 0.000000 / 0.000000
    cam_trans      : 0.000000 / 0.000000
    fov            : 0.000000 / 0.000000
    global_rot     : 0.000000 / 0.000000
    joint_angle_regularization: 0.010341 / 0.005998
    joint_limit_regularization: 0.000381 / 0.000183
    joint_rot      : 0.000000 / 0.000000
    keypoint_2d    : 0.000512 / 0.000472
    keypoint_3d    : 0.000000 / 0.000000
    limb_scale_regularization: 0.000009 / 0.000008
    limb_trans_regularization: 0.000004 / 0.000005
    log_beta_scales: 0.000000 / 0.000000
    silhouette     : 0.000000 / 0.000000
    trans          : 0.000000 / 0.000000

Epoch 13:
  Train Loss = 0.000071, Val Loss = 0.000049, LR = 1.00e-04
  Parameter Errors (Train / Val):
    betas          : 6.030987 / 5.076917
    betas_trans    : 0.000000 / 0.000000
    cam_rot        : 0.000000 / 0.000000
    cam_trans      : 0.000000 / 0.000000
    fov            : 0.000000 / 0.000000
    global_rot     : 0.000000 / 0.000000
    joint_angle_regularization: 0.010534 / 0.006041
    joint_limit_regularization: 0.000398 / 0.000180
    joint_rot      : 0.000000 / 0.000000
    keypoint_2d    : 0.000547 / 0.000392
    keypoint_3d    : 0.000000 / 0.000000
    limb_scale_regularization: 0.000009 / 0.000006
    limb_trans_regularization: 0.000005 / 0.000003
    log_beta_scales: 0.000000 / 0.000000
    silhouette     : 0.000000 / 0.000000
    trans          : 0.000000 / 0.000000
  New best model saved with validation loss: 0.000049
  Checkpoint saved at epoch 13

Epoch 14:
  Train Loss = 0.000070, Val Loss = 0.000048, LR = 1.00e-04
  Parameter Errors (Train / Val):
    betas          : 6.433151 / 5.247565
    betas_trans    : 0.000000 / 0.000000
    cam_rot        : 0.000000 / 0.000000
    cam_trans      : 0.000000 / 0.000000
    fov            : 0.000000 / 0.000000
    global_rot     : 0.000000 / 0.000000
    joint_angle_regularization: 0.010485 / 0.006192
    joint_limit_regularization: 0.000384 / 0.000193
    joint_rot      : 0.000000 / 0.000000
    keypoint_2d    : 0.000540 / 0.000385
    keypoint_3d    : 0.000000 / 0.000000
    limb_scale_regularization: 0.000009 / 0.000006
    limb_trans_regularization: 0.000005 / 0.000003
    log_beta_scales: 0.000000 / 0.000000
    silhouette     : 0.000000 / 0.000000
    trans          : 0.000000 / 0.000000
  New best model saved with validation loss: 0.000048

Epoch 15:
  Train Loss = 0.000062, Val Loss = 0.000048, LR = 1.00e-04
  Parameter Errors (Train / Val):
    betas          : 6.554834 / 5.422954
    betas_trans    : 0.000000 / 0.000000
    cam_rot        : 0.000000 / 0.000000
    cam_trans      : 0.000000 / 0.000000
    fov            : 0.000000 / 0.000000
    global_rot     : 0.000000 / 0.000000
    joint_angle_regularization: 0.010473 / 0.006486
    joint_limit_regularization: 0.000397 / 0.000222
    joint_rot      : 0.000000 / 0.000000
    keypoint_2d    : 0.000472 / 0.000375
    keypoint_3d    : 0.000000 / 0.000000
    limb_scale_regularization: 0.000008 / 0.000006
    limb_trans_regularization: 0.000004 / 0.000003
    log_beta_scales: 0.000000 / 0.000000
    silhouette     : 0.000000 / 0.000000
    trans          : 0.000000 / 0.000000
  New best model saved with validation loss: 0.000048
  Checkpoint saved at epoch 15

Epoch 16:
  Train Loss = 0.000060, Val Loss = 0.000047, LR = 1.00e-04
  Parameter Errors (Train / Val):
    betas          : 6.847773 / 5.679693
    betas_trans    : 0.000000 / 0.000000
    cam_rot        : 0.000000 / 0.000000
    cam_trans      : 0.000000 / 0.000000
    fov            : 0.000000 / 0.000000
    global_rot     : 0.000000 / 0.000000
    joint_angle_regularization: 0.010598 / 0.006295
    joint_limit_regularization: 0.000421 / 0.000206
    joint_rot      : 0.000000 / 0.000000
    keypoint_2d    : 0.000450 / 0.000371
    keypoint_3d    : 0.000000 / 0.000000
    limb_scale_regularization: 0.000008 / 0.000006
    limb_trans_regularization: 0.000004 / 0.000003
    log_beta_scales: 0.000000 / 0.000000
    silhouette     : 0.000000 / 0.000000
    trans          : 0.000000 / 0.000000
  New best model saved with validation loss: 0.000047

Epoch 17:
  Train Loss = 0.000060, Val Loss = 0.000045, LR = 1.00e-04
  Parameter Errors (Train / Val):
    betas          : 7.150906 / 5.787613
    betas_trans    : 0.000000 / 0.000000
    cam_rot        : 0.000000 / 0.000000
    cam_trans      : 0.000000 / 0.000000
    fov            : 0.000000 / 0.000000
    global_rot     : 0.000000 / 0.000000
    joint_angle_regularization: 0.010750 / 0.006410
    joint_limit_regularization: 0.000423 / 0.000206
    joint_rot      : 0.000000 / 0.000000
    keypoint_2d    : 0.000450 / 0.000356
    keypoint_3d    : 0.000000 / 0.000000
    limb_scale_regularization: 0.000008 / 0.000006
    limb_trans_regularization: 0.000004 / 0.000003
    log_beta_scales: 0.000000 / 0.000000
    silhouette     : 0.000000 / 0.000000
    trans          : 0.000000 / 0.000000
  New best model saved with validation loss: 0.000045
  Checkpoint saved at epoch 17

Epoch 18:
  Train Loss = 0.000059, Val Loss = 0.000044, LR = 1.00e-04
  Parameter Errors (Train / Val):
    betas          : 7.557224 / 5.995608
    betas_trans    : 0.000000 / 0.000000
    cam_rot        : 0.000000 / 0.000000
    cam_trans      : 0.000000 / 0.000000
    fov            : 0.000000 / 0.000000
    global_rot     : 0.000000 / 0.000000
    joint_angle_regularization: 0.010741 / 0.006420
    joint_limit_regularization: 0.000423 / 0.000213
    joint_rot      : 0.000000 / 0.000000
    keypoint_2d    : 0.000441 / 0.000342
    keypoint_3d    : 0.000000 / 0.000000
    limb_scale_regularization: 0.000007 / 0.000006
    limb_trans_regularization: 0.000004 / 0.000003
    log_beta_scales: 0.000000 / 0.000000
    silhouette     : 0.000000 / 0.000000
    trans          : 0.000000 / 0.000000
  New best model saved with validation loss: 0.000044

Epoch 19:
  Train Loss = 0.000058, Val Loss = 0.000048, LR = 1.00e-04
  Parameter Errors (Train / Val):
    betas          : 7.737232 / 6.134453
    betas_trans    : 0.000000 / 0.000000
    cam_rot        : 0.000000 / 0.000000
    cam_trans      : 0.000000 / 0.000000
    fov            : 0.000000 / 0.000000
    global_rot     : 0.000000 / 0.000000
    joint_angle_regularization: 0.010703 / 0.006556
    joint_limit_regularization: 0.000414 / 0.000220
    joint_rot      : 0.000000 / 0.000000
    keypoint_2d    : 0.000430 / 0.000379
    keypoint_3d    : 0.000000 / 0.000000
    limb_scale_regularization: 0.000007 / 0.000006
    limb_trans_regularization: 0.000003 / 0.000003
    log_beta_scales: 0.000000 / 0.000000
    silhouette     : 0.000000 / 0.000000
    trans          : 0.000000 / 0.000000
  Checkpoint saved at epoch 19
Visualizing 5 samples from dataset: unknown
Generated 5 visualization images for epoch 19 in /hpcwork/mkd34160/smilify_runs/singleview_2d_lam1e-4/visualizations/epoch_019
Visualizing 5 samples from dataset: unknown
Generated 5 visualization images for epoch 19 in /hpcwork/mkd34160/smilify_runs/singleview_2d_lam1e-4/visualizations_train/epoch_019

Epoch 20:
  Train Loss = 0.000043, Val Loss = 0.000035, LR = 1.00e-04
  Parameter Errors (Train / Val):
    betas          : 7.779867 / 5.881751
    betas_trans    : 0.000000 / 0.000000
    cam_rot        : 0.000000 / 0.000000
    cam_trans      : 0.000000 / 0.000000
    fov            : 0.000000 / 0.000000
    global_rot     : 0.000000 / 0.000000
    joint_angle_regularization: 0.026882 / 0.018033
    joint_limit_regularization: 0.003191 / 0.001828
    joint_rot      : 0.000000 / 0.000000
    keypoint_2d    : 0.000369 / 0.000306
    keypoint_3d    : 0.000000 / 0.000000
    limb_scale_regularization: 0.000005 / 0.000004
    limb_trans_regularization: 0.000003 / 0.000002
    log_beta_scales: 0.000000 / 0.000000
    silhouette     : 0.000000 / 0.000000
    trans          : 0.000000 / 0.000000
  New best model saved with validation loss: 0.000035

Epoch 21:
  Train Loss = 0.000039, Val Loss = 0.000032, LR = 1.00e-04
  Parameter Errors (Train / Val):
    betas          : 7.024753 / 5.630661
    betas_trans    : 0.000000 / 0.000000
    cam_rot        : 0.000000 / 0.000000
    cam_trans      : 0.000000 / 0.000000
    fov            : 0.000000 / 0.000000
    global_rot     : 0.000000 / 0.000000
    joint_angle_regularization: 0.031025 / 0.018863
    joint_limit_regularization: 0.003746 / 0.001889
    joint_rot      : 0.000000 / 0.000000
    keypoint_2d    : 0.000326 / 0.000270
    keypoint_3d    : 0.000000 / 0.000000
    limb_scale_regularization: 0.000004 / 0.000003
    limb_trans_regularization: 0.000003 / 0.000002
    log_beta_scales: 0.000000 / 0.000000
    silhouette     : 0.000000 / 0.000000
    trans          : 0.000000 / 0.000000
  New best model saved with validation loss: 0.000032
  Checkpoint saved at epoch 21

Epoch 22:
  Train Loss = 0.000039, Val Loss = 0.000032, LR = 1.00e-04
  Parameter Errors (Train / Val):
    betas          : 6.528648 / 5.488654
    betas_trans    : 0.000000 / 0.000000
    cam_rot        : 0.000000 / 0.000000
    cam_trans      : 0.000000 / 0.000000
    fov            : 0.000000 / 0.000000
    global_rot     : 0.000000 / 0.000000
    joint_angle_regularization: 0.032499 / 0.019872
    joint_limit_regularization: 0.003930 / 0.001988
    joint_rot      : 0.000000 / 0.000000
    keypoint_2d    : 0.000320 / 0.000275
    keypoint_3d    : 0.000000 / 0.000000
    limb_scale_regularization: 0.000004 / 0.000003
    limb_trans_regularization: 0.000002 / 0.000002
    log_beta_scales: 0.000000 / 0.000000
    silhouette     : 0.000000 / 0.000000
    trans          : 0.000000 / 0.000000

Epoch 23:
  Train Loss = 0.000037, Val Loss = 0.000029, LR = 1.00e-04
  Parameter Errors (Train / Val):
    betas          : 6.299639 / 5.457958
    betas_trans    : 0.000000 / 0.000000
    cam_rot        : 0.000000 / 0.000000
    cam_trans      : 0.000000 / 0.000000
    fov            : 0.000000 / 0.000000
    global_rot     : 0.000000 / 0.000000
    joint_angle_regularization: 0.033391 / 0.020799
    joint_limit_regularization: 0.004024 / 0.002096
    joint_rot      : 0.000000 / 0.000000
    keypoint_2d    : 0.000307 / 0.000244
    keypoint_3d    : 0.000000 / 0.000000
    limb_scale_regularization: 0.000004 / 0.000003
    limb_trans_regularization: 0.000003 / 0.000002
    log_beta_scales: 0.000000 / 0.000000
    silhouette     : 0.000000 / 0.000000
    trans          : 0.000000 / 0.000000
  New best model saved with validation loss: 0.000029
  Checkpoint saved at epoch 23

Epoch 24:
  Train Loss = 0.000038, Val Loss = 0.000030, LR = 1.00e-04
  Parameter Errors (Train / Val):
    betas          : 6.068772 / 5.400915
    betas_trans    : 0.000000 / 0.000000
    cam_rot        : 0.000000 / 0.000000
    cam_trans      : 0.000000 / 0.000000
    fov            : 0.000000 / 0.000000
    global_rot     : 0.000000 / 0.000000
    joint_angle_regularization: 0.033965 / 0.020541
    joint_limit_regularization: 0.004053 / 0.002053
    joint_rot      : 0.000000 / 0.000000
    keypoint_2d    : 0.000311 / 0.000254
    keypoint_3d    : 0.000000 / 0.000000
    limb_scale_regularization: 0.000004 / 0.000003
    limb_trans_regularization: 0.000002 / 0.000002
    log_beta_scales: 0.000000 / 0.000000
    silhouette     : 0.000000 / 0.000000
    trans          : 0.000000 / 0.000000

Epoch 25:
  Train Loss = 0.000036, Val Loss = 0.000030, LR = 1.00e-04
  Parameter Errors (Train / Val):
    betas          : 5.863778 / 5.390928
    betas_trans    : 0.000000 / 0.000000
    cam_rot        : 0.000000 / 0.000000
    cam_trans      : 0.000000 / 0.000000
    fov            : 0.000000 / 0.000000
    global_rot     : 0.000000 / 0.000000
    joint_angle_regularization: 0.034866 / 0.021126
    joint_limit_regularization: 0.004166 / 0.002107
    joint_rot      : 0.000000 / 0.000000
    keypoint_2d    : 0.000296 / 0.000251
    keypoint_3d    : 0.000000 / 0.000000
    limb_scale_regularization: 0.000004 / 0.000003
    limb_trans_regularization: 0.000002 / 0.000002
    log_beta_scales: 0.000000 / 0.000000
    silhouette     : 0.000000 / 0.000000
    trans          : 0.000000 / 0.000000
  Checkpoint saved at epoch 25

Epoch 26:
  Train Loss = 0.000035, Val Loss = 0.000029, LR = 1.00e-04
  Parameter Errors (Train / Val):
    betas          : 5.739802 / 5.330134
    betas_trans    : 0.000000 / 0.000000
    cam_rot        : 0.000000 / 0.000000
    cam_trans      : 0.000000 / 0.000000
    fov            : 0.000000 / 0.000000
    global_rot     : 0.000000 / 0.000000
    joint_angle_regularization: 0.034726 / 0.021223
    joint_limit_regularization: 0.004069 / 0.002085
    joint_rot      : 0.000000 / 0.000000
    keypoint_2d    : 0.000290 / 0.000246
    keypoint_3d    : 0.000000 / 0.000000
    limb_scale_regularization: 0.000004 / 0.000003
    limb_trans_regularization: 0.000002 / 0.000002
    log_beta_scales: 0.000000 / 0.000000
    silhouette     : 0.000000 / 0.000000
    trans          : 0.000000 / 0.000000
  New best model saved with validation loss: 0.000029

Epoch 27:
  Train Loss = 0.000034, Val Loss = 0.000028, LR = 1.00e-04
  Parameter Errors (Train / Val):
    betas          : 5.710332 / 5.407641
    betas_trans    : 0.000000 / 0.000000
    cam_rot        : 0.000000 / 0.000000
    cam_trans      : 0.000000 / 0.000000
    fov            : 0.000000 / 0.000000
    global_rot     : 0.000000 / 0.000000
    joint_angle_regularization: 0.035209 / 0.021502
    joint_limit_regularization: 0.004096 / 0.002102
    joint_rot      : 0.000000 / 0.000000
    keypoint_2d    : 0.000273 / 0.000233
    keypoint_3d    : 0.000000 / 0.000000
    limb_scale_regularization: 0.000003 / 0.000003
    limb_trans_regularization: 0.000002 / 0.000002
    log_beta_scales: 0.000000 / 0.000000
    silhouette     : 0.000000 / 0.000000
    trans          : 0.000000 / 0.000000
  New best model saved with validation loss: 0.000028
  Checkpoint saved at epoch 27

Epoch 28:
  Train Loss = 0.000035, Val Loss = 0.000027, LR = 1.00e-04
  Parameter Errors (Train / Val):
    betas          : 5.575465 / 5.372795
    betas_trans    : 0.000000 / 0.000000
    cam_rot        : 0.000000 / 0.000000
    cam_trans      : 0.000000 / 0.000000
    fov            : 0.000000 / 0.000000
    global_rot     : 0.000000 / 0.000000
    joint_angle_regularization: 0.035874 / 0.022490
    joint_limit_regularization: 0.004185 / 0.002228
    joint_rot      : 0.000000 / 0.000000
    keypoint_2d    : 0.000280 / 0.000229
    keypoint_3d    : 0.000000 / 0.000000
    limb_scale_regularization: 0.000003 / 0.000003
    limb_trans_regularization: 0.000002 / 0.000002
    log_beta_scales: 0.000000 / 0.000000
    silhouette     : 0.000000 / 0.000000
    trans          : 0.000000 / 0.000000
  New best model saved with validation loss: 0.000027

Epoch 29:
  Train Loss = 0.000033, Val Loss = 0.000027, LR = 1.00e-04
  Parameter Errors (Train / Val):
    betas          : 5.500897 / 5.452450
    betas_trans    : 0.000000 / 0.000000
    cam_rot        : 0.000000 / 0.000000
    cam_trans      : 0.000000 / 0.000000
    fov            : 0.000000 / 0.000000
    global_rot     : 0.000000 / 0.000000
    joint_angle_regularization: 0.036281 / 0.022046
    joint_limit_regularization: 0.004213 / 0.002120
    joint_rot      : 0.000000 / 0.000000
    keypoint_2d    : 0.000270 / 0.000229
    keypoint_3d    : 0.000000 / 0.000000
    limb_scale_regularization: 0.000003 / 0.000003
    limb_trans_regularization: 0.000002 / 0.000002
    log_beta_scales: 0.000000 / 0.000000
    silhouette     : 0.000000 / 0.000000
    trans          : 0.000000 / 0.000000
  Checkpoint saved at epoch 29
Visualizing 5 samples from dataset: unknown
Generated 5 visualization images for epoch 29 in /hpcwork/mkd34160/smilify_runs/singleview_2d_lam1e-4/visualizations/epoch_029
Visualizing 5 samples from dataset: unknown
Generated 5 visualization images for epoch 29 in /hpcwork/mkd34160/smilify_runs/singleview_2d_lam1e-4/visualizations_train/epoch_029

Epoch 30:
  Train Loss = 0.000036, Val Loss = 0.000028, LR = 1.00e-04
  Parameter Errors (Train / Val):
    betas          : 5.560907 / 5.439298
    betas_trans    : 0.000000 / 0.000000
    cam_rot        : 0.000000 / 0.000000
    cam_trans      : 0.000000 / 0.000000
    fov            : 0.000000 / 0.000000
    global_rot     : 0.000000 / 0.000000
    joint_angle_regularization: 0.036117 / 0.022202
    joint_limit_regularization: 0.004197 / 0.002139
    joint_rot      : 0.000000 / 0.000000
    keypoint_2d    : 0.000289 / 0.000237
    keypoint_3d    : 0.000000 / 0.000000
    limb_scale_regularization: 0.000004 / 0.000003
    limb_trans_regularization: 0.000002 / 0.000002
    log_beta_scales: 0.000000 / 0.000000
    silhouette     : 0.000000 / 0.000000
    trans          : 0.000000 / 0.000000

Epoch 31:
  Train Loss = 0.000033, Val Loss = 0.000027, LR = 1.00e-04
  Parameter Errors (Train / Val):
    betas          : 5.489110 / 5.458561
    betas_trans    : 0.000000 / 0.000000
    cam_rot        : 0.000000 / 0.000000
    cam_trans      : 0.000000 / 0.000000
    fov            : 0.000000 / 0.000000
    global_rot     : 0.000000 / 0.000000
    joint_angle_regularization: 0.036223 / 0.022124
    joint_limit_regularization: 0.004208 / 0.002115
    joint_rot      : 0.000000 / 0.000000
    keypoint_2d    : 0.000265 / 0.000222
    keypoint_3d    : 0.000000 / 0.000000
    limb_scale_regularization: 0.000003 / 0.000003
    limb_trans_regularization: 0.000002 / 0.000002
    log_beta_scales: 0.000000 / 0.000000
    silhouette     : 0.000000 / 0.000000
    trans          : 0.000000 / 0.000000
  New best model saved with validation loss: 0.000027
  Checkpoint saved at epoch 31

Epoch 32:
  Train Loss = 0.000031, Val Loss = 0.000026, LR = 1.00e-04
  Parameter Errors (Train / Val):
    betas          : 5.581748 / 5.537554
    betas_trans    : 0.000000 / 0.000000
    cam_rot        : 0.000000 / 0.000000
    cam_trans      : 0.000000 / 0.000000
    fov            : 0.000000 / 0.000000
    global_rot     : 0.000000 / 0.000000
    joint_angle_regularization: 0.036196 / 0.022282
    joint_limit_regularization: 0.004135 / 0.002119
    joint_rot      : 0.000000 / 0.000000
    keypoint_2d    : 0.000251 / 0.000219
    keypoint_3d    : 0.000000 / 0.000000
    limb_scale_regularization: 0.000003 / 0.000002
    limb_trans_regularization: 0.000002 / 0.000002
    log_beta_scales: 0.000000 / 0.000000
    silhouette     : 0.000000 / 0.000000
    trans          : 0.000000 / 0.000000
  New best model saved with validation loss: 0.000026

Epoch 33:
  Train Loss = 0.000033, Val Loss = 0.000026, LR = 1.00e-04
  Parameter Errors (Train / Val):
    betas          : 5.439638 / 5.493238
    betas_trans    : 0.000000 / 0.000000
    cam_rot        : 0.000000 / 0.000000
    cam_trans      : 0.000000 / 0.000000
    fov            : 0.000000 / 0.000000
    global_rot     : 0.000000 / 0.000000
    joint_angle_regularization: 0.036870 / 0.022343
    joint_limit_regularization: 0.004262 / 0.002120
    joint_rot      : 0.000000 / 0.000000
    keypoint_2d    : 0.000267 / 0.000217
    keypoint_3d    : 0.000000 / 0.000000
    limb_scale_regularization: 0.000003 / 0.000002
    limb_trans_regularization: 0.000002 / 0.000002
    log_beta_scales: 0.000000 / 0.000000
    silhouette     : 0.000000 / 0.000000
    trans          : 0.000000 / 0.000000
  New best model saved with validation loss: 0.000026
  Checkpoint saved at epoch 33

Epoch 34:
  Train Loss = 0.000030, Val Loss = 0.000026, LR = 1.00e-04
  Parameter Errors (Train / Val):
    betas          : 5.507330 / 5.596933
    betas_trans    : 0.000000 / 0.000000
    cam_rot        : 0.000000 / 0.000000
    cam_trans      : 0.000000 / 0.000000
    fov            : 0.000000 / 0.000000
    global_rot     : 0.000000 / 0.000000
    joint_angle_regularization: 0.037294 / 0.022591
    joint_limit_regularization: 0.004298 / 0.002143
    joint_rot      : 0.000000 / 0.000000
    keypoint_2d    : 0.000239 / 0.000211
    keypoint_3d    : 0.000000 / 0.000000
    limb_scale_regularization: 0.000003 / 0.000002
    limb_trans_regularization: 0.000002 / 0.000002
    log_beta_scales: 0.000000 / 0.000000
    silhouette     : 0.000000 / 0.000000
    trans          : 0.000000 / 0.000000
  New best model saved with validation loss: 0.000026

Epoch 35:
  Train Loss = 0.000030, Val Loss = 0.000024, LR = 1.00e-04
  Parameter Errors (Train / Val):
    betas          : 5.515000 / 5.599063
    betas_trans    : 0.000000 / 0.000000
    cam_rot        : 0.000000 / 0.000000
    cam_trans      : 0.000000 / 0.000000
    fov            : 0.000000 / 0.000000
    global_rot     : 0.000000 / 0.000000
    joint_angle_regularization: 0.037161 / 0.022929
    joint_limit_regularization: 0.004245 / 0.002183
    joint_rot      : 0.000000 / 0.000000
    keypoint_2d    : 0.000239 / 0.000204
    keypoint_3d    : 0.000000 / 0.000000
    limb_scale_regularization: 0.000003 / 0.000002
    limb_trans_regularization: 0.000002 / 0.000001
    log_beta_scales: 0.000000 / 0.000000
    silhouette     : 0.000000 / 0.000000
    trans          : 0.000000 / 0.000000
  New best model saved with validation loss: 0.000024
  Checkpoint saved at epoch 35

Epoch 36:
  Train Loss = 0.000035, Val Loss = 0.000024, LR = 1.00e-04
  Parameter Errors (Train / Val):
    betas          : 5.611955 / 5.695836
    betas_trans    : 0.000000 / 0.000000
    cam_rot        : 0.000000 / 0.000000
    cam_trans      : 0.000000 / 0.000000
    fov            : 0.000000 / 0.000000
    global_rot     : 0.000000 / 0.000000
    joint_angle_regularization: 0.036671 / 0.022804
    joint_limit_regularization: 0.004161 / 0.002141
    joint_rot      : 0.000000 / 0.000000
    keypoint_2d    : 0.000286 / 0.000200
    keypoint_3d    : 0.000000 / 0.000000
    limb_scale_regularization: 0.000004 / 0.000002
    limb_trans_regularization: 0.000002 / 0.000002
    log_beta_scales: 0.000000 / 0.000000
    silhouette     : 0.000000 / 0.000000
    trans          : 0.000000 / 0.000000
  New best model saved with validation loss: 0.000024

Epoch 37:
  Train Loss = 0.000031, Val Loss = 0.000023, LR = 1.00e-04
  Parameter Errors (Train / Val):
    betas          : 5.617478 / 5.728374
    betas_trans    : 0.000000 / 0.000000
    cam_rot        : 0.000000 / 0.000000
    cam_trans      : 0.000000 / 0.000000
    fov            : 0.000000 / 0.000000
    global_rot     : 0.000000 / 0.000000
    joint_angle_regularization: 0.036771 / 0.022745
    joint_limit_regularization: 0.004129 / 0.002156
    joint_rot      : 0.000000 / 0.000000
    keypoint_2d    : 0.000245 / 0.000191
    keypoint_3d    : 0.000000 / 0.000000
    limb_scale_regularization: 0.000003 / 0.000002
    limb_trans_regularization: 0.000002 / 0.000001
    log_beta_scales: 0.000000 / 0.000000
    silhouette     : 0.000000 / 0.000000
    trans          : 0.000000 / 0.000000
  New best model saved with validation loss: 0.000023
  Checkpoint saved at epoch 37

Epoch 38:
  Train Loss = 0.000030, Val Loss = 0.000025, LR = 1.00e-04
  Parameter Errors (Train / Val):
    betas          : 5.621810 / 5.766572
    betas_trans    : 0.000000 / 0.000000
    cam_rot        : 0.000000 / 0.000000
    cam_trans      : 0.000000 / 0.000000
    fov            : 0.000000 / 0.000000
    global_rot     : 0.000000 / 0.000000
    joint_angle_regularization: 0.037285 / 0.022811
    joint_limit_regularization: 0.004206 / 0.002139
    joint_rot      : 0.000000 / 0.000000
    keypoint_2d    : 0.000235 / 0.000208
    keypoint_3d    : 0.000000 / 0.000000
    limb_scale_regularization: 0.000003 / 0.000002
    limb_trans_regularization: 0.000002 / 0.000001
    log_beta_scales: 0.000000 / 0.000000
    silhouette     : 0.000000 / 0.000000
    trans          : 0.000000 / 0.000000

Epoch 39:
  Train Loss = 0.000028, Val Loss = 0.000027, LR = 1.00e-04
  Parameter Errors (Train / Val):
    betas          : 5.520606 / 5.679550
    betas_trans    : 0.000000 / 0.000000
    cam_rot        : 0.000000 / 0.000000
    cam_trans      : 0.000000 / 0.000000
    fov            : 0.000000 / 0.000000
    global_rot     : 0.000000 / 0.000000
    joint_angle_regularization: 0.037183 / 0.023074
    joint_limit_regularization: 0.004204 / 0.002138
    joint_rot      : 0.000000 / 0.000000
    keypoint_2d    : 0.000221 / 0.000223
    keypoint_3d    : 0.000000 / 0.000000
    limb_scale_regularization: 0.000003 / 0.000003
    limb_trans_regularization: 0.000002 / 0.000002
    log_beta_scales: 0.000000 / 0.000000
    silhouette     : 0.000000 / 0.000000
    trans          : 0.000000 / 0.000000
  Checkpoint saved at epoch 39
Visualizing 5 samples from dataset: unknown
Generated 5 visualization images for epoch 39 in /hpcwork/mkd34160/smilify_runs/singleview_2d_lam1e-4/visualizations/epoch_039
Visualizing 5 samples from dataset: unknown
Generated 5 visualization images for epoch 39 in /hpcwork/mkd34160/smilify_runs/singleview_2d_lam1e-4/visualizations_train/epoch_039

Epoch 40:
  Train Loss = 0.000030, Val Loss = 0.000024, LR = 1.00e-04
  Parameter Errors (Train / Val):
    betas          : 5.608582 / 5.794576
    betas_trans    : 0.000000 / 0.000000
    cam_rot        : 0.000000 / 0.000000
    cam_trans      : 0.000000 / 0.000000
    fov            : 0.000000 / 0.000000
    global_rot     : 0.000000 / 0.000000
    joint_angle_regularization: 0.037340 / 0.023029
    joint_limit_regularization: 0.004209 / 0.002115
    joint_rot      : 0.000000 / 0.000000
    keypoint_2d    : 0.000235 / 0.000198
    keypoint_3d    : 0.000000 / 0.000000
    limb_scale_regularization: 0.000003 / 0.000002
    limb_trans_regularization: 0.000002 / 0.000002
    log_beta_scales: 0.000000 / 0.000000
    silhouette     : 0.000000 / 0.000000
    trans          : 0.000000 / 0.000000

Epoch 41:
  Train Loss = 0.000032, Val Loss = 0.000024, LR = 1.00e-04
  Parameter Errors (Train / Val):
    betas          : 5.575196 / 5.883557
    betas_trans    : 0.000000 / 0.000000
    cam_rot        : 0.000000 / 0.000000
    cam_trans      : 0.000000 / 0.000000
    fov            : 0.000000 / 0.000000
    global_rot     : 0.000000 / 0.000000
    joint_angle_regularization: 0.037450 / 0.022854
    joint_limit_regularization: 0.004200 / 0.002111
    joint_rot      : 0.000000 / 0.000000
    keypoint_2d    : 0.000251 / 0.000192
    keypoint_3d    : 0.000000 / 0.000000
    limb_scale_regularization: 0.000003 / 0.000002
    limb_trans_regularization: 0.000002 / 0.000002
    log_beta_scales: 0.000000 / 0.000000
    silhouette     : 0.000000 / 0.000000
    trans          : 0.000000 / 0.000000
  Checkpoint saved at epoch 41

Epoch 42:
  Train Loss = 0.000028, Val Loss = 0.000025, LR = 1.00e-04
  Parameter Errors (Train / Val):
    betas          : 5.700053 / 5.898026
    betas_trans    : 0.000000 / 0.000000
    cam_rot        : 0.000000 / 0.000000
    cam_trans      : 0.000000 / 0.000000
    fov            : 0.000000 / 0.000000
    global_rot     : 0.000000 / 0.000000
    joint_angle_regularization: 0.037266 / 0.022612
    joint_limit_regularization: 0.004161 / 0.002052
    joint_rot      : 0.000000 / 0.000000
    keypoint_2d    : 0.000217 / 0.000203
    keypoint_3d    : 0.000000 / 0.000000
    limb_scale_regularization: 0.000003 / 0.000002
    limb_trans_regularization: 0.000002 / 0.000002
    log_beta_scales: 0.000000 / 0.000000
    silhouette     : 0.000000 / 0.000000
    trans          : 0.000000 / 0.000000

Epoch 43:
  Train Loss = 0.000029, Val Loss = 0.000024, LR = 1.00e-04
  Parameter Errors (Train / Val):
    betas          : 5.604818 / 5.844043
    betas_trans    : 0.000000 / 0.000000
    cam_rot        : 0.000000 / 0.000000
    cam_trans      : 0.000000 / 0.000000
    fov            : 0.000000 / 0.000000
    global_rot     : 0.000000 / 0.000000
    joint_angle_regularization: 0.037280 / 0.023928
    joint_limit_regularization: 0.004144 / 0.002290
    joint_rot      : 0.000000 / 0.000000
    keypoint_2d    : 0.000230 / 0.000196
    keypoint_3d    : 0.000000 / 0.000000
    limb_scale_regularization: 0.000003 / 0.000003
    limb_trans_regularization: 0.000002 / 0.000002
    log_beta_scales: 0.000000 / 0.000000
    silhouette     : 0.000000 / 0.000000
    trans          : 0.000000 / 0.000000
  Checkpoint saved at epoch 43

Epoch 44:
  Train Loss = 0.000028, Val Loss = 0.000021, LR = 1.00e-04
  Parameter Errors (Train / Val):
    betas          : 5.653441 / 5.871482
    betas_trans    : 0.000000 / 0.000000
    cam_rot        : 0.000000 / 0.000000
    cam_trans      : 0.000000 / 0.000000
    fov            : 0.000000 / 0.000000
    global_rot     : 0.000000 / 0.000000
    joint_angle_regularization: 0.037641 / 0.023315
    joint_limit_regularization: 0.004218 / 0.002208
    joint_rot      : 0.000000 / 0.000000
    keypoint_2d    : 0.000215 / 0.000170
    keypoint_3d    : 0.000000 / 0.000000
    limb_scale_regularization: 0.000003 / 0.000002
    limb_trans_regularization: 0.000002 / 0.000001
    log_beta_scales: 0.000000 / 0.000000
    silhouette     : 0.000000 / 0.000000
    trans          : 0.000000 / 0.000000
  New best model saved with validation loss: 0.000021

Epoch 45:
  Train Loss = 0.000028, Val Loss = 0.000021, LR = 1.00e-04
  Parameter Errors (Train / Val):
    betas          : 5.572732 / 5.970335
    betas_trans    : 0.000000 / 0.000000
    cam_rot        : 0.000000 / 0.000000
    cam_trans      : 0.000000 / 0.000000
    fov            : 0.000000 / 0.000000
    global_rot     : 0.000000 / 0.000000
    joint_angle_regularization: 0.037698 / 0.023500
    joint_limit_regularization: 0.004208 / 0.002170
    joint_rot      : 0.000000 / 0.000000
    keypoint_2d    : 0.000222 / 0.000168
    keypoint_3d    : 0.000000 / 0.000000
    limb_scale_regularization: 0.000003 / 0.000002
    limb_trans_regularization: 0.000002 / 0.000001
    log_beta_scales: 0.000000 / 0.000000
    silhouette     : 0.000000 / 0.000000
    trans          : 0.000000 / 0.000000
  New best model saved with validation loss: 0.000021
  Checkpoint saved at epoch 45

Epoch 46:
  Train Loss = 0.000027, Val Loss = 0.000022, LR = 1.00e-04
  Parameter Errors (Train / Val):
    betas          : 5.696018 / 5.996135
    betas_trans    : 0.000000 / 0.000000
    cam_rot        : 0.000000 / 0.000000
    cam_trans      : 0.000000 / 0.000000
    fov            : 0.000000 / 0.000000
    global_rot     : 0.000000 / 0.000000
    joint_angle_regularization: 0.037817 / 0.023508
    joint_limit_regularization: 0.004182 / 0.002174
    joint_rot      : 0.000000 / 0.000000
    keypoint_2d    : 0.000209 / 0.000175
    keypoint_3d    : 0.000000 / 0.000000
    limb_scale_regularization: 0.000002 / 0.000002
    limb_trans_regularization: 0.000002 / 0.000001
    log_beta_scales: 0.000000 / 0.000000
    silhouette     : 0.000000 / 0.000000
    trans          : 0.000000 / 0.000000

Epoch 47:
  Train Loss = 0.000026, Val Loss = 0.000025, LR = 1.00e-04
  Parameter Errors (Train / Val):
    betas          : 5.722944 / 6.132305
    betas_trans    : 0.000000 / 0.000000
    cam_rot        : 0.000000 / 0.000000
    cam_trans      : 0.000000 / 0.000000
    fov            : 0.000000 / 0.000000
    global_rot     : 0.000000 / 0.000000
    joint_angle_regularization: 0.037945 / 0.023352
    joint_limit_regularization: 0.004201 / 0.002115
    joint_rot      : 0.000000 / 0.000000
    keypoint_2d    : 0.000196 / 0.000204
    keypoint_3d    : 0.000000 / 0.000000
    limb_scale_regularization: 0.000002 / 0.000002
    limb_trans_regularization: 0.000001 / 0.000002
    log_beta_scales: 0.000000 / 0.000000
    silhouette     : 0.000000 / 0.000000
    trans          : 0.000000 / 0.000000
  Checkpoint saved at epoch 47

Epoch 48:
  Train Loss = 0.000026, Val Loss = 0.000022, LR = 1.00e-04
  Parameter Errors (Train / Val):
    betas          : 5.655476 / 6.088237
    betas_trans    : 0.000000 / 0.000000
    cam_rot        : 0.000000 / 0.000000
    cam_trans      : 0.000000 / 0.000000
    fov            : 0.000000 / 0.000000
    global_rot     : 0.000000 / 0.000000
    joint_angle_regularization: 0.037931 / 0.023318
    joint_limit_regularization: 0.004183 / 0.002125
    joint_rot      : 0.000000 / 0.000000
    keypoint_2d    : 0.000203 / 0.000177
    keypoint_3d    : 0.000000 / 0.000000
    limb_scale_regularization: 0.000002 / 0.000002
    limb_trans_regularization: 0.000001 / 0.000001
    log_beta_scales: 0.000000 / 0.000000
    silhouette     : 0.000000 / 0.000000
    trans          : 0.000000 / 0.000000

Epoch 49:
  Train Loss = 0.000026, Val Loss = 0.000021, LR = 1.00e-04
  Parameter Errors (Train / Val):
    betas          : 5.720764 / 6.108712
    betas_trans    : 0.000000 / 0.000000
    cam_rot        : 0.000000 / 0.000000
    cam_trans      : 0.000000 / 0.000000
    fov            : 0.000000 / 0.000000
    global_rot     : 0.000000 / 0.000000
    joint_angle_regularization: 0.038110 / 0.023495
    joint_limit_regularization: 0.004238 / 0.002141
    joint_rot      : 0.000000 / 0.000000
    keypoint_2d    : 0.000204 / 0.000171
    keypoint_3d    : 0.000000 / 0.000000
    limb_scale_regularization: 0.000002 / 0.000002
    limb_trans_regularization: 0.000002 / 0.000001
    log_beta_scales: 0.000000 / 0.000000
    silhouette     : 0.000000 / 0.000000
    trans          : 0.000000 / 0.000000
  Checkpoint saved at epoch 49
Visualizing 5 samples from dataset: unknown
Generated 5 visualization images for epoch 49 in /hpcwork/mkd34160/smilify_runs/singleview_2d_lam1e-4/visualizations/epoch_049
Visualizing 5 samples from dataset: unknown
Generated 5 visualization images for epoch 49 in /hpcwork/mkd34160/smilify_runs/singleview_2d_lam1e-4/visualizations_train/epoch_049

Epoch 50:
  Train Loss = 0.000023, Val Loss = 0.000018, LR = 1.00e-04
  Parameter Errors (Train / Val):
    betas          : 5.773818 / 6.054187
    betas_trans    : 0.000000 / 0.000000
    cam_rot        : 0.000000 / 0.000000
    cam_trans      : 0.000000 / 0.000000
    fov            : 0.000000 / 0.000000
    global_rot     : 0.000000 / 0.000000
    joint_angle_regularization: 0.050363 / 0.036501
    joint_limit_regularization: 0.005356 / 0.003175
    joint_rot      : 0.000000 / 0.000000
    keypoint_2d    : 0.000200 / 0.000165
    keypoint_3d    : 0.000000 / 0.000000
    limb_scale_regularization: 0.000002 / 0.000001
    limb_trans_regularization: 0.000002 / 0.000001
    log_beta_scales: 0.000000 / 0.000000
    silhouette     : 0.000000 / 0.000000
    trans          : 0.000000 / 0.000000
  New best model saved with validation loss: 0.000018

Epoch 51:
  Train Loss = 0.000023, Val Loss = 0.000018, LR = 1.00e-04
  Parameter Errors (Train / Val):
    betas          : 5.770730 / 5.976863
    betas_trans    : 0.000000 / 0.000000
    cam_rot        : 0.000000 / 0.000000
    cam_trans      : 0.000000 / 0.000000
    fov            : 0.000000 / 0.000000
    global_rot     : 0.000000 / 0.000000
    joint_angle_regularization: 0.059060 / 0.039552
    joint_limit_regularization: 0.005267 / 0.003076
    joint_rot      : 0.000000 / 0.000000
    keypoint_2d    : 0.000205 / 0.000156
    keypoint_3d    : 0.000000 / 0.000000
    limb_scale_regularization: 0.000002 / 0.000001
    limb_trans_regularization: 0.000002 / 0.000001
    log_beta_scales: 0.000000 / 0.000000
    silhouette     : 0.000000 / 0.000000
    trans          : 0.000000 / 0.000000
  New best model saved with validation loss: 0.000018
  Checkpoint saved at epoch 51

Epoch 52:
  Train Loss = 0.000021, Val Loss = 0.000017, LR = 1.00e-04
  Parameter Errors (Train / Val):
    betas          : 5.668503 / 5.853797
    betas_trans    : 0.000000 / 0.000000
    cam_rot        : 0.000000 / 0.000000
    cam_trans      : 0.000000 / 0.000000
    fov            : 0.000000 / 0.000000
    global_rot     : 0.000000 / 0.000000
    joint_angle_regularization: 0.064882 / 0.041820
    joint_limit_regularization: 0.005322 / 0.003091
    joint_rot      : 0.000000 / 0.000000
    keypoint_2d    : 0.000185 / 0.000151
    keypoint_3d    : 0.000000 / 0.000000
    limb_scale_regularization: 0.000002 / 0.000001
    limb_trans_regularization: 0.000001 / 0.000001
    log_beta_scales: 0.000000 / 0.000000
    silhouette     : 0.000000 / 0.000000
    trans          : 0.000000 / 0.000000
  New best model saved with validation loss: 0.000017

Epoch 53:
  Train Loss = 0.000022, Val Loss = 0.000018, LR = 1.00e-04
  Parameter Errors (Train / Val):
    betas          : 5.578683 / 5.757693
    betas_trans    : 0.000000 / 0.000000
    cam_rot        : 0.000000 / 0.000000
    cam_trans      : 0.000000 / 0.000000
    fov            : 0.000000 / 0.000000
    global_rot     : 0.000000 / 0.000000
    joint_angle_regularization: 0.068201 / 0.044089
    joint_limit_regularization: 0.005221 / 0.003111
    joint_rot      : 0.000000 / 0.000000
    keypoint_2d    : 0.000195 / 0.000162
    keypoint_3d    : 0.000000 / 0.000000
    limb_scale_regularization: 0.000002 / 0.000002
    limb_trans_regularization: 0.000002 / 0.000001
    log_beta_scales: 0.000000 / 0.000000
    silhouette     : 0.000000 / 0.000000
    trans          : 0.000000 / 0.000000
  Checkpoint saved at epoch 53

Epoch 54:
  Train Loss = 0.000021, Val Loss = 0.000017, LR = 1.00e-04
  Parameter Errors (Train / Val):
    betas          : 5.502489 / 5.725239
    betas_trans    : 0.000000 / 0.000000
    cam_rot        : 0.000000 / 0.000000
    cam_trans      : 0.000000 / 0.000000
    fov            : 0.000000 / 0.000000
    global_rot     : 0.000000 / 0.000000
    joint_angle_regularization: 0.072299 / 0.045509
    joint_limit_regularization: 0.005272 / 0.003085
    joint_rot      : 0.000000 / 0.000000
    keypoint_2d    : 0.000180 / 0.000152
    keypoint_3d    : 0.000000 / 0.000000
    limb_scale_regularization: 0.000002 / 0.000001
    limb_trans_regularization: 0.000001 / 0.000001
    log_beta_scales: 0.000000 / 0.000000
    silhouette     : 0.000000 / 0.000000
    trans          : 0.000000 / 0.000000

Epoch 55:
  Train Loss = 0.000021, Val Loss = 0.000017, LR = 1.00e-04
  Parameter Errors (Train / Val):
    betas          : 5.408750 / 5.745647
    betas_trans    : 0.000000 / 0.000000
    cam_rot        : 0.000000 / 0.000000
    cam_trans      : 0.000000 / 0.000000
    fov            : 0.000000 / 0.000000
    global_rot     : 0.000000 / 0.000000
    joint_angle_regularization: 0.073220 / 0.047502
    joint_limit_regularization: 0.005173 / 0.003116
    joint_rot      : 0.000000 / 0.000000
    keypoint_2d    : 0.000183 / 0.000145
    keypoint_3d    : 0.000000 / 0.000000
    limb_scale_regularization: 0.000002 / 0.000001
    limb_trans_regularization: 0.000001 / 0.000001
    log_beta_scales: 0.000000 / 0.000000
    silhouette     : 0.000000 / 0.000000
    trans          : 0.000000 / 0.000000
  New best model saved with validation loss: 0.000017
  Checkpoint saved at epoch 55

Epoch 56:
  Train Loss = 0.000020, Val Loss = 0.000016, LR = 1.00e-04
  Parameter Errors (Train / Val):
    betas          : 5.295329 / 5.670176
    betas_trans    : 0.000000 / 0.000000
    cam_rot        : 0.000000 / 0.000000
    cam_trans      : 0.000000 / 0.000000
    fov            : 0.000000 / 0.000000
    global_rot     : 0.000000 / 0.000000
    joint_angle_regularization: 0.075364 / 0.048405
    joint_limit_regularization: 0.005189 / 0.003135
    joint_rot      : 0.000000 / 0.000000
    keypoint_2d    : 0.000176 / 0.000141
    keypoint_3d    : 0.000000 / 0.000000
    limb_scale_regularization: 0.000002 / 0.000001
    limb_trans_regularization: 0.000001 / 0.000001
    log_beta_scales: 0.000000 / 0.000000
    silhouette     : 0.000000 / 0.000000
    trans          : 0.000000 / 0.000000
  New best model saved with validation loss: 0.000016

Epoch 57:
  Train Loss = 0.000023, Val Loss = 0.000018, LR = 1.00e-04
  Parameter Errors (Train / Val):
    betas          : 5.365740 / 5.586195
    betas_trans    : 0.000000 / 0.000000
    cam_rot        : 0.000000 / 0.000000
    cam_trans      : 0.000000 / 0.000000
    fov            : 0.000000 / 0.000000
    global_rot     : 0.000000 / 0.000000
    joint_angle_regularization: 0.077577 / 0.049252
    joint_limit_regularization: 0.005175 / 0.003141
    joint_rot      : 0.000000 / 0.000000
    keypoint_2d    : 0.000203 / 0.000163
    keypoint_3d    : 0.000000 / 0.000000
    limb_scale_regularization: 0.000002 / 0.000001
    limb_trans_regularization: 0.000002 / 0.000001
    log_beta_scales: 0.000000 / 0.000000
    silhouette     : 0.000000 / 0.000000
    trans          : 0.000000 / 0.000000
  Checkpoint saved at epoch 57

Epoch 58:
  Train Loss = 0.000027, Val Loss = 0.000016, LR = 1.00e-04
  Parameter Errors (Train / Val):
    betas          : 5.385500 / 5.620297
    betas_trans    : 0.000000 / 0.000000
    cam_rot        : 0.000000 / 0.000000
    cam_trans      : 0.000000 / 0.000000
    fov            : 0.000000 / 0.000000
    global_rot     : 0.000000 / 0.000000
    joint_angle_regularization: 0.080421 / 0.050676
    joint_limit_regularization: 0.005222 / 0.003037
    joint_rot      : 0.000000 / 0.000000
    keypoint_2d    : 0.000231 / 0.000143
    keypoint_3d    : 0.000000 / 0.000000
    limb_scale_regularization: 0.000003 / 0.000001
    limb_trans_regularization: 0.000002 / 0.000001
    log_beta_scales: 0.000000 / 0.000000
    silhouette     : 0.000000 / 0.000000
    trans          : 0.000000 / 0.000000

Epoch 59:
  Train Loss = 0.000023, Val Loss = 0.000016, LR = 1.00e-04
  Parameter Errors (Train / Val):
    betas          : 5.378632 / 5.531695
    betas_trans    : 0.000000 / 0.000000
    cam_rot        : 0.000000 / 0.000000
    cam_trans      : 0.000000 / 0.000000
    fov            : 0.000000 / 0.000000
    global_rot     : 0.000000 / 0.000000
    joint_angle_regularization: 0.081648 / 0.051541
    joint_limit_regularization: 0.005216 / 0.003151
    joint_rot      : 0.000000 / 0.000000
    keypoint_2d    : 0.000202 / 0.000140
    keypoint_3d    : 0.000000 / 0.000000
    limb_scale_regularization: 0.000002 / 0.000001
    limb_trans_regularization: 0.000001 / 0.000001
    log_beta_scales: 0.000000 / 0.000000
    silhouette     : 0.000000 / 0.000000
    trans          : 0.000000 / 0.000000
  New best model saved with validation loss: 0.000016
  Checkpoint saved at epoch 59
Visualizing 5 samples from dataset: unknown
Generated 5 visualization images for epoch 59 in /hpcwork/mkd34160/smilify_runs/singleview_2d_lam1e-4/visualizations/epoch_059
Visualizing 5 samples from dataset: unknown
Generated 5 visualization images for epoch 59 in /hpcwork/mkd34160/smilify_runs/singleview_2d_lam1e-4/visualizations_train/epoch_059

Epoch 60:
  Train Loss = 0.000019, Val Loss = 0.000016, LR = 1.00e-04
  Parameter Errors (Train / Val):
    betas          : 5.214314 / 5.471690
    betas_trans    : 0.000000 / 0.000000
    cam_rot        : 0.000000 / 0.000000
    cam_trans      : 0.000000 / 0.000000
    fov            : 0.000000 / 0.000000
    global_rot     : 0.000000 / 0.000000
    joint_angle_regularization: 0.087472 / 0.056505
    joint_limit_regularization: 0.004640 / 0.002496
    joint_rot      : 0.000000 / 0.000000
    keypoint_2d    : 0.000172 / 0.000147
    keypoint_3d    : 0.000000 / 0.000000
    limb_scale_regularization: 0.000136 / 0.000160
    limb_trans_regularization: 0.000001 / 0.000001
    log_beta_scales: 0.000000 / 0.000000
    silhouette     : 0.000000 / 0.000000
    trans          : 0.000000 / 0.000000
  New best model saved with validation loss: 0.000016

Epoch 61:
  Train Loss = 0.000017, Val Loss = 0.000015, LR = 1.00e-04
  Parameter Errors (Train / Val):
    betas          : 5.041978 / 5.378923
    betas_trans    : 0.000000 / 0.000000
    cam_rot        : 0.000000 / 0.000000
    cam_trans      : 0.000000 / 0.000000
    fov            : 0.000000 / 0.000000
    global_rot     : 0.000000 / 0.000000
    joint_angle_regularization: 0.093444 / 0.060644
    joint_limit_regularization: 0.004024 / 0.002244
    joint_rot      : 0.000000 / 0.000000
    keypoint_2d    : 0.000159 / 0.000136
    keypoint_3d    : 0.000000 / 0.000000
    limb_scale_regularization: 0.000243 / 0.000200
    limb_trans_regularization: 0.000001 / 0.000001
    log_beta_scales: 0.000000 / 0.000000
    silhouette     : 0.000000 / 0.000000
    trans          : 0.000000 / 0.000000
  New best model saved with validation loss: 0.000015
  Checkpoint saved at epoch 61

Epoch 62:
  Train Loss = 0.000018, Val Loss = 0.000014, LR = 1.00e-04
  Parameter Errors (Train / Val):
    betas          : 4.897518 / 5.303962
    betas_trans    : 0.000000 / 0.000000
    cam_rot        : 0.000000 / 0.000000
    cam_trans      : 0.000000 / 0.000000
    fov            : 0.000000 / 0.000000
    global_rot     : 0.000000 / 0.000000
    joint_angle_regularization: 0.097382 / 0.063369
    joint_limit_regularization: 0.003748 / 0.002148
    joint_rot      : 0.000000 / 0.000000
    keypoint_2d    : 0.000160 / 0.000128
    keypoint_3d    : 0.000000 / 0.000000
    limb_scale_regularization: 0.000282 / 0.000221
    limb_trans_regularization: 0.000002 / 0.000001
    log_beta_scales: 0.000000 / 0.000000
    silhouette     : 0.000000 / 0.000000
    trans          : 0.000000 / 0.000000
  New best model saved with validation loss: 0.000014

Epoch 63:
  Train Loss = 0.000017, Val Loss = 0.000015, LR = 1.00e-04
  Parameter Errors (Train / Val):
    betas          : 4.807467 / 5.157475
    betas_trans    : 0.000000 / 0.000000
    cam_rot        : 0.000000 / 0.000000
    cam_trans      : 0.000000 / 0.000000
    fov            : 0.000000 / 0.000000
    global_rot     : 0.000000 / 0.000000
    joint_angle_regularization: 0.100178 / 0.064461
    joint_limit_regularization: 0.003576 / 0.002042
    joint_rot      : 0.000000 / 0.000000
    keypoint_2d    : 0.000155 / 0.000140
    keypoint_3d    : 0.000000 / 0.000000
    limb_scale_regularization: 0.000310 / 0.000237
    limb_trans_regularization: 0.000002 / 0.000002
    log_beta_scales: 0.000000 / 0.000000
    silhouette     : 0.000000 / 0.000000
    trans          : 0.000000 / 0.000000
  Checkpoint saved at epoch 63

Epoch 64:
  Train Loss = 0.000020, Val Loss = 0.000015, LR = 1.00e-04
  Parameter Errors (Train / Val):
    betas          : 4.652577 / 5.069448
    betas_trans    : 0.000000 / 0.000000
    cam_rot        : 0.000000 / 0.000000
    cam_trans      : 0.000000 / 0.000000
    fov            : 0.000000 / 0.000000
    global_rot     : 0.000000 / 0.000000
    joint_angle_regularization: 0.103059 / 0.066685
    joint_limit_regularization: 0.003377 / 0.001980
    joint_rot      : 0.000000 / 0.000000
    keypoint_2d    : 0.000186 / 0.000135
    keypoint_3d    : 0.000000 / 0.000000
    limb_scale_regularization: 0.000343 / 0.000257
    limb_trans_regularization: 0.000002 / 0.000001
    log_beta_scales: 0.000000 / 0.000000
    silhouette     : 0.000000 / 0.000000
    trans          : 0.000000 / 0.000000

Epoch 65:
  Train Loss = 0.000018, Val Loss = 0.000014, LR = 1.00e-04
  Parameter Errors (Train / Val):
    betas          : 4.526877 / 5.013948
    betas_trans    : 0.000000 / 0.000000
    cam_rot        : 0.000000 / 0.000000
    cam_trans      : 0.000000 / 0.000000
    fov            : 0.000000 / 0.000000
    global_rot     : 0.000000 / 0.000000
    joint_angle_regularization: 0.106109 / 0.069960
    joint_limit_regularization: 0.003241 / 0.002033
    joint_rot      : 0.000000 / 0.000000
    keypoint_2d    : 0.000163 / 0.000124
    keypoint_3d    : 0.000000 / 0.000000
    limb_scale_regularization: 0.000357 / 0.000263
    limb_trans_regularization: 0.000002 / 0.000001
    log_beta_scales: 0.000000 / 0.000000
    silhouette     : 0.000000 / 0.000000
    trans          : 0.000000 / 0.000000
  New best model saved with validation loss: 0.000014
  Checkpoint saved at epoch 65

Epoch 66:
  Train Loss = 0.000018, Val Loss = 0.000015, LR = 1.00e-04
  Parameter Errors (Train / Val):
    betas          : 4.468931 / 4.967815
    betas_trans    : 0.000000 / 0.000000
    cam_rot        : 0.000000 / 0.000000
    cam_trans      : 0.000000 / 0.000000
    fov            : 0.000000 / 0.000000
    global_rot     : 0.000000 / 0.000000
    joint_angle_regularization: 0.108428 / 0.069577
    joint_limit_regularization: 0.003156 / 0.001867
    joint_rot      : 0.000000 / 0.000000
    keypoint_2d    : 0.000160 / 0.000136
    keypoint_3d    : 0.000000 / 0.000000
    limb_scale_regularization: 0.000360 / 0.000269
    limb_trans_regularization: 0.000002 / 0.000002
    log_beta_scales: 0.000000 / 0.000000
    silhouette     : 0.000000 / 0.000000
    trans          : 0.000000 / 0.000000

Epoch 67:
  Train Loss = 0.000017, Val Loss = 0.000013, LR = 1.00e-04
  Parameter Errors (Train / Val):
    betas          : 4.367039 / 4.857823
    betas_trans    : 0.000000 / 0.000000
    cam_rot        : 0.000000 / 0.000000
    cam_trans      : 0.000000 / 0.000000
    fov            : 0.000000 / 0.000000
    global_rot     : 0.000000 / 0.000000
    joint_angle_regularization: 0.111147 / 0.071187
    joint_limit_regularization: 0.003106 / 0.001866
    joint_rot      : 0.000000 / 0.000000
    keypoint_2d    : 0.000151 / 0.000123
    keypoint_3d    : 0.000000 / 0.000000
    limb_scale_regularization: 0.000373 / 0.000271
    limb_trans_regularization: 0.000002 / 0.000001
    log_beta_scales: 0.000000 / 0.000000
    silhouette     : 0.000000 / 0.000000
    trans          : 0.000000 / 0.000000
  New best model saved with validation loss: 0.000013
  Checkpoint saved at epoch 67

Epoch 68:
  Train Loss = 0.000017, Val Loss = 0.000014, LR = 1.00e-04
  Parameter Errors (Train / Val):
    betas          : 4.295137 / 4.796734
    betas_trans    : 0.000000 / 0.000000
    cam_rot        : 0.000000 / 0.000000
    cam_trans      : 0.000000 / 0.000000
    fov            : 0.000000 / 0.000000
    global_rot     : 0.000000 / 0.000000
    joint_angle_regularization: 0.113071 / 0.072019
    joint_limit_regularization: 0.003006 / 0.001805
    joint_rot      : 0.000000 / 0.000000
    keypoint_2d    : 0.000150 / 0.000127
    keypoint_3d    : 0.000000 / 0.000000
    limb_scale_regularization: 0.000378 / 0.000278
    limb_trans_regularization: 0.000002 / 0.000001
    log_beta_scales: 0.000000 / 0.000000
    silhouette     : 0.000000 / 0.000000
    trans          : 0.000000 / 0.000000

Epoch 69:
  Train Loss = 0.000017, Val Loss = 0.000014, LR = 1.00e-04
  Parameter Errors (Train / Val):
    betas          : 4.245509 / 4.773318
    betas_trans    : 0.000000 / 0.000000
    cam_rot        : 0.000000 / 0.000000
    cam_trans      : 0.000000 / 0.000000
    fov            : 0.000000 / 0.000000
    global_rot     : 0.000000 / 0.000000
    joint_angle_regularization: 0.114543 / 0.072463
    joint_limit_regularization: 0.002948 / 0.001754
    joint_rot      : 0.000000 / 0.000000
    keypoint_2d    : 0.000154 / 0.000132
    keypoint_3d    : 0.000000 / 0.000000
    limb_scale_regularization: 0.000393 / 0.000283
    limb_trans_regularization: 0.000002 / 0.000001
    log_beta_scales: 0.000000 / 0.000000
    silhouette     : 0.000000 / 0.000000
    trans          : 0.000000 / 0.000000
  Checkpoint saved at epoch 69
Visualizing 5 samples from dataset: unknown
Generated 5 visualization images for epoch 69 in /hpcwork/mkd34160/smilify_runs/singleview_2d_lam1e-4/visualizations/epoch_069
Visualizing 5 samples from dataset: unknown
Generated 5 visualization images for epoch 69 in /hpcwork/mkd34160/smilify_runs/singleview_2d_lam1e-4/visualizations_train/epoch_069

Epoch 70:
  Train Loss = 0.000018, Val Loss = 0.000014, LR = 1.00e-04
  Parameter Errors (Train / Val):
    betas          : 4.136433 / 4.713643
    betas_trans    : 0.000000 / 0.000000
    cam_rot        : 0.000000 / 0.000000
    cam_trans      : 0.000000 / 0.000000
    fov            : 0.000000 / 0.000000
    global_rot     : 0.000000 / 0.000000
    joint_angle_regularization: 0.117772 / 0.073226
    joint_limit_regularization: 0.002898 / 0.001753
    joint_rot      : 0.000000 / 0.000000
    keypoint_2d    : 0.000166 / 0.000126
    keypoint_3d    : 0.000000 / 0.000000
    limb_scale_regularization: 0.000405 / 0.000290
    limb_trans_regularization: 0.000002 / 0.000001
    log_beta_scales: 0.000000 / 0.000000
    silhouette     : 0.000000 / 0.000000
    trans          : 0.000000 / 0.000000

Epoch 71:
  Train Loss = 0.000016, Val Loss = 0.000014, LR = 1.00e-04
  Parameter Errors (Train / Val):
    betas          : 4.054245 / 4.647176
    betas_trans    : 0.000000 / 0.000000
    cam_rot        : 0.000000 / 0.000000
    cam_trans      : 0.000000 / 0.000000
    fov            : 0.000000 / 0.000000
    global_rot     : 0.000000 / 0.000000
    joint_angle_regularization: 0.118200 / 0.075730
    joint_limit_regularization: 0.002875 / 0.001761
    joint_rot      : 0.000000 / 0.000000
    keypoint_2d    : 0.000148 / 0.000132
    keypoint_3d    : 0.000000 / 0.000000
    limb_scale_regularization: 0.000409 / 0.000293
    limb_trans_regularization: 0.000002 / 0.000001
    log_beta_scales: 0.000000 / 0.000000
    silhouette     : 0.000000 / 0.000000
    trans          : 0.000000 / 0.000000
  Checkpoint saved at epoch 71

Epoch 72:
  Train Loss = 0.000016, Val Loss = 0.000013, LR = 1.00e-04
  Parameter Errors (Train / Val):
    betas          : 4.041364 / 4.598265
    betas_trans    : 0.000000 / 0.000000
    cam_rot        : 0.000000 / 0.000000
    cam_trans      : 0.000000 / 0.000000
    fov            : 0.000000 / 0.000000
    global_rot     : 0.000000 / 0.000000
    joint_angle_regularization: 0.120595 / 0.075676
    joint_limit_regularization: 0.002823 / 0.001729
    joint_rot      : 0.000000 / 0.000000
    keypoint_2d    : 0.000149 / 0.000121
    keypoint_3d    : 0.000000 / 0.000000
    limb_scale_regularization: 0.000409 / 0.000296
    limb_trans_regularization: 0.000002 / 0.000001
    log_beta_scales: 0.000000 / 0.000000
    silhouette     : 0.000000 / 0.000000
    trans          : 0.000000 / 0.000000
  New best model saved with validation loss: 0.000013

Epoch 73:
  Train Loss = 0.000016, Val Loss = 0.000014, LR = 1.00e-04
  Parameter Errors (Train / Val):
    betas          : 4.015405 / 4.596838
    betas_trans    : 0.000000 / 0.000000
    cam_rot        : 0.000000 / 0.000000
    cam_trans      : 0.000000 / 0.000000
    fov            : 0.000000 / 0.000000
    global_rot     : 0.000000 / 0.000000
    joint_angle_regularization: 0.122466 / 0.076689
    joint_limit_regularization: 0.002833 / 0.001711
    joint_rot      : 0.000000 / 0.000000
    keypoint_2d    : 0.000140 / 0.000126
    keypoint_3d    : 0.000000 / 0.000000
    limb_scale_regularization: 0.000410 / 0.000305
    limb_trans_regularization: 0.000002 / 0.000001
    log_beta_scales: 0.000000 / 0.000000
    silhouette     : 0.000000 / 0.000000
    trans          : 0.000000 / 0.000000
  Checkpoint saved at epoch 73

Epoch 74:
  Train Loss = 0.000016, Val Loss = 0.000012, LR = 1.00e-04
  Parameter Errors (Train / Val):
    betas          : 4.000881 / 4.564633
    betas_trans    : 0.000000 / 0.000000
    cam_rot        : 0.000000 / 0.000000
    cam_trans      : 0.000000 / 0.000000
    fov            : 0.000000 / 0.000000
    global_rot     : 0.000000 / 0.000000
    joint_angle_regularization: 0.123041 / 0.077276
    joint_limit_regularization: 0.002781 / 0.001691
    joint_rot      : 0.000000 / 0.000000
    keypoint_2d    : 0.000143 / 0.000112
    keypoint_3d    : 0.000000 / 0.000000
    limb_scale_regularization: 0.000415 / 0.000299
    limb_trans_regularization: 0.000002 / 0.000001
    log_beta_scales: 0.000000 / 0.000000
    silhouette     : 0.000000 / 0.000000
    trans          : 0.000000 / 0.000000
  New best model saved with validation loss: 0.000012

Epoch 75:
  Train Loss = 0.000016, Val Loss = 0.000013, LR = 1.00e-04
  Parameter Errors (Train / Val):
    betas          : 3.942696 / 4.548265
    betas_trans    : 0.000000 / 0.000000
    cam_rot        : 0.000000 / 0.000000
    cam_trans      : 0.000000 / 0.000000
    fov            : 0.000000 / 0.000000
    global_rot     : 0.000000 / 0.000000
    joint_angle_regularization: 0.125388 / 0.077909
    joint_limit_regularization: 0.002784 / 0.001668
    joint_rot      : 0.000000 / 0.000000
    keypoint_2d    : 0.000139 / 0.000115
    keypoint_3d    : 0.000000 / 0.000000
    limb_scale_regularization: 0.000419 / 0.000306
    limb_trans_regularization: 0.000002 / 0.000001
    log_beta_scales: 0.000000 / 0.000000
    silhouette     : 0.000000 / 0.000000
    trans          : 0.000000 / 0.000000
  Checkpoint saved at epoch 75

Epoch 76:
  Train Loss = 0.000016, Val Loss = 0.000013, LR = 1.00e-04
  Parameter Errors (Train / Val):
    betas          : 3.889717 / 4.494150
    betas_trans    : 0.000000 / 0.000000
    cam_rot        : 0.000000 / 0.000000
    cam_trans      : 0.000000 / 0.000000
    fov            : 0.000000 / 0.000000
    global_rot     : 0.000000 / 0.000000
    joint_angle_regularization: 0.125060 / 0.079789
    joint_limit_regularization: 0.002712 / 0.001666
    joint_rot      : 0.000000 / 0.000000
    keypoint_2d    : 0.000146 / 0.000114
    keypoint_3d    : 0.000000 / 0.000000
    limb_scale_regularization: 0.000430 / 0.000303
    limb_trans_regularization: 0.000002 / 0.000001
    log_beta_scales: 0.000000 / 0.000000
    silhouette     : 0.000000 / 0.000000
    trans          : 0.000000 / 0.000000

Epoch 77:
  Train Loss = 0.000016, Val Loss = 0.000012, LR = 1.00e-04
  Parameter Errors (Train / Val):
    betas          : 3.890986 / 4.470731
    betas_trans    : 0.000000 / 0.000000
    cam_rot        : 0.000000 / 0.000000
    cam_trans      : 0.000000 / 0.000000
    fov            : 0.000000 / 0.000000
    global_rot     : 0.000000 / 0.000000
    joint_angle_regularization: 0.126258 / 0.079766
    joint_limit_regularization: 0.002687 / 0.001652
    joint_rot      : 0.000000 / 0.000000
    keypoint_2d    : 0.000141 / 0.000113
    keypoint_3d    : 0.000000 / 0.000000
    limb_scale_regularization: 0.000428 / 0.000308
    limb_trans_regularization: 0.000002 / 0.000001
    log_beta_scales: 0.000000 / 0.000000
    silhouette     : 0.000000 / 0.000000
    trans          : 0.000000 / 0.000000
  Checkpoint saved at epoch 77

Epoch 78:
  Train Loss = 0.000015, Val Loss = 0.000012, LR = 1.00e-04
  Parameter Errors (Train / Val):
    betas          : 3.823372 / 4.401265
    betas_trans    : 0.000000 / 0.000000
    cam_rot        : 0.000000 / 0.000000
    cam_trans      : 0.000000 / 0.000000
    fov            : 0.000000 / 0.000000
    global_rot     : 0.000000 / 0.000000
    joint_angle_regularization: 0.128703 / 0.079718
    joint_limit_regularization: 0.002726 / 0.001608
    joint_rot      : 0.000000 / 0.000000
    keypoint_2d    : 0.000137 / 0.000111
    keypoint_3d    : 0.000000 / 0.000000
    limb_scale_regularization: 0.000428 / 0.000310
    limb_trans_regularization: 0.000002 / 0.000001
    log_beta_scales: 0.000000 / 0.000000
    silhouette     : 0.000000 / 0.000000
    trans          : 0.000000 / 0.000000
  New best model saved with validation loss: 0.000012

Epoch 79:
  Train Loss = 0.000016, Val Loss = 0.000012, LR = 1.00e-04
  Parameter Errors (Train / Val):
    betas          : 3.740793 / 4.362736
    betas_trans    : 0.000000 / 0.000000
    cam_rot        : 0.000000 / 0.000000
    cam_trans      : 0.000000 / 0.000000
    fov            : 0.000000 / 0.000000
    global_rot     : 0.000000 / 0.000000
    joint_angle_regularization: 0.127655 / 0.079858
    joint_limit_regularization: 0.002659 / 0.001549
    joint_rot      : 0.000000 / 0.000000
    keypoint_2d    : 0.000140 / 0.000111
    keypoint_3d    : 0.000000 / 0.000000
    limb_scale_regularization: 0.000431 / 0.000307
    limb_trans_regularization: 0.000002 / 0.000001
    log_beta_scales: 0.000000 / 0.000000
    silhouette     : 0.000000 / 0.000000
    trans          : 0.000000 / 0.000000
  Checkpoint saved at epoch 79
Visualizing 5 samples from dataset: unknown
Generated 5 visualization images for epoch 79 in /hpcwork/mkd34160/smilify_runs/singleview_2d_lam1e-4/visualizations/epoch_079
Visualizing 5 samples from dataset: unknown
Generated 5 visualization images for epoch 79 in /hpcwork/mkd34160/smilify_runs/singleview_2d_lam1e-4/visualizations_train/epoch_079

Epoch 80:
  Train Loss = 0.000015, Val Loss = 0.000012, LR = 1.00e-04
  Parameter Errors (Train / Val):
    betas          : 3.803474 / 4.389833
    betas_trans    : 0.000000 / 0.000000
    cam_rot        : 0.000000 / 0.000000
    cam_trans      : 0.000000 / 0.000000
    fov            : 0.000000 / 0.000000
    global_rot     : 0.000000 / 0.000000
    joint_angle_regularization: 0.129148 / 0.082150
    joint_limit_regularization: 0.002600 / 0.001625
    joint_rot      : 0.000000 / 0.000000
    keypoint_2d    : 0.000134 / 0.000112
    keypoint_3d    : 0.000000 / 0.000000
    limb_scale_regularization: 0.000431 / 0.000310
    limb_trans_regularization: 0.000001 / 0.000001
    log_beta_scales: 0.000000 / 0.000000
    silhouette     : 0.000000 / 0.000000
    trans          : 0.000000 / 0.000000

Epoch 81:
  Train Loss = 0.000015, Val Loss = 0.000012, LR = 1.00e-04
  Parameter Errors (Train / Val):
    betas          : 3.739203 / 4.329409
    betas_trans    : 0.000000 / 0.000000
    cam_rot        : 0.000000 / 0.000000
    cam_trans      : 0.000000 / 0.000000
    fov            : 0.000000 / 0.000000
    global_rot     : 0.000000 / 0.000000
    joint_angle_regularization: 0.131510 / 0.081904
    joint_limit_regularization: 0.002706 / 0.001582
    joint_rot      : 0.000000 / 0.000000
    keypoint_2d    : 0.000135 / 0.000112
    keypoint_3d    : 0.000000 / 0.000000
    limb_scale_regularization: 0.000434 / 0.000314
    limb_trans_regularization: 0.000002 / 0.000001
    log_beta_scales: 0.000000 / 0.000000
    silhouette     : 0.000000 / 0.000000
    trans          : 0.000000 / 0.000000
  Checkpoint saved at epoch 81

Epoch 82:
  Train Loss = 0.000015, Val Loss = 0.000013, LR = 1.00e-04
  Parameter Errors (Train / Val):
    betas          : 3.725044 / 4.332723
    betas_trans    : 0.000000 / 0.000000
    cam_rot        : 0.000000 / 0.000000
    cam_trans      : 0.000000 / 0.000000
    fov            : 0.000000 / 0.000000
    global_rot     : 0.000000 / 0.000000
    joint_angle_regularization: 0.132222 / 0.083618
    joint_limit_regularization: 0.002648 / 0.001611
    joint_rot      : 0.000000 / 0.000000
    keypoint_2d    : 0.000135 / 0.000120
    keypoint_3d    : 0.000000 / 0.000000
    limb_scale_regularization: 0.000439 / 0.000317
    limb_trans_regularization: 0.000002 / 0.000001
    log_beta_scales: 0.000000 / 0.000000
    silhouette     : 0.000000 / 0.000000
    trans          : 0.000000 / 0.000000

Epoch 83:
  Train Loss = 0.000015, Val Loss = 0.000012, LR = 1.00e-04
  Parameter Errors (Train / Val):
    betas          : 3.674973 / 4.281267
    betas_trans    : 0.000000 / 0.000000
    cam_rot        : 0.000000 / 0.000000
    cam_trans      : 0.000000 / 0.000000
    fov            : 0.000000 / 0.000000
    global_rot     : 0.000000 / 0.000000
    joint_angle_regularization: 0.132495 / 0.082856
    joint_limit_regularization: 0.002634 / 0.001549
    joint_rot      : 0.000000 / 0.000000
    keypoint_2d    : 0.000131 / 0.000106
    keypoint_3d    : 0.000000 / 0.000000
    limb_scale_regularization: 0.000440 / 0.000312
    limb_trans_regularization: 0.000001 / 0.000001
    log_beta_scales: 0.000000 / 0.000000
    silhouette     : 0.000000 / 0.000000
    trans          : 0.000000 / 0.000000
  New best model saved with validation loss: 0.000012
  Checkpoint saved at epoch 83

Epoch 84:
  Train Loss = 0.000015, Val Loss = 0.000011, LR = 1.00e-04
  Parameter Errors (Train / Val):
    betas          : 3.699863 / 4.320465
    betas_trans    : 0.000000 / 0.000000
    cam_rot        : 0.000000 / 0.000000
    cam_trans      : 0.000000 / 0.000000
    fov            : 0.000000 / 0.000000
    global_rot     : 0.000000 / 0.000000
    joint_angle_regularization: 0.132968 / 0.084270
    joint_limit_regularization: 0.002621 / 0.001586
    joint_rot      : 0.000000 / 0.000000
    keypoint_2d    : 0.000132 / 0.000099
    keypoint_3d    : 0.000000 / 0.000000
    limb_scale_regularization: 0.000438 / 0.000318
    limb_trans_regularization: 0.000001 / 0.000001
    log_beta_scales: 0.000000 / 0.000000
    silhouette     : 0.000000 / 0.000000
    trans          : 0.000000 / 0.000000
  New best model saved with validation loss: 0.000011

Epoch 85:
  Train Loss = 0.000014, Val Loss = 0.000012, LR = 1.00e-04
  Parameter Errors (Train / Val):
    betas          : 3.641400 / 4.249682
    betas_trans    : 0.000000 / 0.000000
    cam_rot        : 0.000000 / 0.000000
    cam_trans      : 0.000000 / 0.000000
    fov            : 0.000000 / 0.000000
    global_rot     : 0.000000 / 0.000000
    joint_angle_regularization: 0.135217 / 0.085139
    joint_limit_regularization: 0.002661 / 0.001605
    joint_rot      : 0.000000 / 0.000000
    keypoint_2d    : 0.000126 / 0.000111
    keypoint_3d    : 0.000000 / 0.000000
    limb_scale_regularization: 0.000445 / 0.000316
    limb_trans_regularization: 0.000001 / 0.000001
    log_beta_scales: 0.000000 / 0.000000
    silhouette     : 0.000000 / 0.000000
    trans          : 0.000000 / 0.000000
  Checkpoint saved at epoch 85

Epoch 86:
  Train Loss = 0.000015, Val Loss = 0.000011, LR = 1.00e-04
  Parameter Errors (Train / Val):
    betas          : 3.645680 / 4.254865
    betas_trans    : 0.000000 / 0.000000
    cam_rot        : 0.000000 / 0.000000
    cam_trans      : 0.000000 / 0.000000
    fov            : 0.000000 / 0.000000
    global_rot     : 0.000000 / 0.000000
    joint_angle_regularization: 0.134444 / 0.085193
    joint_limit_regularization: 0.002574 / 0.001588
    joint_rot      : 0.000000 / 0.000000
    keypoint_2d    : 0.000131 / 0.000103
    keypoint_3d    : 0.000000 / 0.000000
    limb_scale_regularization: 0.000447 / 0.000319
    limb_trans_regularization: 0.000001 / 0.000001
    log_beta_scales: 0.000000 / 0.000000
    silhouette     : 0.000000 / 0.000000
    trans          : 0.000000 / 0.000000

Epoch 87:
  Train Loss = 0.000015, Val Loss = 0.000011, LR = 1.00e-04
  Parameter Errors (Train / Val):
    betas          : 3.675679 / 4.199759
    betas_trans    : 0.000000 / 0.000000
    cam_rot        : 0.000000 / 0.000000
    cam_trans      : 0.000000 / 0.000000
    fov            : 0.000000 / 0.000000
    global_rot     : 0.000000 / 0.000000
    joint_angle_regularization: 0.136137 / 0.085635
    joint_limit_regularization: 0.002610 / 0.001563
    joint_rot      : 0.000000 / 0.000000
    keypoint_2d    : 0.000133 / 0.000098
    keypoint_3d    : 0.000000 / 0.000000
    limb_scale_regularization: 0.000443 / 0.000316
    limb_trans_regularization: 0.000001 / 0.000001
    log_beta_scales: 0.000000 / 0.000000
    silhouette     : 0.000000 / 0.000000
    trans          : 0.000000 / 0.000000
  New best model saved with validation loss: 0.000011
  Checkpoint saved at epoch 87

Epoch 88:
  Train Loss = 0.000014, Val Loss = 0.000013, LR = 1.00e-04
  Parameter Errors (Train / Val):
    betas          : 3.565076 / 4.273412
    betas_trans    : 0.000000 / 0.000000
    cam_rot        : 0.000000 / 0.000000
    cam_trans      : 0.000000 / 0.000000
    fov            : 0.000000 / 0.000000
    global_rot     : 0.000000 / 0.000000
    joint_angle_regularization: 0.136247 / 0.086193
    joint_limit_regularization: 0.002572 / 0.001574
    joint_rot      : 0.000000 / 0.000000
    keypoint_2d    : 0.000123 / 0.000115
    keypoint_3d    : 0.000000 / 0.000000
    limb_scale_regularization: 0.000438 / 0.000319
    limb_trans_regularization: 0.000001 / 0.000001
    log_beta_scales: 0.000000 / 0.000000
    silhouette     : 0.000000 / 0.000000
    trans          : 0.000000 / 0.000000

Epoch 89:
  Train Loss = 0.000014, Val Loss = 0.000011, LR = 1.00e-04
  Parameter Errors (Train / Val):
    betas          : 3.568546 / 4.222084
    betas_trans    : 0.000000 / 0.000000
    cam_rot        : 0.000000 / 0.000000
    cam_trans      : 0.000000 / 0.000000
    fov            : 0.000000 / 0.000000
    global_rot     : 0.000000 / 0.000000
    joint_angle_regularization: 0.138697 / 0.086084
    joint_limit_regularization: 0.002624 / 0.001510
    joint_rot      : 0.000000 / 0.000000
    keypoint_2d    : 0.000121 / 0.000099
    keypoint_3d    : 0.000000 / 0.000000
    limb_scale_regularization: 0.000442 / 0.000316
    limb_trans_regularization: 0.000001 / 0.000001
    log_beta_scales: 0.000000 / 0.000000
    silhouette     : 0.000000 / 0.000000
    trans          : 0.000000 / 0.000000
  Checkpoint saved at epoch 89
Visualizing 5 samples from dataset: unknown
Generated 5 visualization images for epoch 89 in /hpcwork/mkd34160/smilify_runs/singleview_2d_lam1e-4/visualizations/epoch_089
Visualizing 5 samples from dataset: unknown
Generated 5 visualization images for epoch 89 in /hpcwork/mkd34160/smilify_runs/singleview_2d_lam1e-4/visualizations_train/epoch_089

Epoch 90:
  Train Loss = 0.000014, Val Loss = 0.000012, LR = 1.00e-04
  Parameter Errors (Train / Val):
    betas          : 3.609718 / 4.223947
    betas_trans    : 0.000000 / 0.000000
    cam_rot        : 0.000000 / 0.000000
    cam_trans      : 0.000000 / 0.000000
    fov            : 0.000000 / 0.000000
    global_rot     : 0.000000 / 0.000000
    joint_angle_regularization: 0.138049 / 0.086512
    joint_limit_regularization: 0.002548 / 0.001516
    joint_rot      : 0.000000 / 0.000000
    keypoint_2d    : 0.000126 / 0.000109
    keypoint_3d    : 0.000000 / 0.000000
    limb_scale_regularization: 0.000441 / 0.000321
    limb_trans_regularization: 0.000001 / 0.000001
    log_beta_scales: 0.000000 / 0.000000
    silhouette     : 0.000000 / 0.000000
    trans          : 0.000000 / 0.000000

Epoch 91:
  Train Loss = 0.000014, Val Loss = 0.000013, LR = 1.00e-04
  Parameter Errors (Train / Val):
    betas          : 3.469747 / 4.190142
    betas_trans    : 0.000000 / 0.000000
    cam_rot        : 0.000000 / 0.000000
    cam_trans      : 0.000000 / 0.000000
    fov            : 0.000000 / 0.000000
    global_rot     : 0.000000 / 0.000000
    joint_angle_regularization: 0.138314 / 0.087447
    joint_limit_regularization: 0.002561 / 0.001505
    joint_rot      : 0.000000 / 0.000000
    keypoint_2d    : 0.000125 / 0.000122
    keypoint_3d    : 0.000000 / 0.000000
    limb_scale_regularization: 0.000450 / 0.000326
    limb_trans_regularization: 0.000001 / 0.000001
    log_beta_scales: 0.000000 / 0.000000
    silhouette     : 0.000000 / 0.000000
    trans          : 0.000000 / 0.000000
  Checkpoint saved at epoch 91

Epoch 92:
  Train Loss = 0.000014, Val Loss = 0.000011, LR = 1.00e-04
  Parameter Errors (Train / Val):
    betas          : 3.578515 / 4.211605
    betas_trans    : 0.000000 / 0.000000
    cam_rot        : 0.000000 / 0.000000
    cam_trans      : 0.000000 / 0.000000
    fov            : 0.000000 / 0.000000
    global_rot     : 0.000000 / 0.000000
    joint_angle_regularization: 0.139085 / 0.088012
    joint_limit_regularization: 0.002591 / 0.001527
    joint_rot      : 0.000000 / 0.000000
    keypoint_2d    : 0.000128 / 0.000096
    keypoint_3d    : 0.000000 / 0.000000
    limb_scale_regularization: 0.000452 / 0.000318
    limb_trans_regularization: 0.000001 / 0.000001
    log_beta_scales: 0.000000 / 0.000000
    silhouette     : 0.000000 / 0.000000
    trans          : 0.000000 / 0.000000
  New best model saved with validation loss: 0.000011

Epoch 93:
  Train Loss = 0.000013, Val Loss = 0.000012, LR = 1.00e-04
  Parameter Errors (Train / Val):
    betas          : 3.565006 / 4.161787
    betas_trans    : 0.000000 / 0.000000
    cam_rot        : 0.000000 / 0.000000
    cam_trans      : 0.000000 / 0.000000
    fov            : 0.000000 / 0.000000
    global_rot     : 0.000000 / 0.000000
    joint_angle_regularization: 0.139147 / 0.087311
    joint_limit_regularization: 0.002531 / 0.001433
    joint_rot      : 0.000000 / 0.000000
    keypoint_2d    : 0.000119 / 0.000105
    keypoint_3d    : 0.000000 / 0.000000
    limb_scale_regularization: 0.000450 / 0.000316
    limb_trans_regularization: 0.000001 / 0.000001
    log_beta_scales: 0.000000 / 0.000000
    silhouette     : 0.000000 / 0.000000
    trans          : 0.000000 / 0.000000
  Checkpoint saved at epoch 93

Epoch 94:
  Train Loss = 0.000014, Val Loss = 0.000012, LR = 1.00e-04
  Parameter Errors (Train / Val):
    betas          : 3.520721 / 4.165478
    betas_trans    : 0.000000 / 0.000000
    cam_rot        : 0.000000 / 0.000000
    cam_trans      : 0.000000 / 0.000000
    fov            : 0.000000 / 0.000000
    global_rot     : 0.000000 / 0.000000
    joint_angle_regularization: 0.141490 / 0.088844
    joint_limit_regularization: 0.002593 / 0.001540
    joint_rot      : 0.000000 / 0.000000
    keypoint_2d    : 0.000126 / 0.000108
    keypoint_3d    : 0.000000 / 0.000000
    limb_scale_regularization: 0.000452 / 0.000325
    limb_trans_regularization: 0.000001 / 0.000001
    log_beta_scales: 0.000000 / 0.000000
    silhouette     : 0.000000 / 0.000000
    trans          : 0.000000 / 0.000000

Epoch 95:
  Train Loss = 0.000014, Val Loss = 0.000010, LR = 1.00e-04
  Parameter Errors (Train / Val):
    betas          : 3.495451 / 4.169761
    betas_trans    : 0.000000 / 0.000000
    cam_rot        : 0.000000 / 0.000000
    cam_trans      : 0.000000 / 0.000000
    fov            : 0.000000 / 0.000000
    global_rot     : 0.000000 / 0.000000
    joint_angle_regularization: 0.141968 / 0.089010
    joint_limit_regularization: 0.002576 / 0.001501
    joint_rot      : 0.000000 / 0.000000
    keypoint_2d    : 0.000122 / 0.000094
    keypoint_3d    : 0.000000 / 0.000000
    limb_scale_regularization: 0.000443 / 0.000320
    limb_trans_regularization: 0.000001 / 0.000001
    log_beta_scales: 0.000000 / 0.000000
    silhouette     : 0.000000 / 0.000000
    trans          : 0.000000 / 0.000000
  New best model saved with validation loss: 0.000010
  Checkpoint saved at epoch 95

Epoch 96:
  Train Loss = 0.000014, Val Loss = 0.000013, LR = 1.00e-04
  Parameter Errors (Train / Val):
    betas          : 3.481697 / 4.137866
    betas_trans    : 0.000000 / 0.000000
    cam_rot        : 0.000000 / 0.000000
    cam_trans      : 0.000000 / 0.000000
    fov            : 0.000000 / 0.000000
    global_rot     : 0.000000 / 0.000000
    joint_angle_regularization: 0.142326 / 0.088963
    joint_limit_regularization: 0.002578 / 0.001489
    joint_rot      : 0.000000 / 0.000000
    keypoint_2d    : 0.000121 / 0.000117
    keypoint_3d    : 0.000000 / 0.000000
    limb_scale_regularization: 0.000445 / 0.000328
    limb_trans_regularization: 0.000001 / 0.000001
    log_beta_scales: 0.000000 / 0.000000
    silhouette     : 0.000000 / 0.000000
    trans          : 0.000000 / 0.000000

Epoch 97:
  Train Loss = 0.000015, Val Loss = 0.000011, LR = 1.00e-04
  Parameter Errors (Train / Val):
    betas          : 3.500614 / 4.186705
    betas_trans    : 0.000000 / 0.000000
    cam_rot        : 0.000000 / 0.000000
    cam_trans      : 0.000000 / 0.000000
    fov            : 0.000000 / 0.000000
    global_rot     : 0.000000 / 0.000000
    joint_angle_regularization: 0.140943 / 0.090392
    joint_limit_regularization: 0.002528 / 0.001543
    joint_rot      : 0.000000 / 0.000000
    keypoint_2d    : 0.000137 / 0.000099
    keypoint_3d    : 0.000000 / 0.000000
    limb_scale_regularization: 0.000455 / 0.000328
    limb_trans_regularization: 0.000001 / 0.000001
    log_beta_scales: 0.000000 / 0.000000
    silhouette     : 0.000000 / 0.000000
    trans          : 0.000000 / 0.000000
  Checkpoint saved at epoch 97

Epoch 98:
  Train Loss = 0.000014, Val Loss = 0.000012, LR = 1.00e-04
  Parameter Errors (Train / Val):
    betas          : 3.450850 / 4.130909
    betas_trans    : 0.000000 / 0.000000
    cam_rot        : 0.000000 / 0.000000
    cam_trans      : 0.000000 / 0.000000
    fov            : 0.000000 / 0.000000
    global_rot     : 0.000000 / 0.000000
    joint_angle_regularization: 0.142930 / 0.090739
    joint_limit_regularization: 0.002486 / 0.001500
    joint_rot      : 0.000000 / 0.000000
    keypoint_2d    : 0.000129 / 0.000106
    keypoint_3d    : 0.000000 / 0.000000
    limb_scale_regularization: 0.000451 / 0.000321
    limb_trans_regularization: 0.000001 / 0.000001
    log_beta_scales: 0.000000 / 0.000000
    silhouette     : 0.000000 / 0.000000
    trans          : 0.000000 / 0.000000

Epoch 99:
  Train Loss = 0.000018, Val Loss = 0.000010, LR = 1.00e-04
  Parameter Errors (Train / Val):
    betas          : 3.519235 / 4.133598
    betas_trans    : 0.000000 / 0.000000
    cam_rot        : 0.000000 / 0.000000
    cam_trans      : 0.000000 / 0.000000
    fov            : 0.000000 / 0.000000
    global_rot     : 0.000000 / 0.000000
    joint_angle_regularization: 0.145197 / 0.091560
    joint_limit_regularization: 0.002759 / 0.001524
    joint_rot      : 0.000000 / 0.000000
    keypoint_2d    : 0.000163 / 0.000093
    keypoint_3d    : 0.000000 / 0.000000
    limb_scale_regularization: 0.000492 / 0.000316
    limb_trans_regularization: 0.000002 / 0.000001
    log_beta_scales: 0.000000 / 0.000000
    silhouette     : 0.000000 / 0.000000
    trans          : 0.000000 / 0.000000
  New best model saved with validation loss: 0.000010
  Checkpoint saved at epoch 99
Visualizing 5 samples from dataset: unknown
Generated 5 visualization images for epoch 99 in /hpcwork/mkd34160/smilify_runs/singleview_2d_lam1e-4/visualizations/epoch_099
Visualizing 5 samples from dataset: unknown
Generated 5 visualization images for epoch 99 in /hpcwork/mkd34160/smilify_runs/singleview_2d_lam1e-4/visualizations_train/epoch_099

Epoch 100:
  Train Loss = 0.000013, Val Loss = 0.000012, LR = 1.00e-04
  Parameter Errors (Train / Val):
    betas          : 3.436203 / 4.103868
    betas_trans    : 0.000000 / 0.000000
    cam_rot        : 0.000000 / 0.000000
    cam_trans      : 0.000000 / 0.000000
    fov            : 0.000000 / 0.000000
    global_rot     : 0.000000 / 0.000000
    joint_angle_regularization: 0.144820 / 0.092420
    joint_limit_regularization: 0.002589 / 0.001542
    joint_rot      : 0.000000 / 0.000000
    keypoint_2d    : 0.000118 / 0.000104
    keypoint_3d    : 0.000000 / 0.000000
    limb_scale_regularization: 0.000455 / 0.000319
    limb_trans_regularization: 0.000001 / 0.000001
    log_beta_scales: 0.000000 / 0.000000
    silhouette     : 0.000000 / 0.000000
    trans          : 0.000000 / 0.000000

Epoch 101:
  Train Loss = 0.000017, Val Loss = 0.000011, LR = 1.00e-04
  Parameter Errors (Train / Val):
    betas          : 3.474936 / 4.115701
    betas_trans    : 0.000000 / 0.000000
    cam_rot        : 0.000000 / 0.000000
    cam_trans      : 0.000000 / 0.000000
    fov            : 0.000000 / 0.000000
    global_rot     : 0.000000 / 0.000000
    joint_angle_regularization: 0.144785 / 0.091649
    joint_limit_regularization: 0.002604 / 0.001514
    joint_rot      : 0.000000 / 0.000000
    keypoint_2d    : 0.000148 / 0.000102
    keypoint_3d    : 0.000000 / 0.000000
    limb_scale_regularization: 0.000461 / 0.000330
    limb_trans_regularization: 0.000002 / 0.000001
    log_beta_scales: 0.000000 / 0.000000
    silhouette     : 0.000000 / 0.000000
    trans          : 0.000000 / 0.000000
  Checkpoint saved at epoch 101

Epoch 102:
  Train Loss = 0.000014, Val Loss = 0.000012, LR = 1.00e-04
  Parameter Errors (Train / Val):
    betas          : 3.480614 / 4.112219
    betas_trans    : 0.000000 / 0.000000
    cam_rot        : 0.000000 / 0.000000
    cam_trans      : 0.000000 / 0.000000
    fov            : 0.000000 / 0.000000
    global_rot     : 0.000000 / 0.000000
    joint_angle_regularization: 0.144045 / 0.092985
    joint_limit_regularization: 0.002560 / 0.001477
    joint_rot      : 0.000000 / 0.000000
    keypoint_2d    : 0.000124 / 0.000106
    keypoint_3d    : 0.000000 / 0.000000
    limb_scale_regularization: 0.000459 / 0.000321
    limb_trans_regularization: 0.000001 / 0.000001
    log_beta_scales: 0.000000 / 0.000000
    silhouette     : 0.000000 / 0.000000
    trans          : 0.000000 / 0.000000

Epoch 103:
  Train Loss = 0.000014, Val Loss = 0.000010, LR = 1.00e-04
  Parameter Errors (Train / Val):
    betas          : 3.435109 / 4.092195
    betas_trans    : 0.000000 / 0.000000
    cam_rot        : 0.000000 / 0.000000
    cam_trans      : 0.000000 / 0.000000
    fov            : 0.000000 / 0.000000
    global_rot     : 0.000000 / 0.000000
    joint_angle_regularization: 0.146304 / 0.092046
    joint_limit_regularization: 0.002516 / 0.001431
    joint_rot      : 0.000000 / 0.000000
    keypoint_2d    : 0.000121 / 0.000090
    keypoint_3d    : 0.000000 / 0.000000
    limb_scale_regularization: 0.000449 / 0.000320
    limb_trans_regularization: 0.000001 / 0.000001
    log_beta_scales: 0.000000 / 0.000000
    silhouette     : 0.000000 / 0.000000
    trans          : 0.000000 / 0.000000
  New best model saved with validation loss: 0.000010
  Checkpoint saved at epoch 103

Epoch 104:
  Train Loss = 0.000014, Val Loss = 0.000010, LR = 1.00e-04
  Parameter Errors (Train / Val):
    betas          : 3.443841 / 4.073297
    betas_trans    : 0.000000 / 0.000000
    cam_rot        : 0.000000 / 0.000000
    cam_trans      : 0.000000 / 0.000000
    fov            : 0.000000 / 0.000000
    global_rot     : 0.000000 / 0.000000
    joint_angle_regularization: 0.145482 / 0.093107
    joint_limit_regularization: 0.002469 / 0.001497
    joint_rot      : 0.000000 / 0.000000
    keypoint_2d    : 0.000121 / 0.000092
    keypoint_3d    : 0.000000 / 0.000000
    limb_scale_regularization: 0.000452 / 0.000316
    limb_trans_regularization: 0.000001 / 0.000001
    log_beta_scales: 0.000000 / 0.000000
    silhouette     : 0.000000 / 0.000000
    trans          : 0.000000 / 0.000000

Epoch 105:
  Train Loss = 0.000013, Val Loss = 0.000010, LR = 1.00e-04
  Parameter Errors (Train / Val):
    betas          : 3.432996 / 4.088470
    betas_trans    : 0.000000 / 0.000000
    cam_rot        : 0.000000 / 0.000000
    cam_trans      : 0.000000 / 0.000000
    fov            : 0.000000 / 0.000000
    global_rot     : 0.000000 / 0.000000
    joint_angle_regularization: 0.146467 / 0.092957
    joint_limit_regularization: 0.002471 / 0.001453
    joint_rot      : 0.000000 / 0.000000
    keypoint_2d    : 0.000118 / 0.000093
    keypoint_3d    : 0.000000 / 0.000000
    limb_scale_regularization: 0.000445 / 0.000318
    limb_trans_regularization: 0.000001 / 0.000001
    log_beta_scales: 0.000000 / 0.000000
    silhouette     : 0.000000 / 0.000000
    trans          : 0.000000 / 0.000000
  Checkpoint saved at epoch 105

Epoch 106:
  Train Loss = 0.000012, Val Loss = 0.000010, LR = 1.00e-04
  Parameter Errors (Train / Val):
    betas          : 3.414029 / 4.077781
    betas_trans    : 0.000000 / 0.000000
    cam_rot        : 0.000000 / 0.000000
    cam_trans      : 0.000000 / 0.000000
    fov            : 0.000000 / 0.000000
    global_rot     : 0.000000 / 0.000000
    joint_angle_regularization: 0.146623 / 0.093725
    joint_limit_regularization: 0.002475 / 0.001431
    joint_rot      : 0.000000 / 0.000000
    keypoint_2d    : 0.000110 / 0.000089
    keypoint_3d    : 0.000000 / 0.000000
    limb_scale_regularization: 0.000448 / 0.000316
    limb_trans_regularization: 0.000001 / 0.000001
    log_beta_scales: 0.000000 / 0.000000
    silhouette     : 0.000000 / 0.000000
    trans          : 0.000000 / 0.000000
  New best model saved with validation loss: 0.000010

Epoch 107:
  Train Loss = 0.000013, Val Loss = 0.000011, LR = 1.00e-04
  Parameter Errors (Train / Val):
    betas          : 3.433741 / 4.063435
    betas_trans    : 0.000000 / 0.000000
    cam_rot        : 0.000000 / 0.000000
    cam_trans      : 0.000000 / 0.000000
    fov            : 0.000000 / 0.000000
    global_rot     : 0.000000 / 0.000000
    joint_angle_regularization: 0.146945 / 0.093779
    joint_limit_regularization: 0.002506 / 0.001446
    joint_rot      : 0.000000 / 0.000000
    keypoint_2d    : 0.000115 / 0.000097
    keypoint_3d    : 0.000000 / 0.000000
    limb_scale_regularization: 0.000446 / 0.000320
    limb_trans_regularization: 0.000001 / 0.000001
    log_beta_scales: 0.000000 / 0.000000
    silhouette     : 0.000000 / 0.000000
    trans          : 0.000000 / 0.000000
  Checkpoint saved at epoch 107

Epoch 108:
  Train Loss = 0.000013, Val Loss = 0.000010, LR = 1.00e-04
  Parameter Errors (Train / Val):
    betas          : 3.412185 / 4.103012
    betas_trans    : 0.000000 / 0.000000
    cam_rot        : 0.000000 / 0.000000
    cam_trans      : 0.000000 / 0.000000
    fov            : 0.000000 / 0.000000
    global_rot     : 0.000000 / 0.000000
    joint_angle_regularization: 0.148489 / 0.093786
    joint_limit_regularization: 0.002482 / 0.001401
    joint_rot      : 0.000000 / 0.000000
    keypoint_2d    : 0.000111 / 0.000092
    keypoint_3d    : 0.000000 / 0.000000
    limb_scale_regularization: 0.000445 / 0.000317
    limb_trans_regularization: 0.000001 / 0.000001
    log_beta_scales: 0.000000 / 0.000000
    silhouette     : 0.000000 / 0.000000
    trans          : 0.000000 / 0.000000

Epoch 109:
  Train Loss = 0.000013, Val Loss = 0.000010, LR = 1.00e-04
  Parameter Errors (Train / Val):
    betas          : 3.453625 / 4.044536
    betas_trans    : 0.000000 / 0.000000
    cam_rot        : 0.000000 / 0.000000
    cam_trans      : 0.000000 / 0.000000
    fov            : 0.000000 / 0.000000
    global_rot     : 0.000000 / 0.000000
    joint_angle_regularization: 0.146946 / 0.094524
    joint_limit_regularization: 0.002394 / 0.001483
    joint_rot      : 0.000000 / 0.000000
    keypoint_2d    : 0.000112 / 0.000091
    keypoint_3d    : 0.000000 / 0.000000
    limb_scale_regularization: 0.000449 / 0.000319
    limb_trans_regularization: 0.000001 / 0.000001
    log_beta_scales: 0.000000 / 0.000000
    silhouette     : 0.000000 / 0.000000
    trans          : 0.000000 / 0.000000
  Checkpoint saved at epoch 109
Visualizing 5 samples from dataset: unknown
Generated 5 visualization images for epoch 109 in /hpcwork/mkd34160/smilify_runs/singleview_2d_lam1e-4/visualizations/epoch_109
Visualizing 5 samples from dataset: unknown
Generated 5 visualization images for epoch 109 in /hpcwork/mkd34160/smilify_runs/singleview_2d_lam1e-4/visualizations_train/epoch_109

Epoch 110:
  Train Loss = 0.000013, Val Loss = 0.000010, LR = 1.00e-04
  Parameter Errors (Train / Val):
    betas          : 3.391638 / 4.072636
    betas_trans    : 0.000000 / 0.000000
    cam_rot        : 0.000000 / 0.000000
    cam_trans      : 0.000000 / 0.000000
    fov            : 0.000000 / 0.000000
    global_rot     : 0.000000 / 0.000000
    joint_angle_regularization: 0.148608 / 0.095149
    joint_limit_regularization: 0.002471 / 0.001456
    joint_rot      : 0.000000 / 0.000000
    keypoint_2d    : 0.000115 / 0.000091
    keypoint_3d    : 0.000000 / 0.000000
    limb_scale_regularization: 0.000448 / 0.000322
    limb_trans_regularization: 0.000001 / 0.000001
    log_beta_scales: 0.000000 / 0.000000
    silhouette     : 0.000000 / 0.000000
    trans          : 0.000000 / 0.000000

Epoch 111:
  Train Loss = 0.000013, Val Loss = 0.000010, LR = 1.00e-04
  Parameter Errors (Train / Val):
    betas          : 3.365686 / 4.034787
    betas_trans    : 0.000000 / 0.000000
    cam_rot        : 0.000000 / 0.000000
    cam_trans      : 0.000000 / 0.000000
    fov            : 0.000000 / 0.000000
    global_rot     : 0.000000 / 0.000000
    joint_angle_regularization: 0.149433 / 0.095059
    joint_limit_regularization: 0.002429 / 0.001407
    joint_rot      : 0.000000 / 0.000000
    keypoint_2d    : 0.000120 / 0.000093
    keypoint_3d    : 0.000000 / 0.000000
    limb_scale_regularization: 0.000445 / 0.000320
    limb_trans_regularization: 0.000001 / 0.000001
    log_beta_scales: 0.000000 / 0.000000
    silhouette     : 0.000000 / 0.000000
    trans          : 0.000000 / 0.000000
  Checkpoint saved at epoch 111

Epoch 112:
  Train Loss = 0.000013, Val Loss = 0.000010, LR = 1.00e-04
  Parameter Errors (Train / Val):
    betas          : 3.378554 / 4.047140
    betas_trans    : 0.000000 / 0.000000
    cam_rot        : 0.000000 / 0.000000
    cam_trans      : 0.000000 / 0.000000
    fov            : 0.000000 / 0.000000
    global_rot     : 0.000000 / 0.000000
    joint_angle_regularization: 0.149206 / 0.095423
    joint_limit_regularization: 0.002418 / 0.001440
    joint_rot      : 0.000000 / 0.000000
    keypoint_2d    : 0.000114 / 0.000086
    keypoint_3d    : 0.000000 / 0.000000
    limb_scale_regularization: 0.000446 / 0.000322
    limb_trans_regularization: 0.000001 / 0.000001
    log_beta_scales: 0.000000 / 0.000000
    silhouette     : 0.000000 / 0.000000
    trans          : 0.000000 / 0.000000
  New best model saved with validation loss: 0.000010

Epoch 113:
  Train Loss = 0.000012, Val Loss = 0.000009, LR = 1.00e-04
  Parameter Errors (Train / Val):
    betas          : 3.450222 / 4.033431
    betas_trans    : 0.000000 / 0.000000
    cam_rot        : 0.000000 / 0.000000
    cam_trans      : 0.000000 / 0.000000
    fov            : 0.000000 / 0.000000
    global_rot     : 0.000000 / 0.000000
    joint_angle_regularization: 0.149242 / 0.095865
    joint_limit_regularization: 0.002494 / 0.001400
    joint_rot      : 0.000000 / 0.000000
    keypoint_2d    : 0.000109 / 0.000084
    keypoint_3d    : 0.000000 / 0.000000
    limb_scale_regularization: 0.000448 / 0.000326
    limb_trans_regularization: 0.000001 / 0.000001
    log_beta_scales: 0.000000 / 0.000000
    silhouette     : 0.000000 / 0.000000
    trans          : 0.000000 / 0.000000
  New best model saved with validation loss: 0.000009
  Checkpoint saved at epoch 113

Epoch 114:
  Train Loss = 0.000012, Val Loss = 0.000010, LR = 1.00e-04
  Parameter Errors (Train / Val):
    betas          : 3.405165 / 4.017958
    betas_trans    : 0.000000 / 0.000000
    cam_rot        : 0.000000 / 0.000000
    cam_trans      : 0.000000 / 0.000000
    fov            : 0.000000 / 0.000000
    global_rot     : 0.000000 / 0.000000
    joint_angle_regularization: 0.150074 / 0.095806
    joint_limit_regularization: 0.002426 / 0.001419
    joint_rot      : 0.000000 / 0.000000
    keypoint_2d    : 0.000106 / 0.000089
    keypoint_3d    : 0.000000 / 0.000000
    limb_scale_regularization: 0.000444 / 0.000322
    limb_trans_regularization: 0.000001 / 0.000001
    log_beta_scales: 0.000000 / 0.000000
    silhouette     : 0.000000 / 0.000000
    trans          : 0.000000 / 0.000000

Epoch 115:
  Train Loss = 0.000014, Val Loss = 0.000011, LR = 1.00e-04
  Parameter Errors (Train / Val):
    betas          : 3.371466 / 4.043497
    betas_trans    : 0.000000 / 0.000000
    cam_rot        : 0.000000 / 0.000000
    cam_trans      : 0.000000 / 0.000000
    fov            : 0.000000 / 0.000000
    global_rot     : 0.000000 / 0.000000
    joint_angle_regularization: 0.149372 / 0.095945
    joint_limit_regularization: 0.002413 / 0.001384
    joint_rot      : 0.000000 / 0.000000
    keypoint_2d    : 0.000125 / 0.000095
    keypoint_3d    : 0.000000 / 0.000000
    limb_scale_regularization: 0.000451 / 0.000319
    limb_trans_regularization: 0.000001 / 0.000001
    log_beta_scales: 0.000000 / 0.000000
    silhouette     : 0.000000 / 0.000000
    trans          : 0.000000 / 0.000000
  Checkpoint saved at epoch 115

Epoch 116:
  Train Loss = 0.000013, Val Loss = 0.000011, LR = 1.00e-04
  Parameter Errors (Train / Val):
    betas          : 3.381505 / 4.058666
    betas_trans    : 0.000000 / 0.000000
    cam_rot        : 0.000000 / 0.000000
    cam_trans      : 0.000000 / 0.000000
    fov            : 0.000000 / 0.000000
    global_rot     : 0.000000 / 0.000000
    joint_angle_regularization: 0.151160 / 0.097012
    joint_limit_regularization: 0.002422 / 0.001454
    joint_rot      : 0.000000 / 0.000000
    keypoint_2d    : 0.000111 / 0.000096
    keypoint_3d    : 0.000000 / 0.000000
    limb_scale_regularization: 0.000445 / 0.000323
    limb_trans_regularization: 0.000001 / 0.000001
    log_beta_scales: 0.000000 / 0.000000
    silhouette     : 0.000000 / 0.000000
    trans          : 0.000000 / 0.000000

Epoch 117:
  Train Loss = 0.000012, Val Loss = 0.000009, LR = 1.00e-04
  Parameter Errors (Train / Val):
    betas          : 3.365511 / 4.011613
    betas_trans    : 0.000000 / 0.000000
    cam_rot        : 0.000000 / 0.000000
    cam_trans      : 0.000000 / 0.000000
    fov            : 0.000000 / 0.000000
    global_rot     : 0.000000 / 0.000000
    joint_angle_regularization: 0.150269 / 0.096844
    joint_limit_regularization: 0.002388 / 0.001369
    joint_rot      : 0.000000 / 0.000000
    keypoint_2d    : 0.000110 / 0.000083
    keypoint_3d    : 0.000000 / 0.000000
    limb_scale_regularization: 0.000448 / 0.000313
    limb_trans_regularization: 0.000001 / 0.000001
    log_beta_scales: 0.000000 / 0.000000
    silhouette     : 0.000000 / 0.000000
    trans          : 0.000000 / 0.000000
  New best model saved with validation loss: 0.000009
  Checkpoint saved at epoch 117

Epoch 118:
  Train Loss = 0.000012, Val Loss = 0.000010, LR = 1.00e-04
  Parameter Errors (Train / Val):
    betas          : 3.392355 / 3.990379
    betas_trans    : 0.000000 / 0.000000
    cam_rot        : 0.000000 / 0.000000
    cam_trans      : 0.000000 / 0.000000
    fov            : 0.000000 / 0.000000
    global_rot     : 0.000000 / 0.000000
    joint_angle_regularization: 0.150091 / 0.096307
    joint_limit_regularization: 0.002381 / 0.001351
    joint_rot      : 0.000000 / 0.000000
    keypoint_2d    : 0.000105 / 0.000091
    keypoint_3d    : 0.000000 / 0.000000
    limb_scale_regularization: 0.000447 / 0.000323
    limb_trans_regularization: 0.000001 / 0.000001
    log_beta_scales: 0.000000 / 0.000000
    silhouette     : 0.000000 / 0.000000
    trans          : 0.000000 / 0.000000

Epoch 119:
  Train Loss = 0.000013, Val Loss = 0.000010, LR = 1.00e-04
  Parameter Errors (Train / Val):
    betas          : 3.350892 / 4.024611
    betas_trans    : 0.000000 / 0.000000
    cam_rot        : 0.000000 / 0.000000
    cam_trans      : 0.000000 / 0.000000
    fov            : 0.000000 / 0.000000
    global_rot     : 0.000000 / 0.000000
    joint_angle_regularization: 0.151997 / 0.097233
    joint_limit_regularization: 0.002412 / 0.001384
    joint_rot      : 0.000000 / 0.000000
    keypoint_2d    : 0.000111 / 0.000091
    keypoint_3d    : 0.000000 / 0.000000
    limb_scale_regularization: 0.000446 / 0.000321
    limb_trans_regularization: 0.000001 / 0.000001
    log_beta_scales: 0.000000 / 0.000000
    silhouette     : 0.000000 / 0.000000
    trans          : 0.000000 / 0.000000
  Checkpoint saved at epoch 119
Visualizing 5 samples from dataset: unknown
Generated 5 visualization images for epoch 119 in /hpcwork/mkd34160/smilify_runs/singleview_2d_lam1e-4/visualizations/epoch_119
Visualizing 5 samples from dataset: unknown
Generated 5 visualization images for epoch 119 in /hpcwork/mkd34160/smilify_runs/singleview_2d_lam1e-4/visualizations_train/epoch_119
Learning rate updated to 5e-06 (group '') at epoch 120
Learning rate updated to 5e-06 (group '') at epoch 120

Epoch 120:
  Train Loss = 0.000010, Val Loss = 0.000007, LR = 5.00e-05
  Parameter Errors (Train / Val):
    betas          : 3.378558 / 4.080880
    betas_trans    : 0.000000 / 0.000000
    cam_rot        : 0.000000 / 0.000000
    cam_trans      : 0.000000 / 0.000000
    fov            : 0.000000 / 0.000000
    global_rot     : 0.000000 / 0.000000
    joint_angle_regularization: 0.153955 / 0.099568
    joint_limit_regularization: 0.002493 / 0.001401
    joint_rot      : 0.000000 / 0.000000
    keypoint_2d    : 0.000087 / 0.000061
    keypoint_3d    : 0.000000 / 0.000000
    limb_scale_regularization: 0.000561 / 0.000441
    limb_trans_regularization: 0.000001 / 0.000000
    log_beta_scales: 0.000000 / 0.000000
    silhouette     : 0.000000 / 0.000000
    trans          : 0.000000 / 0.000000
  New best model saved with validation loss: 0.000007

Epoch 121:
  Train Loss = 0.000009, Val Loss = 0.000007, LR = 5.00e-05
  Parameter Errors (Train / Val):
    betas          : 3.401616 / 4.065957
    betas_trans    : 0.000000 / 0.000000
    cam_rot        : 0.000000 / 0.000000
    cam_trans      : 0.000000 / 0.000000
    fov            : 0.000000 / 0.000000
    global_rot     : 0.000000 / 0.000000
    joint_angle_regularization: 0.155652 / 0.099309
    joint_limit_regularization: 0.002405 / 0.001325
    joint_rot      : 0.000000 / 0.000000
    keypoint_2d    : 0.000081 / 0.000061
    keypoint_3d    : 0.000000 / 0.000000
    limb_scale_regularization: 0.000633 / 0.000472
    limb_trans_regularization: 0.000000 / 0.000000
    log_beta_scales: 0.000000 / 0.000000
    silhouette     : 0.000000 / 0.000000
    trans          : 0.000000 / 0.000000
  New best model saved with validation loss: 0.000007
  Checkpoint saved at epoch 121

Epoch 122:
  Train Loss = 0.000009, Val Loss = 0.000007, LR = 5.00e-05
  Parameter Errors (Train / Val):
    betas          : 3.443829 / 4.095047
    betas_trans    : 0.000000 / 0.000000
    cam_rot        : 0.000000 / 0.000000
    cam_trans      : 0.000000 / 0.000000
    fov            : 0.000000 / 0.000000
    global_rot     : 0.000000 / 0.000000
    joint_angle_regularization: 0.154565 / 0.100428
    joint_limit_regularization: 0.002313 / 0.001330
    joint_rot      : 0.000000 / 0.000000
    keypoint_2d    : 0.000079 / 0.000060
    keypoint_3d    : 0.000000 / 0.000000
    limb_scale_regularization: 0.000668 / 0.000495
    limb_trans_regularization: 0.000000 / 0.000000
    log_beta_scales: 0.000000 / 0.000000
    silhouette     : 0.000000 / 0.000000
    trans          : 0.000000 / 0.000000
  New best model saved with validation loss: 0.000007

Epoch 123:
  Train Loss = 0.000009, Val Loss = 0.000007, LR = 5.00e-05
  Parameter Errors (Train / Val):
    betas          : 3.396439 / 4.048723
    betas_trans    : 0.000000 / 0.000000
    cam_rot        : 0.000000 / 0.000000
    cam_trans      : 0.000000 / 0.000000
    fov            : 0.000000 / 0.000000
    global_rot     : 0.000000 / 0.000000
    joint_angle_regularization: 0.153783 / 0.100078
    joint_limit_regularization: 0.002222 / 0.001282
    joint_rot      : 0.000000 / 0.000000
    keypoint_2d    : 0.000078 / 0.000059
    keypoint_3d    : 0.000000 / 0.000000
    limb_scale_regularization: 0.000686 / 0.000502
    limb_trans_regularization: 0.000001 / 0.000000
    log_beta_scales: 0.000000 / 0.000000
    silhouette     : 0.000000 / 0.000000
    trans          : 0.000000 / 0.000000
  New best model saved with validation loss: 0.000007
  Checkpoint saved at epoch 123

Epoch 124:
  Train Loss = 0.000009, Val Loss = 0.000007, LR = 5.00e-05
  Parameter Errors (Train / Val):
    betas          : 3.434115 / 4.066227
    betas_trans    : 0.000000 / 0.000000
    cam_rot        : 0.000000 / 0.000000
    cam_trans      : 0.000000 / 0.000000
    fov            : 0.000000 / 0.000000
    global_rot     : 0.000000 / 0.000000
    joint_angle_regularization: 0.155615 / 0.100791
    joint_limit_regularization: 0.002260 / 0.001298
    joint_rot      : 0.000000 / 0.000000
    keypoint_2d    : 0.000078 / 0.000061
    keypoint_3d    : 0.000000 / 0.000000
    limb_scale_regularization: 0.000707 / 0.000512
    limb_trans_regularization: 0.000001 / 0.000000
    log_beta_scales: 0.000000 / 0.000000
    silhouette     : 0.000000 / 0.000000
    trans          : 0.000000 / 0.000000

Epoch 125:
  Train Loss = 0.000009, Val Loss = 0.000007, LR = 5.00e-05
  Parameter Errors (Train / Val):
    betas          : 3.437444 / 4.096118
    betas_trans    : 0.000000 / 0.000000
    cam_rot        : 0.000000 / 0.000000
    cam_trans      : 0.000000 / 0.000000
    fov            : 0.000000 / 0.000000
    global_rot     : 0.000000 / 0.000000
    joint_angle_regularization: 0.155597 / 0.101003
    joint_limit_regularization: 0.002215 / 0.001267
    joint_rot      : 0.000000 / 0.000000
    keypoint_2d    : 0.000076 / 0.000060
    keypoint_3d    : 0.000000 / 0.000000
    limb_scale_regularization: 0.000717 / 0.000523
    limb_trans_regularization: 0.000001 / 0.000000
    log_beta_scales: 0.000000 / 0.000000
    silhouette     : 0.000000 / 0.000000
    trans          : 0.000000 / 0.000000
  Checkpoint saved at epoch 125

Epoch 126:
  Train Loss = 0.000009, Val Loss = 0.000007, LR = 5.00e-05
  Parameter Errors (Train / Val):
    betas          : 3.467831 / 4.042581
    betas_trans    : 0.000000 / 0.000000
    cam_rot        : 0.000000 / 0.000000
    cam_trans      : 0.000000 / 0.000000
    fov            : 0.000000 / 0.000000
    global_rot     : 0.000000 / 0.000000
    joint_angle_regularization: 0.155332 / 0.101079
    joint_limit_regularization: 0.002175 / 0.001240
    joint_rot      : 0.000000 / 0.000000
    keypoint_2d    : 0.000079 / 0.000058
    keypoint_3d    : 0.000000 / 0.000000
    limb_scale_regularization: 0.000726 / 0.000528
    limb_trans_regularization: 0.000001 / 0.000000
    log_beta_scales: 0.000000 / 0.000000
    silhouette     : 0.000000 / 0.000000
    trans          : 0.000000 / 0.000000
  New best model saved with validation loss: 0.000007

Epoch 127:
  Train Loss = 0.000009, Val Loss = 0.000006, LR = 5.00e-05
  Parameter Errors (Train / Val):
    betas          : 3.428287 / 4.073508
    betas_trans    : 0.000000 / 0.000000
    cam_rot        : 0.000000 / 0.000000
    cam_trans      : 0.000000 / 0.000000
    fov            : 0.000000 / 0.000000
    global_rot     : 0.000000 / 0.000000
    joint_angle_regularization: 0.156809 / 0.101523
    joint_limit_regularization: 0.002166 / 0.001223
    joint_rot      : 0.000000 / 0.000000
    keypoint_2d    : 0.000077 / 0.000058
    keypoint_3d    : 0.000000 / 0.000000
    limb_scale_regularization: 0.000725 / 0.000531
    limb_trans_regularization: 0.000001 / 0.000000
    log_beta_scales: 0.000000 / 0.000000
    silhouette     : 0.000000 / 0.000000
    trans          : 0.000000 / 0.000000
  New best model saved with validation loss: 0.000006
  Checkpoint saved at epoch 127

Epoch 128:
  Train Loss = 0.000009, Val Loss = 0.000007, LR = 5.00e-05
  Parameter Errors (Train / Val):
    betas          : 3.415433 / 4.055736
    betas_trans    : 0.000000 / 0.000000
    cam_rot        : 0.000000 / 0.000000
    cam_trans      : 0.000000 / 0.000000
    fov            : 0.000000 / 0.000000
    global_rot     : 0.000000 / 0.000000
    joint_angle_regularization: 0.155250 / 0.101112
    joint_limit_regularization: 0.002125 / 0.001177
    joint_rot      : 0.000000 / 0.000000
    keypoint_2d    : 0.000076 / 0.000059
    keypoint_3d    : 0.000000 / 0.000000
    limb_scale_regularization: 0.000734 / 0.000537
    limb_trans_regularization: 0.000001 / 0.000000
    log_beta_scales: 0.000000 / 0.000000
    silhouette     : 0.000000 / 0.000000
    trans          : 0.000000 / 0.000000

Epoch 129:
  Train Loss = 0.000009, Val Loss = 0.000007, LR = 5.00e-05
  Parameter Errors (Train / Val):
    betas          : 3.451126 / 4.060328
    betas_trans    : 0.000000 / 0.000000
    cam_rot        : 0.000000 / 0.000000
    cam_trans      : 0.000000 / 0.000000
    fov            : 0.000000 / 0.000000
    global_rot     : 0.000000 / 0.000000
    joint_angle_regularization: 0.155724 / 0.102107
    joint_limit_regularization: 0.002140 / 0.001248
    joint_rot      : 0.000000 / 0.000000
    keypoint_2d    : 0.000084 / 0.000062
    keypoint_3d    : 0.000000 / 0.000000
    limb_scale_regularization: 0.000734 / 0.000543
    limb_trans_regularization: 0.000001 / 0.000001
    log_beta_scales: 0.000000 / 0.000000
    silhouette     : 0.000000 / 0.000000
    trans          : 0.000000 / 0.000000
  Checkpoint saved at epoch 129
Visualizing 5 samples from dataset: unknown
Generated 5 visualization images for epoch 129 in /hpcwork/mkd34160/smilify_runs/singleview_2d_lam1e-4/visualizations/epoch_129
Visualizing 5 samples from dataset: unknown
Generated 5 visualization images for epoch 129 in /hpcwork/mkd34160/smilify_runs/singleview_2d_lam1e-4/visualizations_train/epoch_129

Epoch 130:
  Train Loss = 0.000010, Val Loss = 0.000006, LR = 5.00e-05
  Parameter Errors (Train / Val):
    betas          : 3.373726 / 4.068398
    betas_trans    : 0.000000 / 0.000000
    cam_rot        : 0.000000 / 0.000000
    cam_trans      : 0.000000 / 0.000000
    fov            : 0.000000 / 0.000000
    global_rot     : 0.000000 / 0.000000
    joint_angle_regularization: 0.156833 / 0.101891
    joint_limit_regularization: 0.002157 / 0.001204
    joint_rot      : 0.000000 / 0.000000
    keypoint_2d    : 0.000085 / 0.000058
    keypoint_3d    : 0.000000 / 0.000000
    limb_scale_regularization: 0.000741 / 0.000545
    limb_trans_regularization: 0.000001 / 0.000000
    log_beta_scales: 0.000000 / 0.000000
    silhouette     : 0.000000 / 0.000000
    trans          : 0.000000 / 0.000000
  New best model saved with validation loss: 0.000006

Epoch 131:
  Train Loss = 0.000009, Val Loss = 0.000006, LR = 5.00e-05
  Parameter Errors (Train / Val):
    betas          : 3.312131 / 4.049625
    betas_trans    : 0.000000 / 0.000000
    cam_rot        : 0.000000 / 0.000000
    cam_trans      : 0.000000 / 0.000000
    fov            : 0.000000 / 0.000000
    global_rot     : 0.000000 / 0.000000
    joint_angle_regularization: 0.156998 / 0.101984
    joint_limit_regularization: 0.002129 / 0.001194
    joint_rot      : 0.000000 / 0.000000
    keypoint_2d    : 0.000076 / 0.000054
    keypoint_3d    : 0.000000 / 0.000000
    limb_scale_regularization: 0.000746 / 0.000545
    limb_trans_regularization: 0.000001 / 0.000000
    log_beta_scales: 0.000000 / 0.000000
    silhouette     : 0.000000 / 0.000000
    trans          : 0.000000 / 0.000000
  New best model saved with validation loss: 0.000006
  Checkpoint saved at epoch 131

Epoch 132:
  Train Loss = 0.000008, Val Loss = 0.000006, LR = 5.00e-05
  Parameter Errors (Train / Val):
    betas          : 3.409140 / 4.051210
    betas_trans    : 0.000000 / 0.000000
    cam_rot        : 0.000000 / 0.000000
    cam_trans      : 0.000000 / 0.000000
    fov            : 0.000000 / 0.000000
    global_rot     : 0.000000 / 0.000000
    joint_angle_regularization: 0.157156 / 0.102221
    joint_limit_regularization: 0.002134 / 0.001178
    joint_rot      : 0.000000 / 0.000000
    keypoint_2d    : 0.000074 / 0.000056
    keypoint_3d    : 0.000000 / 0.000000
    limb_scale_regularization: 0.000755 / 0.000546
    limb_trans_regularization: 0.000000 / 0.000000
    log_beta_scales: 0.000000 / 0.000000
    silhouette     : 0.000000 / 0.000000
    trans          : 0.000000 / 0.000000

Epoch 133:
  Train Loss = 0.000009, Val Loss = 0.000006, LR = 5.00e-05
  Parameter Errors (Train / Val):
    betas          : 3.392472 / 4.023337
    betas_trans    : 0.000000 / 0.000000
    cam_rot        : 0.000000 / 0.000000
    cam_trans      : 0.000000 / 0.000000
    fov            : 0.000000 / 0.000000
    global_rot     : 0.000000 / 0.000000
    joint_angle_regularization: 0.157716 / 0.102045
    joint_limit_regularization: 0.002106 / 0.001162
    joint_rot      : 0.000000 / 0.000000
    keypoint_2d    : 0.000076 / 0.000057
    keypoint_3d    : 0.000000 / 0.000000
    limb_scale_regularization: 0.000751 / 0.000549
    limb_trans_regularization: 0.000001 / 0.000000
    log_beta_scales: 0.000000 / 0.000000
    silhouette     : 0.000000 / 0.000000
    trans          : 0.000000 / 0.000000
  Checkpoint saved at epoch 133

Epoch 134:
  Train Loss = 0.000009, Val Loss = 0.000007, LR = 5.00e-05
  Parameter Errors (Train / Val):
    betas          : 3.336306 / 3.996897
    betas_trans    : 0.000000 / 0.000000
    cam_rot        : 0.000000 / 0.000000
    cam_trans      : 0.000000 / 0.000000
    fov            : 0.000000 / 0.000000
    global_rot     : 0.000000 / 0.000000
    joint_angle_regularization: 0.157311 / 0.102909
    joint_limit_regularization: 0.002074 / 0.001204
    joint_rot      : 0.000000 / 0.000000
    keypoint_2d    : 0.000075 / 0.000058
    keypoint_3d    : 0.000000 / 0.000000
    limb_scale_regularization: 0.000747 / 0.000544
    limb_trans_regularization: 0.000001 / 0.000000
    log_beta_scales: 0.000000 / 0.000000
    silhouette     : 0.000000 / 0.000000
    trans          : 0.000000 / 0.000000

Epoch 135:
  Train Loss = 0.000008, Val Loss = 0.000006, LR = 5.00e-05
  Parameter Errors (Train / Val):
    betas          : 3.393032 / 4.025912
    betas_trans    : 0.000000 / 0.000000
    cam_rot        : 0.000000 / 0.000000
    cam_trans      : 0.000000 / 0.000000
    fov            : 0.000000 / 0.000000
    global_rot     : 0.000000 / 0.000000
    joint_angle_regularization: 0.158614 / 0.103021
    joint_limit_regularization: 0.002105 / 0.001181
    joint_rot      : 0.000000 / 0.000000
    keypoint_2d    : 0.000073 / 0.000055
    keypoint_3d    : 0.000000 / 0.000000
    limb_scale_regularization: 0.000761 / 0.000553
    limb_trans_regularization: 0.000000 / 0.000000
    log_beta_scales: 0.000000 / 0.000000
    silhouette     : 0.000000 / 0.000000
    trans          : 0.000000 / 0.000000
  Checkpoint saved at epoch 135

Epoch 136:
  Train Loss = 0.000009, Val Loss = 0.000006, LR = 5.00e-05
  Parameter Errors (Train / Val):
    betas          : 3.319446 / 4.013474
    betas_trans    : 0.000000 / 0.000000
    cam_rot        : 0.000000 / 0.000000
    cam_trans      : 0.000000 / 0.000000
    fov            : 0.000000 / 0.000000
    global_rot     : 0.000000 / 0.000000
    joint_angle_regularization: 0.159627 / 0.102818
    joint_limit_regularization: 0.002089 / 0.001163
    joint_rot      : 0.000000 / 0.000000
    keypoint_2d    : 0.000075 / 0.000054
    keypoint_3d    : 0.000000 / 0.000000
    limb_scale_regularization: 0.000751 / 0.000553
    limb_trans_regularization: 0.000001 / 0.000000
    log_beta_scales: 0.000000 / 0.000000
    silhouette     : 0.000000 / 0.000000
    trans          : 0.000000 / 0.000000
  New best model saved with validation loss: 0.000006

Epoch 137:
  Train Loss = 0.000009, Val Loss = 0.000007, LR = 5.00e-05
  Parameter Errors (Train / Val):
    betas          : 3.396730 / 4.034357
    betas_trans    : 0.000000 / 0.000000
    cam_rot        : 0.000000 / 0.000000
    cam_trans      : 0.000000 / 0.000000
    fov            : 0.000000 / 0.000000
    global_rot     : 0.000000 / 0.000000
    joint_angle_regularization: 0.158262 / 0.103695
    joint_limit_regularization: 0.002095 / 0.001176
    joint_rot      : 0.000000 / 0.000000
    keypoint_2d    : 0.000077 / 0.000058
    keypoint_3d    : 0.000000 / 0.000000
    limb_scale_regularization: 0.000768 / 0.000565
    limb_trans_regularization: 0.000001 / 0.000000
    log_beta_scales: 0.000000 / 0.000000
    silhouette     : 0.000000 / 0.000000
    trans          : 0.000000 / 0.000000
  Checkpoint saved at epoch 137

Epoch 138:
  Train Loss = 0.000009, Val Loss = 0.000006, LR = 5.00e-05
  Parameter Errors (Train / Val):
    betas          : 3.394904 / 4.019729
    betas_trans    : 0.000000 / 0.000000
    cam_rot        : 0.000000 / 0.000000
    cam_trans      : 0.000000 / 0.000000
    fov            : 0.000000 / 0.000000
    global_rot     : 0.000000 / 0.000000
    joint_angle_regularization: 0.157806 / 0.103262
    joint_limit_regularization: 0.002087 / 0.001120
    joint_rot      : 0.000000 / 0.000000
    keypoint_2d    : 0.000081 / 0.000055
    keypoint_3d    : 0.000000 / 0.000000
    limb_scale_regularization: 0.000768 / 0.000553
    limb_trans_regularization: 0.000001 / 0.000000
    log_beta_scales: 0.000000 / 0.000000
    silhouette     : 0.000000 / 0.000000
    trans          : 0.000000 / 0.000000

Epoch 139:
  Train Loss = 0.000008, Val Loss = 0.000007, LR = 5.00e-05
  Parameter Errors (Train / Val):
    betas          : 3.380518 / 3.999640
    betas_trans    : 0.000000 / 0.000000
    cam_rot        : 0.000000 / 0.000000
    cam_trans      : 0.000000 / 0.000000
    fov            : 0.000000 / 0.000000
    global_rot     : 0.000000 / 0.000000
    joint_angle_regularization: 0.159506 / 0.103575
    joint_limit_regularization: 0.002087 / 0.001172
    joint_rot      : 0.000000 / 0.000000
    keypoint_2d    : 0.000074 / 0.000059
    keypoint_3d    : 0.000000 / 0.000000
    limb_scale_regularization: 0.000764 / 0.000555
    limb_trans_regularization: 0.000000 / 0.000001
    log_beta_scales: 0.000000 / 0.000000
    silhouette     : 0.000000 / 0.000000
    trans          : 0.000000 / 0.000000
  Checkpoint saved at epoch 139
Visualizing 5 samples from dataset: unknown
Generated 5 visualization images for epoch 139 in /hpcwork/mkd34160/smilify_runs/singleview_2d_lam1e-4/visualizations/epoch_139
Visualizing 5 samples from dataset: unknown
Generated 5 visualization images for epoch 139 in /hpcwork/mkd34160/smilify_runs/singleview_2d_lam1e-4/visualizations_train/epoch_139

Epoch 140:
  Train Loss = 0.000009, Val Loss = 0.000006, LR = 5.00e-05
  Parameter Errors (Train / Val):
    betas          : 3.370158 / 4.015647
    betas_trans    : 0.000000 / 0.000000
    cam_rot        : 0.000000 / 0.000000
    cam_trans      : 0.000000 / 0.000000
    fov            : 0.000000 / 0.000000
    global_rot     : 0.000000 / 0.000000
    joint_angle_regularization: 0.159172 / 0.103781
    joint_limit_regularization: 0.002071 / 0.001160
    joint_rot      : 0.000000 / 0.000000
    keypoint_2d    : 0.000078 / 0.000056
    keypoint_3d    : 0.000000 / 0.000000
    limb_scale_regularization: 0.000769 / 0.000561
    limb_trans_regularization: 0.000001 / 0.000000
    log_beta_scales: 0.000000 / 0.000000
    silhouette     : 0.000000 / 0.000000
    trans          : 0.000000 / 0.000000

Epoch 141:
  Train Loss = 0.000008, Val Loss = 0.000006, LR = 5.00e-05
  Parameter Errors (Train / Val):
    betas          : 3.384252 / 4.001763
    betas_trans    : 0.000000 / 0.000000
    cam_rot        : 0.000000 / 0.000000
    cam_trans      : 0.000000 / 0.000000
    fov            : 0.000000 / 0.000000
    global_rot     : 0.000000 / 0.000000
    joint_angle_regularization: 0.157993 / 0.104206
    joint_limit_regularization: 0.002036 / 0.001122
    joint_rot      : 0.000000 / 0.000000
    keypoint_2d    : 0.000071 / 0.000056
    keypoint_3d    : 0.000000 / 0.000000
    limb_scale_regularization: 0.000772 / 0.000558
    limb_trans_regularization: 0.000000 / 0.000000
    log_beta_scales: 0.000000 / 0.000000
    silhouette     : 0.000000 / 0.000000
    trans          : 0.000000 / 0.000000
  Checkpoint saved at epoch 141

Epoch 142:
  Train Loss = 0.000008, Val Loss = 0.000006, LR = 5.00e-05
  Parameter Errors (Train / Val):
    betas          : 3.421532 / 3.993325
    betas_trans    : 0.000000 / 0.000000
    cam_rot        : 0.000000 / 0.000000
    cam_trans      : 0.000000 / 0.000000
    fov            : 0.000000 / 0.000000
    global_rot     : 0.000000 / 0.000000
    joint_angle_regularization: 0.160239 / 0.103936
    joint_limit_regularization: 0.002089 / 0.001111
    joint_rot      : 0.000000 / 0.000000
    keypoint_2d    : 0.000073 / 0.000053
    keypoint_3d    : 0.000000 / 0.000000
    limb_scale_regularization: 0.000775 / 0.000561
    limb_trans_regularization: 0.000001 / 0.000000
    log_beta_scales: 0.000000 / 0.000000
    silhouette     : 0.000000 / 0.000000
    trans          : 0.000000 / 0.000000
  New best model saved with validation loss: 0.000006

Epoch 143:
  Train Loss = 0.000008, Val Loss = 0.000006, LR = 5.00e-05
  Parameter Errors (Train / Val):
    betas          : 3.301378 / 3.990353
    betas_trans    : 0.000000 / 0.000000
    cam_rot        : 0.000000 / 0.000000
    cam_trans      : 0.000000 / 0.000000
    fov            : 0.000000 / 0.000000
    global_rot     : 0.000000 / 0.000000
    joint_angle_regularization: 0.158773 / 0.104450
    joint_limit_regularization: 0.002026 / 0.001130
    joint_rot      : 0.000000 / 0.000000
    keypoint_2d    : 0.000075 / 0.000054
    keypoint_3d    : 0.000000 / 0.000000
    limb_scale_regularization: 0.000772 / 0.000564
    limb_trans_regularization: 0.000001 / 0.000000
    log_beta_scales: 0.000000 / 0.000000
    silhouette     : 0.000000 / 0.000000
    trans          : 0.000000 / 0.000000
  Checkpoint saved at epoch 143

Epoch 144:
  Train Loss = 0.000009, Val Loss = 0.000006, LR = 5.00e-05
  Parameter Errors (Train / Val):
    betas          : 3.331900 / 3.995288
    betas_trans    : 0.000000 / 0.000000
    cam_rot        : 0.000000 / 0.000000
    cam_trans      : 0.000000 / 0.000000
    fov            : 0.000000 / 0.000000
    global_rot     : 0.000000 / 0.000000
    joint_angle_regularization: 0.160302 / 0.104195
    joint_limit_regularization: 0.002013 / 0.001114
    joint_rot      : 0.000000 / 0.000000
    keypoint_2d    : 0.000079 / 0.000054
    keypoint_3d    : 0.000000 / 0.000000
    limb_scale_regularization: 0.000765 / 0.000568
    limb_trans_regularization: 0.000001 / 0.000000
    log_beta_scales: 0.000000 / 0.000000
    silhouette     : 0.000000 / 0.000000
    trans          : 0.000000 / 0.000000

Epoch 145:
  Train Loss = 0.000008, Val Loss = 0.000006, LR = 5.00e-05
  Parameter Errors (Train / Val):
    betas          : 3.331639 / 3.976510
    betas_trans    : 0.000000 / 0.000000
    cam_rot        : 0.000000 / 0.000000
    cam_trans      : 0.000000 / 0.000000
    fov            : 0.000000 / 0.000000
    global_rot     : 0.000000 / 0.000000
    joint_angle_regularization: 0.159684 / 0.104721
    joint_limit_regularization: 0.001989 / 0.001126
    joint_rot      : 0.000000 / 0.000000
    keypoint_2d    : 0.000072 / 0.000055
    keypoint_3d    : 0.000000 / 0.000000
    limb_scale_regularization: 0.000770 / 0.000568
    limb_trans_regularization: 0.000001 / 0.000000
    log_beta_scales: 0.000000 / 0.000000
    silhouette     : 0.000000 / 0.000000
    trans          : 0.000000 / 0.000000
  Checkpoint saved at epoch 145

Epoch 146:
  Train Loss = 0.000008, Val Loss = 0.000006, LR = 5.00e-05
  Parameter Errors (Train / Val):
    betas          : 3.331514 / 3.981236
    betas_trans    : 0.000000 / 0.000000
    cam_rot        : 0.000000 / 0.000000
    cam_trans      : 0.000000 / 0.000000
    fov            : 0.000000 / 0.000000
    global_rot     : 0.000000 / 0.000000
    joint_angle_regularization: 0.159253 / 0.104017
    joint_limit_regularization: 0.002035 / 0.001078
    joint_rot      : 0.000000 / 0.000000
    keypoint_2d    : 0.000073 / 0.000054
    keypoint_3d    : 0.000000 / 0.000000
    limb_scale_regularization: 0.000776 / 0.000564
    limb_trans_regularization: 0.000000 / 0.000000
    log_beta_scales: 0.000000 / 0.000000
    silhouette     : 0.000000 / 0.000000
    trans          : 0.000000 / 0.000000

Epoch 147:
  Train Loss = 0.000008, Val Loss = 0.000006, LR = 5.00e-05
  Parameter Errors (Train / Val):
    betas          : 3.311909 / 3.952578
    betas_trans    : 0.000000 / 0.000000
    cam_rot        : 0.000000 / 0.000000
    cam_trans      : 0.000000 / 0.000000
    fov            : 0.000000 / 0.000000
    global_rot     : 0.000000 / 0.000000
    joint_angle_regularization: 0.160240 / 0.104859
    joint_limit_regularization: 0.002021 / 0.001122
    joint_rot      : 0.000000 / 0.000000
    keypoint_2d    : 0.000074 / 0.000056
    keypoint_3d    : 0.000000 / 0.000000
    limb_scale_regularization: 0.000771 / 0.000566
    limb_trans_regularization: 0.000001 / 0.000000
    log_beta_scales: 0.000000 / 0.000000
    silhouette     : 0.000000 / 0.000000
    trans          : 0.000000 / 0.000000
  Checkpoint saved at epoch 147

Epoch 148:
  Train Loss = 0.000008, Val Loss = 0.000006, LR = 5.00e-05
  Parameter Errors (Train / Val):
    betas          : 3.365482 / 3.973400
    betas_trans    : 0.000000 / 0.000000
    cam_rot        : 0.000000 / 0.000000
    cam_trans      : 0.000000 / 0.000000
    fov            : 0.000000 / 0.000000
    global_rot     : 0.000000 / 0.000000
    joint_angle_regularization: 0.160632 / 0.104749
    joint_limit_regularization: 0.002027 / 0.001102
    joint_rot      : 0.000000 / 0.000000
    keypoint_2d    : 0.000073 / 0.000056
    keypoint_3d    : 0.000000 / 0.000000
    limb_scale_regularization: 0.000769 / 0.000567
    limb_trans_regularization: 0.000000 / 0.000000
    log_beta_scales: 0.000000 / 0.000000
    silhouette     : 0.000000 / 0.000000
    trans          : 0.000000 / 0.000000

Epoch 149:
  Train Loss = 0.000008, Val Loss = 0.000006, LR = 5.00e-05
  Parameter Errors (Train / Val):
    betas          : 3.320803 / 3.963430
    betas_trans    : 0.000000 / 0.000000
    cam_rot        : 0.000000 / 0.000000
    cam_trans      : 0.000000 / 0.000000
    fov            : 0.000000 / 0.000000
    global_rot     : 0.000000 / 0.000000
    joint_angle_regularization: 0.160811 / 0.105535
    joint_limit_regularization: 0.002004 / 0.001136
    joint_rot      : 0.000000 / 0.000000
    keypoint_2d    : 0.000072 / 0.000052
    keypoint_3d    : 0.000000 / 0.000000
    limb_scale_regularization: 0.000773 / 0.000568
    limb_trans_regularization: 0.000001 / 0.000000
    log_beta_scales: 0.000000 / 0.000000
    silhouette     : 0.000000 / 0.000000
    trans          : 0.000000 / 0.000000
  New best model saved with validation loss: 0.000006
  Checkpoint saved at epoch 149
Visualizing 5 samples from dataset: unknown
Generated 5 visualization images for epoch 149 in /hpcwork/mkd34160/smilify_runs/singleview_2d_lam1e-4/visualizations/epoch_149
Visualizing 5 samples from dataset: unknown
Generated 5 visualization images for epoch 149 in /hpcwork/mkd34160/smilify_runs/singleview_2d_lam1e-4/visualizations_train/epoch_149

Epoch 150:
  Train Loss = 0.000008, Val Loss = 0.000006, LR = 5.00e-05
  Parameter Errors (Train / Val):
    betas          : 3.310117 / 3.963715
    betas_trans    : 0.000000 / 0.000000
    cam_rot        : 0.000000 / 0.000000
    cam_trans      : 0.000000 / 0.000000
    fov            : 0.000000 / 0.000000
    global_rot     : 0.000000 / 0.000000
    joint_angle_regularization: 0.160325 / 0.104979
    joint_limit_regularization: 0.001999 / 0.001081
    joint_rot      : 0.000000 / 0.000000
    keypoint_2d    : 0.000073 / 0.000052
    keypoint_3d    : 0.000000 / 0.000000
    limb_scale_regularization: 0.000764 / 0.000564
    limb_trans_regularization: 0.000000 / 0.000000
    log_beta_scales: 0.000000 / 0.000000
    silhouette     : 0.000000 / 0.000000
    trans          : 0.000000 / 0.000000

Epoch 151:
  Train Loss = 0.000008, Val Loss = 0.000006, LR = 5.00e-05
  Parameter Errors (Train / Val):
    betas          : 3.312896 / 3.977350
    betas_trans    : 0.000000 / 0.000000
    cam_rot        : 0.000000 / 0.000000
    cam_trans      : 0.000000 / 0.000000
    fov            : 0.000000 / 0.000000
    global_rot     : 0.000000 / 0.000000
    joint_angle_regularization: 0.160668 / 0.106087
    joint_limit_regularization: 0.001971 / 0.001124
    joint_rot      : 0.000000 / 0.000000
    keypoint_2d    : 0.000069 / 0.000052
    keypoint_3d    : 0.000000 / 0.000000
    limb_scale_regularization: 0.000767 / 0.000566
    limb_trans_regularization: 0.000000 / 0.000000
    log_beta_scales: 0.000000 / 0.000000
    silhouette     : 0.000000 / 0.000000
    trans          : 0.000000 / 0.000000
  Checkpoint saved at epoch 151

Epoch 152:
  Train Loss = 0.000008, Val Loss = 0.000006, LR = 5.00e-05
  Parameter Errors (Train / Val):
    betas          : 3.312945 / 3.957106
    betas_trans    : 0.000000 / 0.000000
    cam_rot        : 0.000000 / 0.000000
    cam_trans      : 0.000000 / 0.000000
    fov            : 0.000000 / 0.000000
    global_rot     : 0.000000 / 0.000000
    joint_angle_regularization: 0.160686 / 0.105393
    joint_limit_regularization: 0.002010 / 0.001060
    joint_rot      : 0.000000 / 0.000000
    keypoint_2d    : 0.000072 / 0.000054
    keypoint_3d    : 0.000000 / 0.000000
    limb_scale_regularization: 0.000778 / 0.000569
    limb_trans_regularization: 0.000000 / 0.000000
    log_beta_scales: 0.000000 / 0.000000
    silhouette     : 0.000000 / 0.000000
    trans          : 0.000000 / 0.000000

Epoch 153:
  Train Loss = 0.000009, Val Loss = 0.000006, LR = 5.00e-05
  Parameter Errors (Train / Val):
    betas          : 3.299637 / 3.964195
    betas_trans    : 0.000000 / 0.000000
    cam_rot        : 0.000000 / 0.000000
    cam_trans      : 0.000000 / 0.000000
    fov            : 0.000000 / 0.000000
    global_rot     : 0.000000 / 0.000000
    joint_angle_regularization: 0.161281 / 0.105434
    joint_limit_regularization: 0.002011 / 0.001080
    joint_rot      : 0.000000 / 0.000000
    keypoint_2d    : 0.000076 / 0.000051
    keypoint_3d    : 0.000000 / 0.000000
    limb_scale_regularization: 0.000774 / 0.000569
    limb_trans_regularization: 0.000001 / 0.000000
    log_beta_scales: 0.000000 / 0.000000
    silhouette     : 0.000000 / 0.000000
    trans          : 0.000000 / 0.000000
  New best model saved with validation loss: 0.000006
  Checkpoint saved at epoch 153

Epoch 154:
  Train Loss = 0.000008, Val Loss = 0.000006, LR = 5.00e-05
  Parameter Errors (Train / Val):
    betas          : 3.339283 / 3.959477
    betas_trans    : 0.000000 / 0.000000
    cam_rot        : 0.000000 / 0.000000
    cam_trans      : 0.000000 / 0.000000
    fov            : 0.000000 / 0.000000
    global_rot     : 0.000000 / 0.000000
    joint_angle_regularization: 0.161001 / 0.106063
    joint_limit_regularization: 0.002005 / 0.001091
    joint_rot      : 0.000000 / 0.000000
    keypoint_2d    : 0.000068 / 0.000054
    keypoint_3d    : 0.000000 / 0.000000
    limb_scale_regularization: 0.000778 / 0.000571
    limb_trans_regularization: 0.000000 / 0.000000
    log_beta_scales: 0.000000 / 0.000000
    silhouette     : 0.000000 / 0.000000
    trans          : 0.000000 / 0.000000

Epoch 155:
  Train Loss = 0.000008, Val Loss = 0.000006, LR = 5.00e-05
  Parameter Errors (Train / Val):
    betas          : 3.311261 / 3.946841
    betas_trans    : 0.000000 / 0.000000
    cam_rot        : 0.000000 / 0.000000
    cam_trans      : 0.000000 / 0.000000
    fov            : 0.000000 / 0.000000
    global_rot     : 0.000000 / 0.000000
    joint_angle_regularization: 0.161287 / 0.106136
    joint_limit_regularization: 0.001957 / 0.001088
    joint_rot      : 0.000000 / 0.000000
    keypoint_2d    : 0.000069 / 0.000051
    keypoint_3d    : 0.000000 / 0.000000
    limb_scale_regularization: 0.000772 / 0.000563
    limb_trans_regularization: 0.000000 / 0.000000
    log_beta_scales: 0.000000 / 0.000000
    silhouette     : 0.000000 / 0.000000
    trans          : 0.000000 / 0.000000
  Checkpoint saved at epoch 155

Epoch 156:
  Train Loss = 0.000008, Val Loss = 0.000006, LR = 5.00e-05
  Parameter Errors (Train / Val):
    betas          : 3.301523 / 3.947428
    betas_trans    : 0.000000 / 0.000000
    cam_rot        : 0.000000 / 0.000000
    cam_trans      : 0.000000 / 0.000000
    fov            : 0.000000 / 0.000000
    global_rot     : 0.000000 / 0.000000
    joint_angle_regularization: 0.161047 / 0.105965
    joint_limit_regularization: 0.001959 / 0.001075
    joint_rot      : 0.000000 / 0.000000
    keypoint_2d    : 0.000071 / 0.000050
    keypoint_3d    : 0.000000 / 0.000000
    limb_scale_regularization: 0.000771 / 0.000571
    limb_trans_regularization: 0.000000 / 0.000000
    log_beta_scales: 0.000000 / 0.000000
    silhouette     : 0.000000 / 0.000000
    trans          : 0.000000 / 0.000000
  New best model saved with validation loss: 0.000006

Epoch 157:
  Train Loss = 0.000008, Val Loss = 0.000006, LR = 5.00e-05
  Parameter Errors (Train / Val):
    betas          : 3.292557 / 3.930034
    betas_trans    : 0.000000 / 0.000000
    cam_rot        : 0.000000 / 0.000000
    cam_trans      : 0.000000 / 0.000000
    fov            : 0.000000 / 0.000000
    global_rot     : 0.000000 / 0.000000
    joint_angle_regularization: 0.163283 / 0.106655
    joint_limit_regularization: 0.002017 / 0.001087
    joint_rot      : 0.000000 / 0.000000
    keypoint_2d    : 0.000075 / 0.000051
    keypoint_3d    : 0.000000 / 0.000000
    limb_scale_regularization: 0.000772 / 0.000569
    limb_trans_regularization: 0.000001 / 0.000000
    log_beta_scales: 0.000000 / 0.000000
    silhouette     : 0.000000 / 0.000000
    trans          : 0.000000 / 0.000000
  Checkpoint saved at epoch 157

Epoch 158:
  Train Loss = 0.000008, Val Loss = 0.000006, LR = 5.00e-05
  Parameter Errors (Train / Val):
    betas          : 3.243014 / 3.922375
    betas_trans    : 0.000000 / 0.000000
    cam_rot        : 0.000000 / 0.000000
    cam_trans      : 0.000000 / 0.000000
    fov            : 0.000000 / 0.000000
    global_rot     : 0.000000 / 0.000000
    joint_angle_regularization: 0.162802 / 0.106367
    joint_limit_regularization: 0.001986 / 0.001071
    joint_rot      : 0.000000 / 0.000000
    keypoint_2d    : 0.000071 / 0.000051
    keypoint_3d    : 0.000000 / 0.000000
    limb_scale_regularization: 0.000782 / 0.000573
    limb_trans_regularization: 0.000000 / 0.000000
    log_beta_scales: 0.000000 / 0.000000
    silhouette     : 0.000000 / 0.000000
    trans          : 0.000000 / 0.000000

Epoch 159:
  Train Loss = 0.000008, Val Loss = 0.000006, LR = 5.00e-05
  Parameter Errors (Train / Val):
    betas          : 3.263757 / 3.931849
    betas_trans    : 0.000000 / 0.000000
    cam_rot        : 0.000000 / 0.000000
    cam_trans      : 0.000000 / 0.000000
    fov            : 0.000000 / 0.000000
    global_rot     : 0.000000 / 0.000000
    joint_angle_regularization: 0.162362 / 0.106537
    joint_limit_regularization: 0.001972 / 0.001055
    joint_rot      : 0.000000 / 0.000000
    keypoint_2d    : 0.000069 / 0.000055
    keypoint_3d    : 0.000000 / 0.000000
    limb_scale_regularization: 0.000772 / 0.000574
    limb_trans_regularization: 0.000000 / 0.000000
    log_beta_scales: 0.000000 / 0.000000
    silhouette     : 0.000000 / 0.000000
    trans          : 0.000000 / 0.000000
  Checkpoint saved at epoch 159
Visualizing 5 samples from dataset: unknown
Generated 5 visualization images for epoch 159 in /hpcwork/mkd34160/smilify_runs/singleview_2d_lam1e-4/visualizations/epoch_159
Visualizing 5 samples from dataset: unknown
Generated 5 visualization images for epoch 159 in /hpcwork/mkd34160/smilify_runs/singleview_2d_lam1e-4/visualizations_train/epoch_159

Epoch 160:
  Train Loss = 0.000008, Val Loss = 0.000006, LR = 5.00e-05
  Parameter Errors (Train / Val):
    betas          : 3.280319 / 3.963676
    betas_trans    : 0.000000 / 0.000000
    cam_rot        : 0.000000 / 0.000000
    cam_trans      : 0.000000 / 0.000000
    fov            : 0.000000 / 0.000000
    global_rot     : 0.000000 / 0.000000
    joint_angle_regularization: 0.163638 / 0.106633
    joint_limit_regularization: 0.001986 / 0.001057
    joint_rot      : 0.000000 / 0.000000
    keypoint_2d    : 0.000067 / 0.000051
    keypoint_3d    : 0.000000 / 0.000000
    limb_scale_regularization: 0.000777 / 0.000567
    limb_trans_regularization: 0.000000 / 0.000000
    log_beta_scales: 0.000000 / 0.000000
    silhouette     : 0.000000 / 0.000000
    trans          : 0.000000 / 0.000000

Epoch 161:
  Train Loss = 0.000008, Val Loss = 0.000006, LR = 5.00e-05
  Parameter Errors (Train / Val):
    betas          : 3.261437 / 3.946019
    betas_trans    : 0.000000 / 0.000000
    cam_rot        : 0.000000 / 0.000000
    cam_trans      : 0.000000 / 0.000000
    fov            : 0.000000 / 0.000000
    global_rot     : 0.000000 / 0.000000
    joint_angle_regularization: 0.164158 / 0.107047
    joint_limit_regularization: 0.001976 / 0.001068
    joint_rot      : 0.000000 / 0.000000
    keypoint_2d    : 0.000066 / 0.000049
    keypoint_3d    : 0.000000 / 0.000000
    limb_scale_regularization: 0.000769 / 0.000567
    limb_trans_regularization: 0.000000 / 0.000000
    log_beta_scales: 0.000000 / 0.000000
    silhouette     : 0.000000 / 0.000000
    trans          : 0.000000 / 0.000000
  New best model saved with validation loss: 0.000006
  Checkpoint saved at epoch 161

Epoch 162:
  Train Loss = 0.000008, Val Loss = 0.000006, LR = 5.00e-05
  Parameter Errors (Train / Val):
    betas          : 3.330133 / 3.931145
    betas_trans    : 0.000000 / 0.000000
    cam_rot        : 0.000000 / 0.000000
    cam_trans      : 0.000000 / 0.000000
    fov            : 0.000000 / 0.000000
    global_rot     : 0.000000 / 0.000000
    joint_angle_regularization: 0.161602 / 0.107128
    joint_limit_regularization: 0.001925 / 0.001045
    joint_rot      : 0.000000 / 0.000000
    keypoint_2d    : 0.000068 / 0.000053
    keypoint_3d    : 0.000000 / 0.000000
    limb_scale_regularization: 0.000767 / 0.000568
    limb_trans_regularization: 0.000000 / 0.000000
    log_beta_scales: 0.000000 / 0.000000
    silhouette     : 0.000000 / 0.000000
    trans          : 0.000000 / 0.000000

Epoch 163:
  Train Loss = 0.000007, Val Loss = 0.000006, LR = 5.00e-05
  Parameter Errors (Train / Val):
    betas          : 3.281264 / 3.941383
    betas_trans    : 0.000000 / 0.000000
    cam_rot        : 0.000000 / 0.000000
    cam_trans      : 0.000000 / 0.000000
    fov            : 0.000000 / 0.000000
    global_rot     : 0.000000 / 0.000000
    joint_angle_regularization: 0.162163 / 0.107797
    joint_limit_regularization: 0.001948 / 0.001083
    joint_rot      : 0.000000 / 0.000000
    keypoint_2d    : 0.000065 / 0.000051
    keypoint_3d    : 0.000000 / 0.000000
    limb_scale_regularization: 0.000762 / 0.000570
    limb_trans_regularization: 0.000000 / 0.000000
    log_beta_scales: 0.000000 / 0.000000
    silhouette     : 0.000000 / 0.000000
    trans          : 0.000000 / 0.000000
  Checkpoint saved at epoch 163

Epoch 164:
  Train Loss = 0.000008, Val Loss = 0.000006, LR = 5.00e-05
  Parameter Errors (Train / Val):
    betas          : 3.284587 / 3.930341
    betas_trans    : 0.000000 / 0.000000
    cam_rot        : 0.000000 / 0.000000
    cam_trans      : 0.000000 / 0.000000
    fov            : 0.000000 / 0.000000
    global_rot     : 0.000000 / 0.000000
    joint_angle_regularization: 0.162237 / 0.107554
    joint_limit_regularization: 0.001958 / 0.001075
    joint_rot      : 0.000000 / 0.000000
    keypoint_2d    : 0.000072 / 0.000052
    keypoint_3d    : 0.000000 / 0.000000
    limb_scale_regularization: 0.000775 / 0.000569
    limb_trans_regularization: 0.000001 / 0.000000
    log_beta_scales: 0.000000 / 0.000000
    silhouette     : 0.000000 / 0.000000
    trans          : 0.000000 / 0.000000

Epoch 165:
  Train Loss = 0.000008, Val Loss = 0.000006, LR = 5.00e-05
  Parameter Errors (Train / Val):
    betas          : 3.260211 / 3.927114
    betas_trans    : 0.000000 / 0.000000
    cam_rot        : 0.000000 / 0.000000
    cam_trans      : 0.000000 / 0.000000
    fov            : 0.000000 / 0.000000
    global_rot     : 0.000000 / 0.000000
    joint_angle_regularization: 0.163133 / 0.107349
    joint_limit_regularization: 0.001957 / 0.001052
    joint_rot      : 0.000000 / 0.000000
    keypoint_2d    : 0.000071 / 0.000050
    keypoint_3d    : 0.000000 / 0.000000
    limb_scale_regularization: 0.000771 / 0.000574
    limb_trans_regularization: 0.000000 / 0.000000
    log_beta_scales: 0.000000 / 0.000000
    silhouette     : 0.000000 / 0.000000
    trans          : 0.000000 / 0.000000
  Checkpoint saved at epoch 165

Epoch 166:
  Train Loss = 0.000008, Val Loss = 0.000006, LR = 5.00e-05
  Parameter Errors (Train / Val):
    betas          : 3.373301 / 3.939148
    betas_trans    : 0.000000 / 0.000000
    cam_rot        : 0.000000 / 0.000000
    cam_trans      : 0.000000 / 0.000000
    fov            : 0.000000 / 0.000000
    global_rot     : 0.000000 / 0.000000
    joint_angle_regularization: 0.162951 / 0.108059
    joint_limit_regularization: 0.001969 / 0.001074
    joint_rot      : 0.000000 / 0.000000
    keypoint_2d    : 0.000067 / 0.000051
    keypoint_3d    : 0.000000 / 0.000000
    limb_scale_regularization: 0.000770 / 0.000577
    limb_trans_regularization: 0.000000 / 0.000000
    log_beta_scales: 0.000000 / 0.000000
    silhouette     : 0.000000 / 0.000000
    trans          : 0.000000 / 0.000000

Epoch 167:
  Train Loss = 0.000008, Val Loss = 0.000006, LR = 5.00e-05
  Parameter Errors (Train / Val):
    betas          : 3.296806 / 3.929839
    betas_trans    : 0.000000 / 0.000000
    cam_rot        : 0.000000 / 0.000000
    cam_trans      : 0.000000 / 0.000000
    fov            : 0.000000 / 0.000000
    global_rot     : 0.000000 / 0.000000
    joint_angle_regularization: 0.162853 / 0.107383
    joint_limit_regularization: 0.001930 / 0.001035
    joint_rot      : 0.000000 / 0.000000
    keypoint_2d    : 0.000069 / 0.000049
    keypoint_3d    : 0.000000 / 0.000000
    limb_scale_regularization: 0.000765 / 0.000571
    limb_trans_regularization: 0.000000 / 0.000000
    log_beta_scales: 0.000000 / 0.000000
    silhouette     : 0.000000 / 0.000000
    trans          : 0.000000 / 0.000000
  Checkpoint saved at epoch 167

Epoch 168:
  Train Loss = 0.000008, Val Loss = 0.000006, LR = 5.00e-05
  Parameter Errors (Train / Val):
    betas          : 3.207099 / 3.953351
    betas_trans    : 0.000000 / 0.000000
    cam_rot        : 0.000000 / 0.000000
    cam_trans      : 0.000000 / 0.000000
    fov            : 0.000000 / 0.000000
    global_rot     : 0.000000 / 0.000000
    joint_angle_regularization: 0.164073 / 0.108343
    joint_limit_regularization: 0.001951 / 0.001059
    joint_rot      : 0.000000 / 0.000000
    keypoint_2d    : 0.000067 / 0.000050
    keypoint_3d    : 0.000000 / 0.000000
    limb_scale_regularization: 0.000770 / 0.000574
    limb_trans_regularization: 0.000000 / 0.000000
    log_beta_scales: 0.000000 / 0.000000
    silhouette     : 0.000000 / 0.000000
    trans          : 0.000000 / 0.000000

Epoch 169:
  Train Loss = 0.000007, Val Loss = 0.000006, LR = 5.00e-05
  Parameter Errors (Train / Val):
    betas          : 3.305314 / 3.916859
    betas_trans    : 0.000000 / 0.000000
    cam_rot        : 0.000000 / 0.000000
    cam_trans      : 0.000000 / 0.000000
    fov            : 0.000000 / 0.000000
    global_rot     : 0.000000 / 0.000000
    joint_angle_regularization: 0.163047 / 0.107470
    joint_limit_regularization: 0.001959 / 0.001028
    joint_rot      : 0.000000 / 0.000000
    keypoint_2d    : 0.000065 / 0.000051
    keypoint_3d    : 0.000000 / 0.000000
    limb_scale_regularization: 0.000774 / 0.000575
    limb_trans_regularization: 0.000000 / 0.000000
    log_beta_scales: 0.000000 / 0.000000
    silhouette     : 0.000000 / 0.000000
    trans          : 0.000000 / 0.000000
  Checkpoint saved at epoch 169
Visualizing 5 samples from dataset: unknown
Generated 5 visualization images for epoch 169 in /hpcwork/mkd34160/smilify_runs/singleview_2d_lam1e-4/visualizations/epoch_169
Visualizing 5 samples from dataset: unknown
Generated 5 visualization images for epoch 169 in /hpcwork/mkd34160/smilify_runs/singleview_2d_lam1e-4/visualizations_train/epoch_169

Epoch 170:
  Train Loss = 0.000008, Val Loss = 0.000006, LR = 5.00e-05
  Parameter Errors (Train / Val):
    betas          : 3.233477 / 3.920510
    betas_trans    : 0.000000 / 0.000000
    cam_rot        : 0.000000 / 0.000000
    cam_trans      : 0.000000 / 0.000000
    fov            : 0.000000 / 0.000000
    global_rot     : 0.000000 / 0.000000
    joint_angle_regularization: 0.164966 / 0.108306
    joint_limit_regularization: 0.001946 / 0.001040
    joint_rot      : 0.000000 / 0.000000
    keypoint_2d    : 0.000066 / 0.000049
    keypoint_3d    : 0.000000 / 0.000000
    limb_scale_regularization: 0.000772 / 0.000570
    limb_trans_regularization: 0.000000 / 0.000000
    log_beta_scales: 0.000000 / 0.000000
    silhouette     : 0.000000 / 0.000000
    trans          : 0.000000 / 0.000000
  New best model saved with validation loss: 0.000006

Epoch 171:
  Train Loss = 0.000008, Val Loss = 0.000006, LR = 5.00e-05
  Parameter Errors (Train / Val):
    betas          : 3.268469 / 3.911234
    betas_trans    : 0.000000 / 0.000000
    cam_rot        : 0.000000 / 0.000000
    cam_trans      : 0.000000 / 0.000000
    fov            : 0.000000 / 0.000000
    global_rot     : 0.000000 / 0.000000
    joint_angle_regularization: 0.163817 / 0.108943
    joint_limit_regularization: 0.001921 / 0.001051
    joint_rot      : 0.000000 / 0.000000
    keypoint_2d    : 0.000072 / 0.000049
    keypoint_3d    : 0.000000 / 0.000000
    limb_scale_regularization: 0.000773 / 0.000571
    limb_trans_regularization: 0.000001 / 0.000000
    log_beta_scales: 0.000000 / 0.000000
    silhouette     : 0.000000 / 0.000000
    trans          : 0.000000 / 0.000000
  New best model saved with validation loss: 0.000006
  Checkpoint saved at epoch 171

Epoch 172:
  Train Loss = 0.000008, Val Loss = 0.000006, LR = 5.00e-05
  Parameter Errors (Train / Val):
    betas          : 3.273828 / 3.919957
    betas_trans    : 0.000000 / 0.000000
    cam_rot        : 0.000000 / 0.000000
    cam_trans      : 0.000000 / 0.000000
    fov            : 0.000000 / 0.000000
    global_rot     : 0.000000 / 0.000000
    joint_angle_regularization: 0.163773 / 0.107991
    joint_limit_regularization: 0.001936 / 0.001027
    joint_rot      : 0.000000 / 0.000000
    keypoint_2d    : 0.000067 / 0.000051
    keypoint_3d    : 0.000000 / 0.000000
    limb_scale_regularization: 0.000772 / 0.000571
    limb_trans_regularization: 0.000000 / 0.000000
    log_beta_scales: 0.000000 / 0.000000
    silhouette     : 0.000000 / 0.000000
    trans          : 0.000000 / 0.000000

Epoch 173:
  Train Loss = 0.000008, Val Loss = 0.000006, LR = 5.00e-05
  Parameter Errors (Train / Val):
    betas          : 3.290605 / 3.925848
    betas_trans    : 0.000000 / 0.000000
    cam_rot        : 0.000000 / 0.000000
    cam_trans      : 0.000000 / 0.000000
    fov            : 0.000000 / 0.000000
    global_rot     : 0.000000 / 0.000000
    joint_angle_regularization: 0.163065 / 0.109053
    joint_limit_regularization: 0.001894 / 0.001062
    joint_rot      : 0.000000 / 0.000000
    keypoint_2d    : 0.000067 / 0.000058
    keypoint_3d    : 0.000000 / 0.000000
    limb_scale_regularization: 0.000771 / 0.000573
    limb_trans_regularization: 0.000000 / 0.000000
    log_beta_scales: 0.000000 / 0.000000
    silhouette     : 0.000000 / 0.000000
    trans          : 0.000000 / 0.000000
  Checkpoint saved at epoch 173

Epoch 174:
  Train Loss = 0.000008, Val Loss = 0.000006, LR = 5.00e-05
  Parameter Errors (Train / Val):
    betas          : 3.221361 / 3.915188
    betas_trans    : 0.000000 / 0.000000
    cam_rot        : 0.000000 / 0.000000
    cam_trans      : 0.000000 / 0.000000
    fov            : 0.000000 / 0.000000
    global_rot     : 0.000000 / 0.000000
    joint_angle_regularization: 0.166074 / 0.108623
    joint_limit_regularization: 0.001958 / 0.001016
    joint_rot      : 0.000000 / 0.000000
    keypoint_2d    : 0.000067 / 0.000051
    keypoint_3d    : 0.000000 / 0.000000
    limb_scale_regularization: 0.000767 / 0.000572
    limb_trans_regularization: 0.000000 / 0.000000
    log_beta_scales: 0.000000 / 0.000000
    silhouette     : 0.000000 / 0.000000
    trans          : 0.000000 / 0.000000

Epoch 175:
  Train Loss = 0.000008, Val Loss = 0.000006, LR = 5.00e-05
  Parameter Errors (Train / Val):
    betas          : 3.274780 / 3.923101
    betas_trans    : 0.000000 / 0.000000
    cam_rot        : 0.000000 / 0.000000
    cam_trans      : 0.000000 / 0.000000
    fov            : 0.000000 / 0.000000
    global_rot     : 0.000000 / 0.000000
    joint_angle_regularization: 0.163522 / 0.108523
    joint_limit_regularization: 0.001907 / 0.001001
    joint_rot      : 0.000000 / 0.000000
    keypoint_2d    : 0.000069 / 0.000051
    keypoint_3d    : 0.000000 / 0.000000
    limb_scale_regularization: 0.000782 / 0.000573
    limb_trans_regularization: 0.000001 / 0.000000
    log_beta_scales: 0.000000 / 0.000000
    silhouette     : 0.000000 / 0.000000
    trans          : 0.000000 / 0.000000
  Checkpoint saved at epoch 175

Epoch 176:
  Train Loss = 0.000008, Val Loss = 0.000005, LR = 5.00e-05
  Parameter Errors (Train / Val):
    betas          : 3.255726 / 3.926434
    betas_trans    : 0.000000 / 0.000000
    cam_rot        : 0.000000 / 0.000000
    cam_trans      : 0.000000 / 0.000000
    fov            : 0.000000 / 0.000000
    global_rot     : 0.000000 / 0.000000
    joint_angle_regularization: 0.164233 / 0.109131
    joint_limit_regularization: 0.001912 / 0.001034
    joint_rot      : 0.000000 / 0.000000
    keypoint_2d    : 0.000067 / 0.000047
    keypoint_3d    : 0.000000 / 0.000000
    limb_scale_regularization: 0.000765 / 0.000573
    limb_trans_regularization: 0.000000 / 0.000000
    log_beta_scales: 0.000000 / 0.000000
    silhouette     : 0.000000 / 0.000000
    trans          : 0.000000 / 0.000000
  New best model saved with validation loss: 0.000005

Epoch 177:
  Train Loss = 0.000008, Val Loss = 0.000006, LR = 5.00e-05
  Parameter Errors (Train / Val):
    betas          : 3.311904 / 3.934044
    betas_trans    : 0.000000 / 0.000000
    cam_rot        : 0.000000 / 0.000000
    cam_trans      : 0.000000 / 0.000000
    fov            : 0.000000 / 0.000000
    global_rot     : 0.000000 / 0.000000
    joint_angle_regularization: 0.166586 / 0.108966
    joint_limit_regularization: 0.001965 / 0.001002
    joint_rot      : 0.000000 / 0.000000
    keypoint_2d    : 0.000067 / 0.000051
    keypoint_3d    : 0.000000 / 0.000000
    limb_scale_regularization: 0.000770 / 0.000572
    limb_trans_regularization: 0.000000 / 0.000000
    log_beta_scales: 0.000000 / 0.000000
    silhouette     : 0.000000 / 0.000000
    trans          : 0.000000 / 0.000000
  Checkpoint saved at epoch 177

Epoch 178:
  Train Loss = 0.000008, Val Loss = 0.000005, LR = 5.00e-05
  Parameter Errors (Train / Val):
    betas          : 3.263030 / 3.890043
    betas_trans    : 0.000000 / 0.000000
    cam_rot        : 0.000000 / 0.000000
    cam_trans      : 0.000000 / 0.000000
    fov            : 0.000000 / 0.000000
    global_rot     : 0.000000 / 0.000000
    joint_angle_regularization: 0.164769 / 0.109456
    joint_limit_regularization: 0.001897 / 0.001051
    joint_rot      : 0.000000 / 0.000000
    keypoint_2d    : 0.000066 / 0.000048
    keypoint_3d    : 0.000000 / 0.000000
    limb_scale_regularization: 0.000783 / 0.000572
    limb_trans_regularization: 0.000000 / 0.000000
    log_beta_scales: 0.000000 / 0.000000
    silhouette     : 0.000000 / 0.000000
    trans          : 0.000000 / 0.000000

Epoch 179:
  Train Loss = 0.000007, Val Loss = 0.000005, LR = 5.00e-05
  Parameter Errors (Train / Val):
    betas          : 3.259493 / 3.931491
    betas_trans    : 0.000000 / 0.000000
    cam_rot        : 0.000000 / 0.000000
    cam_trans      : 0.000000 / 0.000000
    fov            : 0.000000 / 0.000000
    global_rot     : 0.000000 / 0.000000
    joint_angle_regularization: 0.166035 / 0.109979
    joint_limit_regularization: 0.001963 / 0.001030
    joint_rot      : 0.000000 / 0.000000
    keypoint_2d    : 0.000064 / 0.000048
    keypoint_3d    : 0.000000 / 0.000000
    limb_scale_regularization: 0.000782 / 0.000572
    limb_trans_regularization: 0.000000 / 0.000000
    log_beta_scales: 0.000000 / 0.000000
    silhouette     : 0.000000 / 0.000000
    trans          : 0.000000 / 0.000000
  Checkpoint saved at epoch 179
Visualizing 5 samples from dataset: unknown
Generated 5 visualization images for epoch 179 in /hpcwork/mkd34160/smilify_runs/singleview_2d_lam1e-4/visualizations/epoch_179
Visualizing 5 samples from dataset: unknown
Generated 5 visualization images for epoch 179 in /hpcwork/mkd34160/smilify_runs/singleview_2d_lam1e-4/visualizations_train/epoch_179

Epoch 180:
  Train Loss = 0.000008, Val Loss = 0.000006, LR = 5.00e-05
  Parameter Errors (Train / Val):
    betas          : 3.256770 / 3.894770
    betas_trans    : 0.000000 / 0.000000
    cam_rot        : 0.000000 / 0.000000
    cam_trans      : 0.000000 / 0.000000
    fov            : 0.000000 / 0.000000
    global_rot     : 0.000000 / 0.000000
    joint_angle_regularization: 0.166213 / 0.109165
    joint_limit_regularization: 0.001907 / 0.001005
    joint_rot      : 0.000000 / 0.000000
    keypoint_2d    : 0.000069 / 0.000049
    keypoint_3d    : 0.000000 / 0.000000
    limb_scale_regularization: 0.000774 / 0.000568
    limb_trans_regularization: 0.000000 / 0.000000
    log_beta_scales: 0.000000 / 0.000000
    silhouette     : 0.000000 / 0.000000
    trans          : 0.000000 / 0.000000

Epoch 181:
  Train Loss = 0.000008, Val Loss = 0.000006, LR = 5.00e-05
  Parameter Errors (Train / Val):
    betas          : 3.187984 / 3.893679
    betas_trans    : 0.000000 / 0.000000
    cam_rot        : 0.000000 / 0.000000
    cam_trans      : 0.000000 / 0.000000
    fov            : 0.000000 / 0.000000
    global_rot     : 0.000000 / 0.000000
    joint_angle_regularization: 0.166264 / 0.109760
    joint_limit_regularization: 0.001935 / 0.001022
    joint_rot      : 0.000000 / 0.000000
    keypoint_2d    : 0.000065 / 0.000052
    keypoint_3d    : 0.000000 / 0.000000
    limb_scale_regularization: 0.000772 / 0.000573
    limb_trans_regularization: 0.000000 / 0.000000
    log_beta_scales: 0.000000 / 0.000000
    silhouette     : 0.000000 / 0.000000
    trans          : 0.000000 / 0.000000
  Checkpoint saved at epoch 181

Epoch 182:
  Train Loss = 0.000008, Val Loss = 0.000005, LR = 5.00e-05
  Parameter Errors (Train / Val):
    betas          : 3.247522 / 3.902563
    betas_trans    : 0.000000 / 0.000000
    cam_rot        : 0.000000 / 0.000000
    cam_trans      : 0.000000 / 0.000000
    fov            : 0.000000 / 0.000000
    global_rot     : 0.000000 / 0.000000
    joint_angle_regularization: 0.166362 / 0.109825
    joint_limit_regularization: 0.001926 / 0.001029
    joint_rot      : 0.000000 / 0.000000
    keypoint_2d    : 0.000065 / 0.000048
    keypoint_3d    : 0.000000 / 0.000000
    limb_scale_regularization: 0.000767 / 0.000573
    limb_trans_regularization: 0.000000 / 0.000000
    log_beta_scales: 0.000000 / 0.000000
    silhouette     : 0.000000 / 0.000000
    trans          : 0.000000 / 0.000000

Epoch 183:
  Train Loss = 0.000007, Val Loss = 0.000005, LR = 5.00e-05
  Parameter Errors (Train / Val):
    betas          : 3.254323 / 3.898322
    betas_trans    : 0.000000 / 0.000000
    cam_rot        : 0.000000 / 0.000000
    cam_trans      : 0.000000 / 0.000000
    fov            : 0.000000 / 0.000000
    global_rot     : 0.000000 / 0.000000
    joint_angle_regularization: 0.166939 / 0.109919
    joint_limit_regularization: 0.001918 / 0.001003
    joint_rot      : 0.000000 / 0.000000
    keypoint_2d    : 0.000064 / 0.000048
    keypoint_3d    : 0.000000 / 0.000000
    limb_scale_regularization: 0.000767 / 0.000572
    limb_trans_regularization: 0.000000 / 0.000000
    log_beta_scales: 0.000000 / 0.000000
    silhouette     : 0.000000 / 0.000000
    trans          : 0.000000 / 0.000000
  Checkpoint saved at epoch 183

Epoch 184:
  Train Loss = 0.000008, Val Loss = 0.000006, LR = 5.00e-05
  Parameter Errors (Train / Val):
    betas          : 3.266613 / 3.893010
    betas_trans    : 0.000000 / 0.000000
    cam_rot        : 0.000000 / 0.000000
    cam_trans      : 0.000000 / 0.000000
    fov            : 0.000000 / 0.000000
    global_rot     : 0.000000 / 0.000000
    joint_angle_regularization: 0.166223 / 0.109915
    joint_limit_regularization: 0.001953 / 0.001008
    joint_rot      : 0.000000 / 0.000000
    keypoint_2d    : 0.000069 / 0.000048
    keypoint_3d    : 0.000000 / 0.000000
    limb_scale_regularization: 0.000771 / 0.000572
    limb_trans_regularization: 0.000001 / 0.000000
    log_beta_scales: 0.000000 / 0.000000
    silhouette     : 0.000000 / 0.000000
    trans          : 0.000000 / 0.000000

Epoch 185:
  Train Loss = 0.000007, Val Loss = 0.000005, LR = 5.00e-05
  Parameter Errors (Train / Val):
    betas          : 3.266776 / 3.929100
    betas_trans    : 0.000000 / 0.000000
    cam_rot        : 0.000000 / 0.000000
    cam_trans      : 0.000000 / 0.000000
    fov            : 0.000000 / 0.000000
    global_rot     : 0.000000 / 0.000000
    joint_angle_regularization: 0.166786 / 0.110217
    joint_limit_regularization: 0.001910 / 0.001018
    joint_rot      : 0.000000 / 0.000000
    keypoint_2d    : 0.000063 / 0.000047
    keypoint_3d    : 0.000000 / 0.000000
    limb_scale_regularization: 0.000771 / 0.000575
    limb_trans_regularization: 0.000000 / 0.000000
    log_beta_scales: 0.000000 / 0.000000
    silhouette     : 0.000000 / 0.000000
    trans          : 0.000000 / 0.000000
  Checkpoint saved at epoch 185

Epoch 186:
  Train Loss = 0.000007, Val Loss = 0.000005, LR = 5.00e-05
  Parameter Errors (Train / Val):
    betas          : 3.244580 / 3.898234
    betas_trans    : 0.000000 / 0.000000
    cam_rot        : 0.000000 / 0.000000
    cam_trans      : 0.000000 / 0.000000
    fov            : 0.000000 / 0.000000
    global_rot     : 0.000000 / 0.000000
    joint_angle_regularization: 0.165608 / 0.110109
    joint_limit_regularization: 0.001912 / 0.000996
    joint_rot      : 0.000000 / 0.000000
    keypoint_2d    : 0.000062 / 0.000048
    keypoint_3d    : 0.000000 / 0.000000
    limb_scale_regularization: 0.000773 / 0.000574
    limb_trans_regularization: 0.000000 / 0.000000
    log_beta_scales: 0.000000 / 0.000000
    silhouette     : 0.000000 / 0.000000
    trans          : 0.000000 / 0.000000

Epoch 187:
  Train Loss = 0.000007, Val Loss = 0.000006, LR = 5.00e-05
  Parameter Errors (Train / Val):
    betas          : 3.255674 / 3.912143
    betas_trans    : 0.000000 / 0.000000
    cam_rot        : 0.000000 / 0.000000
    cam_trans      : 0.000000 / 0.000000
    fov            : 0.000000 / 0.000000
    global_rot     : 0.000000 / 0.000000
    joint_angle_regularization: 0.167031 / 0.110629
    joint_limit_regularization: 0.001891 / 0.001014
    joint_rot      : 0.000000 / 0.000000
    keypoint_2d    : 0.000063 / 0.000049
    keypoint_3d    : 0.000000 / 0.000000
    limb_scale_regularization: 0.000770 / 0.000570
    limb_trans_regularization: 0.000000 / 0.000000
    log_beta_scales: 0.000000 / 0.000000
    silhouette     : 0.000000 / 0.000000
    trans          : 0.000000 / 0.000000
  Checkpoint saved at epoch 187

Epoch 188:
  Train Loss = 0.000007, Val Loss = 0.000006, LR = 5.00e-05
  Parameter Errors (Train / Val):
    betas          : 3.253003 / 3.913517
    betas_trans    : 0.000000 / 0.000000
    cam_rot        : 0.000000 / 0.000000
    cam_trans      : 0.000000 / 0.000000
    fov            : 0.000000 / 0.000000
    global_rot     : 0.000000 / 0.000000
    joint_angle_regularization: 0.165916 / 0.110020
    joint_limit_regularization: 0.001874 / 0.000982
    joint_rot      : 0.000000 / 0.000000
    keypoint_2d    : 0.000064 / 0.000050
    keypoint_3d    : 0.000000 / 0.000000
    limb_scale_regularization: 0.000758 / 0.000573
    limb_trans_regularization: 0.000000 / 0.000000
    log_beta_scales: 0.000000 / 0.000000
    silhouette     : 0.000000 / 0.000000
    trans          : 0.000000 / 0.000000

Epoch 189:
  Train Loss = 0.000007, Val Loss = 0.000005, LR = 5.00e-05
  Parameter Errors (Train / Val):
    betas          : 3.261130 / 3.912639
    betas_trans    : 0.000000 / 0.000000
    cam_rot        : 0.000000 / 0.000000
    cam_trans      : 0.000000 / 0.000000
    fov            : 0.000000 / 0.000000
    global_rot     : 0.000000 / 0.000000
    joint_angle_regularization: 0.166030 / 0.110736
    joint_limit_regularization: 0.001898 / 0.000986
    joint_rot      : 0.000000 / 0.000000
    keypoint_2d    : 0.000065 / 0.000048
    keypoint_3d    : 0.000000 / 0.000000
    limb_scale_regularization: 0.000770 / 0.000577
    limb_trans_regularization: 0.000000 / 0.000000
    log_beta_scales: 0.000000 / 0.000000
    silhouette     : 0.000000 / 0.000000
    trans          : 0.000000 / 0.000000
  Checkpoint saved at epoch 189
Visualizing 5 samples from dataset: unknown
Generated 5 visualization images for epoch 189 in /hpcwork/mkd34160/smilify_runs/singleview_2d_lam1e-4/visualizations/epoch_189
Visualizing 5 samples from dataset: unknown
Generated 5 visualization images for epoch 189 in /hpcwork/mkd34160/smilify_runs/singleview_2d_lam1e-4/visualizations_train/epoch_189

Epoch 190:
  Train Loss = 0.000008, Val Loss = 0.000005, LR = 5.00e-05
  Parameter Errors (Train / Val):
    betas          : 3.280621 / 3.927029
    betas_trans    : 0.000000 / 0.000000
    cam_rot        : 0.000000 / 0.000000
    cam_trans      : 0.000000 / 0.000000
    fov            : 0.000000 / 0.000000
    global_rot     : 0.000000 / 0.000000
    joint_angle_regularization: 0.165261 / 0.110808
    joint_limit_regularization: 0.001874 / 0.001007
    joint_rot      : 0.000000 / 0.000000
    keypoint_2d    : 0.000067 / 0.000046
    keypoint_3d    : 0.000000 / 0.000000
    limb_scale_regularization: 0.000770 / 0.000572
    limb_trans_regularization: 0.000000 / 0.000000
    log_beta_scales: 0.000000 / 0.000000
    silhouette     : 0.000000 / 0.000000
    trans          : 0.000000 / 0.000000
  New best model saved with validation loss: 0.000005

Epoch 191:
  Train Loss = 0.000007, Val Loss = 0.000006, LR = 5.00e-05
  Parameter Errors (Train / Val):
    betas          : 3.242434 / 3.904700
    betas_trans    : 0.000000 / 0.000000
    cam_rot        : 0.000000 / 0.000000
    cam_trans      : 0.000000 / 0.000000
    fov            : 0.000000 / 0.000000
    global_rot     : 0.000000 / 0.000000
    joint_angle_regularization: 0.167807 / 0.111201
    joint_limit_regularization: 0.001924 / 0.001013
    joint_rot      : 0.000000 / 0.000000
    keypoint_2d    : 0.000063 / 0.000049
    keypoint_3d    : 0.000000 / 0.000000
    limb_scale_regularization: 0.000767 / 0.000572
    limb_trans_regularization: 0.000000 / 0.000000
    log_beta_scales: 0.000000 / 0.000000
    silhouette     : 0.000000 / 0.000000
    trans          : 0.000000 / 0.000000
  Checkpoint saved at epoch 191

Epoch 192:
  Train Loss = 0.000007, Val Loss = 0.000005, LR = 5.00e-05
  Parameter Errors (Train / Val):
    betas          : 3.263378 / 3.888130
    betas_trans    : 0.000000 / 0.000000
    cam_rot        : 0.000000 / 0.000000
    cam_trans      : 0.000000 / 0.000000
    fov            : 0.000000 / 0.000000
    global_rot     : 0.000000 / 0.000000
    joint_angle_regularization: 0.166862 / 0.111315
    joint_limit_regularization: 0.001871 / 0.001004
    joint_rot      : 0.000000 / 0.000000
    keypoint_2d    : 0.000064 / 0.000048
    keypoint_3d    : 0.000000 / 0.000000
    limb_scale_regularization: 0.000771 / 0.000571
    limb_trans_regularization: 0.000000 / 0.000000
    log_beta_scales: 0.000000 / 0.000000
    silhouette     : 0.000000 / 0.000000
    trans          : 0.000000 / 0.000000

Epoch 193:
  Train Loss = 0.000007, Val Loss = 0.000005, LR = 5.00e-05
  Parameter Errors (Train / Val):
    betas          : 3.279640 / 3.901139
    betas_trans    : 0.000000 / 0.000000
    cam_rot        : 0.000000 / 0.000000
    cam_trans      : 0.000000 / 0.000000
    fov            : 0.000000 / 0.000000
    global_rot     : 0.000000 / 0.000000
    joint_angle_regularization: 0.167898 / 0.110549
    joint_limit_regularization: 0.001921 / 0.000972
    joint_rot      : 0.000000 / 0.000000
    keypoint_2d    : 0.000061 / 0.000048
    keypoint_3d    : 0.000000 / 0.000000
    limb_scale_regularization: 0.000771 / 0.000570
    limb_trans_regularization: 0.000000 / 0.000000
    log_beta_scales: 0.000000 / 0.000000
    silhouette     : 0.000000 / 0.000000
    trans          : 0.000000 / 0.000000
  Checkpoint saved at epoch 193
