==================================================================
Job 3897322 task 0 on n23g0005.hpc.itc.rwth-aachen.de — Wed Sep  9 22:49:28 CEST 2026
  study  : 2D-ONLY, FROM SCRATCH
  arm    : singleview / lambda=0  (CONTROL)
  cluster: RWTH CLAIX-2023 | partition c23g | account rwth2151
  wall   : ends Thu Sep 10 22:48:50 CEST 2026
  repo   : /rwthfs/rz/cluster/home/mkd34160/2d/SMILify
  env    : /hpcwork/mkd34160/conda_envs/pytorch3d
  config : configs_runs/singleview_2d_lam0.json
  data   : /home/mkd34160/test/SMILify/SMILySTICKS_centred_reprojected_FIXED.h5
  gpus   : 4 per node x 2 node(s) = 8 rank(s)  [from SLURM_GPUS_ON_NODE]
==================================================================
  torch  : 2.3.1, CUDA 11.8, 4 GPU(s) visible
  resume : none — training from randomly initialised weights
  num_epochs (end)  : 1000
  -> will train 1000 epoch(s) this job
  STUDY INVARIANT   : total schedule is 1000 epochs from scratch — every arm MUST match.
  scale/trans plumbing: the config's weights reach the trainer's resolver  OK
  3D supervision    : all of keypoint_3d, global_rot, joint_rot, betas, trans, log_beta_scales, betas_trans are 0.0 at every epoch  OK
  keypoint_2d       : 0.1 .. 0.1 across the schedule
  camera terms      : fov=0, cam_rot=0, cam_trans=0
  WARNING: every camera term is 0 as well. With a free camera and no 3D, the 2D
           reprojection loss can be reduced by moving the CAMERA rather than posing
           the animal. Expect the pose to be under-determined.
  joint_limit_regularization: 0.0  (array task expects 0.0)
  -> CONTROL arm (no joint-limit prior). This is the baseline the other arms are
     read against; sv_reference is 3D-supervised and is NOT a baseline for them.
  smal_file         : 3D_model_prep/SMILy_STICK_limits_authored.pkl
  batch_size 8 per rank x 8 rank(s) -> effective 64
  STUDY INVARIANT   : effective batch 64 — every arm MUST match.
  save_checkpoint_every: 2 (bounds the epochs lost at each 24 h wall)
  generate_visualizations_every: 10 plot_history_every: 10 samples: 5
  checkpoints -> /hpcwork/mkd34160/smilify_runs/singleview_2d_lam0/checkpoints
  free space on /hpcwork/mkd34160/smilify_runs/singleview_2d_lam0/checkpoints: 383 GB (advisory — statvfs shows the FILESYSTEM, not your quota)
  lr over [0, 1000): 0.0001@e0 -> 5e-05@e120 -> 1e-05@e200
  WARNING — SCALE/DEPTH DEGENERACY: mesh_scaling.allow_mesh_scaling is on and there is
            no 3D supervision. TrainingConfig.MESH_SCALING_CONFIG states the global
            mesh scale is trained implicitly via the 3D keypoint loss; with that gone,
            a larger animal further away reprojects to the same pixels. Only the
            limb_scale / limb_trans regularizers and the joint-limit prior hold it.
            Kept ON deliberately: the study is the reference setup MINUS 3D.

=== configs_runs/singleview_2d_lam0.json ===
  from scratch: resume_checkpoint is null  OK
  num_epochs: 1000
  scale/trans loss weights reach the trainer's resolver  OK
  3D supervision: all of keypoint_3d, global_rot, joint_rot, betas, trans, log_beta_scales, betas_trans are 0.0 at every epoch  OK
  keypoint_2d: 0.1 .. 0.1 across the run  OK
  joint_limit_regularization: 0 (constant)  OK

=== configs_runs/singleview_2d_lam1e-1.json ===
  from scratch: resume_checkpoint is null  OK
  num_epochs: 1000
  scale/trans loss weights reach the trainer's resolver  OK
  3D supervision: all of keypoint_3d, global_rot, joint_rot, betas, trans, log_beta_scales, betas_trans are 0.0 at every epoch  OK
  keypoint_2d: 0.1 .. 0.1 across the run  OK
  joint_limit_regularization: 0.1 (constant)  OK

=== configs_runs/singleview_2d_lam1e-4.json ===
  from scratch: resume_checkpoint is null  OK
  num_epochs: 1000
  scale/trans loss weights reach the trainer's resolver  OK
  3D supervision: all of keypoint_3d, global_rot, joint_rot, betas, trans, log_beta_scales, betas_trans are 0.0 at every epoch  OK
  keypoint_2d: 0.1 .. 0.1 across the run  OK
  joint_limit_regularization: 0.0001 (constant)  OK

=== sweep invariant ===
  lambdas distinct: ['0', '0.1', '0.0001']  OK
  all 3 arms agree on mode, model, dataset, training, optimizer, augmentation, smal_model, mesh_scaling, joint_importance, ignored_joints, ignored_joint_locations, scale_trans_beta  OK
  checkpoint dirs distinct  OK

==================================================================
Pre-flight clean. Safe to submit.
  launch : srun x 2 node(s), rendezvous on n23g0005:29500
[config] SMAL_FILE overridden to: 3D_model_prep/SMILy_STICK_limits_authored.pkl
[config] N_POSE=54, N_BETAS=5, joints=55
[config] SMAL_FILE overridden to: 3D_model_prep/SMILy_STICK_limits_authored.pkl
[config] N_POSE=54, N_BETAS=5, joints=55
[config] SMAL_FILE overridden to: 3D_model_prep/SMILy_STICK_limits_authored.pkl
[config] N_POSE=54, N_BETAS=5, joints=55
[config] SMAL_FILE overridden to: 3D_model_prep/SMILy_STICK_limits_authored.pkl
[config] N_POSE=54, N_BETAS=5, joints=55
Loaded config from: configs_runs/singleview_2d_lam0.json
Resolved config saved to: /hpcwork/mkd34160/smilify_runs/singleview_2d_lam0/checkpoints/config.json
Loaded config from: configs_runs/singleview_2d_lam0.json
Resolved config saved to: /hpcwork/mkd34160/smilify_runs/singleview_2d_lam0/checkpoints/config.json
Detected torchrun/HPC launch environment:
  Global rank: 0
  Local rank (GPU): 0
  World size: 8
  MASTER_ADDR: n23g0005.hpc.itc.rwth-aachen.de
  MASTER_PORT: 46245
Loaded config from: configs_runs/singleview_2d_lam0.json
Resolved config saved to: /hpcwork/mkd34160/smilify_runs/singleview_2d_lam0/checkpoints/config.json
Loaded config from: configs_runs/singleview_2d_lam0.json
Resolved config saved to: /hpcwork/mkd34160/smilify_runs/singleview_2d_lam0/checkpoints/config.json
[config] SMAL_FILE overridden to: 3D_model_prep/SMILy_STICK_limits_authored.pkl
[config] N_POSE=54, N_BETAS=5, joints=55
[config] SMAL_FILE overridden to: 3D_model_prep/SMILy_STICK_limits_authored.pkl
[config] N_POSE=54, N_BETAS=5, joints=55
[config] SMAL_FILE overridden to: 3D_model_prep/SMILy_STICK_limits_authored.pkl
[config] N_POSE=54, N_BETAS=5, joints=55
[config] SMAL_FILE overridden to: 3D_model_prep/SMILy_STICK_limits_authored.pkl
[config] N_POSE=54, N_BETAS=5, joints=55
Loaded config from: configs_runs/singleview_2d_lam0.json
Resolved config saved to: /hpcwork/mkd34160/smilify_runs/singleview_2d_lam0/checkpoints/config.json
Loaded config from: configs_runs/singleview_2d_lam0.json
Resolved config saved to: /hpcwork/mkd34160/smilify_runs/singleview_2d_lam0/checkpoints/config.json
Loaded config from: configs_runs/singleview_2d_lam0.json
Resolved config saved to: /hpcwork/mkd34160/smilify_runs/singleview_2d_lam0/checkpoints/config.json
Loaded config from: configs_runs/singleview_2d_lam0.json
Resolved config saved to: /hpcwork/mkd34160/smilify_runs/singleview_2d_lam0/checkpoints/config.json
[config] SMAL_FILE overridden to: 3D_model_prep/SMILy_STICK_limits_authored.pkl
[config] N_POSE=54, N_BETAS=5, joints=55
[config] SMAL_FILE overridden to: 3D_model_prep/SMILy_STICK_limits_authored.pkl
[config] N_POSE=54, N_BETAS=5, joints=55
[config] SMAL_FILE overridden to: 3D_model_prep/SMILy_STICK_limits_authored.pkl
[config] N_POSE=54, N_BETAS=5, joints=55
[config] SMAL_FILE overridden to: 3D_model_prep/SMILy_STICK_limits_authored.pkl
[config] N_POSE=54, N_BETAS=5, joints=55
============================================================
SMIL Training Configuration Summary
============================================================
Dataset: RealSMILyMouseFalknerFROM3D_no_crop
Data Path: RealSMILyMouseFalknerFROM3D_no_crop.h5
Train/Val/Test Split: 85.0%/5.0%/10.0%

Training Parameters:
  batch_size: 8
  num_epochs: 1000
  learning_rate: 0.0001
  weight_decay: 0.0001
  seed: 42
  rotation_representation: 6d
  resume_checkpoint: None
  num_workers: 8
  pin_memory: True
  prefetch_factor: 16

Model Configuration:
  backbone_name: vit_large_patch16_224
  freeze_backbone: True
  hidden_dim: 1024
  rgb_only: False
  use_unity_prior: False
  head_type: transformer_decoder
  Backbone type: Vision Transformer
  Feature dimension: 1024
  Regression head: transformer_decoder
  Transformer decoder config:
    hidden_dim: 1024
    depth: 6
    heads: 8
    dim_head: 64
    mlp_dim: 1024
    dropout: 0.1
    ief_iters: 3
    trans_scale_factor: 1

Loss Curriculum:
  Base weights:
    global_rot: 0.0
    joint_rot: 0.0
    betas: 0.0
    trans: 0.0
    fov: 0.0
    cam_rot: 0.0
    cam_trans: 0.0
    log_beta_scales: 0.0
    betas_trans: 0.0
    keypoint_2d: 0.1
    keypoint_3d: 0.0
    silhouette: 0.0
    joint_angle_regularization: 0.001
    limb_scale_regularization: 0.1
    limb_trans_regularization: 1
    joint_limit_regularization: 0.0
  Curriculum stages:
    Epoch 20+: {'joint_angle_regularization': 0.0001}
    Epoch 50+: {'joint_angle_regularization': 1e-05}
    Epoch 60+: {'joint_angle_regularization': 1e-06, 'limb_scale_regularization': 0.001, 'limb_trans_regularization': 0.5}
    Epoch 120+: {'joint_angle_regularization': 1e-06, 'limb_scale_regularization': 0.0005, 'limb_trans_regularization': 0.5}
    Epoch 200+: {'joint_angle_regularization': 1e-06, 'limb_scale_regularization': 0.0001, 'limb_trans_regularization': 0.5}
    Epoch 250+: {'joint_angle_regularization': 1e-06, 'limb_scale_regularization': 5e-05, 'limb_trans_regularization': 0.5}
    Epoch 300+: {'joint_angle_regularization': 5e-07, 'limb_scale_regularization': 5e-05, 'limb_trans_regularization': 0.5}
    Epoch 400+: {'joint_angle_regularization': 2e-07, 'limb_scale_regularization': 1e-05, 'limb_trans_regularization': 0.5}

Learning Rate Curriculum:
  Base learning rate: 0.0001
  Learning rate stages:
    Epoch 0+: 0.0001
    Epoch 120+: 5e-05
    Epoch 200+: 1e-05

Output Configuration:
  checkpoint_dir: /hpcwork/mkd34160/smilify_runs/singleview_2d_lam0/checkpoints
  plots_dir: /hpcwork/mkd34160/smilify_runs/singleview_2d_lam0/plots
  visualizations_dir: /hpcwork/mkd34160/smilify_runs/singleview_2d_lam0/visualizations
  train_visualizations_dir: /hpcwork/mkd34160/smilify_runs/singleview_2d_lam0/visualizations_train
  save_checkpoint_every: 2
  generate_visualizations_every: 10
  plot_history_every: 10
  num_visualization_samples: 5
============================================================
Random seed set to: 42
Using device override: cuda:0
Loading dataset...
Using rotation representation: 6d
Using backbone: vit_large_patch16_224

======================================================================
SINGLE DATASET TRAINING MODE (Legacy)
======================================================================
[config] SMAL_FILE overridden to: 3D_model_prep/SMILy_STICK_limits_authored.pkl
[config] N_POSE=54, N_BETAS=5, joints=55
[config] SMAL_FILE overridden to: 3D_model_prep/SMILy_STICK_limits_authored.pkl
[config] N_POSE=54, N_BETAS=5, joints=55
[config] SMAL_FILE overridden to: 3D_model_prep/SMILy_STICK_limits_authored.pkl
[config] N_POSE=54, N_BETAS=5, joints=55
[config] SMAL_FILE overridden to: 3D_model_prep/SMILy_STICK_limits_authored.pkl
[config] N_POSE=54, N_BETAS=5, joints=55
SLEAP dataset support: enabled
Dataset size: 506250
Original resolution: 512
Target resolution: 512
Single-view-from-multiview split (sample-grouped, seed=42): 86062/5062/10126 samples -> 430310/25310/50630 view-items
Train set: 430310 samples
Validation set: 25310 samples
Test set: 50630 samples
Data loading configuration:
  Workers: 8
  Pin memory: True
  Prefetch factor: 16
  Matplotlib backend: Agg
Using distributed samplers for 8 GPUs
Effective batch size per GPU: 8
Total effective batch size: 64
Rank 0: Train sampler size: 53789, Val sampler size: 3164
Successfully created data loaders with 8 workers
Memory Status Before model initialization:
  GPU: 0.0MB / 95319.4MB (0.0%)
  System: 26091.0MB / 515103.4MB (5.1%)
Memory recommendations for vit_large_patch16_224:
  backbone_name: vit_large_patch16_224
  freeze_backbone: True
  use_mixed_precision: True
  use_gradient_checkpointing: True
  target_memory_gb: 19.200000000000003
  estimated_batch_size: 16
  hidden_dim: 1024
Initializing model...
Using backbone: vit_large_patch16_224
Using input resolution: 224x224 (backbone: vit_large_patch16_224)
[ViTBackbone:vit_large_patch16_224] input normalization: mean=[0.5, 0.5, 0.5], std=[0.5, 0.5, 0.5]
[ViTBackbone:vit_large_patch16_224] input normalization: mean=[0.5, 0.5, 0.5], std=[0.5, 0.5, 0.5]
[ViTBackbone:vit_large_patch16_224] input normalization: mean=[0.5, 0.5, 0.5], std=[0.5, 0.5, 0.5]
[ViTBackbone:vit_large_patch16_224] input normalization: mean=[0.5, 0.5, 0.5], std=[0.5, 0.5, 0.5]
[ViTBackbone:vit_large_patch16_224] input normalization: mean=[0.5, 0.5, 0.5], std=[0.5, 0.5, 0.5]
[ViTBackbone:vit_large_patch16_224] input normalization: mean=[0.5, 0.5, 0.5], std=[0.5, 0.5, 0.5]
[ViTBackbone:vit_large_patch16_224] input normalization: mean=[0.5, 0.5, 0.5], std=[0.5, 0.5, 0.5]
[ViTBackbone:vit_large_patch16_224] input normalization: mean=[0.5, 0.5, 0.5], std=[0.5, 0.5, 0.5]
Model created with head type: transformer_decoder
Scale/Translation mode: separate
Transformer decoder config: {'hidden_dim': 1024, 'depth': 6, 'heads': 8, 'dim_head': 64, 'mlp_dim': 1024, 'dropout': 0.1, 'ief_iters': 3, 'trans_scale_factor': 1}
  Trans scale factor: 1
Memory Status After model initialization:
  GPU: 1310.2MB / 95319.4MB (1.4%)
  System: 32612.9MB / 515103.4MB (6.3%)
Model wrapped with DistributedDataParallel on 8 GPUs
Model parameters: 329,917,753
  Backbone parameters: 303,301,632
  Transformer decoder parameters: 26,614,771
Using conservative learning rate for transformer decoder: 1.0000000000000002e-06
Optimizer parameter groups created:
  Backbone/other groups: 2
    -  (lr=0.0001)
    -  (lr=0.0001)
  Transformer groups: 0
  Total groups: 2

Optimizer configuration:
  Type: AdamW
  Initial learning rate: 0.0001
  Weight decay: 0.0001
  Number of parameter groups: 2
  Group 0: 294 tensors, 303,301,632 total parameters, lr=0.0001
  Group 1: 107 tensors, 26,614,771 total parameters, lr=0.0001
Starting training...
Training from scratch
Learning rate updated to 1e-05 (group '') at epoch 0
Learning rate updated to 1e-05 (group '') at epoch 0
Joint importance: 6/6 joints matched, multiplier=10.0
Joint importance: 6/6 joints matched, multiplier=10.0
Joint importance: 6/6 joints matched, multiplier=10.0
Joint importance: 6/6 joints matched, multiplier=10.0
Joint importance: 6/6 joints matched, multiplier=10.0
Joint importance: 6/6 joints matched, multiplier=10.0
Joint importance: 6/6 joints matched, multiplier=10.0
Joint importance: 6/6 joints matched, multiplier=10.0

Epoch 0:
  Train Loss = 0.010144, Val Loss = 0.002202, LR = 1.00e-04
  Parameter Errors (Train / Val):
    betas          : 18.312579 / 44.213356
    betas_trans    : 0.000000 / 0.000000
    cam_rot        : 0.000000 / 0.000000
    cam_trans      : 0.000000 / 0.000000
    fov            : 0.000000 / 0.000000
    global_rot     : 0.000000 / 0.000000
    joint_angle_regularization: 0.828173 / 0.580560
    joint_rot      : 0.000000 / 0.000000
    keypoint_2d    : 0.079179 / 0.007448
    keypoint_3d    : 0.000000 / 0.000000
    limb_scale_regularization: 0.006068 / 0.003124
    limb_trans_regularization: 0.000792 / 0.000564
    log_beta_scales: 0.000000 / 0.000000
    silhouette     : 0.000000 / 0.000000
    trans          : 0.000000 / 0.000000
  New best model saved with validation loss: 0.002202

Epoch 1:
  Train Loss = 0.001511, Val Loss = 0.001583, LR = 1.00e-04
  Parameter Errors (Train / Val):
    betas          : 45.944023 / 42.594963
    betas_trans    : 0.000000 / 0.000000
    cam_rot        : 0.000000 / 0.000000
    cam_trans      : 0.000000 / 0.000000
    fov            : 0.000000 / 0.000000
    global_rot     : 0.000000 / 0.000000
    joint_angle_regularization: 0.596404 / 0.519397
    joint_rot      : 0.000000 / 0.000000
    keypoint_2d    : 0.005673 / 0.004695
    keypoint_3d    : 0.000000 / 0.000000
    limb_scale_regularization: 0.001331 / 0.001947
    limb_trans_regularization: 0.000214 / 0.000400
    log_beta_scales: 0.000000 / 0.000000
    silhouette     : 0.000000 / 0.000000
    trans          : 0.000000 / 0.000000
  New best model saved with validation loss: 0.001583
  Checkpoint saved at epoch 1

Epoch 2:
  Train Loss = 0.001130, Val Loss = 0.001456, LR = 1.00e-04
  Parameter Errors (Train / Val):
    betas          : 40.050683 / 38.515533
    betas_trans    : 0.000000 / 0.000000
    cam_rot        : 0.000000 / 0.000000
    cam_trans      : 0.000000 / 0.000000
    fov            : 0.000000 / 0.000000
    global_rot     : 0.000000 / 0.000000
    joint_angle_regularization: 0.473437 / 0.493572
    joint_rot      : 0.000000 / 0.000000
    keypoint_2d    : 0.004104 / 0.004412
    keypoint_3d    : 0.000000 / 0.000000
    limb_scale_regularization: 0.000859 / 0.001707
    limb_trans_regularization: 0.000160 / 0.000350
    log_beta_scales: 0.000000 / 0.000000
    silhouette     : 0.000000 / 0.000000
    trans          : 0.000000 / 0.000000
  New best model saved with validation loss: 0.001456

Epoch 3:
  Train Loss = 0.001031, Val Loss = 0.001351, LR = 1.00e-04
  Parameter Errors (Train / Val):
    betas          : 39.074818 / 33.139755
    betas_trans    : 0.000000 / 0.000000
    cam_rot        : 0.000000 / 0.000000
    cam_trans      : 0.000000 / 0.000000
    fov            : 0.000000 / 0.000000
    global_rot     : 0.000000 / 0.000000
    joint_angle_regularization: 0.459247 / 0.484741
    joint_rot      : 0.000000 / 0.000000
    keypoint_2d    : 0.003576 / 0.003953
    keypoint_3d    : 0.000000 / 0.000000
    limb_scale_regularization: 0.000725 / 0.001485
    limb_trans_regularization: 0.000142 / 0.000323
    log_beta_scales: 0.000000 / 0.000000
    silhouette     : 0.000000 / 0.000000
    trans          : 0.000000 / 0.000000
  New best model saved with validation loss: 0.001351
  Checkpoint saved at epoch 3

Epoch 4:
  Train Loss = 0.000986, Val Loss = 0.001386, LR = 1.00e-04
  Parameter Errors (Train / Val):
    betas          : 39.002487 / 31.349773
    betas_trans    : 0.000000 / 0.000000
    cam_rot        : 0.000000 / 0.000000
    cam_trans      : 0.000000 / 0.000000
    fov            : 0.000000 / 0.000000
    global_rot     : 0.000000 / 0.000000
    joint_angle_regularization: 0.454750 / 0.482704
    joint_rot      : 0.000000 / 0.000000
    keypoint_2d    : 0.003346 / 0.004605
    keypoint_3d    : 0.000000 / 0.000000
    limb_scale_regularization: 0.000645 / 0.001397
    limb_trans_regularization: 0.000132 / 0.000303
    log_beta_scales: 0.000000 / 0.000000
    silhouette     : 0.000000 / 0.000000
    trans          : 0.000000 / 0.000000

Epoch 5:
  Train Loss = 0.000959, Val Loss = 0.001282, LR = 1.00e-04
  Parameter Errors (Train / Val):
    betas          : 38.675957 / 30.803814
    betas_trans    : 0.000000 / 0.000000
    cam_rot        : 0.000000 / 0.000000
    cam_trans      : 0.000000 / 0.000000
    fov            : 0.000000 / 0.000000
    global_rot     : 0.000000 / 0.000000
    joint_angle_regularization: 0.452190 / 0.482108
    joint_rot      : 0.000000 / 0.000000
    keypoint_2d    : 0.003199 / 0.003352
    keypoint_3d    : 0.000000 / 0.000000
    limb_scale_regularization: 0.000607 / 0.001404
    limb_trans_regularization: 0.000126 / 0.000324
    log_beta_scales: 0.000000 / 0.000000
    silhouette     : 0.000000 / 0.000000
    trans          : 0.000000 / 0.000000
  New best model saved with validation loss: 0.001282
  Checkpoint saved at epoch 5

Epoch 6:
  Train Loss = 0.000927, Val Loss = 0.001255, LR = 1.00e-04
  Parameter Errors (Train / Val):
    betas          : 39.165354 / 30.946671
    betas_trans    : 0.000000 / 0.000000
    cam_rot        : 0.000000 / 0.000000
    cam_trans      : 0.000000 / 0.000000
    fov            : 0.000000 / 0.000000
    global_rot     : 0.000000 / 0.000000
    joint_angle_regularization: 0.450495 / 0.479430
    joint_rot      : 0.000000 / 0.000000
    keypoint_2d    : 0.003011 / 0.003235
    keypoint_3d    : 0.000000 / 0.000000
    limb_scale_regularization: 0.000560 / 0.001344
    limb_trans_regularization: 0.000119 / 0.000317
    log_beta_scales: 0.000000 / 0.000000
    silhouette     : 0.000000 / 0.000000
    trans          : 0.000000 / 0.000000
  New best model saved with validation loss: 0.001255

Epoch 7:
  Train Loss = 0.000906, Val Loss = 0.001227, LR = 1.00e-04
  Parameter Errors (Train / Val):
    betas          : 39.780143 / 31.552681
    betas_trans    : 0.000000 / 0.000000
    cam_rot        : 0.000000 / 0.000000
    cam_trans      : 0.000000 / 0.000000
    fov            : 0.000000 / 0.000000
    global_rot     : 0.000000 / 0.000000
    joint_angle_regularization: 0.449376 / 0.473584
    joint_rot      : 0.000000 / 0.000000
    keypoint_2d    : 0.002880 / 0.003188
    keypoint_3d    : 0.000000 / 0.000000
    limb_scale_regularization: 0.000531 / 0.001303
    limb_trans_regularization: 0.000115 / 0.000304
    log_beta_scales: 0.000000 / 0.000000
    silhouette     : 0.000000 / 0.000000
    trans          : 0.000000 / 0.000000
  New best model saved with validation loss: 0.001227
  Checkpoint saved at epoch 7

Epoch 8:
  Train Loss = 0.000895, Val Loss = 0.001225, LR = 1.00e-04
  Parameter Errors (Train / Val):
    betas          : 39.742797 / 31.957977
    betas_trans    : 0.000000 / 0.000000
    cam_rot        : 0.000000 / 0.000000
    cam_trans      : 0.000000 / 0.000000
    fov            : 0.000000 / 0.000000
    global_rot     : 0.000000 / 0.000000
    joint_angle_regularization: 0.448262 / 0.467981
    joint_rot      : 0.000000 / 0.000000
    keypoint_2d    : 0.002809 / 0.003266
    keypoint_3d    : 0.000000 / 0.000000
    limb_scale_regularization: 0.000519 / 0.001290
    limb_trans_regularization: 0.000114 / 0.000302
    log_beta_scales: 0.000000 / 0.000000
    silhouette     : 0.000000 / 0.000000
    trans          : 0.000000 / 0.000000
  New best model saved with validation loss: 0.001225

Epoch 9:
  Train Loss = 0.000887, Val Loss = 0.001214, LR = 1.00e-04
  Parameter Errors (Train / Val):
    betas          : 40.125234 / 33.813473
    betas_trans    : 0.000000 / 0.000000
    cam_rot        : 0.000000 / 0.000000
    cam_trans      : 0.000000 / 0.000000
    fov            : 0.000000 / 0.000000
    global_rot     : 0.000000 / 0.000000
    joint_angle_regularization: 0.448131 / 0.465314
    joint_rot      : 0.000000 / 0.000000
    keypoint_2d    : 0.002775 / 0.003153
    keypoint_3d    : 0.000000 / 0.000000
    limb_scale_regularization: 0.000500 / 0.001264
    limb_trans_regularization: 0.000111 / 0.000307
    log_beta_scales: 0.000000 / 0.000000
    silhouette     : 0.000000 / 0.000000
    trans          : 0.000000 / 0.000000
  New best model saved with validation loss: 0.001214
  Checkpoint saved at epoch 9
Visualizing 5 samples from dataset: unknown
Generated 5 visualization images for epoch 9 in /hpcwork/mkd34160/smilify_runs/singleview_2d_lam0/visualizations/epoch_009
Visualizing 5 samples from dataset: unknown
Generated 5 visualization images for epoch 9 in /hpcwork/mkd34160/smilify_runs/singleview_2d_lam0/visualizations_train/epoch_009

Epoch 10:
  Train Loss = 0.000856, Val Loss = 0.001222, LR = 1.00e-04
  Parameter Errors (Train / Val):
    betas          : 40.867434 / 35.881660
    betas_trans    : 0.000000 / 0.000000
    cam_rot        : 0.000000 / 0.000000
    cam_trans      : 0.000000 / 0.000000
    fov            : 0.000000 / 0.000000
    global_rot     : 0.000000 / 0.000000
    joint_angle_regularization: 0.447280 / 0.460813
    joint_rot      : 0.000000 / 0.000000
    keypoint_2d    : 0.002560 / 0.003571
    keypoint_3d    : 0.000000 / 0.000000
    limb_scale_regularization: 0.000464 / 0.001214
    limb_trans_regularization: 0.000106 / 0.000283
    log_beta_scales: 0.000000 / 0.000000
    silhouette     : 0.000000 / 0.000000
    trans          : 0.000000 / 0.000000

Epoch 11:
  Train Loss = 0.000857, Val Loss = 0.001158, LR = 1.00e-04
  Parameter Errors (Train / Val):
    betas          : 41.007955 / 38.127151
    betas_trans    : 0.000000 / 0.000000
    cam_rot        : 0.000000 / 0.000000
    cam_trans      : 0.000000 / 0.000000
    fov            : 0.000000 / 0.000000
    global_rot     : 0.000000 / 0.000000
    joint_angle_regularization: 0.446562 / 0.457809
    joint_rot      : 0.000000 / 0.000000
    keypoint_2d    : 0.002579 / 0.003234
    keypoint_3d    : 0.000000 / 0.000000
    limb_scale_regularization: 0.000463 / 0.001230
    limb_trans_regularization: 0.000106 / 0.000254
    log_beta_scales: 0.000000 / 0.000000
    silhouette     : 0.000000 / 0.000000
    trans          : 0.000000 / 0.000000
  New best model saved with validation loss: 0.001158
  Checkpoint saved at epoch 11

Epoch 12:
  Train Loss = 0.000854, Val Loss = 0.001120, LR = 1.00e-04
  Parameter Errors (Train / Val):
    betas          : 41.117064 / 42.539326
    betas_trans    : 0.000000 / 0.000000
    cam_rot        : 0.000000 / 0.000000
    cam_trans      : 0.000000 / 0.000000
    fov            : 0.000000 / 0.000000
    global_rot     : 0.000000 / 0.000000
    joint_angle_regularization: 0.446177 / 0.454676
    joint_rot      : 0.000000 / 0.000000
    keypoint_2d    : 0.002569 / 0.003068
    keypoint_3d    : 0.000000 / 0.000000
    limb_scale_regularization: 0.000456 / 0.001188
    limb_trans_regularization: 0.000105 / 0.000239
    log_beta_scales: 0.000000 / 0.000000
    silhouette     : 0.000000 / 0.000000
    trans          : 0.000000 / 0.000000
  New best model saved with validation loss: 0.001120

Epoch 13:
  Train Loss = 0.000837, Val Loss = 0.001090, LR = 1.00e-04
  Parameter Errors (Train / Val):
    betas          : 41.445563 / 47.566280
    betas_trans    : 0.000000 / 0.000000
    cam_rot        : 0.000000 / 0.000000
    cam_trans      : 0.000000 / 0.000000
    fov            : 0.000000 / 0.000000
    global_rot     : 0.000000 / 0.000000
    joint_angle_regularization: 0.445674 / 0.449176
    joint_rot      : 0.000000 / 0.000000
    keypoint_2d    : 0.002458 / 0.002920
    keypoint_3d    : 0.000000 / 0.000000
    limb_scale_regularization: 0.000433 / 0.001185
    limb_trans_regularization: 0.000102 / 0.000230
    log_beta_scales: 0.000000 / 0.000000
    silhouette     : 0.000000 / 0.000000
    trans          : 0.000000 / 0.000000
  New best model saved with validation loss: 0.001090
  Checkpoint saved at epoch 13

Epoch 14:
  Train Loss = 0.000831, Val Loss = 0.001082, LR = 1.00e-04
  Parameter Errors (Train / Val):
    betas          : 41.604195 / 53.767345
    betas_trans    : 0.000000 / 0.000000
    cam_rot        : 0.000000 / 0.000000
    cam_trans      : 0.000000 / 0.000000
    fov            : 0.000000 / 0.000000
    global_rot     : 0.000000 / 0.000000
    joint_angle_regularization: 0.443918 / 0.443812
    joint_rot      : 0.000000 / 0.000000
    keypoint_2d    : 0.002429 / 0.002906
    keypoint_3d    : 0.000000 / 0.000000
    limb_scale_regularization: 0.000427 / 0.001203
    limb_trans_regularization: 0.000102 / 0.000227
    log_beta_scales: 0.000000 / 0.000000
    silhouette     : 0.000000 / 0.000000
    trans          : 0.000000 / 0.000000
  New best model saved with validation loss: 0.001082

Epoch 15:
  Train Loss = 0.000826, Val Loss = 0.001025, LR = 1.00e-04
  Parameter Errors (Train / Val):
    betas          : 41.984015 / 58.672939
    betas_trans    : 0.000000 / 0.000000
    cam_rot        : 0.000000 / 0.000000
    cam_trans      : 0.000000 / 0.000000
    fov            : 0.000000 / 0.000000
    global_rot     : 0.000000 / 0.000000
    joint_angle_regularization: 0.440996 / 0.442267
    joint_rot      : 0.000000 / 0.000000
    keypoint_2d    : 0.002434 / 0.002448
    keypoint_3d    : 0.000000 / 0.000000
    limb_scale_regularization: 0.000415 / 0.001161
    limb_trans_regularization: 0.000100 / 0.000221
    log_beta_scales: 0.000000 / 0.000000
    silhouette     : 0.000000 / 0.000000
    trans          : 0.000000 / 0.000000
  New best model saved with validation loss: 0.001025
  Checkpoint saved at epoch 15

Epoch 16:
  Train Loss = 0.000815, Val Loss = 0.001035, LR = 1.00e-04
  Parameter Errors (Train / Val):
    betas          : 42.554863 / 62.899590
    betas_trans    : 0.000000 / 0.000000
    cam_rot        : 0.000000 / 0.000000
    cam_trans      : 0.000000 / 0.000000
    fov            : 0.000000 / 0.000000
    global_rot     : 0.000000 / 0.000000
    joint_angle_regularization: 0.436935 / 0.442122
    joint_rot      : 0.000000 / 0.000000
    keypoint_2d    : 0.002381 / 0.002634
    keypoint_3d    : 0.000000 / 0.000000
    limb_scale_regularization: 0.000405 / 0.001149
    limb_trans_regularization: 0.000099 / 0.000215
    log_beta_scales: 0.000000 / 0.000000
    silhouette     : 0.000000 / 0.000000
    trans          : 0.000000 / 0.000000

Epoch 17:
  Train Loss = 0.000801, Val Loss = 0.001013, LR = 1.00e-04
  Parameter Errors (Train / Val):
    betas          : 42.848476 / 66.184074
    betas_trans    : 0.000000 / 0.000000
    cam_rot        : 0.000000 / 0.000000
    cam_trans      : 0.000000 / 0.000000
    fov            : 0.000000 / 0.000000
    global_rot     : 0.000000 / 0.000000
    joint_angle_regularization: 0.434525 / 0.441538
    joint_rot      : 0.000000 / 0.000000
    keypoint_2d    : 0.002302 / 0.002511
    keypoint_3d    : 0.000000 / 0.000000
    limb_scale_regularization: 0.000394 / 0.001125
    limb_trans_regularization: 0.000097 / 0.000208
    log_beta_scales: 0.000000 / 0.000000
    silhouette     : 0.000000 / 0.000000
    trans          : 0.000000 / 0.000000
  New best model saved with validation loss: 0.001013
  Checkpoint saved at epoch 17

Epoch 18:
  Train Loss = 0.000802, Val Loss = 0.001015, LR = 1.00e-04
  Parameter Errors (Train / Val):
    betas          : 43.129054 / 70.493462
    betas_trans    : 0.000000 / 0.000000
    cam_rot        : 0.000000 / 0.000000
    cam_trans      : 0.000000 / 0.000000
    fov            : 0.000000 / 0.000000
    global_rot     : 0.000000 / 0.000000
    joint_angle_regularization: 0.433305 / 0.441845
    joint_rot      : 0.000000 / 0.000000
    keypoint_2d    : 0.002315 / 0.002482
    keypoint_3d    : 0.000000 / 0.000000
    limb_scale_regularization: 0.000391 / 0.001115
    limb_trans_regularization: 0.000098 / 0.000213
    log_beta_scales: 0.000000 / 0.000000
    silhouette     : 0.000000 / 0.000000
    trans          : 0.000000 / 0.000000

Epoch 19:
  Train Loss = 0.000783, Val Loss = 0.000999, LR = 1.00e-04
  Parameter Errors (Train / Val):
    betas          : 43.709827 / 72.669945
    betas_trans    : 0.000000 / 0.000000
    cam_rot        : 0.000000 / 0.000000
    cam_trans      : 0.000000 / 0.000000
    fov            : 0.000000 / 0.000000
    global_rot     : 0.000000 / 0.000000
    joint_angle_regularization: 0.432660 / 0.442299
    joint_rot      : 0.000000 / 0.000000
    keypoint_2d    : 0.002186 / 0.002266
    keypoint_3d    : 0.000000 / 0.000000
    limb_scale_regularization: 0.000372 / 0.001130
    limb_trans_regularization: 0.000095 / 0.000217
    log_beta_scales: 0.000000 / 0.000000
    silhouette     : 0.000000 / 0.000000
    trans          : 0.000000 / 0.000000
  New best model saved with validation loss: 0.000999
  Checkpoint saved at epoch 19
Visualizing 5 samples from dataset: unknown
Generated 5 visualization images for epoch 19 in /hpcwork/mkd34160/smilify_runs/singleview_2d_lam0/visualizations/epoch_019
Visualizing 5 samples from dataset: unknown
Generated 5 visualization images for epoch 19 in /hpcwork/mkd34160/smilify_runs/singleview_2d_lam0/visualizations_train/epoch_019

Epoch 20:
  Train Loss = 0.000338, Val Loss = 0.000527, LR = 1.00e-04
  Parameter Errors (Train / Val):
    betas          : 42.677149 / 73.879349
    betas_trans    : 0.000000 / 0.000000
    cam_rot        : 0.000000 / 0.000000
    cam_trans      : 0.000000 / 0.000000
    fov            : 0.000000 / 0.000000
    global_rot     : 0.000000 / 0.000000
    joint_angle_regularization: 0.546097 / 0.647984
    joint_rot      : 0.000000 / 0.000000
    keypoint_2d    : 0.001847 / 0.001955
    keypoint_3d    : 0.000000 / 0.000000
    limb_scale_regularization: 0.000311 / 0.000983
    limb_trans_regularization: 0.000068 / 0.000168
    log_beta_scales: 0.000000 / 0.000000
    silhouette     : 0.000000 / 0.000000
    trans          : 0.000000 / 0.000000
  New best model saved with validation loss: 0.000527

Epoch 21:
  Train Loss = 0.000339, Val Loss = 0.000541, LR = 1.00e-04
  Parameter Errors (Train / Val):
    betas          : 39.879179 / 74.496552
    betas_trans    : 0.000000 / 0.000000
    cam_rot        : 0.000000 / 0.000000
    cam_trans      : 0.000000 / 0.000000
    fov            : 0.000000 / 0.000000
    global_rot     : 0.000000 / 0.000000
    joint_angle_regularization: 0.612608 / 0.690511
    joint_rot      : 0.000000 / 0.000000
    keypoint_2d    : 0.001859 / 0.002142
    keypoint_3d    : 0.000000 / 0.000000
    limb_scale_regularization: 0.000300 / 0.000909
    limb_trans_regularization: 0.000061 / 0.000167
    log_beta_scales: 0.000000 / 0.000000
    silhouette     : 0.000000 / 0.000000
    trans          : 0.000000 / 0.000000
  Checkpoint saved at epoch 21

Epoch 22:
  Train Loss = 0.000312, Val Loss = 0.000505, LR = 1.00e-04
  Parameter Errors (Train / Val):
    betas          : 38.717873 / 73.895096
    betas_trans    : 0.000000 / 0.000000
    cam_rot        : 0.000000 / 0.000000
    cam_trans      : 0.000000 / 0.000000
    fov            : 0.000000 / 0.000000
    global_rot     : 0.000000 / 0.000000
    joint_angle_regularization: 0.638283 / 0.713475
    joint_rot      : 0.000000 / 0.000000
    keypoint_2d    : 0.001665 / 0.001879
    keypoint_3d    : 0.000000 / 0.000000
    limb_scale_regularization: 0.000262 / 0.000877
    limb_trans_regularization: 0.000056 / 0.000158
    log_beta_scales: 0.000000 / 0.000000
    silhouette     : 0.000000 / 0.000000
    trans          : 0.000000 / 0.000000
  New best model saved with validation loss: 0.000505

Epoch 23:
  Train Loss = 0.000296, Val Loss = 0.000455, LR = 1.00e-04
  Parameter Errors (Train / Val):
    betas          : 38.392447 / 74.424103
    betas_trans    : 0.000000 / 0.000000
    cam_rot        : 0.000000 / 0.000000
    cam_trans      : 0.000000 / 0.000000
    fov            : 0.000000 / 0.000000
    global_rot     : 0.000000 / 0.000000
    joint_angle_regularization: 0.653664 / 0.730274
    joint_rot      : 0.000000 / 0.000000
    keypoint_2d    : 0.001560 / 0.001544
    keypoint_3d    : 0.000000 / 0.000000
    limb_scale_regularization: 0.000230 / 0.000817
    limb_trans_regularization: 0.000052 / 0.000146
    log_beta_scales: 0.000000 / 0.000000
    silhouette     : 0.000000 / 0.000000
    trans          : 0.000000 / 0.000000
  New best model saved with validation loss: 0.000455
  Checkpoint saved at epoch 23

Epoch 24:
  Train Loss = 0.000290, Val Loss = 0.000491, LR = 1.00e-04
  Parameter Errors (Train / Val):
    betas          : 37.915599 / 74.677429
    betas_trans    : 0.000000 / 0.000000
    cam_rot        : 0.000000 / 0.000000
    cam_trans      : 0.000000 / 0.000000
    fov            : 0.000000 / 0.000000
    global_rot     : 0.000000 / 0.000000
    joint_angle_regularization: 0.665070 / 0.737926
    joint_rot      : 0.000000 / 0.000000
    keypoint_2d    : 0.001528 / 0.002038
    keypoint_3d    : 0.000000 / 0.000000
    limb_scale_regularization: 0.000206 / 0.000762
    limb_trans_regularization: 0.000050 / 0.000138
    log_beta_scales: 0.000000 / 0.000000
    silhouette     : 0.000000 / 0.000000
    trans          : 0.000000 / 0.000000

Epoch 25:
  Train Loss = 0.000280, Val Loss = 0.000440, LR = 1.00e-04
  Parameter Errors (Train / Val):
    betas          : 37.617553 / 74.325600
    betas_trans    : 0.000000 / 0.000000
    cam_rot        : 0.000000 / 0.000000
    cam_trans      : 0.000000 / 0.000000
    fov            : 0.000000 / 0.000000
    global_rot     : 0.000000 / 0.000000
    joint_angle_regularization: 0.674970 / 0.747461
    joint_rot      : 0.000000 / 0.000000
    keypoint_2d    : 0.001461 / 0.001652
    keypoint_3d    : 0.000000 / 0.000000
    limb_scale_regularization: 0.000187 / 0.000708
    limb_trans_regularization: 0.000048 / 0.000130
    log_beta_scales: 0.000000 / 0.000000
    silhouette     : 0.000000 / 0.000000
    trans          : 0.000000 / 0.000000
  New best model saved with validation loss: 0.000440
  Checkpoint saved at epoch 25

Epoch 26:
  Train Loss = 0.000274, Val Loss = 0.000451, LR = 1.00e-04
  Parameter Errors (Train / Val):
    betas          : 37.677750 / 72.419937
    betas_trans    : 0.000000 / 0.000000
    cam_rot        : 0.000000 / 0.000000
    cam_trans      : 0.000000 / 0.000000
    fov            : 0.000000 / 0.000000
    global_rot     : 0.000000 / 0.000000
    joint_angle_regularization: 0.683129 / 0.756992
    joint_rot      : 0.000000 / 0.000000
    keypoint_2d    : 0.001426 / 0.001899
    keypoint_3d    : 0.000000 / 0.000000
    limb_scale_regularization: 0.000173 / 0.000655
    limb_trans_regularization: 0.000046 / 0.000119
    log_beta_scales: 0.000000 / 0.000000
    silhouette     : 0.000000 / 0.000000
    trans          : 0.000000 / 0.000000

Epoch 27:
  Train Loss = 0.000274, Val Loss = 0.000418, LR = 1.00e-04
  Parameter Errors (Train / Val):
    betas          : 37.571188 / 71.694031
    betas_trans    : 0.000000 / 0.000000
    cam_rot        : 0.000000 / 0.000000
    cam_trans      : 0.000000 / 0.000000
    fov            : 0.000000 / 0.000000
    global_rot     : 0.000000 / 0.000000
    joint_angle_regularization: 0.690580 / 0.767016
    joint_rot      : 0.000000 / 0.000000
    keypoint_2d    : 0.001439 / 0.001700
    keypoint_3d    : 0.000000 / 0.000000
    limb_scale_regularization: 0.000161 / 0.000596
    limb_trans_regularization: 0.000045 / 0.000111
    log_beta_scales: 0.000000 / 0.000000
    silhouette     : 0.000000 / 0.000000
    trans          : 0.000000 / 0.000000
  New best model saved with validation loss: 0.000418
  Checkpoint saved at epoch 27

Epoch 28:
  Train Loss = 0.000268, Val Loss = 0.000384, LR = 1.00e-04
  Parameter Errors (Train / Val):
    betas          : 37.304353 / 71.602699
    betas_trans    : 0.000000 / 0.000000
    cam_rot        : 0.000000 / 0.000000
    cam_trans      : 0.000000 / 0.000000
    fov            : 0.000000 / 0.000000
    global_rot     : 0.000000 / 0.000000
    joint_angle_regularization: 0.697723 / 0.776057
    joint_rot      : 0.000000 / 0.000000
    keypoint_2d    : 0.001406 / 0.001432
    keypoint_3d    : 0.000000 / 0.000000
    limb_scale_regularization: 0.000149 / 0.000567
    limb_trans_regularization: 0.000043 / 0.000107
    log_beta_scales: 0.000000 / 0.000000
    silhouette     : 0.000000 / 0.000000
    trans          : 0.000000 / 0.000000
  New best model saved with validation loss: 0.000384

Epoch 29:
  Train Loss = 0.000267, Val Loss = 0.000410, LR = 1.00e-04
  Parameter Errors (Train / Val):
    betas          : 37.316331 / 71.130074
    betas_trans    : 0.000000 / 0.000000
    cam_rot        : 0.000000 / 0.000000
    cam_trans      : 0.000000 / 0.000000
    fov            : 0.000000 / 0.000000
    global_rot     : 0.000000 / 0.000000
    joint_angle_regularization: 0.704710 / 0.782465
    joint_rot      : 0.000000 / 0.000000
    keypoint_2d    : 0.001393 / 0.001738
    keypoint_3d    : 0.000000 / 0.000000
    limb_scale_regularization: 0.000145 / 0.000545
    limb_trans_regularization: 0.000042 / 0.000103
    log_beta_scales: 0.000000 / 0.000000
    silhouette     : 0.000000 / 0.000000
    trans          : 0.000000 / 0.000000
  Checkpoint saved at epoch 29
Visualizing 5 samples from dataset: unknown
Generated 5 visualization images for epoch 29 in /hpcwork/mkd34160/smilify_runs/singleview_2d_lam0/visualizations/epoch_029
Visualizing 5 samples from dataset: unknown
Generated 5 visualization images for epoch 29 in /hpcwork/mkd34160/smilify_runs/singleview_2d_lam0/visualizations_train/epoch_029

Epoch 30:
  Train Loss = 0.000257, Val Loss = 0.000378, LR = 1.00e-04
  Parameter Errors (Train / Val):
    betas          : 37.237505 / 72.353699
    betas_trans    : 0.000000 / 0.000000
    cam_rot        : 0.000000 / 0.000000
    cam_trans      : 0.000000 / 0.000000
    fov            : 0.000000 / 0.000000
    global_rot     : 0.000000 / 0.000000
    joint_angle_regularization: 0.710586 / 0.786863
    joint_rot      : 0.000000 / 0.000000
    keypoint_2d    : 0.001324 / 0.001431
    keypoint_3d    : 0.000000 / 0.000000
    limb_scale_regularization: 0.000135 / 0.000546
    limb_trans_regularization: 0.000040 / 0.000102
    log_beta_scales: 0.000000 / 0.000000
    silhouette     : 0.000000 / 0.000000
    trans          : 0.000000 / 0.000000
  New best model saved with validation loss: 0.000378

Epoch 31:
  Train Loss = 0.000253, Val Loss = 0.000371, LR = 1.00e-04
  Parameter Errors (Train / Val):
    betas          : 36.935994 / 73.057213
    betas_trans    : 0.000000 / 0.000000
    cam_rot        : 0.000000 / 0.000000
    cam_trans      : 0.000000 / 0.000000
    fov            : 0.000000 / 0.000000
    global_rot     : 0.000000 / 0.000000
    joint_angle_regularization: 0.716428 / 0.789789
    joint_rot      : 0.000000 / 0.000000
    keypoint_2d    : 0.001297 / 0.001371
    keypoint_3d    : 0.000000 / 0.000000
    limb_scale_regularization: 0.000129 / 0.000523
    limb_trans_regularization: 0.000039 / 0.000102
    log_beta_scales: 0.000000 / 0.000000
    silhouette     : 0.000000 / 0.000000
    trans          : 0.000000 / 0.000000
  New best model saved with validation loss: 0.000371
  Checkpoint saved at epoch 31

Epoch 32:
  Train Loss = 0.000250, Val Loss = 0.000375, LR = 1.00e-04
  Parameter Errors (Train / Val):
    betas          : 36.988707 / 73.603806
    betas_trans    : 0.000000 / 0.000000
    cam_rot        : 0.000000 / 0.000000
    cam_trans      : 0.000000 / 0.000000
    fov            : 0.000000 / 0.000000
    global_rot     : 0.000000 / 0.000000
    joint_angle_regularization: 0.721655 / 0.792505
    joint_rot      : 0.000000 / 0.000000
    keypoint_2d    : 0.001270 / 0.001449
    keypoint_3d    : 0.000000 / 0.000000
    limb_scale_regularization: 0.000125 / 0.000524
    limb_trans_regularization: 0.000038 / 0.000098
    log_beta_scales: 0.000000 / 0.000000
    silhouette     : 0.000000 / 0.000000
    trans          : 0.000000 / 0.000000

Epoch 33:
  Train Loss = 0.000255, Val Loss = 0.000357, LR = 1.00e-04
  Parameter Errors (Train / Val):
    betas          : 36.690301 / 74.456665
    betas_trans    : 0.000000 / 0.000000
    cam_rot        : 0.000000 / 0.000000
    cam_trans      : 0.000000 / 0.000000
    fov            : 0.000000 / 0.000000
    global_rot     : 0.000000 / 0.000000
    joint_angle_regularization: 0.727174 / 0.794720
    joint_rot      : 0.000000 / 0.000000
    keypoint_2d    : 0.001318 / 0.001288
    keypoint_3d    : 0.000000 / 0.000000
    limb_scale_regularization: 0.000125 / 0.000509
    limb_trans_regularization: 0.000038 / 0.000097
    log_beta_scales: 0.000000 / 0.000000
    silhouette     : 0.000000 / 0.000000
    trans          : 0.000000 / 0.000000
  New best model saved with validation loss: 0.000357
  Checkpoint saved at epoch 33

Epoch 34:
  Train Loss = 0.000242, Val Loss = 0.000358, LR = 1.00e-04
  Parameter Errors (Train / Val):
    betas          : 36.595352 / 74.728889
    betas_trans    : 0.000000 / 0.000000
    cam_rot        : 0.000000 / 0.000000
    cam_trans      : 0.000000 / 0.000000
    fov            : 0.000000 / 0.000000
    global_rot     : 0.000000 / 0.000000
    joint_angle_regularization: 0.731594 / 0.796275
    joint_rot      : 0.000000 / 0.000000
    keypoint_2d    : 0.001212 / 0.001323
    keypoint_3d    : 0.000000 / 0.000000
    limb_scale_regularization: 0.000116 / 0.000517
    limb_trans_regularization: 0.000037 / 0.000095
    log_beta_scales: 0.000000 / 0.000000
    silhouette     : 0.000000 / 0.000000
    trans          : 0.000000 / 0.000000

Epoch 35:
  Train Loss = 0.000243, Val Loss = 0.000366, LR = 1.00e-04
  Parameter Errors (Train / Val):
    betas          : 36.368007 / 75.401474
    betas_trans    : 0.000000 / 0.000000
    cam_rot        : 0.000000 / 0.000000
    cam_trans      : 0.000000 / 0.000000
    fov            : 0.000000 / 0.000000
    global_rot     : 0.000000 / 0.000000
    joint_angle_regularization: 0.735086 / 0.798727
    joint_rot      : 0.000000 / 0.000000
    keypoint_2d    : 0.001214 / 0.001401
    keypoint_3d    : 0.000000 / 0.000000
    limb_scale_regularization: 0.000115 / 0.000502
    limb_trans_regularization: 0.000036 / 0.000096
    log_beta_scales: 0.000000 / 0.000000
    silhouette     : 0.000000 / 0.000000
    trans          : 0.000000 / 0.000000
  Checkpoint saved at epoch 35

Epoch 36:
  Train Loss = 0.000243, Val Loss = 0.000350, LR = 1.00e-04
  Parameter Errors (Train / Val):
    betas          : 36.276247 / 75.744583
    betas_trans    : 0.000000 / 0.000000
    cam_rot        : 0.000000 / 0.000000
    cam_trans      : 0.000000 / 0.000000
    fov            : 0.000000 / 0.000000
    global_rot     : 0.000000 / 0.000000
    joint_angle_regularization: 0.738868 / 0.800100
    joint_rot      : 0.000000 / 0.000000
    keypoint_2d    : 0.001226 / 0.001260
    keypoint_3d    : 0.000000 / 0.000000
    limb_scale_regularization: 0.000114 / 0.000497
    limb_trans_regularization: 0.000036 / 0.000094
    log_beta_scales: 0.000000 / 0.000000
    silhouette     : 0.000000 / 0.000000
    trans          : 0.000000 / 0.000000
  New best model saved with validation loss: 0.000350

Epoch 37:
  Train Loss = 0.000251, Val Loss = 0.000372, LR = 1.00e-04
  Parameter Errors (Train / Val):
    betas          : 36.539705 / 76.104263
    betas_trans    : 0.000000 / 0.000000
    cam_rot        : 0.000000 / 0.000000
    cam_trans      : 0.000000 / 0.000000
    fov            : 0.000000 / 0.000000
    global_rot     : 0.000000 / 0.000000
    joint_angle_regularization: 0.742919 / 0.801349
    joint_rot      : 0.000000 / 0.000000
    keypoint_2d    : 0.001280 / 0.001504
    keypoint_3d    : 0.000000 / 0.000000
    limb_scale_regularization: 0.000118 / 0.000482
    limb_trans_regularization: 0.000037 / 0.000093
    log_beta_scales: 0.000000 / 0.000000
    silhouette     : 0.000000 / 0.000000
    trans          : 0.000000 / 0.000000
  Checkpoint saved at epoch 37

Epoch 38:
  Train Loss = 0.000232, Val Loss = 0.000354, LR = 1.00e-04
  Parameter Errors (Train / Val):
    betas          : 36.387442 / 76.785004
    betas_trans    : 0.000000 / 0.000000
    cam_rot        : 0.000000 / 0.000000
    cam_trans      : 0.000000 / 0.000000
    fov            : 0.000000 / 0.000000
    global_rot     : 0.000000 / 0.000000
    joint_angle_regularization: 0.745645 / 0.803339
    joint_rot      : 0.000000 / 0.000000
    keypoint_2d    : 0.001132 / 0.001338
    keypoint_3d    : 0.000000 / 0.000000
    limb_scale_regularization: 0.000107 / 0.000483
    limb_trans_regularization: 0.000034 / 0.000091
    log_beta_scales: 0.000000 / 0.000000
    silhouette     : 0.000000 / 0.000000
    trans          : 0.000000 / 0.000000

Epoch 39:
  Train Loss = 0.000247, Val Loss = 0.000349, LR = 1.00e-04
  Parameter Errors (Train / Val):
    betas          : 35.839419 / 77.218536
    betas_trans    : 0.000000 / 0.000000
    cam_rot        : 0.000000 / 0.000000
    cam_trans      : 0.000000 / 0.000000
    fov            : 0.000000 / 0.000000
    global_rot     : 0.000000 / 0.000000
    joint_angle_regularization: 0.748924 / 0.804761
    joint_rot      : 0.000000 / 0.000000
    keypoint_2d    : 0.001259 / 0.001276
    keypoint_3d    : 0.000000 / 0.000000
    limb_scale_regularization: 0.000110 / 0.000484
    limb_trans_regularization: 0.000035 / 0.000092
    log_beta_scales: 0.000000 / 0.000000
    silhouette     : 0.000000 / 0.000000
    trans          : 0.000000 / 0.000000
  New best model saved with validation loss: 0.000349
  Checkpoint saved at epoch 39
Visualizing 5 samples from dataset: unknown
Generated 5 visualization images for epoch 39 in /hpcwork/mkd34160/smilify_runs/singleview_2d_lam0/visualizations/epoch_039
Visualizing 5 samples from dataset: unknown
Generated 5 visualization images for epoch 39 in /hpcwork/mkd34160/smilify_runs/singleview_2d_lam0/visualizations_train/epoch_039

Epoch 40:
  Train Loss = 0.000244, Val Loss = 0.000340, LR = 1.00e-04
  Parameter Errors (Train / Val):
    betas          : 35.892700 / 76.844620
    betas_trans    : 0.000000 / 0.000000
    cam_rot        : 0.000000 / 0.000000
    cam_trans      : 0.000000 / 0.000000
    fov            : 0.000000 / 0.000000
    global_rot     : 0.000000 / 0.000000
    joint_angle_regularization: 0.751775 / 0.806462
    joint_rot      : 0.000000 / 0.000000
    keypoint_2d    : 0.001245 / 0.001183
    keypoint_3d    : 0.000000 / 0.000000
    limb_scale_regularization: 0.000107 / 0.000489
    limb_trans_regularization: 0.000034 / 0.000092
    log_beta_scales: 0.000000 / 0.000000
    silhouette     : 0.000000 / 0.000000
    trans          : 0.000000 / 0.000000
  New best model saved with validation loss: 0.000340

Epoch 41:
  Train Loss = 0.000227, Val Loss = 0.000374, LR = 1.00e-04
  Parameter Errors (Train / Val):
    betas          : 35.736117 / 77.438179
    betas_trans    : 0.000000 / 0.000000
    cam_rot        : 0.000000 / 0.000000
    cam_trans      : 0.000000 / 0.000000
    fov            : 0.000000 / 0.000000
    global_rot     : 0.000000 / 0.000000
    joint_angle_regularization: 0.753577 / 0.807456
    joint_rot      : 0.000000 / 0.000000
    keypoint_2d    : 0.001087 / 0.001553
    keypoint_3d    : 0.000000 / 0.000000
    limb_scale_regularization: 0.000100 / 0.000478
    limb_trans_regularization: 0.000033 / 0.000090
    log_beta_scales: 0.000000 / 0.000000
    silhouette     : 0.000000 / 0.000000
    trans          : 0.000000 / 0.000000
  Checkpoint saved at epoch 41

Epoch 42:
  Train Loss = 0.000221, Val Loss = 0.000355, LR = 1.00e-04
  Parameter Errors (Train / Val):
    betas          : 35.923532 / 78.306007
    betas_trans    : 0.000000 / 0.000000
    cam_rot        : 0.000000 / 0.000000
    cam_trans      : 0.000000 / 0.000000
    fov            : 0.000000 / 0.000000
    global_rot     : 0.000000 / 0.000000
    joint_angle_regularization: 0.755454 / 0.808041
    joint_rot      : 0.000000 / 0.000000
    keypoint_2d    : 0.001040 / 0.001385
    keypoint_3d    : 0.000000 / 0.000000
    limb_scale_regularization: 0.000096 / 0.000474
    limb_trans_regularization: 0.000032 / 0.000088
    log_beta_scales: 0.000000 / 0.000000
    silhouette     : 0.000000 / 0.000000
    trans          : 0.000000 / 0.000000

Epoch 43:
  Train Loss = 0.000224, Val Loss = 0.000348, LR = 1.00e-04
  Parameter Errors (Train / Val):
    betas          : 35.768991 / 78.175842
    betas_trans    : 0.000000 / 0.000000
    cam_rot        : 0.000000 / 0.000000
    cam_trans      : 0.000000 / 0.000000
    fov            : 0.000000 / 0.000000
    global_rot     : 0.000000 / 0.000000
    joint_angle_regularization: 0.757759 / 0.808890
    joint_rot      : 0.000000 / 0.000000
    keypoint_2d    : 0.001066 / 0.001316
    keypoint_3d    : 0.000000 / 0.000000
    limb_scale_regularization: 0.000097 / 0.000461
    limb_trans_regularization: 0.000032 / 0.000089
    log_beta_scales: 0.000000 / 0.000000
    silhouette     : 0.000000 / 0.000000
    trans          : 0.000000 / 0.000000
  Checkpoint saved at epoch 43

Epoch 44:
  Train Loss = 0.000230, Val Loss = 0.000341, LR = 1.00e-04
  Parameter Errors (Train / Val):
    betas          : 35.914290 / 78.745850
    betas_trans    : 0.000000 / 0.000000
    cam_rot        : 0.000000 / 0.000000
    cam_trans      : 0.000000 / 0.000000
    fov            : 0.000000 / 0.000000
    global_rot     : 0.000000 / 0.000000
    joint_angle_regularization: 0.759168 / 0.810652
    joint_rot      : 0.000000 / 0.000000
    keypoint_2d    : 0.001115 / 0.001236
    keypoint_3d    : 0.000000 / 0.000000
    limb_scale_regularization: 0.000098 / 0.000464
    limb_trans_regularization: 0.000032 / 0.000090
    log_beta_scales: 0.000000 / 0.000000
    silhouette     : 0.000000 / 0.000000
    trans          : 0.000000 / 0.000000

Epoch 45:
  Train Loss = 0.000237, Val Loss = 0.000343, LR = 1.00e-04
  Parameter Errors (Train / Val):
    betas          : 35.857057 / 78.742928
    betas_trans    : 0.000000 / 0.000000
    cam_rot        : 0.000000 / 0.000000
    cam_trans      : 0.000000 / 0.000000
    fov            : 0.000000 / 0.000000
    global_rot     : 0.000000 / 0.000000
    joint_angle_regularization: 0.761141 / 0.811517
    joint_rot      : 0.000000 / 0.000000
    keypoint_2d    : 0.001178 / 0.001300
    keypoint_3d    : 0.000000 / 0.000000
    limb_scale_regularization: 0.000101 / 0.000453
    limb_trans_regularization: 0.000033 / 0.000087
    log_beta_scales: 0.000000 / 0.000000
    silhouette     : 0.000000 / 0.000000
    trans          : 0.000000 / 0.000000
  Checkpoint saved at epoch 45

Epoch 46:
  Train Loss = 0.000240, Val Loss = 0.000336, LR = 1.00e-04
  Parameter Errors (Train / Val):
    betas          : 36.071411 / 79.063835
    betas_trans    : 0.000000 / 0.000000
    cam_rot        : 0.000000 / 0.000000
    cam_trans      : 0.000000 / 0.000000
    fov            : 0.000000 / 0.000000
    global_rot     : 0.000000 / 0.000000
    joint_angle_regularization: 0.762944 / 0.812212
    joint_rot      : 0.000000 / 0.000000
    keypoint_2d    : 0.001201 / 0.001202
    keypoint_3d    : 0.000000 / 0.000000
    limb_scale_regularization: 0.000104 / 0.000461
    limb_trans_regularization: 0.000033 / 0.000088
    log_beta_scales: 0.000000 / 0.000000
    silhouette     : 0.000000 / 0.000000
    trans          : 0.000000 / 0.000000
  New best model saved with validation loss: 0.000336

Epoch 47:
  Train Loss = 0.000225, Val Loss = 0.000346, LR = 1.00e-04
  Parameter Errors (Train / Val):
    betas          : 36.099859 / 79.033470
    betas_trans    : 0.000000 / 0.000000
    cam_rot        : 0.000000 / 0.000000
    cam_trans      : 0.000000 / 0.000000
    fov            : 0.000000 / 0.000000
    global_rot     : 0.000000 / 0.000000
    joint_angle_regularization: 0.764278 / 0.813710
    joint_rot      : 0.000000 / 0.000000
    keypoint_2d    : 0.001069 / 0.001308
    keypoint_3d    : 0.000000 / 0.000000
    limb_scale_regularization: 0.000095 / 0.000460
    limb_trans_regularization: 0.000032 / 0.000087
    log_beta_scales: 0.000000 / 0.000000
    silhouette     : 0.000000 / 0.000000
    trans          : 0.000000 / 0.000000
  Checkpoint saved at epoch 47

Epoch 48:
  Train Loss = 0.000233, Val Loss = 0.000342, LR = 1.00e-04
  Parameter Errors (Train / Val):
    betas          : 35.938230 / 79.812569
    betas_trans    : 0.000000 / 0.000000
    cam_rot        : 0.000000 / 0.000000
    cam_trans      : 0.000000 / 0.000000
    fov            : 0.000000 / 0.000000
    global_rot     : 0.000000 / 0.000000
    joint_angle_regularization: 0.765493 / 0.814321
    joint_rot      : 0.000000 / 0.000000
    keypoint_2d    : 0.001146 / 0.001276
    keypoint_3d    : 0.000000 / 0.000000
    limb_scale_regularization: 0.000097 / 0.000451
    limb_trans_regularization: 0.000032 / 0.000088
    log_beta_scales: 0.000000 / 0.000000
    silhouette     : 0.000000 / 0.000000
    trans          : 0.000000 / 0.000000

Epoch 49:
  Train Loss = 0.000217, Val Loss = 0.000336, LR = 1.00e-04
  Parameter Errors (Train / Val):
    betas          : 35.897606 / 79.575867
    betas_trans    : 0.000000 / 0.000000
    cam_rot        : 0.000000 / 0.000000
    cam_trans      : 0.000000 / 0.000000
    fov            : 0.000000 / 0.000000
    global_rot     : 0.000000 / 0.000000
    joint_angle_regularization: 0.766667 / 0.814829
    joint_rot      : 0.000000 / 0.000000
    keypoint_2d    : 0.001009 / 0.001211
    keypoint_3d    : 0.000000 / 0.000000
    limb_scale_regularization: 0.000089 / 0.000456
    limb_trans_regularization: 0.000031 / 0.000088
    log_beta_scales: 0.000000 / 0.000000
    silhouette     : 0.000000 / 0.000000
    trans          : 0.000000 / 0.000000
  Checkpoint saved at epoch 49
Visualizing 5 samples from dataset: unknown
Generated 5 visualization images for epoch 49 in /hpcwork/mkd34160/smilify_runs/singleview_2d_lam0/visualizations/epoch_049
Visualizing 5 samples from dataset: unknown
Generated 5 visualization images for epoch 49 in /hpcwork/mkd34160/smilify_runs/singleview_2d_lam0/visualizations_train/epoch_049

Epoch 50:
  Train Loss = 0.000141, Val Loss = 0.000258, LR = 1.00e-04
  Parameter Errors (Train / Val):
    betas          : 35.953610 / 80.691940
    betas_trans    : 0.000000 / 0.000000
    cam_rot        : 0.000000 / 0.000000
    cam_trans      : 0.000000 / 0.000000
    fov            : 0.000000 / 0.000000
    global_rot     : 0.000000 / 0.000000
    joint_angle_regularization: 0.804463 / 0.900776
    joint_rot      : 0.000000 / 0.000000
    keypoint_2d    : 0.000956 / 0.001192
    keypoint_3d    : 0.000000 / 0.000000
    limb_scale_regularization: 0.000086 / 0.000448
    limb_trans_regularization: 0.000029 / 0.000085
    log_beta_scales: 0.000000 / 0.000000
    silhouette     : 0.000000 / 0.000000
    trans          : 0.000000 / 0.000000
  New best model saved with validation loss: 0.000258

Epoch 51:
  Train Loss = 0.000146, Val Loss = 0.000258, LR = 1.00e-04
  Parameter Errors (Train / Val):
    betas          : 35.751611 / 80.087379
    betas_trans    : 0.000000 / 0.000000
    cam_rot        : 0.000000 / 0.000000
    cam_trans      : 0.000000 / 0.000000
    fov            : 0.000000 / 0.000000
    global_rot     : 0.000000 / 0.000000
    joint_angle_regularization: 0.836661 / 0.930661
    joint_rot      : 0.000000 / 0.000000
    keypoint_2d    : 0.001000 / 0.001205
    keypoint_3d    : 0.000000 / 0.000000
    limb_scale_regularization: 0.000088 / 0.000445
    limb_trans_regularization: 0.000029 / 0.000084
    log_beta_scales: 0.000000 / 0.000000
    silhouette     : 0.000000 / 0.000000
    trans          : 0.000000 / 0.000000
  New best model saved with validation loss: 0.000258
  Checkpoint saved at epoch 51

Epoch 52:
  Train Loss = 0.000138, Val Loss = 0.000269, LR = 1.00e-04
  Parameter Errors (Train / Val):
    betas          : 35.593002 / 81.237610
    betas_trans    : 0.000000 / 0.000000
    cam_rot        : 0.000000 / 0.000000
    cam_trans      : 0.000000 / 0.000000
    fov            : 0.000000 / 0.000000
    global_rot     : 0.000000 / 0.000000
    joint_angle_regularization: 0.852024 / 0.948231
    joint_rot      : 0.000000 / 0.000000
    keypoint_2d    : 0.000937 / 0.001324
    keypoint_3d    : 0.000000 / 0.000000
    limb_scale_regularization: 0.000083 / 0.000440
    limb_trans_regularization: 0.000028 / 0.000083
    log_beta_scales: 0.000000 / 0.000000
    silhouette     : 0.000000 / 0.000000
    trans          : 0.000000 / 0.000000

Epoch 53:
  Train Loss = 0.000143, Val Loss = 0.000235, LR = 1.00e-04
  Parameter Errors (Train / Val):
    betas          : 35.453530 / 81.478134
    betas_trans    : 0.000000 / 0.000000
    cam_rot        : 0.000000 / 0.000000
    cam_trans      : 0.000000 / 0.000000
    fov            : 0.000000 / 0.000000
    global_rot     : 0.000000 / 0.000000
    joint_angle_regularization: 0.863121 / 0.962141
    joint_rot      : 0.000000 / 0.000000
    keypoint_2d    : 0.000979 / 0.000990
    keypoint_3d    : 0.000000 / 0.000000
    limb_scale_regularization: 0.000084 / 0.000438
    limb_trans_regularization: 0.000028 / 0.000083
    log_beta_scales: 0.000000 / 0.000000
    silhouette     : 0.000000 / 0.000000
    trans          : 0.000000 / 0.000000
  New best model saved with validation loss: 0.000235
  Checkpoint saved at epoch 53

Epoch 54:
  Train Loss = 0.000143, Val Loss = 0.000262, LR = 1.00e-04
  Parameter Errors (Train / Val):
    betas          : 35.337660 / 81.794296
    betas_trans    : 0.000000 / 0.000000
    cam_rot        : 0.000000 / 0.000000
    cam_trans      : 0.000000 / 0.000000
    fov            : 0.000000 / 0.000000
    global_rot     : 0.000000 / 0.000000
    joint_angle_regularization: 0.871713 / 0.971801
    joint_rot      : 0.000000 / 0.000000
    keypoint_2d    : 0.000979 / 0.001287
    keypoint_3d    : 0.000000 / 0.000000
    limb_scale_regularization: 0.000084 / 0.000430
    limb_trans_regularization: 0.000028 / 0.000080
    log_beta_scales: 0.000000 / 0.000000
    silhouette     : 0.000000 / 0.000000
    trans          : 0.000000 / 0.000000

Epoch 55:
  Train Loss = 0.000133, Val Loss = 0.000246, LR = 1.00e-04
  Parameter Errors (Train / Val):
    betas          : 35.358068 / 82.565842
    betas_trans    : 0.000000 / 0.000000
    cam_rot        : 0.000000 / 0.000000
    cam_trans      : 0.000000 / 0.000000
    fov            : 0.000000 / 0.000000
    global_rot     : 0.000000 / 0.000000
    joint_angle_regularization: 0.880062 / 0.982149
    joint_rot      : 0.000000 / 0.000000
    keypoint_2d    : 0.000894 / 0.001118
    keypoint_3d    : 0.000000 / 0.000000
    limb_scale_regularization: 0.000080 / 0.000441
    limb_trans_regularization: 0.000027 / 0.000080
    log_beta_scales: 0.000000 / 0.000000
    silhouette     : 0.000000 / 0.000000
    trans          : 0.000000 / 0.000000
  Checkpoint saved at epoch 55

Epoch 56:
  Train Loss = 0.000135, Val Loss = 0.000246, LR = 1.00e-04
  Parameter Errors (Train / Val):
    betas          : 35.185218 / 82.484871
    betas_trans    : 0.000000 / 0.000000
    cam_rot        : 0.000000 / 0.000000
    cam_trans      : 0.000000 / 0.000000
    fov            : 0.000000 / 0.000000
    global_rot     : 0.000000 / 0.000000
    joint_angle_regularization: 0.887059 / 0.990571
    joint_rot      : 0.000000 / 0.000000
    keypoint_2d    : 0.000919 / 0.001143
    keypoint_3d    : 0.000000 / 0.000000
    limb_scale_regularization: 0.000080 / 0.000428
    limb_trans_regularization: 0.000027 / 0.000079
    log_beta_scales: 0.000000 / 0.000000
    silhouette     : 0.000000 / 0.000000
    trans          : 0.000000 / 0.000000

Epoch 57:
  Train Loss = 0.000131, Val Loss = 0.000262, LR = 1.00e-04
  Parameter Errors (Train / Val):
    betas          : 35.392206 / 82.753273
    betas_trans    : 0.000000 / 0.000000
    cam_rot        : 0.000000 / 0.000000
    cam_trans      : 0.000000 / 0.000000
    fov            : 0.000000 / 0.000000
    global_rot     : 0.000000 / 0.000000
    joint_angle_regularization: 0.893877 / 0.998020
    joint_rot      : 0.000000 / 0.000000
    keypoint_2d    : 0.000879 / 0.001254
    keypoint_3d    : 0.000000 / 0.000000
    limb_scale_regularization: 0.000077 / 0.000431
    limb_trans_regularization: 0.000026 / 0.000083
    log_beta_scales: 0.000000 / 0.000000
    silhouette     : 0.000000 / 0.000000
    trans          : 0.000000 / 0.000000
  Checkpoint saved at epoch 57

Epoch 58:
  Train Loss = 0.000132, Val Loss = 0.000255, LR = 1.00e-04
  Parameter Errors (Train / Val):
    betas          : 35.181798 / 82.582962
    betas_trans    : 0.000000 / 0.000000
    cam_rot        : 0.000000 / 0.000000
    cam_trans      : 0.000000 / 0.000000
    fov            : 0.000000 / 0.000000
    global_rot     : 0.000000 / 0.000000
    joint_angle_regularization: 0.900763 / 1.004733
    joint_rot      : 0.000000 / 0.000000
    keypoint_2d    : 0.000895 / 0.001205
    keypoint_3d    : 0.000000 / 0.000000
    limb_scale_regularization: 0.000077 / 0.000428
    limb_trans_regularization: 0.000026 / 0.000082
    log_beta_scales: 0.000000 / 0.000000
    silhouette     : 0.000000 / 0.000000
    trans          : 0.000000 / 0.000000

Epoch 59:
  Train Loss = 0.000124, Val Loss = 0.000248, LR = 1.00e-04
  Parameter Errors (Train / Val):
    betas          : 35.225135 / 83.022163
    betas_trans    : 0.000000 / 0.000000
    cam_rot        : 0.000000 / 0.000000
    cam_trans      : 0.000000 / 0.000000
    fov            : 0.000000 / 0.000000
    global_rot     : 0.000000 / 0.000000
    joint_angle_regularization: 0.907301 / 1.011919
    joint_rot      : 0.000000 / 0.000000
    keypoint_2d    : 0.000823 / 0.001151
    keypoint_3d    : 0.000000 / 0.000000
    limb_scale_regularization: 0.000074 / 0.000430
    limb_trans_regularization: 0.000025 / 0.000080
    log_beta_scales: 0.000000 / 0.000000
    silhouette     : 0.000000 / 0.000000
    trans          : 0.000000 / 0.000000
  Checkpoint saved at epoch 59
Visualizing 5 samples from dataset: unknown
Generated 5 visualization images for epoch 59 in /hpcwork/mkd34160/smilify_runs/singleview_2d_lam0/visualizations/epoch_059
Visualizing 5 samples from dataset: unknown
Generated 5 visualization images for epoch 59 in /hpcwork/mkd34160/smilify_runs/singleview_2d_lam0/visualizations_train/epoch_059

Epoch 60:
  Train Loss = 0.000098, Val Loss = 0.000101, LR = 1.00e-04
  Parameter Errors (Train / Val):
    betas          : 35.244900 / 80.145485
    betas_trans    : 0.000000 / 0.000000
    cam_rot        : 0.000000 / 0.000000
    cam_trans      : 0.000000 / 0.000000
    fov            : 0.000000 / 0.000000
    global_rot     : 0.000000 / 0.000000
    joint_angle_regularization: 0.923953 / 1.036975
    joint_rot      : 0.000000 / 0.000000
    keypoint_2d    : 0.000805 / 0.000701
    keypoint_3d    : 0.000000 / 0.000000
    limb_scale_regularization: 0.003294 / 0.010533
    limb_trans_regularization: 0.000026 / 0.000038
    log_beta_scales: 0.000000 / 0.000000
    silhouette     : 0.000000 / 0.000000
    trans          : 0.000000 / 0.000000
  New best model saved with validation loss: 0.000101

Epoch 61:
  Train Loss = 0.000076, Val Loss = 0.000086, LR = 1.00e-04
  Parameter Errors (Train / Val):
    betas          : 33.687756 / 78.194283
    betas_trans    : 0.000000 / 0.000000
    cam_rot        : 0.000000 / 0.000000
    cam_trans      : 0.000000 / 0.000000
    fov            : 0.000000 / 0.000000
    global_rot     : 0.000000 / 0.000000
    joint_angle_regularization: 0.942073 / 1.048215
    joint_rot      : 0.000000 / 0.000000
    keypoint_2d    : 0.000598 / 0.000575
    keypoint_3d    : 0.000000 / 0.000000
    limb_scale_regularization: 0.007315 / 0.014648
    limb_trans_regularization: 0.000016 / 0.000025
    log_beta_scales: 0.000000 / 0.000000
    silhouette     : 0.000000 / 0.000000
    trans          : 0.000000 / 0.000000
  New best model saved with validation loss: 0.000086
  Checkpoint saved at epoch 61

Epoch 62:
  Train Loss = 0.000082, Val Loss = 0.000082, LR = 1.00e-04
  Parameter Errors (Train / Val):
    betas          : 32.403693 / 75.425316
    betas_trans    : 0.000000 / 0.000000
    cam_rot        : 0.000000 / 0.000000
    cam_trans      : 0.000000 / 0.000000
    fov            : 0.000000 / 0.000000
    global_rot     : 0.000000 / 0.000000
    joint_angle_regularization: 0.953963 / 1.054588
    joint_rot      : 0.000000 / 0.000000
    keypoint_2d    : 0.000652 / 0.000537
    keypoint_3d    : 0.000000 / 0.000000
    limb_scale_regularization: 0.009789 / 0.015878
    limb_trans_regularization: 0.000013 / 0.000022
    log_beta_scales: 0.000000 / 0.000000
    silhouette     : 0.000000 / 0.000000
    trans          : 0.000000 / 0.000000
  New best model saved with validation loss: 0.000082

Epoch 63:
  Train Loss = 0.000062, Val Loss = 0.000072, LR = 1.00e-04
  Parameter Errors (Train / Val):
    betas          : 31.375575 / 75.126556
    betas_trans    : 0.000000 / 0.000000
    cam_rot        : 0.000000 / 0.000000
    cam_trans      : 0.000000 / 0.000000
    fov            : 0.000000 / 0.000000
    global_rot     : 0.000000 / 0.000000
    joint_angle_regularization: 0.962091 / 1.058680
    joint_rot      : 0.000000 / 0.000000
    keypoint_2d    : 0.000458 / 0.000438
    keypoint_3d    : 0.000000 / 0.000000
    limb_scale_regularization: 0.010305 / 0.017099
    limb_trans_regularization: 0.000011 / 0.000020
    log_beta_scales: 0.000000 / 0.000000
    silhouette     : 0.000000 / 0.000000
    trans          : 0.000000 / 0.000000
  New best model saved with validation loss: 0.000072
  Checkpoint saved at epoch 63

Epoch 64:
  Train Loss = 0.000060, Val Loss = 0.000072, LR = 1.00e-04
  Parameter Errors (Train / Val):
    betas          : 30.726173 / 73.902260
    betas_trans    : 0.000000 / 0.000000
    cam_rot        : 0.000000 / 0.000000
    cam_trans      : 0.000000 / 0.000000
    fov            : 0.000000 / 0.000000
    global_rot     : 0.000000 / 0.000000
    joint_angle_regularization: 0.969356 / 1.062057
    joint_rot      : 0.000000 / 0.000000
    keypoint_2d    : 0.000430 / 0.000441
    keypoint_3d    : 0.000000 / 0.000000
    limb_scale_regularization: 0.010963 / 0.017526
    limb_trans_regularization: 0.000010 / 0.000018
    log_beta_scales: 0.000000 / 0.000000
    silhouette     : 0.000000 / 0.000000
    trans          : 0.000000 / 0.000000
  New best model saved with validation loss: 0.000072

Epoch 65:
  Train Loss = 0.000064, Val Loss = 0.000076, LR = 1.00e-04
  Parameter Errors (Train / Val):
    betas          : 30.382541 / 73.625137
    betas_trans    : 0.000000 / 0.000000
    cam_rot        : 0.000000 / 0.000000
    cam_trans      : 0.000000 / 0.000000
    fov            : 0.000000 / 0.000000
    global_rot     : 0.000000 / 0.000000
    joint_angle_regularization: 0.977583 / 1.065326
    joint_rot      : 0.000000 / 0.000000
    keypoint_2d    : 0.000466 / 0.000486
    keypoint_3d    : 0.000000 / 0.000000
    limb_scale_regularization: 0.011974 / 0.017898
    limb_trans_regularization: 0.000009 / 0.000018
    log_beta_scales: 0.000000 / 0.000000
    silhouette     : 0.000000 / 0.000000
    trans          : 0.000000 / 0.000000
  Checkpoint saved at epoch 65

Epoch 66:
  Train Loss = 0.000061, Val Loss = 0.000080, LR = 1.00e-04
  Parameter Errors (Train / Val):
    betas          : 30.126063 / 73.228813
    betas_trans    : 0.000000 / 0.000000
    cam_rot        : 0.000000 / 0.000000
    cam_trans      : 0.000000 / 0.000000
    fov            : 0.000000 / 0.000000
    global_rot     : 0.000000 / 0.000000
    joint_angle_regularization: 0.983205 / 1.067200
    joint_rot      : 0.000000 / 0.000000
    keypoint_2d    : 0.000437 / 0.000511
    keypoint_3d    : 0.000000 / 0.000000
    limb_scale_regularization: 0.012331 / 0.018631
    limb_trans_regularization: 0.000009 / 0.000018
    log_beta_scales: 0.000000 / 0.000000
    silhouette     : 0.000000 / 0.000000
    trans          : 0.000000 / 0.000000

Epoch 67:
  Train Loss = 0.000060, Val Loss = 0.000074, LR = 1.00e-04
  Parameter Errors (Train / Val):
    betas          : 29.892106 / 73.317345
    betas_trans    : 0.000000 / 0.000000
    cam_rot        : 0.000000 / 0.000000
    cam_trans      : 0.000000 / 0.000000
    fov            : 0.000000 / 0.000000
    global_rot     : 0.000000 / 0.000000
    joint_angle_regularization: 0.989736 / 1.070028
    joint_rot      : 0.000000 / 0.000000
    keypoint_2d    : 0.000419 / 0.000465
    keypoint_3d    : 0.000000 / 0.000000
    limb_scale_regularization: 0.012485 / 0.018437
    limb_trans_regularization: 0.000008 / 0.000017
    log_beta_scales: 0.000000 / 0.000000
    silhouette     : 0.000000 / 0.000000
    trans          : 0.000000 / 0.000000
  Checkpoint saved at epoch 67

Epoch 68:
  Train Loss = 0.000063, Val Loss = 0.000070, LR = 1.00e-04
  Parameter Errors (Train / Val):
    betas          : 29.724005 / 73.609650
    betas_trans    : 0.000000 / 0.000000
    cam_rot        : 0.000000 / 0.000000
    cam_trans      : 0.000000 / 0.000000
    fov            : 0.000000 / 0.000000
    global_rot     : 0.000000 / 0.000000
    joint_angle_regularization: 0.995632 / 1.072684
    joint_rot      : 0.000000 / 0.000000
    keypoint_2d    : 0.000450 / 0.000418
    keypoint_3d    : 0.000000 / 0.000000
    limb_scale_regularization: 0.012749 / 0.018632
    limb_trans_regularization: 0.000008 / 0.000017
    log_beta_scales: 0.000000 / 0.000000
    silhouette     : 0.000000 / 0.000000
    trans          : 0.000000 / 0.000000
  New best model saved with validation loss: 0.000070

Epoch 69:
  Train Loss = 0.000065, Val Loss = 0.000066, LR = 1.00e-04
  Parameter Errors (Train / Val):
    betas          : 29.775885 / 73.409012
    betas_trans    : 0.000000 / 0.000000
    cam_rot        : 0.000000 / 0.000000
    cam_trans      : 0.000000 / 0.000000
    fov            : 0.000000 / 0.000000
    global_rot     : 0.000000 / 0.000000
    joint_angle_regularization: 1.001915 / 1.074254
    joint_rot      : 0.000000 / 0.000000
    keypoint_2d    : 0.000473 / 0.000384
    keypoint_3d    : 0.000000 / 0.000000
    limb_scale_regularization: 0.013211 / 0.018494
    limb_trans_regularization: 0.000008 / 0.000016
    log_beta_scales: 0.000000 / 0.000000
    silhouette     : 0.000000 / 0.000000
    trans          : 0.000000 / 0.000000
  New best model saved with validation loss: 0.000066
  Checkpoint saved at epoch 69
Visualizing 5 samples from dataset: unknown
Generated 5 visualization images for epoch 69 in /hpcwork/mkd34160/smilify_runs/singleview_2d_lam0/visualizations/epoch_069
Visualizing 5 samples from dataset: unknown
Generated 5 visualization images for epoch 69 in /hpcwork/mkd34160/smilify_runs/singleview_2d_lam0/visualizations_train/epoch_069

Epoch 70:
  Train Loss = 0.000059, Val Loss = 0.000069, LR = 1.00e-04
  Parameter Errors (Train / Val):
    betas          : 29.533396 / 73.071068
    betas_trans    : 0.000000 / 0.000000
    cam_rot        : 0.000000 / 0.000000
    cam_trans      : 0.000000 / 0.000000
    fov            : 0.000000 / 0.000000
    global_rot     : 0.000000 / 0.000000
    joint_angle_regularization: 1.006301 / 1.077245
    joint_rot      : 0.000000 / 0.000000
    keypoint_2d    : 0.000411 / 0.000406
    keypoint_3d    : 0.000000 / 0.000000
    limb_scale_regularization: 0.013066 / 0.018465
    limb_trans_regularization: 0.000007 / 0.000017
    log_beta_scales: 0.000000 / 0.000000
    silhouette     : 0.000000 / 0.000000
    trans          : 0.000000 / 0.000000

Epoch 71:
  Train Loss = 0.000056, Val Loss = 0.000065, LR = 1.00e-04
  Parameter Errors (Train / Val):
    betas          : 29.391645 / 73.826393
    betas_trans    : 0.000000 / 0.000000
    cam_rot        : 0.000000 / 0.000000
    cam_trans      : 0.000000 / 0.000000
    fov            : 0.000000 / 0.000000
    global_rot     : 0.000000 / 0.000000
    joint_angle_regularization: 1.010811 / 1.078394
    joint_rot      : 0.000000 / 0.000000
    keypoint_2d    : 0.000383 / 0.000374
    keypoint_3d    : 0.000000 / 0.000000
    limb_scale_regularization: 0.012720 / 0.018455
    limb_trans_regularization: 0.000007 / 0.000015
    log_beta_scales: 0.000000 / 0.000000
    silhouette     : 0.000000 / 0.000000
    trans          : 0.000000 / 0.000000
  New best model saved with validation loss: 0.000065
  Checkpoint saved at epoch 71

Epoch 72:
  Train Loss = 0.000054, Val Loss = 0.000069, LR = 1.00e-04
  Parameter Errors (Train / Val):
    betas          : 29.361535 / 73.686081
    betas_trans    : 0.000000 / 0.000000
    cam_rot        : 0.000000 / 0.000000
    cam_trans      : 0.000000 / 0.000000
    fov            : 0.000000 / 0.000000
    global_rot     : 0.000000 / 0.000000
    joint_angle_regularization: 1.016421 / 1.080364
    joint_rot      : 0.000000 / 0.000000
    keypoint_2d    : 0.000371 / 0.000417
    keypoint_3d    : 0.000000 / 0.000000
    limb_scale_regularization: 0.012492 / 0.018422
    limb_trans_regularization: 0.000007 / 0.000016
    log_beta_scales: 0.000000 / 0.000000
    silhouette     : 0.000000 / 0.000000
    trans          : 0.000000 / 0.000000

Epoch 73:
  Train Loss = 0.000054, Val Loss = 0.000070, LR = 1.00e-04
  Parameter Errors (Train / Val):
    betas          : 29.358416 / 74.384476
    betas_trans    : 0.000000 / 0.000000
    cam_rot        : 0.000000 / 0.000000
    cam_trans      : 0.000000 / 0.000000
    fov            : 0.000000 / 0.000000
    global_rot     : 0.000000 / 0.000000
    joint_angle_regularization: 1.021421 / 1.082677
    joint_rot      : 0.000000 / 0.000000
    keypoint_2d    : 0.000367 / 0.000417
    keypoint_3d    : 0.000000 / 0.000000
    limb_scale_regularization: 0.012431 / 0.018638
    limb_trans_regularization: 0.000007 / 0.000016
    log_beta_scales: 0.000000 / 0.000000
    silhouette     : 0.000000 / 0.000000
    trans          : 0.000000 / 0.000000
  Checkpoint saved at epoch 73

Epoch 74:
  Train Loss = 0.000051, Val Loss = 0.000070, LR = 1.00e-04
  Parameter Errors (Train / Val):
    betas          : 29.405963 / 74.831116
    betas_trans    : 0.000000 / 0.000000
    cam_rot        : 0.000000 / 0.000000
    cam_trans      : 0.000000 / 0.000000
    fov            : 0.000000 / 0.000000
    global_rot     : 0.000000 / 0.000000
    joint_angle_regularization: 1.025632 / 1.086152
    joint_rot      : 0.000000 / 0.000000
    keypoint_2d    : 0.000347 / 0.000421
    keypoint_3d    : 0.000000 / 0.000000
    limb_scale_regularization: 0.012036 / 0.018762
    limb_trans_regularization: 0.000007 / 0.000016
    log_beta_scales: 0.000000 / 0.000000
    silhouette     : 0.000000 / 0.000000
    trans          : 0.000000 / 0.000000

Epoch 75:
  Train Loss = 0.000052, Val Loss = 0.000063, LR = 1.00e-04
  Parameter Errors (Train / Val):
    betas          : 29.406021 / 74.918442
    betas_trans    : 0.000000 / 0.000000
    cam_rot        : 0.000000 / 0.000000
    cam_trans      : 0.000000 / 0.000000
    fov            : 0.000000 / 0.000000
    global_rot     : 0.000000 / 0.000000
    joint_angle_regularization: 1.031279 / 1.088553
    joint_rot      : 0.000000 / 0.000000
    keypoint_2d    : 0.000351 / 0.000362
    keypoint_3d    : 0.000000 / 0.000000
    limb_scale_regularization: 0.012019 / 0.018508
    limb_trans_regularization: 0.000007 / 0.000015
    log_beta_scales: 0.000000 / 0.000000
    silhouette     : 0.000000 / 0.000000
    trans          : 0.000000 / 0.000000
  New best model saved with validation loss: 0.000063
  Checkpoint saved at epoch 75

Epoch 76:
  Train Loss = 0.000055, Val Loss = 0.000064, LR = 1.00e-04
  Parameter Errors (Train / Val):
    betas          : 29.498960 / 74.895317
    betas_trans    : 0.000000 / 0.000000
    cam_rot        : 0.000000 / 0.000000
    cam_trans      : 0.000000 / 0.000000
    fov            : 0.000000 / 0.000000
    global_rot     : 0.000000 / 0.000000
    joint_angle_regularization: 1.035764 / 1.090470
    joint_rot      : 0.000000 / 0.000000
    keypoint_2d    : 0.000380 / 0.000366
    keypoint_3d    : 0.000000 / 0.000000
    limb_scale_regularization: 0.012217 / 0.018635
    limb_trans_regularization: 0.000007 / 0.000015
    log_beta_scales: 0.000000 / 0.000000
    silhouette     : 0.000000 / 0.000000
    trans          : 0.000000 / 0.000000

Epoch 77:
  Train Loss = 0.000054, Val Loss = 0.000071, LR = 1.00e-04
  Parameter Errors (Train / Val):
    betas          : 29.564192 / 75.628677
    betas_trans    : 0.000000 / 0.000000
    cam_rot        : 0.000000 / 0.000000
    cam_trans      : 0.000000 / 0.000000
    fov            : 0.000000 / 0.000000
    global_rot     : 0.000000 / 0.000000
    joint_angle_regularization: 1.041126 / 1.091311
    joint_rot      : 0.000000 / 0.000000
    keypoint_2d    : 0.000366 / 0.000434
    keypoint_3d    : 0.000000 / 0.000000
    limb_scale_regularization: 0.012514 / 0.018490
    limb_trans_regularization: 0.000007 / 0.000016
    log_beta_scales: 0.000000 / 0.000000
    silhouette     : 0.000000 / 0.000000
    trans          : 0.000000 / 0.000000
  Checkpoint saved at epoch 77

Epoch 78:
  Train Loss = 0.000051, Val Loss = 0.000072, LR = 1.00e-04
  Parameter Errors (Train / Val):
    betas          : 29.603812 / 75.269073
    betas_trans    : 0.000000 / 0.000000
    cam_rot        : 0.000000 / 0.000000
    cam_trans      : 0.000000 / 0.000000
    fov            : 0.000000 / 0.000000
    global_rot     : 0.000000 / 0.000000
    joint_angle_regularization: 1.044988 / 1.094126
    joint_rot      : 0.000000 / 0.000000
    keypoint_2d    : 0.000348 / 0.000449
    keypoint_3d    : 0.000000 / 0.000000
    limb_scale_regularization: 0.012211 / 0.018746
    limb_trans_regularization: 0.000007 / 0.000014
    log_beta_scales: 0.000000 / 0.000000
    silhouette     : 0.000000 / 0.000000
    trans          : 0.000000 / 0.000000

Epoch 79:
  Train Loss = 0.000052, Val Loss = 0.000062, LR = 1.00e-04
  Parameter Errors (Train / Val):
    betas          : 29.612377 / 76.144463
    betas_trans    : 0.000000 / 0.000000
    cam_rot        : 0.000000 / 0.000000
    cam_trans      : 0.000000 / 0.000000
    fov            : 0.000000 / 0.000000
    global_rot     : 0.000000 / 0.000000
    joint_angle_regularization: 1.049864 / 1.095661
    joint_rot      : 0.000000 / 0.000000
    keypoint_2d    : 0.000350 / 0.000341
    keypoint_3d    : 0.000000 / 0.000000
    limb_scale_regularization: 0.012230 / 0.018340
    limb_trans_regularization: 0.000007 / 0.000016
    log_beta_scales: 0.000000 / 0.000000
    silhouette     : 0.000000 / 0.000000
    trans          : 0.000000 / 0.000000
  New best model saved with validation loss: 0.000062
  Checkpoint saved at epoch 79
Visualizing 5 samples from dataset: unknown
Generated 5 visualization images for epoch 79 in /hpcwork/mkd34160/smilify_runs/singleview_2d_lam0/visualizations/epoch_079
Visualizing 5 samples from dataset: unknown
Generated 5 visualization images for epoch 79 in /hpcwork/mkd34160/smilify_runs/singleview_2d_lam0/visualizations_train/epoch_079

Epoch 80:
  Train Loss = 0.000053, Val Loss = 0.000061, LR = 1.00e-04
  Parameter Errors (Train / Val):
    betas          : 29.730001 / 76.363510
    betas_trans    : 0.000000 / 0.000000
    cam_rot        : 0.000000 / 0.000000
    cam_trans      : 0.000000 / 0.000000
    fov            : 0.000000 / 0.000000
    global_rot     : 0.000000 / 0.000000
    joint_angle_regularization: 1.054053 / 1.097729
    joint_rot      : 0.000000 / 0.000000
    keypoint_2d    : 0.000366 / 0.000346
    keypoint_3d    : 0.000000 / 0.000000
    limb_scale_regularization: 0.012163 / 0.018233
    limb_trans_regularization: 0.000007 / 0.000015
    log_beta_scales: 0.000000 / 0.000000
    silhouette     : 0.000000 / 0.000000
    trans          : 0.000000 / 0.000000
  New best model saved with validation loss: 0.000061

Epoch 81:
  Train Loss = 0.000054, Val Loss = 0.000067, LR = 1.00e-04
  Parameter Errors (Train / Val):
    betas          : 29.622862 / 76.318123
    betas_trans    : 0.000000 / 0.000000
    cam_rot        : 0.000000 / 0.000000
    cam_trans      : 0.000000 / 0.000000
    fov            : 0.000000 / 0.000000
    global_rot     : 0.000000 / 0.000000
    joint_angle_regularization: 1.057604 / 1.100828
    joint_rot      : 0.000000 / 0.000000
    keypoint_2d    : 0.000373 / 0.000409
    keypoint_3d    : 0.000000 / 0.000000
    limb_scale_regularization: 0.012289 / 0.018451
    limb_trans_regularization: 0.000007 / 0.000014
    log_beta_scales: 0.000000 / 0.000000
    silhouette     : 0.000000 / 0.000000
    trans          : 0.000000 / 0.000000
  Checkpoint saved at epoch 81

Epoch 82:
  Train Loss = 0.000052, Val Loss = 0.000063, LR = 1.00e-04
  Parameter Errors (Train / Val):
    betas          : 29.743577 / 76.772369
    betas_trans    : 0.000000 / 0.000000
    cam_rot        : 0.000000 / 0.000000
    cam_trans      : 0.000000 / 0.000000
    fov            : 0.000000 / 0.000000
    global_rot     : 0.000000 / 0.000000
    joint_angle_regularization: 1.060715 / 1.101573
    joint_rot      : 0.000000 / 0.000000
    keypoint_2d    : 0.000360 / 0.000370
    keypoint_3d    : 0.000000 / 0.000000
    limb_scale_regularization: 0.012111 / 0.018290
    limb_trans_regularization: 0.000007 / 0.000014
    log_beta_scales: 0.000000 / 0.000000
    silhouette     : 0.000000 / 0.000000
    trans          : 0.000000 / 0.000000

Epoch 83:
  Train Loss = 0.000050, Val Loss = 0.000067, LR = 1.00e-04
  Parameter Errors (Train / Val):
    betas          : 29.737790 / 77.054283
    betas_trans    : 0.000000 / 0.000000
    cam_rot        : 0.000000 / 0.000000
    cam_trans      : 0.000000 / 0.000000
    fov            : 0.000000 / 0.000000
    global_rot     : 0.000000 / 0.000000
    joint_angle_regularization: 1.065129 / 1.103757
    joint_rot      : 0.000000 / 0.000000
    keypoint_2d    : 0.000339 / 0.000407
    keypoint_3d    : 0.000000 / 0.000000
    limb_scale_regularization: 0.011980 / 0.018288
    limb_trans_regularization: 0.000006 / 0.000015
    log_beta_scales: 0.000000 / 0.000000
    silhouette     : 0.000000 / 0.000000
    trans          : 0.000000 / 0.000000
  Checkpoint saved at epoch 83

Epoch 84:
  Train Loss = 0.000049, Val Loss = 0.000062, LR = 1.00e-04
  Parameter Errors (Train / Val):
    betas          : 29.816331 / 77.006424
    betas_trans    : 0.000000 / 0.000000
    cam_rot        : 0.000000 / 0.000000
    cam_trans      : 0.000000 / 0.000000
    fov            : 0.000000 / 0.000000
    global_rot     : 0.000000 / 0.000000
    joint_angle_regularization: 1.068067 / 1.106224
    joint_rot      : 0.000000 / 0.000000
    keypoint_2d    : 0.000335 / 0.000354
    keypoint_3d    : 0.000000 / 0.000000
    limb_scale_regularization: 0.011693 / 0.018157
    limb_trans_regularization: 0.000006 / 0.000015
    log_beta_scales: 0.000000 / 0.000000
    silhouette     : 0.000000 / 0.000000
    trans          : 0.000000 / 0.000000

Epoch 85:
  Train Loss = 0.000052, Val Loss = 0.000066, LR = 1.00e-04
  Parameter Errors (Train / Val):
    betas          : 29.887203 / 77.772903
    betas_trans    : 0.000000 / 0.000000
    cam_rot        : 0.000000 / 0.000000
    cam_trans      : 0.000000 / 0.000000
    fov            : 0.000000 / 0.000000
    global_rot     : 0.000000 / 0.000000
    joint_angle_regularization: 1.071887 / 1.108250
    joint_rot      : 0.000000 / 0.000000
    keypoint_2d    : 0.000354 / 0.000396
    keypoint_3d    : 0.000000 / 0.000000
    limb_scale_regularization: 0.011839 / 0.018172
    limb_trans_regularization: 0.000006 / 0.000014
    log_beta_scales: 0.000000 / 0.000000
    silhouette     : 0.000000 / 0.000000
    trans          : 0.000000 / 0.000000
  Checkpoint saved at epoch 85

Epoch 86:
  Train Loss = 0.000050, Val Loss = 0.000065, LR = 1.00e-04
  Parameter Errors (Train / Val):
    betas          : 30.079915 / 77.134705
    betas_trans    : 0.000000 / 0.000000
    cam_rot        : 0.000000 / 0.000000
    cam_trans      : 0.000000 / 0.000000
    fov            : 0.000000 / 0.000000
    global_rot     : 0.000000 / 0.000000
    joint_angle_regularization: 1.075875 / 1.108962
    joint_rot      : 0.000000 / 0.000000
    keypoint_2d    : 0.000343 / 0.000389
    keypoint_3d    : 0.000000 / 0.000000
    limb_scale_regularization: 0.011836 / 0.017882
    limb_trans_regularization: 0.000006 / 0.000014
    log_beta_scales: 0.000000 / 0.000000
    silhouette     : 0.000000 / 0.000000
    trans          : 0.000000 / 0.000000

Epoch 87:
  Train Loss = 0.000054, Val Loss = 0.000060, LR = 1.00e-04
  Parameter Errors (Train / Val):
    betas          : 30.348800 / 77.871460
    betas_trans    : 0.000000 / 0.000000
    cam_rot        : 0.000000 / 0.000000
    cam_trans      : 0.000000 / 0.000000
    fov            : 0.000000 / 0.000000
    global_rot     : 0.000000 / 0.000000
    joint_angle_regularization: 1.080662 / 1.110661
    joint_rot      : 0.000000 / 0.000000
    keypoint_2d    : 0.000370 / 0.000339
    keypoint_3d    : 0.000000 / 0.000000
    limb_scale_regularization: 0.012271 / 0.018083
    limb_trans_regularization: 0.000006 / 0.000014
    log_beta_scales: 0.000000 / 0.000000
    silhouette     : 0.000000 / 0.000000
    trans          : 0.000000 / 0.000000
  New best model saved with validation loss: 0.000060
  Checkpoint saved at epoch 87

Epoch 88:
  Train Loss = 0.000050, Val Loss = 0.000061, LR = 1.00e-04
  Parameter Errors (Train / Val):
    betas          : 30.094047 / 77.672455
    betas_trans    : 0.000000 / 0.000000
    cam_rot        : 0.000000 / 0.000000
    cam_trans      : 0.000000 / 0.000000
    fov            : 0.000000 / 0.000000
    global_rot     : 0.000000 / 0.000000
    joint_angle_regularization: 1.081893 / 1.112392
    joint_rot      : 0.000000 / 0.000000
    keypoint_2d    : 0.000338 / 0.000353
    keypoint_3d    : 0.000000 / 0.000000
    limb_scale_regularization: 0.011759 / 0.017963
    limb_trans_regularization: 0.000006 / 0.000014
    log_beta_scales: 0.000000 / 0.000000
    silhouette     : 0.000000 / 0.000000
    trans          : 0.000000 / 0.000000

Epoch 89:
  Train Loss = 0.000051, Val Loss = 0.000061, LR = 1.00e-04
  Parameter Errors (Train / Val):
    betas          : 30.208289 / 78.086838
    betas_trans    : 0.000000 / 0.000000
    cam_rot        : 0.000000 / 0.000000
    cam_trans      : 0.000000 / 0.000000
    fov            : 0.000000 / 0.000000
    global_rot     : 0.000000 / 0.000000
    joint_angle_regularization: 1.085031 / 1.114467
    joint_rot      : 0.000000 / 0.000000
    keypoint_2d    : 0.000347 / 0.000345
    keypoint_3d    : 0.000000 / 0.000000
    limb_scale_regularization: 0.011809 / 0.017829
    limb_trans_regularization: 0.000006 / 0.000014
    log_beta_scales: 0.000000 / 0.000000
    silhouette     : 0.000000 / 0.000000
    trans          : 0.000000 / 0.000000
  Checkpoint saved at epoch 89
Visualizing 5 samples from dataset: unknown
Generated 5 visualization images for epoch 89 in /hpcwork/mkd34160/smilify_runs/singleview_2d_lam0/visualizations/epoch_089
Visualizing 5 samples from dataset: unknown
Generated 5 visualization images for epoch 89 in /hpcwork/mkd34160/smilify_runs/singleview_2d_lam0/visualizations_train/epoch_089

Epoch 90:
  Train Loss = 0.000049, Val Loss = 0.000066, LR = 1.00e-04
  Parameter Errors (Train / Val):
    betas          : 30.357238 / 77.674881
    betas_trans    : 0.000000 / 0.000000
    cam_rot        : 0.000000 / 0.000000
    cam_trans      : 0.000000 / 0.000000
    fov            : 0.000000 / 0.000000
    global_rot     : 0.000000 / 0.000000
    joint_angle_regularization: 1.088133 / 1.116947
    joint_rot      : 0.000000 / 0.000000
    keypoint_2d    : 0.000326 / 0.000396
    keypoint_3d    : 0.000000 / 0.000000
    limb_scale_regularization: 0.011698 / 0.018331
    limb_trans_regularization: 0.000006 / 0.000014
    log_beta_scales: 0.000000 / 0.000000
    silhouette     : 0.000000 / 0.000000
    trans          : 0.000000 / 0.000000

Epoch 91:
  Train Loss = 0.000065, Val Loss = 0.000075, LR = 1.00e-04
  Parameter Errors (Train / Val):
    betas          : 30.624150 / 79.231812
    betas_trans    : 0.000000 / 0.000000
    cam_rot        : 0.000000 / 0.000000
    cam_trans      : 0.000000 / 0.000000
    fov            : 0.000000 / 0.000000
    global_rot     : 0.000000 / 0.000000
    joint_angle_regularization: 1.092839 / 1.118567
    joint_rot      : 0.000000 / 0.000000
    keypoint_2d    : 0.000480 / 0.000490
    keypoint_3d    : 0.000000 / 0.000000
    limb_scale_regularization: 0.012481 / 0.018388
    limb_trans_regularization: 0.000007 / 0.000014
    log_beta_scales: 0.000000 / 0.000000
    silhouette     : 0.000000 / 0.000000
    trans          : 0.000000 / 0.000000
  Checkpoint saved at epoch 91

Epoch 92:
  Train Loss = 0.000055, Val Loss = 0.000060, LR = 1.00e-04
  Parameter Errors (Train / Val):
    betas          : 30.687738 / 78.899857
    betas_trans    : 0.000000 / 0.000000
    cam_rot        : 0.000000 / 0.000000
    cam_trans      : 0.000000 / 0.000000
    fov            : 0.000000 / 0.000000
    global_rot     : 0.000000 / 0.000000
    joint_angle_regularization: 1.092667 / 1.118595
    joint_rot      : 0.000000 / 0.000000
    keypoint_2d    : 0.000386 / 0.000341
    keypoint_3d    : 0.000000 / 0.000000
    limb_scale_regularization: 0.012681 / 0.017875
    limb_trans_regularization: 0.000006 / 0.000013
    log_beta_scales: 0.000000 / 0.000000
    silhouette     : 0.000000 / 0.000000
    trans          : 0.000000 / 0.000000
  New best model saved with validation loss: 0.000060

Epoch 93:
  Train Loss = 0.000050, Val Loss = 0.000065, LR = 1.00e-04
  Parameter Errors (Train / Val):
    betas          : 30.672100 / 79.184479
    betas_trans    : 0.000000 / 0.000000
    cam_rot        : 0.000000 / 0.000000
    cam_trans      : 0.000000 / 0.000000
    fov            : 0.000000 / 0.000000
    global_rot     : 0.000000 / 0.000000
    joint_angle_regularization: 1.095585 / 1.122200
    joint_rot      : 0.000000 / 0.000000
    keypoint_2d    : 0.000339 / 0.000388
    keypoint_3d    : 0.000000 / 0.000000
    limb_scale_regularization: 0.011902 / 0.017908
    limb_trans_regularization: 0.000006 / 0.000014
    log_beta_scales: 0.000000 / 0.000000
    silhouette     : 0.000000 / 0.000000
    trans          : 0.000000 / 0.000000
  Checkpoint saved at epoch 93

Epoch 94:
  Train Loss = 0.000052, Val Loss = 0.000059, LR = 1.00e-04
  Parameter Errors (Train / Val):
    betas          : 30.617919 / 79.931015
    betas_trans    : 0.000000 / 0.000000
    cam_rot        : 0.000000 / 0.000000
    cam_trans      : 0.000000 / 0.000000
    fov            : 0.000000 / 0.000000
    global_rot     : 0.000000 / 0.000000
    joint_angle_regularization: 1.099262 / 1.123027
    joint_rot      : 0.000000 / 0.000000
    keypoint_2d    : 0.000357 / 0.000329
    keypoint_3d    : 0.000000 / 0.000000
    limb_scale_regularization: 0.011908 / 0.017829
    limb_trans_regularization: 0.000006 / 0.000014
    log_beta_scales: 0.000000 / 0.000000
    silhouette     : 0.000000 / 0.000000
    trans          : 0.000000 / 0.000000
  New best model saved with validation loss: 0.000059

Epoch 95:
  Train Loss = 0.000056, Val Loss = 0.000060, LR = 1.00e-04
  Parameter Errors (Train / Val):
    betas          : 30.774477 / 79.135971
    betas_trans    : 0.000000 / 0.000000
    cam_rot        : 0.000000 / 0.000000
    cam_trans      : 0.000000 / 0.000000
    fov            : 0.000000 / 0.000000
    global_rot     : 0.000000 / 0.000000
    joint_angle_regularization: 1.102587 / 1.124048
    joint_rot      : 0.000000 / 0.000000
    keypoint_2d    : 0.000397 / 0.000347
    keypoint_3d    : 0.000000 / 0.000000
    limb_scale_regularization: 0.012055 / 0.017680
    limb_trans_regularization: 0.000006 / 0.000013
    log_beta_scales: 0.000000 / 0.000000
    silhouette     : 0.000000 / 0.000000
    trans          : 0.000000 / 0.000000
  Checkpoint saved at epoch 95

Epoch 96:
  Train Loss = 0.000052, Val Loss = 0.000060, LR = 1.00e-04
  Parameter Errors (Train / Val):
    betas          : 30.865341 / 80.510880
    betas_trans    : 0.000000 / 0.000000
    cam_rot        : 0.000000 / 0.000000
    cam_trans      : 0.000000 / 0.000000
    fov            : 0.000000 / 0.000000
    global_rot     : 0.000000 / 0.000000
    joint_angle_regularization: 1.104643 / 1.127494
    joint_rot      : 0.000000 / 0.000000
    keypoint_2d    : 0.000361 / 0.000349
    keypoint_3d    : 0.000000 / 0.000000
    limb_scale_regularization: 0.012071 / 0.017801
    limb_trans_regularization: 0.000006 / 0.000013
    log_beta_scales: 0.000000 / 0.000000
    silhouette     : 0.000000 / 0.000000
    trans          : 0.000000 / 0.000000

Epoch 97:
  Train Loss = 0.000049, Val Loss = 0.000058, LR = 1.00e-04
  Parameter Errors (Train / Val):
    betas          : 30.925024 / 80.169945
    betas_trans    : 0.000000 / 0.000000
    cam_rot        : 0.000000 / 0.000000
    cam_trans      : 0.000000 / 0.000000
    fov            : 0.000000 / 0.000000
    global_rot     : 0.000000 / 0.000000
    joint_angle_regularization: 1.107373 / 1.128549
    joint_rot      : 0.000000 / 0.000000
    keypoint_2d    : 0.000332 / 0.000330
    keypoint_3d    : 0.000000 / 0.000000
    limb_scale_regularization: 0.011684 / 0.017742
    limb_trans_regularization: 0.000006 / 0.000013
    log_beta_scales: 0.000000 / 0.000000
    silhouette     : 0.000000 / 0.000000
    trans          : 0.000000 / 0.000000
  New best model saved with validation loss: 0.000058
  Checkpoint saved at epoch 97

Epoch 98:
  Train Loss = 0.000053, Val Loss = 0.000059, LR = 1.00e-04
  Parameter Errors (Train / Val):
    betas          : 30.957799 / 79.975540
    betas_trans    : 0.000000 / 0.000000
    cam_rot        : 0.000000 / 0.000000
    cam_trans      : 0.000000 / 0.000000
    fov            : 0.000000 / 0.000000
    global_rot     : 0.000000 / 0.000000
    joint_angle_regularization: 1.108951 / 1.129743
    joint_rot      : 0.000000 / 0.000000
    keypoint_2d    : 0.000365 / 0.000339
    keypoint_3d    : 0.000000 / 0.000000
    limb_scale_regularization: 0.011963 / 0.017712
    limb_trans_regularization: 0.000006 / 0.000013
    log_beta_scales: 0.000000 / 0.000000
    silhouette     : 0.000000 / 0.000000
    trans          : 0.000000 / 0.000000

Epoch 99:
  Train Loss = 0.000046, Val Loss = 0.000060, LR = 1.00e-04
  Parameter Errors (Train / Val):
    betas          : 30.946269 / 79.724937
    betas_trans    : 0.000000 / 0.000000
    cam_rot        : 0.000000 / 0.000000
    cam_trans      : 0.000000 / 0.000000
    fov            : 0.000000 / 0.000000
    global_rot     : 0.000000 / 0.000000
    joint_angle_regularization: 1.110568 / 1.131551
    joint_rot      : 0.000000 / 0.000000
    keypoint_2d    : 0.000307 / 0.000342
    keypoint_3d    : 0.000000 / 0.000000
    limb_scale_regularization: 0.011458 / 0.017577
    limb_trans_regularization: 0.000006 / 0.000014
    log_beta_scales: 0.000000 / 0.000000
    silhouette     : 0.000000 / 0.000000
    trans          : 0.000000 / 0.000000
  Checkpoint saved at epoch 99
Visualizing 5 samples from dataset: unknown
Generated 5 visualization images for epoch 99 in /hpcwork/mkd34160/smilify_runs/singleview_2d_lam0/visualizations/epoch_099
Visualizing 5 samples from dataset: unknown
Generated 5 visualization images for epoch 99 in /hpcwork/mkd34160/smilify_runs/singleview_2d_lam0/visualizations_train/epoch_099

Epoch 100:
  Train Loss = 0.000049, Val Loss = 0.000058, LR = 1.00e-04
  Parameter Errors (Train / Val):
    betas          : 31.040019 / 80.728058
    betas_trans    : 0.000000 / 0.000000
    cam_rot        : 0.000000 / 0.000000
    cam_trans      : 0.000000 / 0.000000
    fov            : 0.000000 / 0.000000
    global_rot     : 0.000000 / 0.000000
    joint_angle_regularization: 1.113435 / 1.131747
    joint_rot      : 0.000000 / 0.000000
    keypoint_2d    : 0.000335 / 0.000331
    keypoint_3d    : 0.000000 / 0.000000
    limb_scale_regularization: 0.011448 / 0.017531
    limb_trans_regularization: 0.000006 / 0.000013
    log_beta_scales: 0.000000 / 0.000000
    silhouette     : 0.000000 / 0.000000
    trans          : 0.000000 / 0.000000

Epoch 101:
  Train Loss = 0.000049, Val Loss = 0.000055, LR = 1.00e-04
  Parameter Errors (Train / Val):
    betas          : 31.141082 / 80.089478
    betas_trans    : 0.000000 / 0.000000
    cam_rot        : 0.000000 / 0.000000
    cam_trans      : 0.000000 / 0.000000
    fov            : 0.000000 / 0.000000
    global_rot     : 0.000000 / 0.000000
    joint_angle_regularization: 1.116346 / 1.134339
    joint_rot      : 0.000000 / 0.000000
    keypoint_2d    : 0.000330 / 0.000301
    keypoint_3d    : 0.000000 / 0.000000
    limb_scale_regularization: 0.011432 / 0.017384
    limb_trans_regularization: 0.000006 / 0.000012
    log_beta_scales: 0.000000 / 0.000000
    silhouette     : 0.000000 / 0.000000
    trans          : 0.000000 / 0.000000
  New best model saved with validation loss: 0.000055
  Checkpoint saved at epoch 101

Epoch 102:
  Train Loss = 0.000049, Val Loss = 0.000056, LR = 1.00e-04
  Parameter Errors (Train / Val):
    betas          : 31.207234 / 80.887032
    betas_trans    : 0.000000 / 0.000000
    cam_rot        : 0.000000 / 0.000000
    cam_trans      : 0.000000 / 0.000000
    fov            : 0.000000 / 0.000000
    global_rot     : 0.000000 / 0.000000
    joint_angle_regularization: 1.118329 / 1.134729
    joint_rot      : 0.000000 / 0.000000
    keypoint_2d    : 0.000331 / 0.000308
    keypoint_3d    : 0.000000 / 0.000000
    limb_scale_regularization: 0.011399 / 0.017316
    limb_trans_regularization: 0.000006 / 0.000013
    log_beta_scales: 0.000000 / 0.000000
    silhouette     : 0.000000 / 0.000000
    trans          : 0.000000 / 0.000000

Epoch 103:
  Train Loss = 0.000048, Val Loss = 0.000060, LR = 1.00e-04
  Parameter Errors (Train / Val):
    betas          : 31.302549 / 81.140060
    betas_trans    : 0.000000 / 0.000000
    cam_rot        : 0.000000 / 0.000000
    cam_trans      : 0.000000 / 0.000000
    fov            : 0.000000 / 0.000000
    global_rot     : 0.000000 / 0.000000
    joint_angle_regularization: 1.119555 / 1.137607
    joint_rot      : 0.000000 / 0.000000
    keypoint_2d    : 0.000328 / 0.000342
    keypoint_3d    : 0.000000 / 0.000000
    limb_scale_regularization: 0.011362 / 0.017920
    limb_trans_regularization: 0.000006 / 0.000013
    log_beta_scales: 0.000000 / 0.000000
    silhouette     : 0.000000 / 0.000000
    trans          : 0.000000 / 0.000000
  Checkpoint saved at epoch 103

Epoch 104:
  Train Loss = 0.000047, Val Loss = 0.000058, LR = 1.00e-04
  Parameter Errors (Train / Val):
    betas          : 31.292297 / 80.983803
    betas_trans    : 0.000000 / 0.000000
    cam_rot        : 0.000000 / 0.000000
    cam_trans      : 0.000000 / 0.000000
    fov            : 0.000000 / 0.000000
    global_rot     : 0.000000 / 0.000000
    joint_angle_regularization: 1.120954 / 1.138004
    joint_rot      : 0.000000 / 0.000000
    keypoint_2d    : 0.000318 / 0.000332
    keypoint_3d    : 0.000000 / 0.000000
    limb_scale_regularization: 0.011128 / 0.017641
    limb_trans_regularization: 0.000006 / 0.000013
    log_beta_scales: 0.000000 / 0.000000
    silhouette     : 0.000000 / 0.000000
    trans          : 0.000000 / 0.000000

Epoch 105:
  Train Loss = 0.000053, Val Loss = 0.000055, LR = 1.00e-04
  Parameter Errors (Train / Val):
    betas          : 31.468693 / 81.012115
    betas_trans    : 0.000000 / 0.000000
    cam_rot        : 0.000000 / 0.000000
    cam_trans      : 0.000000 / 0.000000
    fov            : 0.000000 / 0.000000
    global_rot     : 0.000000 / 0.000000
    joint_angle_regularization: 1.124155 / 1.138640
    joint_rot      : 0.000000 / 0.000000
    keypoint_2d    : 0.000372 / 0.000304
    keypoint_3d    : 0.000000 / 0.000000
    limb_scale_regularization: 0.011558 / 0.017349
    limb_trans_regularization: 0.000006 / 0.000013
    log_beta_scales: 0.000000 / 0.000000
    silhouette     : 0.000000 / 0.000000
    trans          : 0.000000 / 0.000000
  Checkpoint saved at epoch 105

Epoch 106:
  Train Loss = 0.000048, Val Loss = 0.000058, LR = 1.00e-04
  Parameter Errors (Train / Val):
    betas          : 31.499445 / 81.468582
    betas_trans    : 0.000000 / 0.000000
    cam_rot        : 0.000000 / 0.000000
    cam_trans      : 0.000000 / 0.000000
    fov            : 0.000000 / 0.000000
    global_rot     : 0.000000 / 0.000000
    joint_angle_regularization: 1.124618 / 1.140214
    joint_rot      : 0.000000 / 0.000000
    keypoint_2d    : 0.000324 / 0.000333
    keypoint_3d    : 0.000000 / 0.000000
    limb_scale_regularization: 0.011250 / 0.017341
    limb_trans_regularization: 0.000006 / 0.000013
    log_beta_scales: 0.000000 / 0.000000
    silhouette     : 0.000000 / 0.000000
    trans          : 0.000000 / 0.000000

Epoch 107:
  Train Loss = 0.000052, Val Loss = 0.000059, LR = 1.00e-04
  Parameter Errors (Train / Val):
    betas          : 31.582639 / 81.073227
    betas_trans    : 0.000000 / 0.000000
    cam_rot        : 0.000000 / 0.000000
    cam_trans      : 0.000000 / 0.000000
    fov            : 0.000000 / 0.000000
    global_rot     : 0.000000 / 0.000000
    joint_angle_regularization: 1.125690 / 1.142361
    joint_rot      : 0.000000 / 0.000000
    keypoint_2d    : 0.000363 / 0.000335
    keypoint_3d    : 0.000000 / 0.000000
    limb_scale_regularization: 0.011457 / 0.017404
    limb_trans_regularization: 0.000006 / 0.000013
    log_beta_scales: 0.000000 / 0.000000
    silhouette     : 0.000000 / 0.000000
    trans          : 0.000000 / 0.000000
  Checkpoint saved at epoch 107

Epoch 108:
  Train Loss = 0.000047, Val Loss = 0.000053, LR = 1.00e-04
  Parameter Errors (Train / Val):
    betas          : 31.621885 / 81.346695
    betas_trans    : 0.000000 / 0.000000
    cam_rot        : 0.000000 / 0.000000
    cam_trans      : 0.000000 / 0.000000
    fov            : 0.000000 / 0.000000
    global_rot     : 0.000000 / 0.000000
    joint_angle_regularization: 1.129303 / 1.142928
    joint_rot      : 0.000000 / 0.000000
    keypoint_2d    : 0.000321 / 0.000290
    keypoint_3d    : 0.000000 / 0.000000
    limb_scale_regularization: 0.011222 / 0.017181
    limb_trans_regularization: 0.000006 / 0.000012
    log_beta_scales: 0.000000 / 0.000000
    silhouette     : 0.000000 / 0.000000
    trans          : 0.000000 / 0.000000
  New best model saved with validation loss: 0.000053

Epoch 109:
  Train Loss = 0.000050, Val Loss = 0.000059, LR = 1.00e-04
  Parameter Errors (Train / Val):
    betas          : 31.869515 / 81.905624
    betas_trans    : 0.000000 / 0.000000
    cam_rot        : 0.000000 / 0.000000
    cam_trans      : 0.000000 / 0.000000
    fov            : 0.000000 / 0.000000
    global_rot     : 0.000000 / 0.000000
    joint_angle_regularization: 1.131507 / 1.145949
    joint_rot      : 0.000000 / 0.000000
    keypoint_2d    : 0.000348 / 0.000342
    keypoint_3d    : 0.000000 / 0.000000
    limb_scale_regularization: 0.011339 / 0.017412
    limb_trans_regularization: 0.000006 / 0.000013
    log_beta_scales: 0.000000 / 0.000000
    silhouette     : 0.000000 / 0.000000
    trans          : 0.000000 / 0.000000
  Checkpoint saved at epoch 109
Visualizing 5 samples from dataset: unknown
Generated 5 visualization images for epoch 109 in /hpcwork/mkd34160/smilify_runs/singleview_2d_lam0/visualizations/epoch_109
Visualizing 5 samples from dataset: unknown
Generated 5 visualization images for epoch 109 in /hpcwork/mkd34160/smilify_runs/singleview_2d_lam0/visualizations_train/epoch_109

Epoch 110:
  Train Loss = 0.000058, Val Loss = 0.000058, LR = 1.00e-04
  Parameter Errors (Train / Val):
    betas          : 31.986051 / 81.403732
    betas_trans    : 0.000000 / 0.000000
    cam_rot        : 0.000000 / 0.000000
    cam_trans      : 0.000000 / 0.000000
    fov            : 0.000000 / 0.000000
    global_rot     : 0.000000 / 0.000000
    joint_angle_regularization: 1.135315 / 1.145724
    joint_rot      : 0.000000 / 0.000000
    keypoint_2d    : 0.000416 / 0.000326
    keypoint_3d    : 0.000000 / 0.000000
    limb_scale_regularization: 0.012000 / 0.017446
    limb_trans_regularization: 0.000006 / 0.000013
    log_beta_scales: 0.000000 / 0.000000
    silhouette     : 0.000000 / 0.000000
    trans          : 0.000000 / 0.000000

Epoch 111:
  Train Loss = 0.000050, Val Loss = 0.000055, LR = 1.00e-04
  Parameter Errors (Train / Val):
    betas          : 31.869967 / 81.771576
    betas_trans    : 0.000000 / 0.000000
    cam_rot        : 0.000000 / 0.000000
    cam_trans      : 0.000000 / 0.000000
    fov            : 0.000000 / 0.000000
    global_rot     : 0.000000 / 0.000000
    joint_angle_regularization: 1.135062 / 1.145618
    joint_rot      : 0.000000 / 0.000000
    keypoint_2d    : 0.000343 / 0.000302
    keypoint_3d    : 0.000000 / 0.000000
    limb_scale_regularization: 0.011478 / 0.017087
    limb_trans_regularization: 0.000006 / 0.000013
    log_beta_scales: 0.000000 / 0.000000
    silhouette     : 0.000000 / 0.000000
    trans          : 0.000000 / 0.000000
  Checkpoint saved at epoch 111

Epoch 112:
  Train Loss = 0.000046, Val Loss = 0.000056, LR = 1.00e-04
  Parameter Errors (Train / Val):
    betas          : 31.892463 / 81.775284
    betas_trans    : 0.000000 / 0.000000
    cam_rot        : 0.000000 / 0.000000
    cam_trans      : 0.000000 / 0.000000
    fov            : 0.000000 / 0.000000
    global_rot     : 0.000000 / 0.000000
    joint_angle_regularization: 1.135978 / 1.147907
    joint_rot      : 0.000000 / 0.000000
    keypoint_2d    : 0.000313 / 0.000314
    keypoint_3d    : 0.000000 / 0.000000
    limb_scale_regularization: 0.011080 / 0.016929
    limb_trans_regularization: 0.000006 / 0.000013
    log_beta_scales: 0.000000 / 0.000000
    silhouette     : 0.000000 / 0.000000
    trans          : 0.000000 / 0.000000

Epoch 113:
  Train Loss = 0.000047, Val Loss = 0.000054, LR = 1.00e-04
  Parameter Errors (Train / Val):
    betas          : 31.984791 / 82.053566
    betas_trans    : 0.000000 / 0.000000
    cam_rot        : 0.000000 / 0.000000
    cam_trans      : 0.000000 / 0.000000
    fov            : 0.000000 / 0.000000
    global_rot     : 0.000000 / 0.000000
    joint_angle_regularization: 1.136461 / 1.149493
    joint_rot      : 0.000000 / 0.000000
    keypoint_2d    : 0.000316 / 0.000300
    keypoint_3d    : 0.000000 / 0.000000
    limb_scale_regularization: 0.010988 / 0.016946
    limb_trans_regularization: 0.000006 / 0.000012
    log_beta_scales: 0.000000 / 0.000000
    silhouette     : 0.000000 / 0.000000
    trans          : 0.000000 / 0.000000
  Checkpoint saved at epoch 113

Epoch 114:
  Train Loss = 0.000047, Val Loss = 0.000059, LR = 1.00e-04
  Parameter Errors (Train / Val):
    betas          : 32.073759 / 82.189468
    betas_trans    : 0.000000 / 0.000000
    cam_rot        : 0.000000 / 0.000000
    cam_trans      : 0.000000 / 0.000000
    fov            : 0.000000 / 0.000000
    global_rot     : 0.000000 / 0.000000
    joint_angle_regularization: 1.138738 / 1.151584
    joint_rot      : 0.000000 / 0.000000
    keypoint_2d    : 0.000318 / 0.000340
    keypoint_3d    : 0.000000 / 0.000000
    limb_scale_regularization: 0.010971 / 0.017172
    limb_trans_regularization: 0.000006 / 0.000013
    log_beta_scales: 0.000000 / 0.000000
    silhouette     : 0.000000 / 0.000000
    trans          : 0.000000 / 0.000000

Epoch 115:
  Train Loss = 0.000047, Val Loss = 0.000057, LR = 1.00e-04
  Parameter Errors (Train / Val):
    betas          : 32.073225 / 82.087753
    betas_trans    : 0.000000 / 0.000000
    cam_rot        : 0.000000 / 0.000000
    cam_trans      : 0.000000 / 0.000000
    fov            : 0.000000 / 0.000000
    global_rot     : 0.000000 / 0.000000
    joint_angle_regularization: 1.140579 / 1.150866
    joint_rot      : 0.000000 / 0.000000
    keypoint_2d    : 0.000321 / 0.000327
    keypoint_3d    : 0.000000 / 0.000000
    limb_scale_regularization: 0.011092 / 0.017039
    limb_trans_regularization: 0.000006 / 0.000013
    log_beta_scales: 0.000000 / 0.000000
    silhouette     : 0.000000 / 0.000000
    trans          : 0.000000 / 0.000000
  Checkpoint saved at epoch 115

Epoch 116:
  Train Loss = 0.000046, Val Loss = 0.000057, LR = 1.00e-04
  Parameter Errors (Train / Val):
    betas          : 32.051806 / 82.037598
    betas_trans    : 0.000000 / 0.000000
    cam_rot        : 0.000000 / 0.000000
    cam_trans      : 0.000000 / 0.000000
    fov            : 0.000000 / 0.000000
    global_rot     : 0.000000 / 0.000000
    joint_angle_regularization: 1.140940 / 1.152896
    joint_rot      : 0.000000 / 0.000000
    keypoint_2d    : 0.000313 / 0.000324
    keypoint_3d    : 0.000000 / 0.000000
    limb_scale_regularization: 0.010953 / 0.016880
    limb_trans_regularization: 0.000006 / 0.000013
    log_beta_scales: 0.000000 / 0.000000
    silhouette     : 0.000000 / 0.000000
    trans          : 0.000000 / 0.000000

Epoch 117:
  Train Loss = 0.000044, Val Loss = 0.000053, LR = 1.00e-04
  Parameter Errors (Train / Val):
    betas          : 32.018339 / 82.110428
    betas_trans    : 0.000000 / 0.000000
    cam_rot        : 0.000000 / 0.000000
    cam_trans      : 0.000000 / 0.000000
    fov            : 0.000000 / 0.000000
    global_rot     : 0.000000 / 0.000000
    joint_angle_regularization: 1.142674 / 1.155211
    joint_rot      : 0.000000 / 0.000000
    keypoint_2d    : 0.000298 / 0.000291
    keypoint_3d    : 0.000000 / 0.000000
    limb_scale_regularization: 0.010634 / 0.016920
    limb_trans_regularization: 0.000006 / 0.000013
    log_beta_scales: 0.000000 / 0.000000
    silhouette     : 0.000000 / 0.000000
    trans          : 0.000000 / 0.000000
  New best model saved with validation loss: 0.000053
  Checkpoint saved at epoch 117

Epoch 118:
  Train Loss = 0.000046, Val Loss = 0.000056, LR = 1.00e-04
  Parameter Errors (Train / Val):
    betas          : 32.261461 / 82.115433
    betas_trans    : 0.000000 / 0.000000
    cam_rot        : 0.000000 / 0.000000
    cam_trans      : 0.000000 / 0.000000
    fov            : 0.000000 / 0.000000
    global_rot     : 0.000000 / 0.000000
    joint_angle_regularization: 1.143113 / 1.156200
    joint_rot      : 0.000000 / 0.000000
    keypoint_2d    : 0.000311 / 0.000318
    keypoint_3d    : 0.000000 / 0.000000
    limb_scale_regularization: 0.010583 / 0.016825
    limb_trans_regularization: 0.000006 / 0.000012
    log_beta_scales: 0.000000 / 0.000000
    silhouette     : 0.000000 / 0.000000
    trans          : 0.000000 / 0.000000

Epoch 119:
  Train Loss = 0.000048, Val Loss = 0.000055, LR = 1.00e-04
  Parameter Errors (Train / Val):
    betas          : 32.291664 / 82.307404
    betas_trans    : 0.000000 / 0.000000
    cam_rot        : 0.000000 / 0.000000
    cam_trans      : 0.000000 / 0.000000
    fov            : 0.000000 / 0.000000
    global_rot     : 0.000000 / 0.000000
    joint_angle_regularization: 1.145367 / 1.157415
    joint_rot      : 0.000000 / 0.000000
    keypoint_2d    : 0.000329 / 0.000306
    keypoint_3d    : 0.000000 / 0.000000
    limb_scale_regularization: 0.010701 / 0.016783
    limb_trans_regularization: 0.000006 / 0.000012
    log_beta_scales: 0.000000 / 0.000000
    silhouette     : 0.000000 / 0.000000
    trans          : 0.000000 / 0.000000
  Checkpoint saved at epoch 119
Visualizing 5 samples from dataset: unknown
Generated 5 visualization images for epoch 119 in /hpcwork/mkd34160/smilify_runs/singleview_2d_lam0/visualizations/epoch_119
Visualizing 5 samples from dataset: unknown
Generated 5 visualization images for epoch 119 in /hpcwork/mkd34160/smilify_runs/singleview_2d_lam0/visualizations_train/epoch_119
Learning rate updated to 5e-06 (group '') at epoch 120
Learning rate updated to 5e-06 (group '') at epoch 120

Epoch 120:
  Train Loss = 0.000032, Val Loss = 0.000037, LR = 5.00e-05
  Parameter Errors (Train / Val):
    betas          : 32.543998 / 84.645126
    betas_trans    : 0.000000 / 0.000000
    cam_rot        : 0.000000 / 0.000000
    cam_trans      : 0.000000 / 0.000000
    fov            : 0.000000 / 0.000000
    global_rot     : 0.000000 / 0.000000
    joint_angle_regularization: 1.148833 / 1.163872
    joint_rot      : 0.000000 / 0.000000
    keypoint_2d    : 0.000231 / 0.000213
    keypoint_3d    : 0.000000 / 0.000000
    limb_scale_regularization: 0.011384 / 0.019552
    limb_trans_regularization: 0.000005 / 0.000010
    log_beta_scales: 0.000000 / 0.000000
    silhouette     : 0.000000 / 0.000000
    trans          : 0.000000 / 0.000000
  New best model saved with validation loss: 0.000037

Epoch 121:
  Train Loss = 0.000032, Val Loss = 0.000039, LR = 5.00e-05
  Parameter Errors (Train / Val):
    betas          : 32.616206 / 85.128990
    betas_trans    : 0.000000 / 0.000000
    cam_rot        : 0.000000 / 0.000000
    cam_trans      : 0.000000 / 0.000000
    fov            : 0.000000 / 0.000000
    global_rot     : 0.000000 / 0.000000
    joint_angle_regularization: 1.149620 / 1.163663
    joint_rot      : 0.000000 / 0.000000
    keypoint_2d    : 0.000226 / 0.000233
    keypoint_3d    : 0.000000 / 0.000000
    limb_scale_regularization: 0.012283 / 0.020437
    limb_trans_regularization: 0.000004 / 0.000009
    log_beta_scales: 0.000000 / 0.000000
    silhouette     : 0.000000 / 0.000000
    trans          : 0.000000 / 0.000000
  Checkpoint saved at epoch 121

Epoch 122:
  Train Loss = 0.000031, Val Loss = 0.000037, LR = 5.00e-05
  Parameter Errors (Train / Val):
    betas          : 32.781435 / 84.907593
    betas_trans    : 0.000000 / 0.000000
    cam_rot        : 0.000000 / 0.000000
    cam_trans      : 0.000000 / 0.000000
    fov            : 0.000000 / 0.000000
    global_rot     : 0.000000 / 0.000000
    joint_angle_regularization: 1.149309 / 1.163374
    joint_rot      : 0.000000 / 0.000000
    keypoint_2d    : 0.000211 / 0.000212
    keypoint_3d    : 0.000000 / 0.000000
    limb_scale_regularization: 0.012900 / 0.020828
    limb_trans_regularization: 0.000004 / 0.000009
    log_beta_scales: 0.000000 / 0.000000
    silhouette     : 0.000000 / 0.000000
    trans          : 0.000000 / 0.000000

Epoch 123:
  Train Loss = 0.000033, Val Loss = 0.000041, LR = 5.00e-05
  Parameter Errors (Train / Val):
    betas          : 33.055345 / 84.661255
    betas_trans    : 0.000000 / 0.000000
    cam_rot        : 0.000000 / 0.000000
    cam_trans      : 0.000000 / 0.000000
    fov            : 0.000000 / 0.000000
    global_rot     : 0.000000 / 0.000000
    joint_angle_regularization: 1.151887 / 1.162815
    joint_rot      : 0.000000 / 0.000000
    keypoint_2d    : 0.000233 / 0.000250
    keypoint_3d    : 0.000000 / 0.000000
    limb_scale_regularization: 0.013734 / 0.021095
    limb_trans_regularization: 0.000004 / 0.000009
    log_beta_scales: 0.000000 / 0.000000
    silhouette     : 0.000000 / 0.000000
    trans          : 0.000000 / 0.000000
  Checkpoint saved at epoch 123

Epoch 124:
  Train Loss = 0.000030, Val Loss = 0.000037, LR = 5.00e-05
  Parameter Errors (Train / Val):
    betas          : 32.845514 / 85.058197
    betas_trans    : 0.000000 / 0.000000
    cam_rot        : 0.000000 / 0.000000
    cam_trans      : 0.000000 / 0.000000
    fov            : 0.000000 / 0.000000
    global_rot     : 0.000000 / 0.000000
    joint_angle_regularization: 1.149122 / 1.163059
    joint_rot      : 0.000000 / 0.000000
    keypoint_2d    : 0.000206 / 0.000206
    keypoint_3d    : 0.000000 / 0.000000
    limb_scale_regularization: 0.013732 / 0.021249
    limb_trans_regularization: 0.000004 / 0.000009
    log_beta_scales: 0.000000 / 0.000000
    silhouette     : 0.000000 / 0.000000
    trans          : 0.000000 / 0.000000
  New best model saved with validation loss: 0.000037

Epoch 125:
  Train Loss = 0.000031, Val Loss = 0.000038, LR = 5.00e-05
  Parameter Errors (Train / Val):
    betas          : 32.978986 / 84.808067
    betas_trans    : 0.000000 / 0.000000
    cam_rot        : 0.000000 / 0.000000
    cam_trans      : 0.000000 / 0.000000
    fov            : 0.000000 / 0.000000
    global_rot     : 0.000000 / 0.000000
    joint_angle_regularization: 1.150309 / 1.162693
    joint_rot      : 0.000000 / 0.000000
    keypoint_2d    : 0.000207 / 0.000215
    keypoint_3d    : 0.000000 / 0.000000
    limb_scale_regularization: 0.014016 / 0.021428
    limb_trans_regularization: 0.000003 / 0.000009
    log_beta_scales: 0.000000 / 0.000000
    silhouette     : 0.000000 / 0.000000
    trans          : 0.000000 / 0.000000
  Checkpoint saved at epoch 125

Epoch 126:
  Train Loss = 0.000031, Val Loss = 0.000036, LR = 5.00e-05
  Parameter Errors (Train / Val):
    betas          : 33.060028 / 84.706612
    betas_trans    : 0.000000 / 0.000000
    cam_rot        : 0.000000 / 0.000000
    cam_trans      : 0.000000 / 0.000000
    fov            : 0.000000 / 0.000000
    global_rot     : 0.000000 / 0.000000
    joint_angle_regularization: 1.149607 / 1.161917
    joint_rot      : 0.000000 / 0.000000
    keypoint_2d    : 0.000210 / 0.000203
    keypoint_3d    : 0.000000 / 0.000000
    limb_scale_regularization: 0.014191 / 0.021436
    limb_trans_regularization: 0.000003 / 0.000008
    log_beta_scales: 0.000000 / 0.000000
    silhouette     : 0.000000 / 0.000000
    trans          : 0.000000 / 0.000000
  New best model saved with validation loss: 0.000036

Epoch 127:
  Train Loss = 0.000029, Val Loss = 0.000038, LR = 5.00e-05
  Parameter Errors (Train / Val):
    betas          : 32.990197 / 84.694199
    betas_trans    : 0.000000 / 0.000000
    cam_rot        : 0.000000 / 0.000000
    cam_trans      : 0.000000 / 0.000000
    fov            : 0.000000 / 0.000000
    global_rot     : 0.000000 / 0.000000
    joint_angle_regularization: 1.149657 / 1.162311
    joint_rot      : 0.000000 / 0.000000
    keypoint_2d    : 0.000195 / 0.000216
    keypoint_3d    : 0.000000 / 0.000000
    limb_scale_regularization: 0.014336 / 0.021509
    limb_trans_regularization: 0.000003 / 0.000008
    log_beta_scales: 0.000000 / 0.000000
    silhouette     : 0.000000 / 0.000000
    trans          : 0.000000 / 0.000000
  Checkpoint saved at epoch 127

Epoch 128:
  Train Loss = 0.000030, Val Loss = 0.000036, LR = 5.00e-05
  Parameter Errors (Train / Val):
    betas          : 32.963265 / 84.667755
    betas_trans    : 0.000000 / 0.000000
    cam_rot        : 0.000000 / 0.000000
    cam_trans      : 0.000000 / 0.000000
    fov            : 0.000000 / 0.000000
    global_rot     : 0.000000 / 0.000000
    joint_angle_regularization: 1.150601 / 1.162932
    joint_rot      : 0.000000 / 0.000000
    keypoint_2d    : 0.000197 / 0.000202
    keypoint_3d    : 0.000000 / 0.000000
    limb_scale_regularization: 0.014490 / 0.021740
    limb_trans_regularization: 0.000003 / 0.000008
    log_beta_scales: 0.000000 / 0.000000
    silhouette     : 0.000000 / 0.000000
    trans          : 0.000000 / 0.000000
  New best model saved with validation loss: 0.000036

Epoch 129:
  Train Loss = 0.000030, Val Loss = 0.000036, LR = 5.00e-05
  Parameter Errors (Train / Val):
    betas          : 33.002544 / 84.323029
    betas_trans    : 0.000000 / 0.000000
    cam_rot        : 0.000000 / 0.000000
    cam_trans      : 0.000000 / 0.000000
    fov            : 0.000000 / 0.000000
    global_rot     : 0.000000 / 0.000000
    joint_angle_regularization: 1.150878 / 1.162028
    joint_rot      : 0.000000 / 0.000000
    keypoint_2d    : 0.000197 / 0.000199
    keypoint_3d    : 0.000000 / 0.000000
    limb_scale_regularization: 0.014740 / 0.021683
    limb_trans_regularization: 0.000003 / 0.000008
    log_beta_scales: 0.000000 / 0.000000
    silhouette     : 0.000000 / 0.000000
    trans          : 0.000000 / 0.000000
  New best model saved with validation loss: 0.000036
  Checkpoint saved at epoch 129
Visualizing 5 samples from dataset: unknown
Generated 5 visualization images for epoch 129 in /hpcwork/mkd34160/smilify_runs/singleview_2d_lam0/visualizations/epoch_129
Visualizing 5 samples from dataset: unknown
Generated 5 visualization images for epoch 129 in /hpcwork/mkd34160/smilify_runs/singleview_2d_lam0/visualizations_train/epoch_129

Epoch 130:
  Train Loss = 0.000029, Val Loss = 0.000036, LR = 5.00e-05
  Parameter Errors (Train / Val):
    betas          : 32.978465 / 84.747528
    betas_trans    : 0.000000 / 0.000000
    cam_rot        : 0.000000 / 0.000000
    cam_trans      : 0.000000 / 0.000000
    fov            : 0.000000 / 0.000000
    global_rot     : 0.000000 / 0.000000
    joint_angle_regularization: 1.150573 / 1.163132
    joint_rot      : 0.000000 / 0.000000
    keypoint_2d    : 0.000194 / 0.000196
    keypoint_3d    : 0.000000 / 0.000000
    limb_scale_regularization: 0.014746 / 0.021818
    limb_trans_regularization: 0.000003 / 0.000008
    log_beta_scales: 0.000000 / 0.000000
    silhouette     : 0.000000 / 0.000000
    trans          : 0.000000 / 0.000000
  New best model saved with validation loss: 0.000036

Epoch 131:
  Train Loss = 0.000029, Val Loss = 0.000035, LR = 5.00e-05
  Parameter Errors (Train / Val):
    betas          : 32.935942 / 84.748802
    betas_trans    : 0.000000 / 0.000000
    cam_rot        : 0.000000 / 0.000000
    cam_trans      : 0.000000 / 0.000000
    fov            : 0.000000 / 0.000000
    global_rot     : 0.000000 / 0.000000
    joint_angle_regularization: 1.150407 / 1.162407
    joint_rot      : 0.000000 / 0.000000
    keypoint_2d    : 0.000191 / 0.000192
    keypoint_3d    : 0.000000 / 0.000000
    limb_scale_regularization: 0.014771 / 0.021636
    limb_trans_regularization: 0.000003 / 0.000008
    log_beta_scales: 0.000000 / 0.000000
    silhouette     : 0.000000 / 0.000000
    trans          : 0.000000 / 0.000000
  New best model saved with validation loss: 0.000035
  Checkpoint saved at epoch 131

Epoch 132:
  Train Loss = 0.000029, Val Loss = 0.000035, LR = 5.00e-05
  Parameter Errors (Train / Val):
    betas          : 33.098007 / 84.560745
    betas_trans    : 0.000000 / 0.000000
    cam_rot        : 0.000000 / 0.000000
    cam_trans      : 0.000000 / 0.000000
    fov            : 0.000000 / 0.000000
    global_rot     : 0.000000 / 0.000000
    joint_angle_regularization: 1.150670 / 1.163565
    joint_rot      : 0.000000 / 0.000000
    keypoint_2d    : 0.000190 / 0.000188
    keypoint_3d    : 0.000000 / 0.000000
    limb_scale_regularization: 0.014850 / 0.021735
    limb_trans_regularization: 0.000003 / 0.000008
    log_beta_scales: 0.000000 / 0.000000
    silhouette     : 0.000000 / 0.000000
    trans          : 0.000000 / 0.000000
  New best model saved with validation loss: 0.000035

Epoch 133:
  Train Loss = 0.000029, Val Loss = 0.000035, LR = 5.00e-05
  Parameter Errors (Train / Val):
    betas          : 33.118042 / 84.301300
    betas_trans    : 0.000000 / 0.000000
    cam_rot        : 0.000000 / 0.000000
    cam_trans      : 0.000000 / 0.000000
    fov            : 0.000000 / 0.000000
    global_rot     : 0.000000 / 0.000000
    joint_angle_regularization: 1.149512 / 1.163390
    joint_rot      : 0.000000 / 0.000000
    keypoint_2d    : 0.000189 / 0.000190
    keypoint_3d    : 0.000000 / 0.000000
    limb_scale_regularization: 0.014965 / 0.021733
    limb_trans_regularization: 0.000003 / 0.000008
    log_beta_scales: 0.000000 / 0.000000
    silhouette     : 0.000000 / 0.000000
    trans          : 0.000000 / 0.000000
  Checkpoint saved at epoch 133

Epoch 134:
  Train Loss = 0.000030, Val Loss = 0.000036, LR = 5.00e-05
  Parameter Errors (Train / Val):
    betas          : 33.012257 / 85.103317
    betas_trans    : 0.000000 / 0.000000
    cam_rot        : 0.000000 / 0.000000
    cam_trans      : 0.000000 / 0.000000
    fov            : 0.000000 / 0.000000
    global_rot     : 0.000000 / 0.000000
    joint_angle_regularization: 1.149978 / 1.164500
    joint_rot      : 0.000000 / 0.000000
    keypoint_2d    : 0.000199 / 0.000200
    keypoint_3d    : 0.000000 / 0.000000
    limb_scale_regularization: 0.015105 / 0.021923
    limb_trans_regularization: 0.000003 / 0.000008
    log_beta_scales: 0.000000 / 0.000000
    silhouette     : 0.000000 / 0.000000
    trans          : 0.000000 / 0.000000

Epoch 135:
  Train Loss = 0.000030, Val Loss = 0.000036, LR = 5.00e-05
  Parameter Errors (Train / Val):
    betas          : 33.064154 / 84.848793
    betas_trans    : 0.000000 / 0.000000
    cam_rot        : 0.000000 / 0.000000
    cam_trans      : 0.000000 / 0.000000
    fov            : 0.000000 / 0.000000
    global_rot     : 0.000000 / 0.000000
    joint_angle_regularization: 1.151216 / 1.165041
    joint_rot      : 0.000000 / 0.000000
    keypoint_2d    : 0.000194 / 0.000193
    keypoint_3d    : 0.000000 / 0.000000
    limb_scale_regularization: 0.015127 / 0.021800
    limb_trans_regularization: 0.000003 / 0.000008
    log_beta_scales: 0.000000 / 0.000000
    silhouette     : 0.000000 / 0.000000
    trans          : 0.000000 / 0.000000
  Checkpoint saved at epoch 135

Epoch 136:
  Train Loss = 0.000030, Val Loss = 0.000035, LR = 5.00e-05
  Parameter Errors (Train / Val):
    betas          : 33.076945 / 84.814911
    betas_trans    : 0.000000 / 0.000000
    cam_rot        : 0.000000 / 0.000000
    cam_trans      : 0.000000 / 0.000000
    fov            : 0.000000 / 0.000000
    global_rot     : 0.000000 / 0.000000
    joint_angle_regularization: 1.151747 / 1.165427
    joint_rot      : 0.000000 / 0.000000
    keypoint_2d    : 0.000197 / 0.000189
    keypoint_3d    : 0.000000 / 0.000000
    limb_scale_regularization: 0.015241 / 0.021933
    limb_trans_regularization: 0.000003 / 0.000008
    log_beta_scales: 0.000000 / 0.000000
    silhouette     : 0.000000 / 0.000000
    trans          : 0.000000 / 0.000000

Epoch 137:
  Train Loss = 0.000028, Val Loss = 0.000035, LR = 5.00e-05
  Parameter Errors (Train / Val):
    betas          : 33.118685 / 84.861702
    betas_trans    : 0.000000 / 0.000000
    cam_rot        : 0.000000 / 0.000000
    cam_trans      : 0.000000 / 0.000000
    fov            : 0.000000 / 0.000000
    global_rot     : 0.000000 / 0.000000
    joint_angle_regularization: 1.150577 / 1.164803
    joint_rot      : 0.000000 / 0.000000
    keypoint_2d    : 0.000184 / 0.000193
    keypoint_3d    : 0.000000 / 0.000000
    limb_scale_regularization: 0.015139 / 0.021879
    limb_trans_regularization: 0.000003 / 0.000008
    log_beta_scales: 0.000000 / 0.000000
    silhouette     : 0.000000 / 0.000000
    trans          : 0.000000 / 0.000000
  Checkpoint saved at epoch 137

Epoch 138:
  Train Loss = 0.000029, Val Loss = 0.000036, LR = 5.00e-05
  Parameter Errors (Train / Val):
    betas          : 33.168726 / 84.519836
    betas_trans    : 0.000000 / 0.000000
    cam_rot        : 0.000000 / 0.000000
    cam_trans      : 0.000000 / 0.000000
    fov            : 0.000000 / 0.000000
    global_rot     : 0.000000 / 0.000000
    joint_angle_regularization: 1.150768 / 1.165096
    joint_rot      : 0.000000 / 0.000000
    keypoint_2d    : 0.000191 / 0.000201
    keypoint_3d    : 0.000000 / 0.000000
    limb_scale_regularization: 0.015215 / 0.021826
    limb_trans_regularization: 0.000003 / 0.000008
    log_beta_scales: 0.000000 / 0.000000
    silhouette     : 0.000000 / 0.000000
    trans          : 0.000000 / 0.000000

Epoch 139:
  Train Loss = 0.000029, Val Loss = 0.000036, LR = 5.00e-05
  Parameter Errors (Train / Val):
    betas          : 33.081887 / 84.728638
    betas_trans    : 0.000000 / 0.000000
    cam_rot        : 0.000000 / 0.000000
    cam_trans      : 0.000000 / 0.000000
    fov            : 0.000000 / 0.000000
    global_rot     : 0.000000 / 0.000000
    joint_angle_regularization: 1.150954 / 1.165773
    joint_rot      : 0.000000 / 0.000000
    keypoint_2d    : 0.000187 / 0.000199
    keypoint_3d    : 0.000000 / 0.000000
    limb_scale_regularization: 0.015182 / 0.021879
    limb_trans_regularization: 0.000003 / 0.000008
    log_beta_scales: 0.000000 / 0.000000
    silhouette     : 0.000000 / 0.000000
    trans          : 0.000000 / 0.000000
  Checkpoint saved at epoch 139
Visualizing 5 samples from dataset: unknown
Generated 5 visualization images for epoch 139 in /hpcwork/mkd34160/smilify_runs/singleview_2d_lam0/visualizations/epoch_139
Visualizing 5 samples from dataset: unknown
Generated 5 visualization images for epoch 139 in /hpcwork/mkd34160/smilify_runs/singleview_2d_lam0/visualizations_train/epoch_139
