==================================================================
Job 3897322 task 1 on n23g0016.hpc.itc.rwth-aachen.de — Wed Sep  9 22:49:28 CEST 2026
  study  : 2D-ONLY, FROM SCRATCH
  arm    : singleview / lambda=1e-4
  cluster: RWTH CLAIX-2023 | partition c23g | account rwth2151
  wall   : ends Thu Sep 10 22:48:50 CEST 2026
  repo   : /rwthfs/rz/cluster/home/mkd34160/2d/SMILify
  env    : /hpcwork/mkd34160/conda_envs/pytorch3d
  config : configs_runs/singleview_2d_lam1e-4.json
  data   : /home/mkd34160/test/SMILify/SMILySTICKS_centred_reprojected_FIXED.h5
  gpus   : 4 per node x 2 node(s) = 8 rank(s)  [from SLURM_GPUS_ON_NODE]
==================================================================
  torch  : 2.3.1, CUDA 11.8, 4 GPU(s) visible
  resume : none — training from randomly initialised weights
  num_epochs (end)  : 1000
  -> will train 1000 epoch(s) this job
  STUDY INVARIANT   : total schedule is 1000 epochs from scratch — every arm MUST match.
  scale/trans plumbing: the config's weights reach the trainer's resolver  OK
  3D supervision    : all of keypoint_3d, global_rot, joint_rot, betas, trans, log_beta_scales, betas_trans are 0.0 at every epoch  OK
  keypoint_2d       : 0.1 .. 0.1 across the schedule
  camera terms      : fov=0, cam_rot=0, cam_trans=0
  WARNING: every camera term is 0 as well. With a free camera and no 3D, the 2D
           reprojection loss can be reduced by moving the CAMERA rather than posing
           the animal. Expect the pose to be under-determined.
  joint_limit_regularization: 0.0001  (array task expects 0.0001)
  smal_file         : 3D_model_prep/SMILy_STICK_limits_authored.pkl
  authored limits   : 129/162 non-root axes constrained (80%)
  NOTE: the penalty is a mean over ALL 162 non-root axes, so the effective
        prior strength is w x 0.80 = 7.963e-05.
  -> effective limit weight is 0.000796x the peak keypoint_2d weight.
     CAVEAT: the earlier lambda sweep ran against a loss dominated by keypoint_3d at
     weight 20. With 3D gone the same lambda is a far larger FRACTION of the total
     loss, so these lambdas are NOT on the same scale as that study's.
  batch_size 8 per rank x 8 rank(s) -> effective 64
  STUDY INVARIANT   : effective batch 64 — every arm MUST match.
  save_checkpoint_every: 2 (bounds the epochs lost at each 24 h wall)
  generate_visualizations_every: 10 plot_history_every: 10 samples: 5
  checkpoints -> /hpcwork/mkd34160/smilify_runs/singleview_2d_lam1e-4/checkpoints
  free space on /hpcwork/mkd34160/smilify_runs/singleview_2d_lam1e-4/checkpoints: 383 GB (advisory — statvfs shows the FILESYSTEM, not your quota)
  lr over [0, 1000): 0.0001@e0 -> 5e-05@e120 -> 1e-05@e200
  WARNING — SCALE/DEPTH DEGENERACY: mesh_scaling.allow_mesh_scaling is on and there is
            no 3D supervision. TrainingConfig.MESH_SCALING_CONFIG states the global
            mesh scale is trained implicitly via the 3D keypoint loss; with that gone,
            a larger animal further away reprojects to the same pixels. Only the
            limb_scale / limb_trans regularizers and the joint-limit prior hold it.
            Kept ON deliberately: the study is the reference setup MINUS 3D.

=== configs_runs/singleview_2d_lam0.json ===
  from scratch: resume_checkpoint is null  OK
  num_epochs: 1000
  scale/trans loss weights reach the trainer's resolver  OK
  3D supervision: all of keypoint_3d, global_rot, joint_rot, betas, trans, log_beta_scales, betas_trans are 0.0 at every epoch  OK
  keypoint_2d: 0.1 .. 0.1 across the run  OK
  joint_limit_regularization: 0 (constant)  OK

=== configs_runs/singleview_2d_lam1e-1.json ===
  from scratch: resume_checkpoint is null  OK
  num_epochs: 1000
  scale/trans loss weights reach the trainer's resolver  OK
  3D supervision: all of keypoint_3d, global_rot, joint_rot, betas, trans, log_beta_scales, betas_trans are 0.0 at every epoch  OK
  keypoint_2d: 0.1 .. 0.1 across the run  OK
  joint_limit_regularization: 0.1 (constant)  OK

=== configs_runs/singleview_2d_lam1e-4.json ===
  from scratch: resume_checkpoint is null  OK
  num_epochs: 1000
  scale/trans loss weights reach the trainer's resolver  OK
  3D supervision: all of keypoint_3d, global_rot, joint_rot, betas, trans, log_beta_scales, betas_trans are 0.0 at every epoch  OK
  keypoint_2d: 0.1 .. 0.1 across the run  OK
  joint_limit_regularization: 0.0001 (constant)  OK

=== sweep invariant ===
  lambdas distinct: ['0', '0.1', '0.0001']  OK
  all 3 arms agree on mode, model, dataset, training, optimizer, augmentation, smal_model, mesh_scaling, joint_importance, ignored_joints, ignored_joint_locations, scale_trans_beta  OK
  checkpoint dirs distinct  OK

==================================================================
Pre-flight clean. Safe to submit.
  launch : srun x 2 node(s), rendezvous on n23g0016:29501
[config] SMAL_FILE overridden to: 3D_model_prep/SMILy_STICK_limits_authored.pkl
[config] N_POSE=54, N_BETAS=5, joints=55
[config] SMAL_FILE overridden to: 3D_model_prep/SMILy_STICK_limits_authored.pkl
[config] N_POSE=54, N_BETAS=5, joints=55
[config] SMAL_FILE overridden to: 3D_model_prep/SMILy_STICK_limits_authored.pkl
[config] N_POSE=54, N_BETAS=5, joints=55
[config] SMAL_FILE overridden to: 3D_model_prep/SMILy_STICK_limits_authored.pkl
[config] N_POSE=54, N_BETAS=5, joints=55
Loaded config from: configs_runs/singleview_2d_lam1e-4.json
Resolved config saved to: /hpcwork/mkd34160/smilify_runs/singleview_2d_lam1e-4/checkpoints/config.json
Loaded config from: configs_runs/singleview_2d_lam1e-4.json
Resolved config saved to: /hpcwork/mkd34160/smilify_runs/singleview_2d_lam1e-4/checkpoints/config.json
Loaded config from: configs_runs/singleview_2d_lam1e-4.json
Resolved config saved to: /hpcwork/mkd34160/smilify_runs/singleview_2d_lam1e-4/checkpoints/config.json
Detected torchrun/HPC launch environment:
  Global rank: 0
  Local rank (GPU): 0
  World size: 8
  MASTER_ADDR: n23g0016.hpc.itc.rwth-aachen.de
  MASTER_PORT: 35315
Loaded config from: configs_runs/singleview_2d_lam1e-4.json
Resolved config saved to: /hpcwork/mkd34160/smilify_runs/singleview_2d_lam1e-4/checkpoints/config.json
[config] SMAL_FILE overridden to: 3D_model_prep/SMILy_STICK_limits_authored.pkl
[config] N_POSE=54, N_BETAS=5, joints=55
[config] SMAL_FILE overridden to: 3D_model_prep/SMILy_STICK_limits_authored.pkl
[config] N_POSE=54, N_BETAS=5, joints=55
[config] SMAL_FILE overridden to: 3D_model_prep/SMILy_STICK_limits_authored.pkl
[config] N_POSE=54, N_BETAS=5, joints=55
[config] SMAL_FILE overridden to: 3D_model_prep/SMILy_STICK_limits_authored.pkl
[config] N_POSE=54, N_BETAS=5, joints=55
Loaded config from: configs_runs/singleview_2d_lam1e-4.json
Resolved config saved to: /hpcwork/mkd34160/smilify_runs/singleview_2d_lam1e-4/checkpoints/config.json
Loaded config from: configs_runs/singleview_2d_lam1e-4.json
Resolved config saved to: /hpcwork/mkd34160/smilify_runs/singleview_2d_lam1e-4/checkpoints/config.json
Loaded config from: configs_runs/singleview_2d_lam1e-4.json
Resolved config saved to: /hpcwork/mkd34160/smilify_runs/singleview_2d_lam1e-4/checkpoints/config.json
Loaded config from: configs_runs/singleview_2d_lam1e-4.json
Resolved config saved to: /hpcwork/mkd34160/smilify_runs/singleview_2d_lam1e-4/checkpoints/config.json
[config] SMAL_FILE overridden to: 3D_model_prep/SMILy_STICK_limits_authored.pkl
[config] N_POSE=54, N_BETAS=5, joints=55
[config] SMAL_FILE overridden to: 3D_model_prep/SMILy_STICK_limits_authored.pkl
[config] N_POSE=54, N_BETAS=5, joints=55
[config] SMAL_FILE overridden to: 3D_model_prep/SMILy_STICK_limits_authored.pkl
[config] N_POSE=54, N_BETAS=5, joints=55
[config] SMAL_FILE overridden to: 3D_model_prep/SMILy_STICK_limits_authored.pkl
[config] N_POSE=54, N_BETAS=5, joints=55
============================================================
SMIL Training Configuration Summary
============================================================
Dataset: RealSMILyMouseFalknerFROM3D_no_crop
Data Path: RealSMILyMouseFalknerFROM3D_no_crop.h5
Train/Val/Test Split: 85.0%/5.0%/10.0%

Training Parameters:
  batch_size: 8
  num_epochs: 1000
  learning_rate: 0.0001
  weight_decay: 0.0001
  seed: 42
  rotation_representation: 6d
  resume_checkpoint: None
  num_workers: 8
  pin_memory: True
  prefetch_factor: 16

Model Configuration:
  backbone_name: vit_large_patch16_224
  freeze_backbone: True
  hidden_dim: 1024
  rgb_only: False
  use_unity_prior: False
  head_type: transformer_decoder
  Backbone type: Vision Transformer
  Feature dimension: 1024
  Regression head: transformer_decoder
  Transformer decoder config:
    hidden_dim: 1024
    depth: 6
    heads: 8
    dim_head: 64
    mlp_dim: 1024
    dropout: 0.1
    ief_iters: 3
    trans_scale_factor: 1

Loss Curriculum:
  Base weights:
    global_rot: 0.0
    joint_rot: 0.0
    betas: 0.0
    trans: 0.0
    fov: 0.0
    cam_rot: 0.0
    cam_trans: 0.0
    log_beta_scales: 0.0
    betas_trans: 0.0
    keypoint_2d: 0.1
    keypoint_3d: 0.0
    silhouette: 0.0
    joint_angle_regularization: 0.001
    limb_scale_regularization: 0.1
    limb_trans_regularization: 1
    joint_limit_regularization: 0.0001
  Curriculum stages:
    Epoch 20+: {'joint_angle_regularization': 0.0001}
    Epoch 50+: {'joint_angle_regularization': 1e-05}
    Epoch 60+: {'joint_angle_regularization': 1e-06, 'limb_scale_regularization': 0.001, 'limb_trans_regularization': 0.5}
    Epoch 120+: {'joint_angle_regularization': 1e-06, 'limb_scale_regularization': 0.0005, 'limb_trans_regularization': 0.5}
    Epoch 200+: {'joint_angle_regularization': 1e-06, 'limb_scale_regularization': 0.0001, 'limb_trans_regularization': 0.5}
    Epoch 250+: {'joint_angle_regularization': 1e-06, 'limb_scale_regularization': 5e-05, 'limb_trans_regularization': 0.5}
    Epoch 300+: {'joint_angle_regularization': 5e-07, 'limb_scale_regularization': 5e-05, 'limb_trans_regularization': 0.5}
    Epoch 400+: {'joint_angle_regularization': 2e-07, 'limb_scale_regularization': 1e-05, 'limb_trans_regularization': 0.5}

Learning Rate Curriculum:
  Base learning rate: 0.0001
  Learning rate stages:
    Epoch 0+: 0.0001
    Epoch 120+: 5e-05
    Epoch 200+: 1e-05

Output Configuration:
  checkpoint_dir: /hpcwork/mkd34160/smilify_runs/singleview_2d_lam1e-4/checkpoints
  plots_dir: /hpcwork/mkd34160/smilify_runs/singleview_2d_lam1e-4/plots
  visualizations_dir: /hpcwork/mkd34160/smilify_runs/singleview_2d_lam1e-4/visualizations
  train_visualizations_dir: /hpcwork/mkd34160/smilify_runs/singleview_2d_lam1e-4/visualizations_train
  save_checkpoint_every: 2
  generate_visualizations_every: 10
  plot_history_every: 10
  num_visualization_samples: 5
============================================================
Random seed set to: 42
Using device override: cuda:0
Loading dataset...
Using rotation representation: 6d
Using backbone: vit_large_patch16_224

======================================================================
SINGLE DATASET TRAINING MODE (Legacy)
======================================================================
[config] SMAL_FILE overridden to: 3D_model_prep/SMILy_STICK_limits_authored.pkl
[config] N_POSE=54, N_BETAS=5, joints=55
[config] SMAL_FILE overridden to: 3D_model_prep/SMILy_STICK_limits_authored.pkl
[config] N_POSE=54, N_BETAS=5, joints=55
[config] SMAL_FILE overridden to: 3D_model_prep/SMILy_STICK_limits_authored.pkl
[config] N_POSE=54, N_BETAS=5, joints=55
[config] SMAL_FILE overridden to: 3D_model_prep/SMILy_STICK_limits_authored.pkl
[config] N_POSE=54, N_BETAS=5, joints=55
SLEAP dataset support: enabled
Dataset size: 506250
Original resolution: 512
Target resolution: 512
Single-view-from-multiview split (sample-grouped, seed=42): 86062/5062/10126 samples -> 430310/25310/50630 view-items
Train set: 430310 samples
Validation set: 25310 samples
Test set: 50630 samples
Data loading configuration:
  Workers: 8
  Pin memory: True
  Prefetch factor: 16
  Matplotlib backend: Agg
Using distributed samplers for 8 GPUs
Effective batch size per GPU: 8
Total effective batch size: 64
Rank 0: Train sampler size: 53789, Val sampler size: 3164
Successfully created data loaders with 8 workers
Memory Status Before model initialization:
  GPU: 0.0MB / 95319.4MB (0.0%)
  System: 23210.3MB / 515103.4MB (4.5%)
Memory recommendations for vit_large_patch16_224:
  backbone_name: vit_large_patch16_224
  freeze_backbone: True
  use_mixed_precision: True
  use_gradient_checkpointing: True
  target_memory_gb: 19.200000000000003
  estimated_batch_size: 16
  hidden_dim: 1024
Initializing model...
Using backbone: vit_large_patch16_224
Using input resolution: 224x224 (backbone: vit_large_patch16_224)
[ViTBackbone:vit_large_patch16_224] input normalization: mean=[0.5, 0.5, 0.5], std=[0.5, 0.5, 0.5]
[ViTBackbone:vit_large_patch16_224] input normalization: mean=[0.5, 0.5, 0.5], std=[0.5, 0.5, 0.5]
[ViTBackbone:vit_large_patch16_224] input normalization: mean=[0.5, 0.5, 0.5], std=[0.5, 0.5, 0.5]
[ViTBackbone:vit_large_patch16_224] input normalization: mean=[0.5, 0.5, 0.5], std=[0.5, 0.5, 0.5]
[ViTBackbone:vit_large_patch16_224] input normalization: mean=[0.5, 0.5, 0.5], std=[0.5, 0.5, 0.5]
[ViTBackbone:vit_large_patch16_224] input normalization: mean=[0.5, 0.5, 0.5], std=[0.5, 0.5, 0.5]
[ViTBackbone:vit_large_patch16_224] input normalization: mean=[0.5, 0.5, 0.5], std=[0.5, 0.5, 0.5]
[ViTBackbone:vit_large_patch16_224] input normalization: mean=[0.5, 0.5, 0.5], std=[0.5, 0.5, 0.5]
Model created with head type: transformer_decoder
Scale/Translation mode: separate
Transformer decoder config: {'hidden_dim': 1024, 'depth': 6, 'heads': 8, 'dim_head': 64, 'mlp_dim': 1024, 'dropout': 0.1, 'ief_iters': 3, 'trans_scale_factor': 1}
  Trans scale factor: 1
Memory Status After model initialization:
  GPU: 1310.2MB / 95319.4MB (1.4%)
  System: 29103.6MB / 515103.4MB (5.7%)
Model wrapped with DistributedDataParallel on 8 GPUs
Model parameters: 329,917,753
  Backbone parameters: 303,301,632
  Transformer decoder parameters: 26,614,771
Using conservative learning rate for transformer decoder: 1.0000000000000002e-06
Optimizer parameter groups created:
  Backbone/other groups: 2
    -  (lr=0.0001)
    -  (lr=0.0001)
  Transformer groups: 0
  Total groups: 2

Optimizer configuration:
  Type: AdamW
  Initial learning rate: 0.0001
  Weight decay: 0.0001
  Number of parameter groups: 2
  Group 0: 294 tensors, 303,301,632 total parameters, lr=0.0001
  Group 1: 107 tensors, 26,614,771 total parameters, lr=0.0001
Starting training...
Training from scratch
Learning rate updated to 1e-05 (group '') at epoch 0
Learning rate updated to 1e-05 (group '') at epoch 0
Joint importance: 6/6 joints matched, multiplier=10.0
Joint importance: 6/6 joints matched, multiplier=10.0
Joint importance: 6/6 joints matched, multiplier=10.0
Joint importance: 6/6 joints matched, multiplier=10.0
Joint importance: 6/6 joints matched, multiplier=10.0
Joint importance: 6/6 joints matched, multiplier=10.0
Joint importance: 6/6 joints matched, multiplier=10.0
Joint importance: 6/6 joints matched, multiplier=10.0

Epoch 0:
  Train Loss = 0.011272, Val Loss = 0.001863, LR = 1.00e-04
  Parameter Errors (Train / Val):
    betas          : 22.388716 / 32.604084
    betas_trans    : 0.000000 / 0.000000
    cam_rot        : 0.000000 / 0.000000
    cam_trans      : 0.000000 / 0.000000
    fov            : 0.000000 / 0.000000
    global_rot     : 0.000000 / 0.000000
    joint_angle_regularization: 0.934284 / 0.516975
    joint_limit_regularization: 0.119197 / 0.077101
    joint_rot      : 0.000000 / 0.000000
    keypoint_2d    : 0.087185 / 0.006805
    keypoint_3d    : 0.000000 / 0.000000
    limb_scale_regularization: 0.005555 / 0.001845
    limb_trans_regularization: 0.001052 / 0.000473
    log_beta_scales: 0.000000 / 0.000000
    silhouette     : 0.000000 / 0.000000
    trans          : 0.000000 / 0.000000
  New best model saved with validation loss: 0.001863

Epoch 1:
  Train Loss = 0.001853, Val Loss = 0.001263, LR = 1.00e-04
  Parameter Errors (Train / Val):
    betas          : 37.154863 / 29.081259
    betas_trans    : 0.000000 / 0.000000
    cam_rot        : 0.000000 / 0.000000
    cam_trans      : 0.000000 / 0.000000
    fov            : 0.000000 / 0.000000
    global_rot     : 0.000000 / 0.000000
    joint_angle_regularization: 0.543235 / 0.451981
    joint_limit_regularization: 0.088042 / 0.067135
    joint_rot      : 0.000000 / 0.000000
    keypoint_2d    : 0.006920 / 0.004435
    keypoint_3d    : 0.000000 / 0.000000
    limb_scale_regularization: 0.002525 / 0.001067
    limb_trans_regularization: 0.000356 / 0.000254
    log_beta_scales: 0.000000 / 0.000000
    silhouette     : 0.000000 / 0.000000
    trans          : 0.000000 / 0.000000
  New best model saved with validation loss: 0.001263
  Checkpoint saved at epoch 1

Epoch 2:
  Train Loss = 0.001284, Val Loss = 0.001131, LR = 1.00e-04
  Parameter Errors (Train / Val):
    betas          : 41.190990 / 25.586666
    betas_trans    : 0.000000 / 0.000000
    cam_rot        : 0.000000 / 0.000000
    cam_trans      : 0.000000 / 0.000000
    fov            : 0.000000 / 0.000000
    global_rot     : 0.000000 / 0.000000
    joint_angle_regularization: 0.401601 / 0.443352
    joint_limit_regularization: 0.070218 / 0.066143
    joint_rot      : 0.000000 / 0.000000
    keypoint_2d    : 0.005106 / 0.003936
    keypoint_3d    : 0.000000 / 0.000000
    limb_scale_regularization: 0.001621 / 0.000814
    limb_trans_regularization: 0.000202 / 0.000206
    log_beta_scales: 0.000000 / 0.000000
    silhouette     : 0.000000 / 0.000000
    trans          : 0.000000 / 0.000000
  New best model saved with validation loss: 0.001131

Epoch 3:
  Train Loss = 0.001165, Val Loss = 0.001018, LR = 1.00e-04
  Parameter Errors (Train / Val):
    betas          : 42.913254 / 23.035938
    betas_trans    : 0.000000 / 0.000000
    cam_rot        : 0.000000 / 0.000000
    cam_trans      : 0.000000 / 0.000000
    fov            : 0.000000 / 0.000000
    global_rot     : 0.000000 / 0.000000
    joint_angle_regularization: 0.389097 / 0.434719
    joint_limit_regularization: 0.071453 / 0.064273
    joint_rot      : 0.000000 / 0.000000
    keypoint_2d    : 0.004607 / 0.003387
    keypoint_3d    : 0.000000 / 0.000000
    limb_scale_regularization: 0.001234 / 0.000623
    limb_trans_regularization: 0.000185 / 0.000176
    log_beta_scales: 0.000000 / 0.000000
    silhouette     : 0.000000 / 0.000000
    trans          : 0.000000 / 0.000000
  New best model saved with validation loss: 0.001018
  Checkpoint saved at epoch 3

Epoch 4:
  Train Loss = 0.001024, Val Loss = 0.000978, LR = 1.00e-04
  Parameter Errors (Train / Val):
    betas          : 46.774521 / 22.848957
    betas_trans    : 0.000000 / 0.000000
    cam_rot        : 0.000000 / 0.000000
    cam_trans      : 0.000000 / 0.000000
    fov            : 0.000000 / 0.000000
    global_rot     : 0.000000 / 0.000000
    joint_angle_regularization: 0.385530 / 0.426433
    joint_limit_regularization: 0.071943 / 0.062970
    joint_rot      : 0.000000 / 0.000000
    keypoint_2d    : 0.004007 / 0.003336
    keypoint_3d    : 0.000000 / 0.000000
    limb_scale_regularization: 0.000819 / 0.000540
    limb_trans_regularization: 0.000149 / 0.000158
    log_beta_scales: 0.000000 / 0.000000
    silhouette     : 0.000000 / 0.000000
    trans          : 0.000000 / 0.000000
  New best model saved with validation loss: 0.000978

Epoch 5:
  Train Loss = 0.000930, Val Loss = 0.000911, LR = 1.00e-04
  Parameter Errors (Train / Val):
    betas          : 49.180543 / 22.729542
    betas_trans    : 0.000000 / 0.000000
    cam_rot        : 0.000000 / 0.000000
    cam_trans      : 0.000000 / 0.000000
    fov            : 0.000000 / 0.000000
    global_rot     : 0.000000 / 0.000000
    joint_angle_regularization: 0.385885 / 0.419774
    joint_limit_regularization: 0.071431 / 0.062383
    joint_rot      : 0.000000 / 0.000000
    keypoint_2d    : 0.003564 / 0.002738
    keypoint_3d    : 0.000000 / 0.000000
    limb_scale_regularization: 0.000739 / 0.000530
    limb_trans_regularization: 0.000106 / 0.000158
    log_beta_scales: 0.000000 / 0.000000
    silhouette     : 0.000000 / 0.000000
    trans          : 0.000000 / 0.000000
  New best model saved with validation loss: 0.000911
  Checkpoint saved at epoch 5

Epoch 6:
  Train Loss = 0.000888, Val Loss = 0.000901, LR = 1.00e-04
  Parameter Errors (Train / Val):
    betas          : 48.904982 / 22.980274
    betas_trans    : 0.000000 / 0.000000
    cam_rot        : 0.000000 / 0.000000
    cam_trans      : 0.000000 / 0.000000
    fov            : 0.000000 / 0.000000
    global_rot     : 0.000000 / 0.000000
    joint_angle_regularization: 0.386931 / 0.412448
    joint_limit_regularization: 0.071584 / 0.061610
    joint_rot      : 0.000000 / 0.000000
    keypoint_2d    : 0.003242 / 0.002871
    keypoint_3d    : 0.000000 / 0.000000
    limb_scale_regularization: 0.000700 / 0.000497
    limb_trans_regularization: 0.000100 / 0.000145
    log_beta_scales: 0.000000 / 0.000000
    silhouette     : 0.000000 / 0.000000
    trans          : 0.000000 / 0.000000
  New best model saved with validation loss: 0.000901

Epoch 7:
  Train Loss = 0.000868, Val Loss = 0.000918, LR = 1.00e-04
  Parameter Errors (Train / Val):
    betas          : 49.030567 / 23.318562
    betas_trans    : 0.000000 / 0.000000
    cam_rot        : 0.000000 / 0.000000
    cam_trans      : 0.000000 / 0.000000
    fov            : 0.000000 / 0.000000
    global_rot     : 0.000000 / 0.000000
    joint_angle_regularization: 0.387703 / 0.411492
    joint_limit_regularization: 0.071801 / 0.061410
    joint_rot      : 0.000000 / 0.000000
    keypoint_2d    : 0.003084 / 0.003102
    keypoint_3d    : 0.000000 / 0.000000
    limb_scale_regularization: 0.000675 / 0.000472
    limb_trans_regularization: 0.000097 / 0.000143
    log_beta_scales: 0.000000 / 0.000000
    silhouette     : 0.000000 / 0.000000
    trans          : 0.000000 / 0.000000
  Checkpoint saved at epoch 7

Epoch 8:
  Train Loss = 0.000860, Val Loss = 0.000875, LR = 1.00e-04
  Parameter Errors (Train / Val):
    betas          : 49.150045 / 23.577599
    betas_trans    : 0.000000 / 0.000000
    cam_rot        : 0.000000 / 0.000000
    cam_trans      : 0.000000 / 0.000000
    fov            : 0.000000 / 0.000000
    global_rot     : 0.000000 / 0.000000
    joint_angle_regularization: 0.387721 / 0.410333
    joint_limit_regularization: 0.071888 / 0.061386
    joint_rot      : 0.000000 / 0.000000
    keypoint_2d    : 0.003029 / 0.002746
    keypoint_3d    : 0.000000 / 0.000000
    limb_scale_regularization: 0.000663 / 0.000447
    limb_trans_regularization: 0.000096 / 0.000139
    log_beta_scales: 0.000000 / 0.000000
    silhouette     : 0.000000 / 0.000000
    trans          : 0.000000 / 0.000000
  New best model saved with validation loss: 0.000875

Epoch 9:
  Train Loss = 0.000840, Val Loss = 0.000899, LR = 1.00e-04
  Parameter Errors (Train / Val):
    betas          : 49.537504 / 23.799240
    betas_trans    : 0.000000 / 0.000000
    cam_rot        : 0.000000 / 0.000000
    cam_trans      : 0.000000 / 0.000000
    fov            : 0.000000 / 0.000000
    global_rot     : 0.000000 / 0.000000
    joint_angle_regularization: 0.387759 / 0.409347
    joint_limit_regularization: 0.071978 / 0.061333
    joint_rot      : 0.000000 / 0.000000
    keypoint_2d    : 0.002879 / 0.003051
    keypoint_3d    : 0.000000 / 0.000000
    limb_scale_regularization: 0.000639 / 0.000436
    limb_trans_regularization: 0.000094 / 0.000135
    log_beta_scales: 0.000000 / 0.000000
    silhouette     : 0.000000 / 0.000000
    trans          : 0.000000 / 0.000000
  Checkpoint saved at epoch 9
Visualizing 5 samples from dataset: unknown
Generated 5 visualization images for epoch 9 in /hpcwork/mkd34160/smilify_runs/singleview_2d_lam1e-4/visualizations/epoch_009
Visualizing 5 samples from dataset: unknown
Generated 5 visualization images for epoch 9 in /hpcwork/mkd34160/smilify_runs/singleview_2d_lam1e-4/visualizations_train/epoch_009

Epoch 10:
  Train Loss = 0.000830, Val Loss = 0.000845, LR = 1.00e-04
  Parameter Errors (Train / Val):
    betas          : 50.078671 / 24.168819
    betas_trans    : 0.000000 / 0.000000
    cam_rot        : 0.000000 / 0.000000
    cam_trans      : 0.000000 / 0.000000
    fov            : 0.000000 / 0.000000
    global_rot     : 0.000000 / 0.000000
    joint_angle_regularization: 0.387966 / 0.409049
    joint_limit_regularization: 0.072064 / 0.061198
    joint_rot      : 0.000000 / 0.000000
    keypoint_2d    : 0.002798 / 0.002537
    keypoint_3d    : 0.000000 / 0.000000
    limb_scale_regularization: 0.000625 / 0.000442
    limb_trans_regularization: 0.000093 / 0.000132
    log_beta_scales: 0.000000 / 0.000000
    silhouette     : 0.000000 / 0.000000
    trans          : 0.000000 / 0.000000
  New best model saved with validation loss: 0.000845

Epoch 11:
  Train Loss = 0.000816, Val Loss = 0.000848, LR = 1.00e-04
  Parameter Errors (Train / Val):
    betas          : 50.305801 / 24.273279
    betas_trans    : 0.000000 / 0.000000
    cam_rot        : 0.000000 / 0.000000
    cam_trans      : 0.000000 / 0.000000
    fov            : 0.000000 / 0.000000
    global_rot     : 0.000000 / 0.000000
    joint_angle_regularization: 0.387783 / 0.408095
    joint_limit_regularization: 0.072015 / 0.061048
    joint_rot      : 0.000000 / 0.000000
    keypoint_2d    : 0.002684 / 0.002590
    keypoint_3d    : 0.000000 / 0.000000
    limb_scale_regularization: 0.000612 / 0.000420
    limb_trans_regularization: 0.000091 / 0.000133
    log_beta_scales: 0.000000 / 0.000000
    silhouette     : 0.000000 / 0.000000
    trans          : 0.000000 / 0.000000
  Checkpoint saved at epoch 11

Epoch 12:
  Train Loss = 0.000811, Val Loss = 0.000829, LR = 1.00e-04
  Parameter Errors (Train / Val):
    betas          : 50.767694 / 24.715771
    betas_trans    : 0.000000 / 0.000000
    cam_rot        : 0.000000 / 0.000000
    cam_trans      : 0.000000 / 0.000000
    fov            : 0.000000 / 0.000000
    global_rot     : 0.000000 / 0.000000
    joint_angle_regularization: 0.387819 / 0.409176
    joint_limit_regularization: 0.072030 / 0.061086
    joint_rot      : 0.000000 / 0.000000
    keypoint_2d    : 0.002657 / 0.002372
    keypoint_3d    : 0.000000 / 0.000000
    limb_scale_regularization: 0.000597 / 0.000417
    limb_trans_regularization: 0.000090 / 0.000135
    log_beta_scales: 0.000000 / 0.000000
    silhouette     : 0.000000 / 0.000000
    trans          : 0.000000 / 0.000000
  New best model saved with validation loss: 0.000829

Epoch 13:
  Train Loss = 0.000803, Val Loss = 0.000844, LR = 1.00e-04
  Parameter Errors (Train / Val):
    betas          : 51.278659 / 24.763527
    betas_trans    : 0.000000 / 0.000000
    cam_rot        : 0.000000 / 0.000000
    cam_trans      : 0.000000 / 0.000000
    fov            : 0.000000 / 0.000000
    global_rot     : 0.000000 / 0.000000
    joint_angle_regularization: 0.387952 / 0.408319
    joint_limit_regularization: 0.072031 / 0.060879
    joint_rot      : 0.000000 / 0.000000
    keypoint_2d    : 0.002596 / 0.002556
    keypoint_3d    : 0.000000 / 0.000000
    limb_scale_regularization: 0.000589 / 0.000414
    limb_trans_regularization: 0.000090 / 0.000133
    log_beta_scales: 0.000000 / 0.000000
    silhouette     : 0.000000 / 0.000000
    trans          : 0.000000 / 0.000000
  Checkpoint saved at epoch 13

Epoch 14:
  Train Loss = 0.000794, Val Loss = 0.000811, LR = 1.00e-04
  Parameter Errors (Train / Val):
    betas          : 51.822304 / 25.111502
    betas_trans    : 0.000000 / 0.000000
    cam_rot        : 0.000000 / 0.000000
    cam_trans      : 0.000000 / 0.000000
    fov            : 0.000000 / 0.000000
    global_rot     : 0.000000 / 0.000000
    joint_angle_regularization: 0.388380 / 0.408184
    joint_limit_regularization: 0.072059 / 0.060845
    joint_rot      : 0.000000 / 0.000000
    keypoint_2d    : 0.002516 / 0.002244
    keypoint_3d    : 0.000000 / 0.000000
    limb_scale_regularization: 0.000579 / 0.000411
    limb_trans_regularization: 0.000088 / 0.000131
    log_beta_scales: 0.000000 / 0.000000
    silhouette     : 0.000000 / 0.000000
    trans          : 0.000000 / 0.000000
  New best model saved with validation loss: 0.000811

Epoch 15:
  Train Loss = 0.000785, Val Loss = 0.000793, LR = 1.00e-04
  Parameter Errors (Train / Val):
    betas          : 52.298293 / 25.398535
    betas_trans    : 0.000000 / 0.000000
    cam_rot        : 0.000000 / 0.000000
    cam_trans      : 0.000000 / 0.000000
    fov            : 0.000000 / 0.000000
    global_rot     : 0.000000 / 0.000000
    joint_angle_regularization: 0.388666 / 0.409076
    joint_limit_regularization: 0.072077 / 0.060896
    joint_rot      : 0.000000 / 0.000000
    keypoint_2d    : 0.002457 / 0.002031
    keypoint_3d    : 0.000000 / 0.000000
    limb_scale_regularization: 0.000562 / 0.000405
    limb_trans_regularization: 0.000087 / 0.000134
    log_beta_scales: 0.000000 / 0.000000
    silhouette     : 0.000000 / 0.000000
    trans          : 0.000000 / 0.000000
  New best model saved with validation loss: 0.000793
  Checkpoint saved at epoch 15

Epoch 16:
  Train Loss = 0.000784, Val Loss = 0.000800, LR = 1.00e-04
  Parameter Errors (Train / Val):
    betas          : 52.595436 / 25.467640
    betas_trans    : 0.000000 / 0.000000
    cam_rot        : 0.000000 / 0.000000
    cam_trans      : 0.000000 / 0.000000
    fov            : 0.000000 / 0.000000
    global_rot     : 0.000000 / 0.000000
    joint_angle_regularization: 0.388406 / 0.408024
    joint_limit_regularization: 0.072007 / 0.060706
    joint_rot      : 0.000000 / 0.000000
    keypoint_2d    : 0.002442 / 0.002167
    keypoint_3d    : 0.000000 / 0.000000
    limb_scale_regularization: 0.000568 / 0.000397
    limb_trans_regularization: 0.000087 / 0.000130
    log_beta_scales: 0.000000 / 0.000000
    silhouette     : 0.000000 / 0.000000
    trans          : 0.000000 / 0.000000

Epoch 17:
  Train Loss = 0.000783, Val Loss = 0.000795, LR = 1.00e-04
  Parameter Errors (Train / Val):
    betas          : 53.033778 / 25.699509
    betas_trans    : 0.000000 / 0.000000
    cam_rot        : 0.000000 / 0.000000
    cam_trans      : 0.000000 / 0.000000
    fov            : 0.000000 / 0.000000
    global_rot     : 0.000000 / 0.000000
    joint_angle_regularization: 0.388685 / 0.408380
    joint_limit_regularization: 0.071996 / 0.060695
    joint_rot      : 0.000000 / 0.000000
    keypoint_2d    : 0.002438 / 0.002049
    keypoint_3d    : 0.000000 / 0.000000
    limb_scale_regularization: 0.000564 / 0.000401
    limb_trans_regularization: 0.000087 / 0.000135
    log_beta_scales: 0.000000 / 0.000000
    silhouette     : 0.000000 / 0.000000
    trans          : 0.000000 / 0.000000
  Checkpoint saved at epoch 17

Epoch 18:
  Train Loss = 0.000774, Val Loss = 0.000797, LR = 1.00e-04
  Parameter Errors (Train / Val):
    betas          : 53.220436 / 25.820253
    betas_trans    : 0.000000 / 0.000000
    cam_rot        : 0.000000 / 0.000000
    cam_trans      : 0.000000 / 0.000000
    fov            : 0.000000 / 0.000000
    global_rot     : 0.000000 / 0.000000
    joint_angle_regularization: 0.388453 / 0.407143
    joint_limit_regularization: 0.071974 / 0.060395
    joint_rot      : 0.000000 / 0.000000
    keypoint_2d    : 0.002369 / 0.002176
    keypoint_3d    : 0.000000 / 0.000000
    limb_scale_regularization: 0.000553 / 0.000379
    limb_trans_regularization: 0.000086 / 0.000128
    log_beta_scales: 0.000000 / 0.000000
    silhouette     : 0.000000 / 0.000000
    trans          : 0.000000 / 0.000000

Epoch 19:
  Train Loss = 0.000774, Val Loss = 0.000793, LR = 1.00e-04
  Parameter Errors (Train / Val):
    betas          : 53.502986 / 26.028641
    betas_trans    : 0.000000 / 0.000000
    cam_rot        : 0.000000 / 0.000000
    cam_trans      : 0.000000 / 0.000000
    fov            : 0.000000 / 0.000000
    global_rot     : 0.000000 / 0.000000
    joint_angle_regularization: 0.388621 / 0.408252
    joint_limit_regularization: 0.071980 / 0.060481
    joint_rot      : 0.000000 / 0.000000
    keypoint_2d    : 0.002374 / 0.002049
    keypoint_3d    : 0.000000 / 0.000000
    limb_scale_regularization: 0.000549 / 0.000400
    limb_trans_regularization: 0.000086 / 0.000134
    log_beta_scales: 0.000000 / 0.000000
    silhouette     : 0.000000 / 0.000000
    trans          : 0.000000 / 0.000000
  Checkpoint saved at epoch 19
Visualizing 5 samples from dataset: unknown
Generated 5 visualization images for epoch 19 in /hpcwork/mkd34160/smilify_runs/singleview_2d_lam1e-4/visualizations/epoch_019
Visualizing 5 samples from dataset: unknown
Generated 5 visualization images for epoch 19 in /hpcwork/mkd34160/smilify_runs/singleview_2d_lam1e-4/visualizations_train/epoch_019

Epoch 20:
  Train Loss = 0.000357, Val Loss = 0.000363, LR = 1.00e-04
  Parameter Errors (Train / Val):
    betas          : 60.074912 / 28.473385
    betas_trans    : 0.000000 / 0.000000
    cam_rot        : 0.000000 / 0.000000
    cam_trans      : 0.000000 / 0.000000
    fov            : 0.000000 / 0.000000
    global_rot     : 0.000000 / 0.000000
    joint_angle_regularization: 0.511492 / 0.581859
    joint_limit_regularization: 0.088308 / 0.081313
    joint_rot      : 0.000000 / 0.000000
    keypoint_2d    : 0.001950 / 0.001756
    keypoint_3d    : 0.000000 / 0.000000
    limb_scale_regularization: 0.000447 / 0.000303
    limb_trans_regularization: 0.000057 / 0.000091
    log_beta_scales: 0.000000 / 0.000000
    silhouette     : 0.000000 / 0.000000
    trans          : 0.000000 / 0.000000
  New best model saved with validation loss: 0.000363

Epoch 21:
  Train Loss = 0.000330, Val Loss = 0.000347, LR = 1.00e-04
  Parameter Errors (Train / Val):
    betas          : 64.502398 / 29.011074
    betas_trans    : 0.000000 / 0.000000
    cam_rot        : 0.000000 / 0.000000
    cam_trans      : 0.000000 / 0.000000
    fov            : 0.000000 / 0.000000
    global_rot     : 0.000000 / 0.000000
    joint_angle_regularization: 0.581385 / 0.615647
    joint_limit_regularization: 0.094752 / 0.084561
    joint_rot      : 0.000000 / 0.000000
    keypoint_2d    : 0.001721 / 0.001638
    keypoint_3d    : 0.000000 / 0.000000
    limb_scale_regularization: 0.000383 / 0.000286
    limb_trans_regularization: 0.000052 / 0.000085
    log_beta_scales: 0.000000 / 0.000000
    silhouette     : 0.000000 / 0.000000
    trans          : 0.000000 / 0.000000
  New best model saved with validation loss: 0.000347
  Checkpoint saved at epoch 21

Epoch 22:
  Train Loss = 0.000319, Val Loss = 0.000316, LR = 1.00e-04
  Parameter Errors (Train / Val):
    betas          : 67.050383 / 29.403681
    betas_trans    : 0.000000 / 0.000000
    cam_rot        : 0.000000 / 0.000000
    cam_trans      : 0.000000 / 0.000000
    fov            : 0.000000 / 0.000000
    global_rot     : 0.000000 / 0.000000
    joint_angle_regularization: 0.606621 / 0.632930
    joint_limit_regularization: 0.095906 / 0.086127
    joint_rot      : 0.000000 / 0.000000
    keypoint_2d    : 0.001615 / 0.001318
    keypoint_3d    : 0.000000 / 0.000000
    limb_scale_regularization: 0.000361 / 0.000272
    limb_trans_regularization: 0.000051 / 0.000085
    log_beta_scales: 0.000000 / 0.000000
    silhouette     : 0.000000 / 0.000000
    trans          : 0.000000 / 0.000000
  New best model saved with validation loss: 0.000316

Epoch 23:
  Train Loss = 0.000318, Val Loss = 0.000345, LR = 1.00e-04
  Parameter Errors (Train / Val):
    betas          : 68.680898 / 29.548223
    betas_trans    : 0.000000 / 0.000000
    cam_rot        : 0.000000 / 0.000000
    cam_trans      : 0.000000 / 0.000000
    fov            : 0.000000 / 0.000000
    global_rot     : 0.000000 / 0.000000
    joint_angle_regularization: 0.618831 / 0.644425
    joint_limit_regularization: 0.096259 / 0.087132
    joint_rot      : 0.000000 / 0.000000
    keypoint_2d    : 0.001609 / 0.001652
    keypoint_3d    : 0.000000 / 0.000000
    limb_scale_regularization: 0.000353 / 0.000261
    limb_trans_regularization: 0.000051 / 0.000081
    log_beta_scales: 0.000000 / 0.000000
    silhouette     : 0.000000 / 0.000000
    trans          : 0.000000 / 0.000000
  Checkpoint saved at epoch 23

Epoch 24:
  Train Loss = 0.000314, Val Loss = 0.000303, LR = 1.00e-04
  Parameter Errors (Train / Val):
    betas          : 69.097162 / 29.867809
    betas_trans    : 0.000000 / 0.000000
    cam_rot        : 0.000000 / 0.000000
    cam_trans      : 0.000000 / 0.000000
    fov            : 0.000000 / 0.000000
    global_rot     : 0.000000 / 0.000000
    joint_angle_regularization: 0.624955 / 0.652325
    joint_limit_regularization: 0.096167 / 0.087717
    joint_rot      : 0.000000 / 0.000000
    keypoint_2d    : 0.001572 / 0.001286
    keypoint_3d    : 0.000000 / 0.000000
    limb_scale_regularization: 0.000344 / 0.000252
    limb_trans_regularization: 0.000050 / 0.000076
    log_beta_scales: 0.000000 / 0.000000
    silhouette     : 0.000000 / 0.000000
    trans          : 0.000000 / 0.000000
  New best model saved with validation loss: 0.000303

Epoch 25:
  Train Loss = 0.000302, Val Loss = 0.000320, LR = 1.00e-04
  Parameter Errors (Train / Val):
    betas          : 69.680062 / 30.291063
    betas_trans    : 0.000000 / 0.000000
    cam_rot        : 0.000000 / 0.000000
    cam_trans      : 0.000000 / 0.000000
    fov            : 0.000000 / 0.000000
    global_rot     : 0.000000 / 0.000000
    joint_angle_regularization: 0.630609 / 0.659289
    joint_limit_regularization: 0.096064 / 0.088221
    joint_rot      : 0.000000 / 0.000000
    keypoint_2d    : 0.001462 / 0.001426
    keypoint_3d    : 0.000000 / 0.000000
    limb_scale_regularization: 0.000331 / 0.000248
    limb_trans_regularization: 0.000050 / 0.000077
    log_beta_scales: 0.000000 / 0.000000
    silhouette     : 0.000000 / 0.000000
    trans          : 0.000000 / 0.000000
  Checkpoint saved at epoch 25

Epoch 26:
  Train Loss = 0.000305, Val Loss = 0.000308, LR = 1.00e-04
  Parameter Errors (Train / Val):
    betas          : 70.224351 / 30.550243
    betas_trans    : 0.000000 / 0.000000
    cam_rot        : 0.000000 / 0.000000
    cam_trans      : 0.000000 / 0.000000
    fov            : 0.000000 / 0.000000
    global_rot     : 0.000000 / 0.000000
    joint_angle_regularization: 0.634370 / 0.665639
    joint_limit_regularization: 0.095590 / 0.088656
    joint_rot      : 0.000000 / 0.000000
    keypoint_2d    : 0.001486 / 0.001332
    keypoint_3d    : 0.000000 / 0.000000
    limb_scale_regularization: 0.000333 / 0.000246
    limb_trans_regularization: 0.000050 / 0.000075
    log_beta_scales: 0.000000 / 0.000000
    silhouette     : 0.000000 / 0.000000
    trans          : 0.000000 / 0.000000

Epoch 27:
  Train Loss = 0.000306, Val Loss = 0.000304, LR = 1.00e-04
  Parameter Errors (Train / Val):
    betas          : 70.417172 / 30.714249
    betas_trans    : 0.000000 / 0.000000
    cam_rot        : 0.000000 / 0.000000
    cam_trans      : 0.000000 / 0.000000
    fov            : 0.000000 / 0.000000
    global_rot     : 0.000000 / 0.000000
    joint_angle_regularization: 0.636806 / 0.670102
    joint_limit_regularization: 0.095012 / 0.088968
    joint_rot      : 0.000000 / 0.000000
    keypoint_2d    : 0.001502 / 0.001298
    keypoint_3d    : 0.000000 / 0.000000
    limb_scale_regularization: 0.000331 / 0.000242
    limb_trans_regularization: 0.000050 / 0.000074
    log_beta_scales: 0.000000 / 0.000000
    silhouette     : 0.000000 / 0.000000
    trans          : 0.000000 / 0.000000
  Checkpoint saved at epoch 27

Epoch 28:
  Train Loss = 0.000305, Val Loss = 0.000311, LR = 1.00e-04
  Parameter Errors (Train / Val):
    betas          : 70.777582 / 30.895824
    betas_trans    : 0.000000 / 0.000000
    cam_rot        : 0.000000 / 0.000000
    cam_trans      : 0.000000 / 0.000000
    fov            : 0.000000 / 0.000000
    global_rot     : 0.000000 / 0.000000
    joint_angle_regularization: 0.639348 / 0.674077
    joint_limit_regularization: 0.094400 / 0.089150
    joint_rot      : 0.000000 / 0.000000
    keypoint_2d    : 0.001496 / 0.001385
    keypoint_3d    : 0.000000 / 0.000000
    limb_scale_regularization: 0.000329 / 0.000234
    limb_trans_regularization: 0.000049 / 0.000073
    log_beta_scales: 0.000000 / 0.000000
    silhouette     : 0.000000 / 0.000000
    trans          : 0.000000 / 0.000000

Epoch 29:
  Train Loss = 0.000296, Val Loss = 0.000324, LR = 1.00e-04
  Parameter Errors (Train / Val):
    betas          : 70.861159 / 31.133600
    betas_trans    : 0.000000 / 0.000000
    cam_rot        : 0.000000 / 0.000000
    cam_trans      : 0.000000 / 0.000000
    fov            : 0.000000 / 0.000000
    global_rot     : 0.000000 / 0.000000
    joint_angle_regularization: 0.641292 / 0.678593
    joint_limit_regularization: 0.093889 / 0.089393
    joint_rot      : 0.000000 / 0.000000
    keypoint_2d    : 0.001423 / 0.001530
    keypoint_3d    : 0.000000 / 0.000000
    limb_scale_regularization: 0.000320 / 0.000225
    limb_trans_regularization: 0.000049 / 0.000072
    log_beta_scales: 0.000000 / 0.000000
    silhouette     : 0.000000 / 0.000000
    trans          : 0.000000 / 0.000000
  Checkpoint saved at epoch 29
Visualizing 5 samples from dataset: unknown
Generated 5 visualization images for epoch 29 in /hpcwork/mkd34160/smilify_runs/singleview_2d_lam1e-4/visualizations/epoch_029
Visualizing 5 samples from dataset: unknown
Generated 5 visualization images for epoch 29 in /hpcwork/mkd34160/smilify_runs/singleview_2d_lam1e-4/visualizations_train/epoch_029

Epoch 30:
  Train Loss = 0.000292, Val Loss = 0.000292, LR = 1.00e-04
  Parameter Errors (Train / Val):
    betas          : 71.393427 / 31.308212
    betas_trans    : 0.000000 / 0.000000
    cam_rot        : 0.000000 / 0.000000
    cam_trans      : 0.000000 / 0.000000
    fov            : 0.000000 / 0.000000
    global_rot     : 0.000000 / 0.000000
    joint_angle_regularization: 0.643220 / 0.680753
    joint_limit_regularization: 0.093673 / 0.089482
    joint_rot      : 0.000000 / 0.000000
    keypoint_2d    : 0.001391 / 0.001187
    keypoint_3d    : 0.000000 / 0.000000
    limb_scale_regularization: 0.000316 / 0.000230
    limb_trans_regularization: 0.000048 / 0.000073
    log_beta_scales: 0.000000 / 0.000000
    silhouette     : 0.000000 / 0.000000
    trans          : 0.000000 / 0.000000
  New best model saved with validation loss: 0.000292

Epoch 31:
  Train Loss = 0.000291, Val Loss = 0.000302, LR = 1.00e-04
  Parameter Errors (Train / Val):
    betas          : 71.749840 / 31.662462
    betas_trans    : 0.000000 / 0.000000
    cam_rot        : 0.000000 / 0.000000
    cam_trans      : 0.000000 / 0.000000
    fov            : 0.000000 / 0.000000
    global_rot     : 0.000000 / 0.000000
    joint_angle_regularization: 0.644631 / 0.685015
    joint_limit_regularization: 0.093512 / 0.089748
    joint_rot      : 0.000000 / 0.000000
    keypoint_2d    : 0.001380 / 0.001261
    keypoint_3d    : 0.000000 / 0.000000
    limb_scale_regularization: 0.000314 / 0.000233
    limb_trans_regularization: 0.000048 / 0.000075
    log_beta_scales: 0.000000 / 0.000000
    silhouette     : 0.000000 / 0.000000
    trans          : 0.000000 / 0.000000
  Checkpoint saved at epoch 31

Epoch 32:
  Train Loss = 0.000290, Val Loss = 0.000287, LR = 1.00e-04
  Parameter Errors (Train / Val):
    betas          : 71.991266 / 31.540846
    betas_trans    : 0.000000 / 0.000000
    cam_rot        : 0.000000 / 0.000000
    cam_trans      : 0.000000 / 0.000000
    fov            : 0.000000 / 0.000000
    global_rot     : 0.000000 / 0.000000
    joint_angle_regularization: 0.645257 / 0.687338
    joint_limit_regularization: 0.093383 / 0.089919
    joint_rot      : 0.000000 / 0.000000
    keypoint_2d    : 0.001379 / 0.001158
    keypoint_3d    : 0.000000 / 0.000000
    limb_scale_regularization: 0.000308 / 0.000221
    limb_trans_regularization: 0.000047 / 0.000071
    log_beta_scales: 0.000000 / 0.000000
    silhouette     : 0.000000 / 0.000000
    trans          : 0.000000 / 0.000000
  New best model saved with validation loss: 0.000287

Epoch 33:
  Train Loss = 0.000288, Val Loss = 0.000280, LR = 1.00e-04
  Parameter Errors (Train / Val):
    betas          : 72.049548 / 31.757959
    betas_trans    : 0.000000 / 0.000000
    cam_rot        : 0.000000 / 0.000000
    cam_trans      : 0.000000 / 0.000000
    fov            : 0.000000 / 0.000000
    global_rot     : 0.000000 / 0.000000
    joint_angle_regularization: 0.646446 / 0.690180
    joint_limit_regularization: 0.093338 / 0.090057
    joint_rot      : 0.000000 / 0.000000
    keypoint_2d    : 0.001365 / 0.001085
    keypoint_3d    : 0.000000 / 0.000000
    limb_scale_regularization: 0.000306 / 0.000220
    limb_trans_regularization: 0.000047 / 0.000072
    log_beta_scales: 0.000000 / 0.000000
    silhouette     : 0.000000 / 0.000000
    trans          : 0.000000 / 0.000000
  New best model saved with validation loss: 0.000280
  Checkpoint saved at epoch 33

Epoch 34:
  Train Loss = 0.000283, Val Loss = 0.000293, LR = 1.00e-04
  Parameter Errors (Train / Val):
    betas          : 72.168583 / 31.875717
    betas_trans    : 0.000000 / 0.000000
    cam_rot        : 0.000000 / 0.000000
    cam_trans      : 0.000000 / 0.000000
    fov            : 0.000000 / 0.000000
    global_rot     : 0.000000 / 0.000000
    joint_angle_regularization: 0.647623 / 0.692678
    joint_limit_regularization: 0.093336 / 0.090214
    joint_rot      : 0.000000 / 0.000000
    keypoint_2d    : 0.001317 / 0.001230
    keypoint_3d    : 0.000000 / 0.000000
    limb_scale_regularization: 0.000301 / 0.000213
    limb_trans_regularization: 0.000047 / 0.000070
    log_beta_scales: 0.000000 / 0.000000
    silhouette     : 0.000000 / 0.000000
    trans          : 0.000000 / 0.000000

Epoch 35:
  Train Loss = 0.000283, Val Loss = 0.000282, LR = 1.00e-04
  Parameter Errors (Train / Val):
    betas          : 72.398325 / 32.107635
    betas_trans    : 0.000000 / 0.000000
    cam_rot        : 0.000000 / 0.000000
    cam_trans      : 0.000000 / 0.000000
    fov            : 0.000000 / 0.000000
    global_rot     : 0.000000 / 0.000000
    joint_angle_regularization: 0.647914 / 0.695667
    joint_limit_regularization: 0.093310 / 0.090464
    joint_rot      : 0.000000 / 0.000000
    keypoint_2d    : 0.001318 / 0.001092
    keypoint_3d    : 0.000000 / 0.000000
    limb_scale_regularization: 0.000302 / 0.000218
    limb_trans_regularization: 0.000047 / 0.000072
    log_beta_scales: 0.000000 / 0.000000
    silhouette     : 0.000000 / 0.000000
    trans          : 0.000000 / 0.000000
  Checkpoint saved at epoch 35

Epoch 36:
  Train Loss = 0.000282, Val Loss = 0.000281, LR = 1.00e-04
  Parameter Errors (Train / Val):
    betas          : 72.587160 / 32.131660
    betas_trans    : 0.000000 / 0.000000
    cam_rot        : 0.000000 / 0.000000
    cam_trans      : 0.000000 / 0.000000
    fov            : 0.000000 / 0.000000
    global_rot     : 0.000000 / 0.000000
    joint_angle_regularization: 0.648570 / 0.697151
    joint_limit_regularization: 0.093323 / 0.090515
    joint_rot      : 0.000000 / 0.000000
    keypoint_2d    : 0.001315 / 0.001106
    keypoint_3d    : 0.000000 / 0.000000
    limb_scale_regularization: 0.000297 / 0.000210
    limb_trans_regularization: 0.000046 / 0.000071
    log_beta_scales: 0.000000 / 0.000000
    silhouette     : 0.000000 / 0.000000
    trans          : 0.000000 / 0.000000

Epoch 37:
  Train Loss = 0.000279, Val Loss = 0.000294, LR = 1.00e-04
  Parameter Errors (Train / Val):
    betas          : 72.827103 / 32.186886
    betas_trans    : 0.000000 / 0.000000
    cam_rot        : 0.000000 / 0.000000
    cam_trans      : 0.000000 / 0.000000
    fov            : 0.000000 / 0.000000
    global_rot     : 0.000000 / 0.000000
    joint_angle_regularization: 0.649640 / 0.699243
    joint_limit_regularization: 0.093404 / 0.090616
    joint_rot      : 0.000000 / 0.000000
    keypoint_2d    : 0.001292 / 0.001208
    keypoint_3d    : 0.000000 / 0.000000
    limb_scale_regularization: 0.000294 / 0.000209
    limb_trans_regularization: 0.000046 / 0.000073
    log_beta_scales: 0.000000 / 0.000000
    silhouette     : 0.000000 / 0.000000
    trans          : 0.000000 / 0.000000
  Checkpoint saved at epoch 37

Epoch 38:
  Train Loss = 0.000278, Val Loss = 0.000276, LR = 1.00e-04
  Parameter Errors (Train / Val):
    betas          : 73.227564 / 32.362713
    betas_trans    : 0.000000 / 0.000000
    cam_rot        : 0.000000 / 0.000000
    cam_trans      : 0.000000 / 0.000000
    fov            : 0.000000 / 0.000000
    global_rot     : 0.000000 / 0.000000
    joint_angle_regularization: 0.650480 / 0.701424
    joint_limit_regularization: 0.093496 / 0.090830
    joint_rot      : 0.000000 / 0.000000
    keypoint_2d    : 0.001281 / 0.001059
    keypoint_3d    : 0.000000 / 0.000000
    limb_scale_regularization: 0.000296 / 0.000205
    limb_trans_regularization: 0.000046 / 0.000071
    log_beta_scales: 0.000000 / 0.000000
    silhouette     : 0.000000 / 0.000000
    trans          : 0.000000 / 0.000000
  New best model saved with validation loss: 0.000276

Epoch 39:
  Train Loss = 0.000273, Val Loss = 0.000269, LR = 1.00e-04
  Parameter Errors (Train / Val):
    betas          : 73.196762 / 32.692898
    betas_trans    : 0.000000 / 0.000000
    cam_rot        : 0.000000 / 0.000000
    cam_trans      : 0.000000 / 0.000000
    fov            : 0.000000 / 0.000000
    global_rot     : 0.000000 / 0.000000
    joint_angle_regularization: 0.651186 / 0.704138
    joint_limit_regularization: 0.093580 / 0.091009
    joint_rot      : 0.000000 / 0.000000
    keypoint_2d    : 0.001241 / 0.000994
    keypoint_3d    : 0.000000 / 0.000000
    limb_scale_regularization: 0.000289 / 0.000198
    limb_trans_regularization: 0.000046 / 0.000071
    log_beta_scales: 0.000000 / 0.000000
    silhouette     : 0.000000 / 0.000000
    trans          : 0.000000 / 0.000000
  New best model saved with validation loss: 0.000269
  Checkpoint saved at epoch 39
Visualizing 5 samples from dataset: unknown
Generated 5 visualization images for epoch 39 in /hpcwork/mkd34160/smilify_runs/singleview_2d_lam1e-4/visualizations/epoch_039
Visualizing 5 samples from dataset: unknown
Generated 5 visualization images for epoch 39 in /hpcwork/mkd34160/smilify_runs/singleview_2d_lam1e-4/visualizations_train/epoch_039

Epoch 40:
  Train Loss = 0.000285, Val Loss = 0.000274, LR = 1.00e-04
  Parameter Errors (Train / Val):
    betas          : 73.232412 / 32.600101
    betas_trans    : 0.000000 / 0.000000
    cam_rot        : 0.000000 / 0.000000
    cam_trans      : 0.000000 / 0.000000
    fov            : 0.000000 / 0.000000
    global_rot     : 0.000000 / 0.000000
    joint_angle_regularization: 0.651561 / 0.705657
    joint_limit_regularization: 0.093609 / 0.091139
    joint_rot      : 0.000000 / 0.000000
    keypoint_2d    : 0.001356 / 0.001044
    keypoint_3d    : 0.000000 / 0.000000
    limb_scale_regularization: 0.000291 / 0.000199
    limb_trans_regularization: 0.000046 / 0.000070
    log_beta_scales: 0.000000 / 0.000000
    silhouette     : 0.000000 / 0.000000
    trans          : 0.000000 / 0.000000

Epoch 41:
  Train Loss = 0.000270, Val Loss = 0.000273, LR = 1.00e-04
  Parameter Errors (Train / Val):
    betas          : 73.226056 / 32.776581
    betas_trans    : 0.000000 / 0.000000
    cam_rot        : 0.000000 / 0.000000
    cam_trans      : 0.000000 / 0.000000
    fov            : 0.000000 / 0.000000
    global_rot     : 0.000000 / 0.000000
    joint_angle_regularization: 0.651756 / 0.706774
    joint_limit_regularization: 0.093704 / 0.091189
    joint_rot      : 0.000000 / 0.000000
    keypoint_2d    : 0.001217 / 0.001058
    keypoint_3d    : 0.000000 / 0.000000
    limb_scale_regularization: 0.000282 / 0.000200
    limb_trans_regularization: 0.000045 / 0.000068
    log_beta_scales: 0.000000 / 0.000000
    silhouette     : 0.000000 / 0.000000
    trans          : 0.000000 / 0.000000
  Checkpoint saved at epoch 41

Epoch 42:
  Train Loss = 0.000272, Val Loss = 0.000260, LR = 1.00e-04
  Parameter Errors (Train / Val):
    betas          : 73.684225 / 32.916306
    betas_trans    : 0.000000 / 0.000000
    cam_rot        : 0.000000 / 0.000000
    cam_trans      : 0.000000 / 0.000000
    fov            : 0.000000 / 0.000000
    global_rot     : 0.000000 / 0.000000
    joint_angle_regularization: 0.652117 / 0.709126
    joint_limit_regularization: 0.093828 / 0.091340
    joint_rot      : 0.000000 / 0.000000
    keypoint_2d    : 0.001231 / 0.000928
    keypoint_3d    : 0.000000 / 0.000000
    limb_scale_regularization: 0.000285 / 0.000195
    limb_trans_regularization: 0.000046 / 0.000068
    log_beta_scales: 0.000000 / 0.000000
    silhouette     : 0.000000 / 0.000000
    trans          : 0.000000 / 0.000000
  New best model saved with validation loss: 0.000260

Epoch 43:
  Train Loss = 0.000272, Val Loss = 0.000271, LR = 1.00e-04
  Parameter Errors (Train / Val):
    betas          : 73.252292 / 32.944511
    betas_trans    : 0.000000 / 0.000000
    cam_rot        : 0.000000 / 0.000000
    cam_trans      : 0.000000 / 0.000000
    fov            : 0.000000 / 0.000000
    global_rot     : 0.000000 / 0.000000
    joint_angle_regularization: 0.652210 / 0.711111
    joint_limit_regularization: 0.093963 / 0.091531
    joint_rot      : 0.000000 / 0.000000
    keypoint_2d    : 0.001241 / 0.001028
    keypoint_3d    : 0.000000 / 0.000000
    limb_scale_regularization: 0.000281 / 0.000192
    limb_trans_regularization: 0.000045 / 0.000069
    log_beta_scales: 0.000000 / 0.000000
    silhouette     : 0.000000 / 0.000000
    trans          : 0.000000 / 0.000000
  Checkpoint saved at epoch 43

Epoch 44:
  Train Loss = 0.000267, Val Loss = 0.000273, LR = 1.00e-04
  Parameter Errors (Train / Val):
    betas          : 73.533369 / 33.106220
    betas_trans    : 0.000000 / 0.000000
    cam_rot        : 0.000000 / 0.000000
    cam_trans      : 0.000000 / 0.000000
    fov            : 0.000000 / 0.000000
    global_rot     : 0.000000 / 0.000000
    joint_angle_regularization: 0.652965 / 0.712088
    joint_limit_regularization: 0.094160 / 0.091476
    joint_rot      : 0.000000 / 0.000000
    keypoint_2d    : 0.001196 / 0.001064
    keypoint_3d    : 0.000000 / 0.000000
    limb_scale_regularization: 0.000280 / 0.000187
    limb_trans_regularization: 0.000045 / 0.000068
    log_beta_scales: 0.000000 / 0.000000
    silhouette     : 0.000000 / 0.000000
    trans          : 0.000000 / 0.000000

Epoch 45:
  Train Loss = 0.000264, Val Loss = 0.000262, LR = 1.00e-04
  Parameter Errors (Train / Val):
    betas          : 73.404248 / 33.227489
    betas_trans    : 0.000000 / 0.000000
    cam_rot        : 0.000000 / 0.000000
    cam_trans      : 0.000000 / 0.000000
    fov            : 0.000000 / 0.000000
    global_rot     : 0.000000 / 0.000000
    joint_angle_regularization: 0.652863 / 0.714104
    joint_limit_regularization: 0.094304 / 0.091692
    joint_rot      : 0.000000 / 0.000000
    keypoint_2d    : 0.001170 / 0.000952
    keypoint_3d    : 0.000000 / 0.000000
    limb_scale_regularization: 0.000274 / 0.000185
    limb_trans_regularization: 0.000045 / 0.000068
    log_beta_scales: 0.000000 / 0.000000
    silhouette     : 0.000000 / 0.000000
    trans          : 0.000000 / 0.000000
  Checkpoint saved at epoch 45

Epoch 46:
  Train Loss = 0.000265, Val Loss = 0.000260, LR = 1.00e-04
  Parameter Errors (Train / Val):
    betas          : 73.571307 / 33.382683
    betas_trans    : 0.000000 / 0.000000
    cam_rot        : 0.000000 / 0.000000
    cam_trans      : 0.000000 / 0.000000
    fov            : 0.000000 / 0.000000
    global_rot     : 0.000000 / 0.000000
    joint_angle_regularization: 0.653385 / 0.716143
    joint_limit_regularization: 0.094455 / 0.091799
    joint_rot      : 0.000000 / 0.000000
    keypoint_2d    : 0.001177 / 0.000947
    keypoint_3d    : 0.000000 / 0.000000
    limb_scale_regularization: 0.000274 / 0.000175
    limb_trans_regularization: 0.000045 / 0.000067
    log_beta_scales: 0.000000 / 0.000000
    silhouette     : 0.000000 / 0.000000
    trans          : 0.000000 / 0.000000
  New best model saved with validation loss: 0.000260

Epoch 47:
  Train Loss = 0.000263, Val Loss = 0.000266, LR = 1.00e-04
  Parameter Errors (Train / Val):
    betas          : 73.751058 / 33.466309
    betas_trans    : 0.000000 / 0.000000
    cam_rot        : 0.000000 / 0.000000
    cam_trans      : 0.000000 / 0.000000
    fov            : 0.000000 / 0.000000
    global_rot     : 0.000000 / 0.000000
    joint_angle_regularization: 0.653879 / 0.717331
    joint_limit_regularization: 0.094648 / 0.091887
    joint_rot      : 0.000000 / 0.000000
    keypoint_2d    : 0.001160 / 0.001006
    keypoint_3d    : 0.000000 / 0.000000
    limb_scale_regularization: 0.000272 / 0.000169
    limb_trans_regularization: 0.000045 / 0.000068
    log_beta_scales: 0.000000 / 0.000000
    silhouette     : 0.000000 / 0.000000
    trans          : 0.000000 / 0.000000
  Checkpoint saved at epoch 47

Epoch 48:
  Train Loss = 0.000259, Val Loss = 0.000262, LR = 1.00e-04
  Parameter Errors (Train / Val):
    betas          : 73.510272 / 33.702686
    betas_trans    : 0.000000 / 0.000000
    cam_rot        : 0.000000 / 0.000000
    cam_trans      : 0.000000 / 0.000000
    fov            : 0.000000 / 0.000000
    global_rot     : 0.000000 / 0.000000
    joint_angle_regularization: 0.653793 / 0.719984
    joint_limit_regularization: 0.094769 / 0.092121
    joint_rot      : 0.000000 / 0.000000
    keypoint_2d    : 0.001131 / 0.000983
    keypoint_3d    : 0.000000 / 0.000000
    limb_scale_regularization: 0.000268 / 0.000166
    limb_trans_regularization: 0.000045 / 0.000066
    log_beta_scales: 0.000000 / 0.000000
    silhouette     : 0.000000 / 0.000000
    trans          : 0.000000 / 0.000000

Epoch 49:
  Train Loss = 0.000261, Val Loss = 0.000273, LR = 1.00e-04
  Parameter Errors (Train / Val):
    betas          : 73.585451 / 33.919289
    betas_trans    : 0.000000 / 0.000000
    cam_rot        : 0.000000 / 0.000000
    cam_trans      : 0.000000 / 0.000000
    fov            : 0.000000 / 0.000000
    global_rot     : 0.000000 / 0.000000
    joint_angle_regularization: 0.654588 / 0.721399
    joint_limit_regularization: 0.094976 / 0.092243
    joint_rot      : 0.000000 / 0.000000
    keypoint_2d    : 0.001146 / 0.001098
    keypoint_3d    : 0.000000 / 0.000000
    limb_scale_regularization: 0.000270 / 0.000162
    limb_trans_regularization: 0.000045 / 0.000066
    log_beta_scales: 0.000000 / 0.000000
    silhouette     : 0.000000 / 0.000000
    trans          : 0.000000 / 0.000000
  Checkpoint saved at epoch 49
Visualizing 5 samples from dataset: unknown
Generated 5 visualization images for epoch 49 in /hpcwork/mkd34160/smilify_runs/singleview_2d_lam1e-4/visualizations/epoch_049
Visualizing 5 samples from dataset: unknown
Generated 5 visualization images for epoch 49 in /hpcwork/mkd34160/smilify_runs/singleview_2d_lam1e-4/visualizations_train/epoch_049

Epoch 50:
  Train Loss = 0.000198, Val Loss = 0.000197, LR = 1.00e-04
  Parameter Errors (Train / Val):
    betas          : 74.824406 / 34.843048
    betas_trans    : 0.000000 / 0.000000
    cam_rot        : 0.000000 / 0.000000
    cam_trans      : 0.000000 / 0.000000
    fov            : 0.000000 / 0.000000
    global_rot     : 0.000000 / 0.000000
    joint_angle_regularization: 0.702159 / 0.796306
    joint_limit_regularization: 0.101155 / 0.099453
    joint_rot      : 0.000000 / 0.000000
    keypoint_2d    : 0.001113 / 0.000992
    keypoint_3d    : 0.000000 / 0.000000
    limb_scale_regularization: 0.000261 / 0.000163
    limb_trans_regularization: 0.000044 / 0.000064
    log_beta_scales: 0.000000 / 0.000000
    silhouette     : 0.000000 / 0.000000
    trans          : 0.000000 / 0.000000
  New best model saved with validation loss: 0.000197

Epoch 51:
  Train Loss = 0.000200, Val Loss = 0.000176, LR = 1.00e-04
  Parameter Errors (Train / Val):
    betas          : 74.925833 / 35.089836
    betas_trans    : 0.000000 / 0.000000
    cam_rot        : 0.000000 / 0.000000
    cam_trans      : 0.000000 / 0.000000
    fov            : 0.000000 / 0.000000
    global_rot     : 0.000000 / 0.000000
    joint_angle_regularization: 0.741144 / 0.821132
    joint_limit_regularization: 0.105749 / 0.101446
    joint_rot      : 0.000000 / 0.000000
    keypoint_2d    : 0.001119 / 0.000828
    keypoint_3d    : 0.000000 / 0.000000
    limb_scale_regularization: 0.000260 / 0.000157
    limb_trans_regularization: 0.000044 / 0.000059
    log_beta_scales: 0.000000 / 0.000000
    silhouette     : 0.000000 / 0.000000
    trans          : 0.000000 / 0.000000
  New best model saved with validation loss: 0.000176
  Checkpoint saved at epoch 51

Epoch 52:
  Train Loss = 0.000194, Val Loss = 0.000179, LR = 1.00e-04
  Parameter Errors (Train / Val):
    betas          : 74.846020 / 35.532906
    betas_trans    : 0.000000 / 0.000000
    cam_rot        : 0.000000 / 0.000000
    cam_trans      : 0.000000 / 0.000000
    fov            : 0.000000 / 0.000000
    global_rot     : 0.000000 / 0.000000
    joint_angle_regularization: 0.755853 / 0.837492
    joint_limit_regularization: 0.107469 / 0.102711
    joint_rot      : 0.000000 / 0.000000
    keypoint_2d    : 0.001062 / 0.000891
    keypoint_3d    : 0.000000 / 0.000000
    limb_scale_regularization: 0.000255 / 0.000148
    limb_trans_regularization: 0.000044 / 0.000056
    log_beta_scales: 0.000000 / 0.000000
    silhouette     : 0.000000 / 0.000000
    trans          : 0.000000 / 0.000000

Epoch 53:
  Train Loss = 0.000193, Val Loss = 0.000170, LR = 1.00e-04
  Parameter Errors (Train / Val):
    betas          : 74.680695 / 36.181011
    betas_trans    : 0.000000 / 0.000000
    cam_rot        : 0.000000 / 0.000000
    cam_trans      : 0.000000 / 0.000000
    fov            : 0.000000 / 0.000000
    global_rot     : 0.000000 / 0.000000
    joint_angle_regularization: 0.765240 / 0.849719
    joint_limit_regularization: 0.108623 / 0.103748
    joint_rot      : 0.000000 / 0.000000
    keypoint_2d    : 0.001049 / 0.000783
    keypoint_3d    : 0.000000 / 0.000000
    limb_scale_regularization: 0.000253 / 0.000147
    limb_trans_regularization: 0.000044 / 0.000058
    log_beta_scales: 0.000000 / 0.000000
    silhouette     : 0.000000 / 0.000000
    trans          : 0.000000 / 0.000000
  New best model saved with validation loss: 0.000170
  Checkpoint saved at epoch 53

Epoch 54:
  Train Loss = 0.000193, Val Loss = 0.000175, LR = 1.00e-04
  Parameter Errors (Train / Val):
    betas          : 74.687307 / 36.350815
    betas_trans    : 0.000000 / 0.000000
    cam_rot        : 0.000000 / 0.000000
    cam_trans      : 0.000000 / 0.000000
    fov            : 0.000000 / 0.000000
    global_rot     : 0.000000 / 0.000000
    joint_angle_regularization: 0.772346 / 0.858841
    joint_limit_regularization: 0.109445 / 0.104432
    joint_rot      : 0.000000 / 0.000000
    keypoint_2d    : 0.001051 / 0.000824
    keypoint_3d    : 0.000000 / 0.000000
    limb_scale_regularization: 0.000250 / 0.000148
    limb_trans_regularization: 0.000044 / 0.000059
    log_beta_scales: 0.000000 / 0.000000
    silhouette     : 0.000000 / 0.000000
    trans          : 0.000000 / 0.000000

Epoch 55:
  Train Loss = 0.000196, Val Loss = 0.000174, LR = 1.00e-04
  Parameter Errors (Train / Val):
    betas          : 74.551355 / 36.771141
    betas_trans    : 0.000000 / 0.000000
    cam_rot        : 0.000000 / 0.000000
    cam_trans      : 0.000000 / 0.000000
    fov            : 0.000000 / 0.000000
    global_rot     : 0.000000 / 0.000000
    joint_angle_regularization: 0.777454 / 0.867381
    joint_limit_regularization: 0.110008 / 0.105144
    joint_rot      : 0.000000 / 0.000000
    keypoint_2d    : 0.001081 / 0.000827
    keypoint_3d    : 0.000000 / 0.000000
    limb_scale_regularization: 0.000250 / 0.000144
    limb_trans_regularization: 0.000044 / 0.000058
    log_beta_scales: 0.000000 / 0.000000
    silhouette     : 0.000000 / 0.000000
    trans          : 0.000000 / 0.000000
  Checkpoint saved at epoch 55

Epoch 56:
  Train Loss = 0.000192, Val Loss = 0.000171, LR = 1.00e-04
  Parameter Errors (Train / Val):
    betas          : 74.526807 / 37.192459
    betas_trans    : 0.000000 / 0.000000
    cam_rot        : 0.000000 / 0.000000
    cam_trans      : 0.000000 / 0.000000
    fov            : 0.000000 / 0.000000
    global_rot     : 0.000000 / 0.000000
    joint_angle_regularization: 0.782330 / 0.875284
    joint_limit_regularization: 0.110562 / 0.105785
    joint_rot      : 0.000000 / 0.000000
    keypoint_2d    : 0.001041 / 0.000803
    keypoint_3d    : 0.000000 / 0.000000
    limb_scale_regularization: 0.000246 / 0.000143
    limb_trans_regularization: 0.000044 / 0.000057
    log_beta_scales: 0.000000 / 0.000000
    silhouette     : 0.000000 / 0.000000
    trans          : 0.000000 / 0.000000

Epoch 57:
  Train Loss = 0.000192, Val Loss = 0.000177, LR = 1.00e-04
  Parameter Errors (Train / Val):
    betas          : 74.427335 / 37.317749
    betas_trans    : 0.000000 / 0.000000
    cam_rot        : 0.000000 / 0.000000
    cam_trans      : 0.000000 / 0.000000
    fov            : 0.000000 / 0.000000
    global_rot     : 0.000000 / 0.000000
    joint_angle_regularization: 0.786372 / 0.881006
    joint_limit_regularization: 0.110901 / 0.106338
    joint_rot      : 0.000000 / 0.000000
    keypoint_2d    : 0.001047 / 0.000841
    keypoint_3d    : 0.000000 / 0.000000
    limb_scale_regularization: 0.000247 / 0.000145
    limb_trans_regularization: 0.000044 / 0.000059
    log_beta_scales: 0.000000 / 0.000000
    silhouette     : 0.000000 / 0.000000
    trans          : 0.000000 / 0.000000
  Checkpoint saved at epoch 57

Epoch 58:
  Train Loss = 0.000191, Val Loss = 0.000177, LR = 1.00e-04
  Parameter Errors (Train / Val):
    betas          : 74.373932 / 37.722137
    betas_trans    : 0.000000 / 0.000000
    cam_rot        : 0.000000 / 0.000000
    cam_trans      : 0.000000 / 0.000000
    fov            : 0.000000 / 0.000000
    global_rot     : 0.000000 / 0.000000
    joint_angle_regularization: 0.790810 / 0.887291
    joint_limit_regularization: 0.111341 / 0.107220
    joint_rot      : 0.000000 / 0.000000
    keypoint_2d    : 0.001030 / 0.000886
    keypoint_3d    : 0.000000 / 0.000000
    limb_scale_regularization: 0.000244 / 0.000139
    limb_trans_regularization: 0.000044 / 0.000055
    log_beta_scales: 0.000000 / 0.000000
    silhouette     : 0.000000 / 0.000000
    trans          : 0.000000 / 0.000000

Epoch 59:
  Train Loss = 0.000187, Val Loss = 0.000170, LR = 1.00e-04
  Parameter Errors (Train / Val):
    betas          : 74.293948 / 38.082714
    betas_trans    : 0.000000 / 0.000000
    cam_rot        : 0.000000 / 0.000000
    cam_trans      : 0.000000 / 0.000000
    fov            : 0.000000 / 0.000000
    global_rot     : 0.000000 / 0.000000
    joint_angle_regularization: 0.794475 / 0.892508
    joint_limit_regularization: 0.111632 / 0.108034
    joint_rot      : 0.000000 / 0.000000
    keypoint_2d    : 0.000999 / 0.000824
    keypoint_3d    : 0.000000 / 0.000000
    limb_scale_regularization: 0.000241 / 0.000136
    limb_trans_regularization: 0.000044 / 0.000054
    log_beta_scales: 0.000000 / 0.000000
    silhouette     : 0.000000 / 0.000000
    trans          : 0.000000 / 0.000000
  New best model saved with validation loss: 0.000170
  Checkpoint saved at epoch 59
Visualizing 5 samples from dataset: unknown
Generated 5 visualization images for epoch 59 in /hpcwork/mkd34160/smilify_runs/singleview_2d_lam1e-4/visualizations/epoch_059
Visualizing 5 samples from dataset: unknown
Generated 5 visualization images for epoch 59 in /hpcwork/mkd34160/smilify_runs/singleview_2d_lam1e-4/visualizations_train/epoch_059

Epoch 60:
  Train Loss = 0.000107, Val Loss = 0.000089, LR = 1.00e-04
  Parameter Errors (Train / Val):
    betas          : 70.660083 / 36.599884
    betas_trans    : 0.000000 / 0.000000
    cam_rot        : 0.000000 / 0.000000
    cam_trans      : 0.000000 / 0.000000
    fov            : 0.000000 / 0.000000
    global_rot     : 0.000000 / 0.000000
    joint_angle_regularization: 0.793567 / 0.897192
    joint_limit_regularization: 0.109048 / 0.105979
    joint_rot      : 0.000000 / 0.000000
    keypoint_2d    : 0.000743 / 0.000542
    keypoint_3d    : 0.000000 / 0.000000
    limb_scale_regularization: 0.004312 / 0.005501
    limb_trans_regularization: 0.000033 / 0.000036
    log_beta_scales: 0.000000 / 0.000000
    silhouette     : 0.000000 / 0.000000
    trans          : 0.000000 / 0.000000
  New best model saved with validation loss: 0.000089

Epoch 61:
  Train Loss = 0.000085, Val Loss = 0.000087, LR = 1.00e-04
  Parameter Errors (Train / Val):
    betas          : 65.549249 / 36.343796
    betas_trans    : 0.000000 / 0.000000
    cam_rot        : 0.000000 / 0.000000
    cam_trans      : 0.000000 / 0.000000
    fov            : 0.000000 / 0.000000
    global_rot     : 0.000000 / 0.000000
    joint_angle_regularization: 0.782438 / 0.896708
    joint_limit_regularization: 0.104962 / 0.104930
    joint_rot      : 0.000000 / 0.000000
    keypoint_2d    : 0.000565 / 0.000541
    keypoint_3d    : 0.000000 / 0.000000
    limb_scale_regularization: 0.008770 / 0.008164
    limb_trans_regularization: 0.000017 / 0.000027
    log_beta_scales: 0.000000 / 0.000000
    silhouette     : 0.000000 / 0.000000
    trans          : 0.000000 / 0.000000
  New best model saved with validation loss: 0.000087
  Checkpoint saved at epoch 61

Epoch 62:
  Train Loss = 0.000078, Val Loss = 0.000078, LR = 1.00e-04
  Parameter Errors (Train / Val):
    betas          : 62.879927 / 35.688354
    betas_trans    : 0.000000 / 0.000000
    cam_rot        : 0.000000 / 0.000000
    cam_trans      : 0.000000 / 0.000000
    fov            : 0.000000 / 0.000000
    global_rot     : 0.000000 / 0.000000
    joint_angle_regularization: 0.773006 / 0.893624
    joint_limit_regularization: 0.102374 / 0.103789
    joint_rot      : 0.000000 / 0.000000
    keypoint_2d    : 0.000490 / 0.000449
    keypoint_3d    : 0.000000 / 0.000000
    limb_scale_regularization: 0.011877 / 0.010031
    limb_trans_regularization: 0.000012 / 0.000024
    log_beta_scales: 0.000000 / 0.000000
    silhouette     : 0.000000 / 0.000000
    trans          : 0.000000 / 0.000000
  New best model saved with validation loss: 0.000078

Epoch 63:
  Train Loss = 0.000075, Val Loss = 0.000086, LR = 1.00e-04
  Parameter Errors (Train / Val):
    betas          : 60.975834 / 35.596725
    betas_trans    : 0.000000 / 0.000000
    cam_rot        : 0.000000 / 0.000000
    cam_trans      : 0.000000 / 0.000000
    fov            : 0.000000 / 0.000000
    global_rot     : 0.000000 / 0.000000
    joint_angle_regularization: 0.765355 / 0.892960
    joint_limit_regularization: 0.100169 / 0.102895
    joint_rot      : 0.000000 / 0.000000
    keypoint_2d    : 0.000452 / 0.000524
    keypoint_3d    : 0.000000 / 0.000000
    limb_scale_regularization: 0.013668 / 0.011067
    limb_trans_regularization: 0.000010 / 0.000022
    log_beta_scales: 0.000000 / 0.000000
    silhouette     : 0.000000 / 0.000000
    trans          : 0.000000 / 0.000000
  Checkpoint saved at epoch 63

Epoch 64:
  Train Loss = 0.000073, Val Loss = 0.000081, LR = 1.00e-04
  Parameter Errors (Train / Val):
    betas          : 59.435197 / 35.190876
    betas_trans    : 0.000000 / 0.000000
    cam_rot        : 0.000000 / 0.000000
    cam_trans      : 0.000000 / 0.000000
    fov            : 0.000000 / 0.000000
    global_rot     : 0.000000 / 0.000000
    joint_angle_regularization: 0.759730 / 0.891807
    joint_limit_regularization: 0.098210 / 0.101987
    joint_rot      : 0.000000 / 0.000000
    keypoint_2d    : 0.000437 / 0.000472
    keypoint_3d    : 0.000000 / 0.000000
    limb_scale_regularization: 0.014805 / 0.011766
    limb_trans_regularization: 0.000009 / 0.000021
    log_beta_scales: 0.000000 / 0.000000
    silhouette     : 0.000000 / 0.000000
    trans          : 0.000000 / 0.000000

Epoch 65:
  Train Loss = 0.000071, Val Loss = 0.000081, LR = 1.00e-04
  Parameter Errors (Train / Val):
    betas          : 58.197007 / 34.748878
    betas_trans    : 0.000000 / 0.000000
    cam_rot        : 0.000000 / 0.000000
    cam_trans      : 0.000000 / 0.000000
    fov            : 0.000000 / 0.000000
    global_rot     : 0.000000 / 0.000000
    joint_angle_regularization: 0.755393 / 0.890211
    joint_limit_regularization: 0.096570 / 0.101171
    joint_rot      : 0.000000 / 0.000000
    keypoint_2d    : 0.000409 / 0.000478
    keypoint_3d    : 0.000000 / 0.000000
    limb_scale_regularization: 0.015559 / 0.012107
    limb_trans_regularization: 0.000008 / 0.000020
    log_beta_scales: 0.000000 / 0.000000
    silhouette     : 0.000000 / 0.000000
    trans          : 0.000000 / 0.000000
  Checkpoint saved at epoch 65

Epoch 66:
  Train Loss = 0.000072, Val Loss = 0.000075, LR = 1.00e-04
  Parameter Errors (Train / Val):
    betas          : 57.275827 / 34.733337
    betas_trans    : 0.000000 / 0.000000
    cam_rot        : 0.000000 / 0.000000
    cam_trans      : 0.000000 / 0.000000
    fov            : 0.000000 / 0.000000
    global_rot     : 0.000000 / 0.000000
    joint_angle_regularization: 0.752568 / 0.891028
    joint_limit_regularization: 0.095464 / 0.100674
    joint_rot      : 0.000000 / 0.000000
    keypoint_2d    : 0.000416 / 0.000416
    keypoint_3d    : 0.000000 / 0.000000
    limb_scale_regularization: 0.016052 / 0.012525
    limb_trans_regularization: 0.000008 / 0.000019
    log_beta_scales: 0.000000 / 0.000000
    silhouette     : 0.000000 / 0.000000
    trans          : 0.000000 / 0.000000
  New best model saved with validation loss: 0.000075

Epoch 67:
  Train Loss = 0.000077, Val Loss = 0.000079, LR = 1.00e-04
  Parameter Errors (Train / Val):
    betas          : 56.634700 / 34.552174
    betas_trans    : 0.000000 / 0.000000
    cam_rot        : 0.000000 / 0.000000
    cam_trans      : 0.000000 / 0.000000
    fov            : 0.000000 / 0.000000
    global_rot     : 0.000000 / 0.000000
    joint_angle_regularization: 0.751122 / 0.891339
    joint_limit_regularization: 0.094778 / 0.100258
    joint_rot      : 0.000000 / 0.000000
    keypoint_2d    : 0.000460 / 0.000462
    keypoint_3d    : 0.000000 / 0.000000
    limb_scale_regularization: 0.017070 / 0.012778
    limb_trans_regularization: 0.000008 / 0.000019
    log_beta_scales: 0.000000 / 0.000000
    silhouette     : 0.000000 / 0.000000
    trans          : 0.000000 / 0.000000
  Checkpoint saved at epoch 67

Epoch 68:
  Train Loss = 0.000072, Val Loss = 0.000081, LR = 1.00e-04
  Parameter Errors (Train / Val):
    betas          : 55.710930 / 34.487305
    betas_trans    : 0.000000 / 0.000000
    cam_rot        : 0.000000 / 0.000000
    cam_trans      : 0.000000 / 0.000000
    fov            : 0.000000 / 0.000000
    global_rot     : 0.000000 / 0.000000
    joint_angle_regularization: 0.748534 / 0.892064
    joint_limit_regularization: 0.094034 / 0.099820
    joint_rot      : 0.000000 / 0.000000
    keypoint_2d    : 0.000412 / 0.000480
    keypoint_3d    : 0.000000 / 0.000000
    limb_scale_regularization: 0.017031 / 0.012956
    limb_trans_regularization: 0.000007 / 0.000019
    log_beta_scales: 0.000000 / 0.000000
    silhouette     : 0.000000 / 0.000000
    trans          : 0.000000 / 0.000000

Epoch 69:
  Train Loss = 0.000071, Val Loss = 0.000070, LR = 1.00e-04
  Parameter Errors (Train / Val):
    betas          : 55.242384 / 34.189911
    betas_trans    : 0.000000 / 0.000000
    cam_rot        : 0.000000 / 0.000000
    cam_trans      : 0.000000 / 0.000000
    fov            : 0.000000 / 0.000000
    global_rot     : 0.000000 / 0.000000
    joint_angle_regularization: 0.746461 / 0.890942
    joint_limit_regularization: 0.093399 / 0.099300
    joint_rot      : 0.000000 / 0.000000
    keypoint_2d    : 0.000398 / 0.000372
    keypoint_3d    : 0.000000 / 0.000000
    limb_scale_regularization: 0.017004 / 0.012758
    limb_trans_regularization: 0.000007 / 0.000018
    log_beta_scales: 0.000000 / 0.000000
    silhouette     : 0.000000 / 0.000000
    trans          : 0.000000 / 0.000000
  New best model saved with validation loss: 0.000070
  Checkpoint saved at epoch 69
Visualizing 5 samples from dataset: unknown
Generated 5 visualization images for epoch 69 in /hpcwork/mkd34160/smilify_runs/singleview_2d_lam1e-4/visualizations/epoch_069
Visualizing 5 samples from dataset: unknown
Generated 5 visualization images for epoch 69 in /hpcwork/mkd34160/smilify_runs/singleview_2d_lam1e-4/visualizations_train/epoch_069

Epoch 70:
  Train Loss = 0.000073, Val Loss = 0.000072, LR = 1.00e-04
  Parameter Errors (Train / Val):
    betas          : 54.718896 / 33.908623
    betas_trans    : 0.000000 / 0.000000
    cam_rot        : 0.000000 / 0.000000
    cam_trans      : 0.000000 / 0.000000
    fov            : 0.000000 / 0.000000
    global_rot     : 0.000000 / 0.000000
    joint_angle_regularization: 0.745355 / 0.891363
    joint_limit_regularization: 0.092882 / 0.098983
    joint_rot      : 0.000000 / 0.000000
    keypoint_2d    : 0.000415 / 0.000401
    keypoint_3d    : 0.000000 / 0.000000
    limb_scale_regularization: 0.017287 / 0.012865
    limb_trans_regularization: 0.000007 / 0.000017
    log_beta_scales: 0.000000 / 0.000000
    silhouette     : 0.000000 / 0.000000
    trans          : 0.000000 / 0.000000

Epoch 71:
  Train Loss = 0.000070, Val Loss = 0.000070, LR = 1.00e-04
  Parameter Errors (Train / Val):
    betas          : 54.600172 / 33.959843
    betas_trans    : 0.000000 / 0.000000
    cam_rot        : 0.000000 / 0.000000
    cam_trans      : 0.000000 / 0.000000
    fov            : 0.000000 / 0.000000
    global_rot     : 0.000000 / 0.000000
    joint_angle_regularization: 0.744715 / 0.890822
    joint_limit_regularization: 0.092454 / 0.098632
    joint_rot      : 0.000000 / 0.000000
    keypoint_2d    : 0.000388 / 0.000375
    keypoint_3d    : 0.000000 / 0.000000
    limb_scale_regularization: 0.017205 / 0.012896
    limb_trans_regularization: 0.000007 / 0.000017
    log_beta_scales: 0.000000 / 0.000000
    silhouette     : 0.000000 / 0.000000
    trans          : 0.000000 / 0.000000
  New best model saved with validation loss: 0.000070
  Checkpoint saved at epoch 71

Epoch 72:
  Train Loss = 0.000069, Val Loss = 0.000071, LR = 1.00e-04
  Parameter Errors (Train / Val):
    betas          : 53.771979 / 33.754410
    betas_trans    : 0.000000 / 0.000000
    cam_rot        : 0.000000 / 0.000000
    cam_trans      : 0.000000 / 0.000000
    fov            : 0.000000 / 0.000000
    global_rot     : 0.000000 / 0.000000
    joint_angle_regularization: 0.743233 / 0.892001
    joint_limit_regularization: 0.091959 / 0.098442
    joint_rot      : 0.000000 / 0.000000
    keypoint_2d    : 0.000382 / 0.000381
    keypoint_3d    : 0.000000 / 0.000000
    limb_scale_regularization: 0.017106 / 0.012887
    limb_trans_regularization: 0.000007 / 0.000018
    log_beta_scales: 0.000000 / 0.000000
    silhouette     : 0.000000 / 0.000000
    trans          : 0.000000 / 0.000000

Epoch 73:
  Train Loss = 0.000071, Val Loss = 0.000082, LR = 1.00e-04
  Parameter Errors (Train / Val):
    betas          : 53.686831 / 33.864777
    betas_trans    : 0.000000 / 0.000000
    cam_rot        : 0.000000 / 0.000000
    cam_trans      : 0.000000 / 0.000000
    fov            : 0.000000 / 0.000000
    global_rot     : 0.000000 / 0.000000
    joint_angle_regularization: 0.742731 / 0.892905
    joint_limit_regularization: 0.091605 / 0.098199
    joint_rot      : 0.000000 / 0.000000
    keypoint_2d    : 0.000403 / 0.000490
    keypoint_3d    : 0.000000 / 0.000000
    limb_scale_regularization: 0.017264 / 0.013362
    limb_trans_regularization: 0.000007 / 0.000018
    log_beta_scales: 0.000000 / 0.000000
    silhouette     : 0.000000 / 0.000000
    trans          : 0.000000 / 0.000000
  Checkpoint saved at epoch 73

Epoch 74:
  Train Loss = 0.000068, Val Loss = 0.000072, LR = 1.00e-04
  Parameter Errors (Train / Val):
    betas          : 53.672947 / 33.703075
    betas_trans    : 0.000000 / 0.000000
    cam_rot        : 0.000000 / 0.000000
    cam_trans      : 0.000000 / 0.000000
    fov            : 0.000000 / 0.000000
    global_rot     : 0.000000 / 0.000000
    joint_angle_regularization: 0.743146 / 0.892573
    joint_limit_regularization: 0.091384 / 0.097985
    joint_rot      : 0.000000 / 0.000000
    keypoint_2d    : 0.000375 / 0.000402
    keypoint_3d    : 0.000000 / 0.000000
    limb_scale_regularization: 0.017203 / 0.012996
    limb_trans_regularization: 0.000007 / 0.000016
    log_beta_scales: 0.000000 / 0.000000
    silhouette     : 0.000000 / 0.000000
    trans          : 0.000000 / 0.000000

Epoch 75:
  Train Loss = 0.000067, Val Loss = 0.000068, LR = 1.00e-04
  Parameter Errors (Train / Val):
    betas          : 53.466994 / 33.586178
    betas_trans    : 0.000000 / 0.000000
    cam_rot        : 0.000000 / 0.000000
    cam_trans      : 0.000000 / 0.000000
    fov            : 0.000000 / 0.000000
    global_rot     : 0.000000 / 0.000000
    joint_angle_regularization: 0.743226 / 0.893305
    joint_limit_regularization: 0.091098 / 0.097809
    joint_rot      : 0.000000 / 0.000000
    keypoint_2d    : 0.000367 / 0.000363
    keypoint_3d    : 0.000000 / 0.000000
    limb_scale_regularization: 0.017185 / 0.013048
    limb_trans_regularization: 0.000007 / 0.000017
    log_beta_scales: 0.000000 / 0.000000
    silhouette     : 0.000000 / 0.000000
    trans          : 0.000000 / 0.000000
  New best model saved with validation loss: 0.000068
  Checkpoint saved at epoch 75

Epoch 76:
  Train Loss = 0.000067, Val Loss = 0.000068, LR = 1.00e-04
  Parameter Errors (Train / Val):
    betas          : 53.177646 / 33.608826
    betas_trans    : 0.000000 / 0.000000
    cam_rot        : 0.000000 / 0.000000
    cam_trans      : 0.000000 / 0.000000
    fov            : 0.000000 / 0.000000
    global_rot     : 0.000000 / 0.000000
    joint_angle_regularization: 0.743212 / 0.893694
    joint_limit_regularization: 0.090836 / 0.097659
    joint_rot      : 0.000000 / 0.000000
    keypoint_2d    : 0.000363 / 0.000358
    keypoint_3d    : 0.000000 / 0.000000
    limb_scale_regularization: 0.017112 / 0.013057
    limb_trans_regularization: 0.000007 / 0.000017
    log_beta_scales: 0.000000 / 0.000000
    silhouette     : 0.000000 / 0.000000
    trans          : 0.000000 / 0.000000
  New best model saved with validation loss: 0.000068

Epoch 77:
  Train Loss = 0.000065, Val Loss = 0.000068, LR = 1.00e-04
  Parameter Errors (Train / Val):
    betas          : 52.864258 / 33.705193
    betas_trans    : 0.000000 / 0.000000
    cam_rot        : 0.000000 / 0.000000
    cam_trans      : 0.000000 / 0.000000
    fov            : 0.000000 / 0.000000
    global_rot     : 0.000000 / 0.000000
    joint_angle_regularization: 0.742567 / 0.895862
    joint_limit_regularization: 0.090549 / 0.097692
    joint_rot      : 0.000000 / 0.000000
    keypoint_2d    : 0.000353 / 0.000364
    keypoint_3d    : 0.000000 / 0.000000
    limb_scale_regularization: 0.016930 / 0.013266
    limb_trans_regularization: 0.000007 / 0.000016
    log_beta_scales: 0.000000 / 0.000000
    silhouette     : 0.000000 / 0.000000
    trans          : 0.000000 / 0.000000
  Checkpoint saved at epoch 77

Epoch 78:
  Train Loss = 0.000066, Val Loss = 0.000067, LR = 1.00e-04
  Parameter Errors (Train / Val):
    betas          : 52.902041 / 33.449745
    betas_trans    : 0.000000 / 0.000000
    cam_rot        : 0.000000 / 0.000000
    cam_trans      : 0.000000 / 0.000000
    fov            : 0.000000 / 0.000000
    global_rot     : 0.000000 / 0.000000
    joint_angle_regularization: 0.742884 / 0.894468
    joint_limit_regularization: 0.090368 / 0.097427
    joint_rot      : 0.000000 / 0.000000
    keypoint_2d    : 0.000359 / 0.000348
    keypoint_3d    : 0.000000 / 0.000000
    limb_scale_regularization: 0.017067 / 0.012737
    limb_trans_regularization: 0.000007 / 0.000017
    log_beta_scales: 0.000000 / 0.000000
    silhouette     : 0.000000 / 0.000000
    trans          : 0.000000 / 0.000000
  New best model saved with validation loss: 0.000067

Epoch 79:
  Train Loss = 0.000065, Val Loss = 0.000070, LR = 1.00e-04
  Parameter Errors (Train / Val):
    betas          : 52.773083 / 33.518707
    betas_trans    : 0.000000 / 0.000000
    cam_rot        : 0.000000 / 0.000000
    cam_trans      : 0.000000 / 0.000000
    fov            : 0.000000 / 0.000000
    global_rot     : 0.000000 / 0.000000
    joint_angle_regularization: 0.743182 / 0.895757
    joint_limit_regularization: 0.090175 / 0.097383
    joint_rot      : 0.000000 / 0.000000
    keypoint_2d    : 0.000347 / 0.000383
    keypoint_3d    : 0.000000 / 0.000000
    limb_scale_regularization: 0.016826 / 0.012909
    limb_trans_regularization: 0.000007 / 0.000017
    log_beta_scales: 0.000000 / 0.000000
    silhouette     : 0.000000 / 0.000000
    trans          : 0.000000 / 0.000000
  Checkpoint saved at epoch 79
Visualizing 5 samples from dataset: unknown
Generated 5 visualization images for epoch 79 in /hpcwork/mkd34160/smilify_runs/singleview_2d_lam1e-4/visualizations/epoch_079
Visualizing 5 samples from dataset: unknown
Generated 5 visualization images for epoch 79 in /hpcwork/mkd34160/smilify_runs/singleview_2d_lam1e-4/visualizations_train/epoch_079

Epoch 80:
  Train Loss = 0.000065, Val Loss = 0.000064, LR = 1.00e-04
  Parameter Errors (Train / Val):
    betas          : 52.900122 / 33.519386
    betas_trans    : 0.000000 / 0.000000
    cam_rot        : 0.000000 / 0.000000
    cam_trans      : 0.000000 / 0.000000
    fov            : 0.000000 / 0.000000
    global_rot     : 0.000000 / 0.000000
    joint_angle_regularization: 0.743981 / 0.896068
    joint_limit_regularization: 0.090042 / 0.097269
    joint_rot      : 0.000000 / 0.000000
    keypoint_2d    : 0.000350 / 0.000327
    keypoint_3d    : 0.000000 / 0.000000
    limb_scale_regularization: 0.016937 / 0.012616
    limb_trans_regularization: 0.000007 / 0.000016
    log_beta_scales: 0.000000 / 0.000000
    silhouette     : 0.000000 / 0.000000
    trans          : 0.000000 / 0.000000
  New best model saved with validation loss: 0.000064

Epoch 81:
  Train Loss = 0.000065, Val Loss = 0.000068, LR = 1.00e-04
  Parameter Errors (Train / Val):
    betas          : 52.520256 / 33.579414
    betas_trans    : 0.000000 / 0.000000
    cam_rot        : 0.000000 / 0.000000
    cam_trans      : 0.000000 / 0.000000
    fov            : 0.000000 / 0.000000
    global_rot     : 0.000000 / 0.000000
    joint_angle_regularization: 0.744179 / 0.897412
    joint_limit_regularization: 0.089874 / 0.097268
    joint_rot      : 0.000000 / 0.000000
    keypoint_2d    : 0.000351 / 0.000366
    keypoint_3d    : 0.000000 / 0.000000
    limb_scale_regularization: 0.017065 / 0.012815
    limb_trans_regularization: 0.000007 / 0.000017
    log_beta_scales: 0.000000 / 0.000000
    silhouette     : 0.000000 / 0.000000
    trans          : 0.000000 / 0.000000
  Checkpoint saved at epoch 81

Epoch 82:
  Train Loss = 0.000064, Val Loss = 0.000066, LR = 1.00e-04
  Parameter Errors (Train / Val):
    betas          : 52.540175 / 33.601891
    betas_trans    : 0.000000 / 0.000000
    cam_rot        : 0.000000 / 0.000000
    cam_trans      : 0.000000 / 0.000000
    fov            : 0.000000 / 0.000000
    global_rot     : 0.000000 / 0.000000
    joint_angle_regularization: 0.744234 / 0.897723
    joint_limit_regularization: 0.089664 / 0.097209
    joint_rot      : 0.000000 / 0.000000
    keypoint_2d    : 0.000339 / 0.000348
    keypoint_3d    : 0.000000 / 0.000000
    limb_scale_regularization: 0.016747 / 0.012696
    limb_trans_regularization: 0.000007 / 0.000016
    log_beta_scales: 0.000000 / 0.000000
    silhouette     : 0.000000 / 0.000000
    trans          : 0.000000 / 0.000000

Epoch 83:
  Train Loss = 0.000065, Val Loss = 0.000066, LR = 1.00e-04
  Parameter Errors (Train / Val):
    betas          : 52.222720 / 33.596397
    betas_trans    : 0.000000 / 0.000000
    cam_rot        : 0.000000 / 0.000000
    cam_trans      : 0.000000 / 0.000000
    fov            : 0.000000 / 0.000000
    global_rot     : 0.000000 / 0.000000
    joint_angle_regularization: 0.744478 / 0.898275
    joint_limit_regularization: 0.089500 / 0.097152
    joint_rot      : 0.000000 / 0.000000
    keypoint_2d    : 0.000347 / 0.000351
    keypoint_3d    : 0.000000 / 0.000000
    limb_scale_regularization: 0.016868 / 0.012814
    limb_trans_regularization: 0.000007 / 0.000015
    log_beta_scales: 0.000000 / 0.000000
    silhouette     : 0.000000 / 0.000000
    trans          : 0.000000 / 0.000000
  Checkpoint saved at epoch 83

Epoch 84:
  Train Loss = 0.000068, Val Loss = 0.000061, LR = 1.00e-04
  Parameter Errors (Train / Val):
    betas          : 52.328443 / 33.563744
    betas_trans    : 0.000000 / 0.000000
    cam_rot        : 0.000000 / 0.000000
    cam_trans      : 0.000000 / 0.000000
    fov            : 0.000000 / 0.000000
    global_rot     : 0.000000 / 0.000000
    joint_angle_regularization: 0.744985 / 0.899788
    joint_limit_regularization: 0.089343 / 0.097138
    joint_rot      : 0.000000 / 0.000000
    keypoint_2d    : 0.000376 / 0.000305
    keypoint_3d    : 0.000000 / 0.000000
    limb_scale_regularization: 0.016925 / 0.012351
    limb_trans_regularization: 0.000007 / 0.000015
    log_beta_scales: 0.000000 / 0.000000
    silhouette     : 0.000000 / 0.000000
    trans          : 0.000000 / 0.000000
  New best model saved with validation loss: 0.000061

Epoch 85:
  Train Loss = 0.000067, Val Loss = 0.000069, LR = 1.00e-04
  Parameter Errors (Train / Val):
    betas          : 52.226262 / 33.585621
    betas_trans    : 0.000000 / 0.000000
    cam_rot        : 0.000000 / 0.000000
    cam_trans      : 0.000000 / 0.000000
    fov            : 0.000000 / 0.000000
    global_rot     : 0.000000 / 0.000000
    joint_angle_regularization: 0.745109 / 0.898951
    joint_limit_regularization: 0.089179 / 0.097018
    joint_rot      : 0.000000 / 0.000000
    keypoint_2d    : 0.000368 / 0.000377
    keypoint_3d    : 0.000000 / 0.000000
    limb_scale_regularization: 0.017070 / 0.012610
    limb_trans_regularization: 0.000007 / 0.000015
    log_beta_scales: 0.000000 / 0.000000
    silhouette     : 0.000000 / 0.000000
    trans          : 0.000000 / 0.000000
  Checkpoint saved at epoch 85

Epoch 86:
  Train Loss = 0.000063, Val Loss = 0.000066, LR = 1.00e-04
  Parameter Errors (Train / Val):
    betas          : 52.302181 / 33.629837
    betas_trans    : 0.000000 / 0.000000
    cam_rot        : 0.000000 / 0.000000
    cam_trans      : 0.000000 / 0.000000
    fov            : 0.000000 / 0.000000
    global_rot     : 0.000000 / 0.000000
    joint_angle_regularization: 0.745700 / 0.899694
    joint_limit_regularization: 0.089067 / 0.096908
    joint_rot      : 0.000000 / 0.000000
    keypoint_2d    : 0.000334 / 0.000354
    keypoint_3d    : 0.000000 / 0.000000
    limb_scale_regularization: 0.016760 / 0.012474
    limb_trans_regularization: 0.000007 / 0.000016
    log_beta_scales: 0.000000 / 0.000000
    silhouette     : 0.000000 / 0.000000
    trans          : 0.000000 / 0.000000

Epoch 87:
  Train Loss = 0.000068, Val Loss = 0.000066, LR = 1.00e-04
  Parameter Errors (Train / Val):
    betas          : 52.454804 / 33.781540
    betas_trans    : 0.000000 / 0.000000
    cam_rot        : 0.000000 / 0.000000
    cam_trans      : 0.000000 / 0.000000
    fov            : 0.000000 / 0.000000
    global_rot     : 0.000000 / 0.000000
    joint_angle_regularization: 0.746246 / 0.901262
    joint_limit_regularization: 0.088947 / 0.096983
    joint_rot      : 0.000000 / 0.000000
    keypoint_2d    : 0.000378 / 0.000355
    keypoint_3d    : 0.000000 / 0.000000
    limb_scale_regularization: 0.017040 / 0.012581
    limb_trans_regularization: 0.000007 / 0.000015
    log_beta_scales: 0.000000 / 0.000000
    silhouette     : 0.000000 / 0.000000
    trans          : 0.000000 / 0.000000
  Checkpoint saved at epoch 87

Epoch 88:
  Train Loss = 0.000065, Val Loss = 0.000064, LR = 1.00e-04
  Parameter Errors (Train / Val):
    betas          : 52.156348 / 33.810936
    betas_trans    : 0.000000 / 0.000000
    cam_rot        : 0.000000 / 0.000000
    cam_trans      : 0.000000 / 0.000000
    fov            : 0.000000 / 0.000000
    global_rot     : 0.000000 / 0.000000
    joint_angle_regularization: 0.746336 / 0.901631
    joint_limit_regularization: 0.088819 / 0.096871
    joint_rot      : 0.000000 / 0.000000
    keypoint_2d    : 0.000349 / 0.000332
    keypoint_3d    : 0.000000 / 0.000000
    limb_scale_regularization: 0.016948 / 0.012642
    limb_trans_regularization: 0.000007 / 0.000016
    log_beta_scales: 0.000000 / 0.000000
    silhouette     : 0.000000 / 0.000000
    trans          : 0.000000 / 0.000000

Epoch 89:
  Train Loss = 0.000066, Val Loss = 0.000066, LR = 1.00e-04
  Parameter Errors (Train / Val):
    betas          : 52.540855 / 33.763779
    betas_trans    : 0.000000 / 0.000000
    cam_rot        : 0.000000 / 0.000000
    cam_trans      : 0.000000 / 0.000000
    fov            : 0.000000 / 0.000000
    global_rot     : 0.000000 / 0.000000
    joint_angle_regularization: 0.747111 / 0.901242
    joint_limit_regularization: 0.088709 / 0.096762
    joint_rot      : 0.000000 / 0.000000
    keypoint_2d    : 0.000363 / 0.000353
    keypoint_3d    : 0.000000 / 0.000000
    limb_scale_regularization: 0.017209 / 0.012614
    limb_trans_regularization: 0.000007 / 0.000016
    log_beta_scales: 0.000000 / 0.000000
    silhouette     : 0.000000 / 0.000000
    trans          : 0.000000 / 0.000000
  Checkpoint saved at epoch 89
Visualizing 5 samples from dataset: unknown
Generated 5 visualization images for epoch 89 in /hpcwork/mkd34160/smilify_runs/singleview_2d_lam1e-4/visualizations/epoch_089
Visualizing 5 samples from dataset: unknown
Generated 5 visualization images for epoch 89 in /hpcwork/mkd34160/smilify_runs/singleview_2d_lam1e-4/visualizations_train/epoch_089

Epoch 90:
  Train Loss = 0.000064, Val Loss = 0.000065, LR = 1.00e-04
  Parameter Errors (Train / Val):
    betas          : 52.266009 / 33.762138
    betas_trans    : 0.000000 / 0.000000
    cam_rot        : 0.000000 / 0.000000
    cam_trans      : 0.000000 / 0.000000
    fov            : 0.000000 / 0.000000
    global_rot     : 0.000000 / 0.000000
    joint_angle_regularization: 0.746376 / 0.901820
    joint_limit_regularization: 0.088544 / 0.096748
    joint_rot      : 0.000000 / 0.000000
    keypoint_2d    : 0.000342 / 0.000336
    keypoint_3d    : 0.000000 / 0.000000
    limb_scale_regularization: 0.016965 / 0.012575
    limb_trans_regularization: 0.000007 / 0.000016
    log_beta_scales: 0.000000 / 0.000000
    silhouette     : 0.000000 / 0.000000
    trans          : 0.000000 / 0.000000

Epoch 91:
  Train Loss = 0.000063, Val Loss = 0.000065, LR = 1.00e-04
  Parameter Errors (Train / Val):
    betas          : 52.158893 / 33.752380
    betas_trans    : 0.000000 / 0.000000
    cam_rot        : 0.000000 / 0.000000
    cam_trans      : 0.000000 / 0.000000
    fov            : 0.000000 / 0.000000
    global_rot     : 0.000000 / 0.000000
    joint_angle_regularization: 0.746506 / 0.901987
    joint_limit_regularization: 0.088391 / 0.096674
    joint_rot      : 0.000000 / 0.000000
    keypoint_2d    : 0.000334 / 0.000337
    keypoint_3d    : 0.000000 / 0.000000
    limb_scale_regularization: 0.016636 / 0.012490
    limb_trans_regularization: 0.000007 / 0.000016
    log_beta_scales: 0.000000 / 0.000000
    silhouette     : 0.000000 / 0.000000
    trans          : 0.000000 / 0.000000
  Checkpoint saved at epoch 91

Epoch 92:
  Train Loss = 0.000063, Val Loss = 0.000062, LR = 1.00e-04
  Parameter Errors (Train / Val):
    betas          : 52.136424 / 33.930363
    betas_trans    : 0.000000 / 0.000000
    cam_rot        : 0.000000 / 0.000000
    cam_trans      : 0.000000 / 0.000000
    fov            : 0.000000 / 0.000000
    global_rot     : 0.000000 / 0.000000
    joint_angle_regularization: 0.746586 / 0.903302
    joint_limit_regularization: 0.088288 / 0.096724
    joint_rot      : 0.000000 / 0.000000
    keypoint_2d    : 0.000340 / 0.000321
    keypoint_3d    : 0.000000 / 0.000000
    limb_scale_regularization: 0.016637 / 0.012475
    limb_trans_regularization: 0.000007 / 0.000014
    log_beta_scales: 0.000000 / 0.000000
    silhouette     : 0.000000 / 0.000000
    trans          : 0.000000 / 0.000000

Epoch 93:
  Train Loss = 0.000064, Val Loss = 0.000064, LR = 1.00e-04
  Parameter Errors (Train / Val):
    betas          : 52.072064 / 33.878784
    betas_trans    : 0.000000 / 0.000000
    cam_rot        : 0.000000 / 0.000000
    cam_trans      : 0.000000 / 0.000000
    fov            : 0.000000 / 0.000000
    global_rot     : 0.000000 / 0.000000
    joint_angle_regularization: 0.747141 / 0.903870
    joint_limit_regularization: 0.088290 / 0.096748
    joint_rot      : 0.000000 / 0.000000
    keypoint_2d    : 0.000343 / 0.000336
    keypoint_3d    : 0.000000 / 0.000000
    limb_scale_regularization: 0.016605 / 0.012253
    limb_trans_regularization: 0.000007 / 0.000015
    log_beta_scales: 0.000000 / 0.000000
    silhouette     : 0.000000 / 0.000000
    trans          : 0.000000 / 0.000000
  Checkpoint saved at epoch 93

Epoch 94:
  Train Loss = 0.000063, Val Loss = 0.000067, LR = 1.00e-04
  Parameter Errors (Train / Val):
    betas          : 52.013911 / 34.038204
    betas_trans    : 0.000000 / 0.000000
    cam_rot        : 0.000000 / 0.000000
    cam_trans      : 0.000000 / 0.000000
    fov            : 0.000000 / 0.000000
    global_rot     : 0.000000 / 0.000000
    joint_angle_regularization: 0.747228 / 0.905477
    joint_limit_regularization: 0.088182 / 0.096791
    joint_rot      : 0.000000 / 0.000000
    keypoint_2d    : 0.000337 / 0.000361
    keypoint_3d    : 0.000000 / 0.000000
    limb_scale_regularization: 0.016547 / 0.012411
    limb_trans_regularization: 0.000006 / 0.000015
    log_beta_scales: 0.000000 / 0.000000
    silhouette     : 0.000000 / 0.000000
    trans          : 0.000000 / 0.000000

Epoch 95:
  Train Loss = 0.000064, Val Loss = 0.000068, LR = 1.00e-04
  Parameter Errors (Train / Val):
    betas          : 52.002784 / 34.196213
    betas_trans    : 0.000000 / 0.000000
    cam_rot        : 0.000000 / 0.000000
    cam_trans      : 0.000000 / 0.000000
    fov            : 0.000000 / 0.000000
    global_rot     : 0.000000 / 0.000000
    joint_angle_regularization: 0.747428 / 0.906151
    joint_limit_regularization: 0.088149 / 0.096770
    joint_rot      : 0.000000 / 0.000000
    keypoint_2d    : 0.000342 / 0.000371
    keypoint_3d    : 0.000000 / 0.000000
    limb_scale_regularization: 0.016570 / 0.012421
    limb_trans_regularization: 0.000007 / 0.000015
    log_beta_scales: 0.000000 / 0.000000
    silhouette     : 0.000000 / 0.000000
    trans          : 0.000000 / 0.000000
  Checkpoint saved at epoch 95

Epoch 96:
  Train Loss = 0.000061, Val Loss = 0.000064, LR = 1.00e-04
  Parameter Errors (Train / Val):
    betas          : 51.965883 / 34.223080
    betas_trans    : 0.000000 / 0.000000
    cam_rot        : 0.000000 / 0.000000
    cam_trans      : 0.000000 / 0.000000
    fov            : 0.000000 / 0.000000
    global_rot     : 0.000000 / 0.000000
    joint_angle_regularization: 0.747033 / 0.905877
    joint_limit_regularization: 0.088006 / 0.096711
    joint_rot      : 0.000000 / 0.000000
    keypoint_2d    : 0.000322 / 0.000340
    keypoint_3d    : 0.000000 / 0.000000
    limb_scale_regularization: 0.016343 / 0.012350
    limb_trans_regularization: 0.000006 / 0.000015
    log_beta_scales: 0.000000 / 0.000000
    silhouette     : 0.000000 / 0.000000
    trans          : 0.000000 / 0.000000

Epoch 97:
  Train Loss = 0.000069, Val Loss = 0.000062, LR = 1.00e-04
  Parameter Errors (Train / Val):
    betas          : 52.015944 / 34.178238
    betas_trans    : 0.000000 / 0.000000
    cam_rot        : 0.000000 / 0.000000
    cam_trans      : 0.000000 / 0.000000
    fov            : 0.000000 / 0.000000
    global_rot     : 0.000000 / 0.000000
    joint_angle_regularization: 0.747026 / 0.906481
    joint_limit_regularization: 0.087941 / 0.096677
    joint_rot      : 0.000000 / 0.000000
    keypoint_2d    : 0.000397 / 0.000320
    keypoint_3d    : 0.000000 / 0.000000
    limb_scale_regularization: 0.016647 / 0.012416
    limb_trans_regularization: 0.000007 / 0.000015
    log_beta_scales: 0.000000 / 0.000000
    silhouette     : 0.000000 / 0.000000
    trans          : 0.000000 / 0.000000
  Checkpoint saved at epoch 97

Epoch 98:
  Train Loss = 0.000061, Val Loss = 0.000065, LR = 1.00e-04
  Parameter Errors (Train / Val):
    betas          : 51.978515 / 34.222725
    betas_trans    : 0.000000 / 0.000000
    cam_rot        : 0.000000 / 0.000000
    cam_trans      : 0.000000 / 0.000000
    fov            : 0.000000 / 0.000000
    global_rot     : 0.000000 / 0.000000
    joint_angle_regularization: 0.746904 / 0.906728
    joint_limit_regularization: 0.087814 / 0.096624
    joint_rot      : 0.000000 / 0.000000
    keypoint_2d    : 0.000317 / 0.000348
    keypoint_3d    : 0.000000 / 0.000000
    limb_scale_regularization: 0.016199 / 0.012118
    limb_trans_regularization: 0.000006 / 0.000015
    log_beta_scales: 0.000000 / 0.000000
    silhouette     : 0.000000 / 0.000000
    trans          : 0.000000 / 0.000000

Epoch 99:
  Train Loss = 0.000060, Val Loss = 0.000064, LR = 1.00e-04
  Parameter Errors (Train / Val):
    betas          : 51.834106 / 34.226814
    betas_trans    : 0.000000 / 0.000000
    cam_rot        : 0.000000 / 0.000000
    cam_trans      : 0.000000 / 0.000000
    fov            : 0.000000 / 0.000000
    global_rot     : 0.000000 / 0.000000
    joint_angle_regularization: 0.747219 / 0.907374
    joint_limit_regularization: 0.087798 / 0.096662
    joint_rot      : 0.000000 / 0.000000
    keypoint_2d    : 0.000311 / 0.000341
    keypoint_3d    : 0.000000 / 0.000000
    limb_scale_regularization: 0.016194 / 0.012292
    limb_trans_regularization: 0.000006 / 0.000015
    log_beta_scales: 0.000000 / 0.000000
    silhouette     : 0.000000 / 0.000000
    trans          : 0.000000 / 0.000000
  Checkpoint saved at epoch 99
Visualizing 5 samples from dataset: unknown
Generated 5 visualization images for epoch 99 in /hpcwork/mkd34160/smilify_runs/singleview_2d_lam1e-4/visualizations/epoch_099
Visualizing 5 samples from dataset: unknown
Generated 5 visualization images for epoch 99 in /hpcwork/mkd34160/smilify_runs/singleview_2d_lam1e-4/visualizations_train/epoch_099

Epoch 100:
  Train Loss = 0.000062, Val Loss = 0.000058, LR = 1.00e-04
  Parameter Errors (Train / Val):
    betas          : 51.886368 / 34.084705
    betas_trans    : 0.000000 / 0.000000
    cam_rot        : 0.000000 / 0.000000
    cam_trans      : 0.000000 / 0.000000
    fov            : 0.000000 / 0.000000
    global_rot     : 0.000000 / 0.000000
    joint_angle_regularization: 0.748211 / 0.907607
    joint_limit_regularization: 0.087845 / 0.096564
    joint_rot      : 0.000000 / 0.000000
    keypoint_2d    : 0.000326 / 0.000290
    keypoint_3d    : 0.000000 / 0.000000
    limb_scale_regularization: 0.016248 / 0.011859
    limb_trans_regularization: 0.000006 / 0.000014
    log_beta_scales: 0.000000 / 0.000000
    silhouette     : 0.000000 / 0.000000
    trans          : 0.000000 / 0.000000
  New best model saved with validation loss: 0.000058

Epoch 101:
  Train Loss = 0.000059, Val Loss = 0.000058, LR = 1.00e-04
  Parameter Errors (Train / Val):
    betas          : 51.801191 / 34.281590
    betas_trans    : 0.000000 / 0.000000
    cam_rot        : 0.000000 / 0.000000
    cam_trans      : 0.000000 / 0.000000
    fov            : 0.000000 / 0.000000
    global_rot     : 0.000000 / 0.000000
    joint_angle_regularization: 0.747532 / 0.908773
    joint_limit_regularization: 0.087728 / 0.096587
    joint_rot      : 0.000000 / 0.000000
    keypoint_2d    : 0.000305 / 0.000284
    keypoint_3d    : 0.000000 / 0.000000
    limb_scale_regularization: 0.016004 / 0.011993
    limb_trans_regularization: 0.000006 / 0.000014
    log_beta_scales: 0.000000 / 0.000000
    silhouette     : 0.000000 / 0.000000
    trans          : 0.000000 / 0.000000
  New best model saved with validation loss: 0.000058
  Checkpoint saved at epoch 101

Epoch 102:
  Train Loss = 0.000063, Val Loss = 0.000063, LR = 1.00e-04
  Parameter Errors (Train / Val):
    betas          : 51.888051 / 34.371284
    betas_trans    : 0.000000 / 0.000000
    cam_rot        : 0.000000 / 0.000000
    cam_trans      : 0.000000 / 0.000000
    fov            : 0.000000 / 0.000000
    global_rot     : 0.000000 / 0.000000
    joint_angle_regularization: 0.748424 / 0.909638
    joint_limit_regularization: 0.087792 / 0.096571
    joint_rot      : 0.000000 / 0.000000
    keypoint_2d    : 0.000338 / 0.000333
    keypoint_3d    : 0.000000 / 0.000000
    limb_scale_regularization: 0.016312 / 0.012021
    limb_trans_regularization: 0.000007 / 0.000015
    log_beta_scales: 0.000000 / 0.000000
    silhouette     : 0.000000 / 0.000000
    trans          : 0.000000 / 0.000000

Epoch 103:
  Train Loss = 0.000065, Val Loss = 0.000061, LR = 1.00e-04
  Parameter Errors (Train / Val):
    betas          : 52.300810 / 34.537140
    betas_trans    : 0.000000 / 0.000000
    cam_rot        : 0.000000 / 0.000000
    cam_trans      : 0.000000 / 0.000000
    fov            : 0.000000 / 0.000000
    global_rot     : 0.000000 / 0.000000
    joint_angle_regularization: 0.749136 / 0.911134
    joint_limit_regularization: 0.087816 / 0.096675
    joint_rot      : 0.000000 / 0.000000
    keypoint_2d    : 0.000353 / 0.000308
    keypoint_3d    : 0.000000 / 0.000000
    limb_scale_regularization: 0.016897 / 0.012168
    limb_trans_regularization: 0.000007 / 0.000014
    log_beta_scales: 0.000000 / 0.000000
    silhouette     : 0.000000 / 0.000000
    trans          : 0.000000 / 0.000000
  Checkpoint saved at epoch 103

Epoch 104:
  Train Loss = 0.000061, Val Loss = 0.000057, LR = 1.00e-04
  Parameter Errors (Train / Val):
    betas          : 52.034109 / 34.385391
    betas_trans    : 0.000000 / 0.000000
    cam_rot        : 0.000000 / 0.000000
    cam_trans      : 0.000000 / 0.000000
    fov            : 0.000000 / 0.000000
    global_rot     : 0.000000 / 0.000000
    joint_angle_regularization: 0.747720 / 0.910463
    joint_limit_regularization: 0.087519 / 0.096481
    joint_rot      : 0.000000 / 0.000000
    keypoint_2d    : 0.000322 / 0.000281
    keypoint_3d    : 0.000000 / 0.000000
    limb_scale_regularization: 0.016412 / 0.011807
    limb_trans_regularization: 0.000006 / 0.000014
    log_beta_scales: 0.000000 / 0.000000
    silhouette     : 0.000000 / 0.000000
    trans          : 0.000000 / 0.000000
  New best model saved with validation loss: 0.000057

Epoch 105:
  Train Loss = 0.000059, Val Loss = 0.000062, LR = 1.00e-04
  Parameter Errors (Train / Val):
    betas          : 52.067760 / 34.457001
    betas_trans    : 0.000000 / 0.000000
    cam_rot        : 0.000000 / 0.000000
    cam_trans      : 0.000000 / 0.000000
    fov            : 0.000000 / 0.000000
    global_rot     : 0.000000 / 0.000000
    joint_angle_regularization: 0.747973 / 0.911651
    joint_limit_regularization: 0.087537 / 0.096500
    joint_rot      : 0.000000 / 0.000000
    keypoint_2d    : 0.000307 / 0.000325
    keypoint_3d    : 0.000000 / 0.000000
    limb_scale_regularization: 0.016135 / 0.011772
    limb_trans_regularization: 0.000006 / 0.000014
    log_beta_scales: 0.000000 / 0.000000
    silhouette     : 0.000000 / 0.000000
    trans          : 0.000000 / 0.000000
  Checkpoint saved at epoch 105

Epoch 106:
  Train Loss = 0.000061, Val Loss = 0.000059, LR = 1.00e-04
  Parameter Errors (Train / Val):
    betas          : 51.912239 / 34.513859
    betas_trans    : 0.000000 / 0.000000
    cam_rot        : 0.000000 / 0.000000
    cam_trans      : 0.000000 / 0.000000
    fov            : 0.000000 / 0.000000
    global_rot     : 0.000000 / 0.000000
    joint_angle_regularization: 0.747952 / 0.911529
    joint_limit_regularization: 0.087497 / 0.096365
    joint_rot      : 0.000000 / 0.000000
    keypoint_2d    : 0.000317 / 0.000292
    keypoint_3d    : 0.000000 / 0.000000
    limb_scale_regularization: 0.016236 / 0.011910
    limb_trans_regularization: 0.000006 / 0.000014
    log_beta_scales: 0.000000 / 0.000000
    silhouette     : 0.000000 / 0.000000
    trans          : 0.000000 / 0.000000

Epoch 107:
  Train Loss = 0.000060, Val Loss = 0.000060, LR = 1.00e-04
  Parameter Errors (Train / Val):
    betas          : 52.020822 / 34.658726
    betas_trans    : 0.000000 / 0.000000
    cam_rot        : 0.000000 / 0.000000
    cam_trans      : 0.000000 / 0.000000
    fov            : 0.000000 / 0.000000
    global_rot     : 0.000000 / 0.000000
    joint_angle_regularization: 0.748467 / 0.913468
    joint_limit_regularization: 0.087458 / 0.096536
    joint_rot      : 0.000000 / 0.000000
    keypoint_2d    : 0.000309 / 0.000309
    keypoint_3d    : 0.000000 / 0.000000
    limb_scale_regularization: 0.016019 / 0.011921
    limb_trans_regularization: 0.000006 / 0.000014
    log_beta_scales: 0.000000 / 0.000000
    silhouette     : 0.000000 / 0.000000
    trans          : 0.000000 / 0.000000
  Checkpoint saved at epoch 107

Epoch 108:
  Train Loss = 0.000058, Val Loss = 0.000058, LR = 1.00e-04
  Parameter Errors (Train / Val):
    betas          : 51.712097 / 34.859379
    betas_trans    : 0.000000 / 0.000000
    cam_rot        : 0.000000 / 0.000000
    cam_trans      : 0.000000 / 0.000000
    fov            : 0.000000 / 0.000000
    global_rot     : 0.000000 / 0.000000
    joint_angle_regularization: 0.748059 / 0.912821
    joint_limit_regularization: 0.087420 / 0.096374
    joint_rot      : 0.000000 / 0.000000
    keypoint_2d    : 0.000298 / 0.000290
    keypoint_3d    : 0.000000 / 0.000000
    limb_scale_regularization: 0.015865 / 0.011838
    limb_trans_regularization: 0.000006 / 0.000013
    log_beta_scales: 0.000000 / 0.000000
    silhouette     : 0.000000 / 0.000000
    trans          : 0.000000 / 0.000000

Epoch 109:
  Train Loss = 0.000059, Val Loss = 0.000070, LR = 1.00e-04
  Parameter Errors (Train / Val):
    betas          : 51.818952 / 34.600758
    betas_trans    : 0.000000 / 0.000000
    cam_rot        : 0.000000 / 0.000000
    cam_trans      : 0.000000 / 0.000000
    fov            : 0.000000 / 0.000000
    global_rot     : 0.000000 / 0.000000
    joint_angle_regularization: 0.748494 / 0.912901
    joint_limit_regularization: 0.087421 / 0.096375
    joint_rot      : 0.000000 / 0.000000
    keypoint_2d    : 0.000304 / 0.000407
    keypoint_3d    : 0.000000 / 0.000000
    limb_scale_regularization: 0.015832 / 0.011676
    limb_trans_regularization: 0.000006 / 0.000014
    log_beta_scales: 0.000000 / 0.000000
    silhouette     : 0.000000 / 0.000000
    trans          : 0.000000 / 0.000000
  Checkpoint saved at epoch 109
Visualizing 5 samples from dataset: unknown
Generated 5 visualization images for epoch 109 in /hpcwork/mkd34160/smilify_runs/singleview_2d_lam1e-4/visualizations/epoch_109
Visualizing 5 samples from dataset: unknown
Generated 5 visualization images for epoch 109 in /hpcwork/mkd34160/smilify_runs/singleview_2d_lam1e-4/visualizations_train/epoch_109

Epoch 110:
  Train Loss = 0.000057, Val Loss = 0.000060, LR = 1.00e-04
  Parameter Errors (Train / Val):
    betas          : 51.590584 / 34.799686
    betas_trans    : 0.000000 / 0.000000
    cam_rot        : 0.000000 / 0.000000
    cam_trans      : 0.000000 / 0.000000
    fov            : 0.000000 / 0.000000
    global_rot     : 0.000000 / 0.000000
    joint_angle_regularization: 0.748284 / 0.914401
    joint_limit_regularization: 0.087404 / 0.096448
    joint_rot      : 0.000000 / 0.000000
    keypoint_2d    : 0.000290 / 0.000307
    keypoint_3d    : 0.000000 / 0.000000
    limb_scale_regularization: 0.015608 / 0.012001
    limb_trans_regularization: 0.000006 / 0.000014
    log_beta_scales: 0.000000 / 0.000000
    silhouette     : 0.000000 / 0.000000
    trans          : 0.000000 / 0.000000

Epoch 111:
  Train Loss = 0.000060, Val Loss = 0.000056, LR = 1.00e-04
  Parameter Errors (Train / Val):
    betas          : 51.634139 / 34.508850
    betas_trans    : 0.000000 / 0.000000
    cam_rot        : 0.000000 / 0.000000
    cam_trans      : 0.000000 / 0.000000
    fov            : 0.000000 / 0.000000
    global_rot     : 0.000000 / 0.000000
    joint_angle_regularization: 0.749039 / 0.913575
    joint_limit_regularization: 0.087455 / 0.096264
    joint_rot      : 0.000000 / 0.000000
    keypoint_2d    : 0.000314 / 0.000269
    keypoint_3d    : 0.000000 / 0.000000
    limb_scale_regularization: 0.015793 / 0.011603
    limb_trans_regularization: 0.000006 / 0.000014
    log_beta_scales: 0.000000 / 0.000000
    silhouette     : 0.000000 / 0.000000
    trans          : 0.000000 / 0.000000
  New best model saved with validation loss: 0.000056
  Checkpoint saved at epoch 111

Epoch 112:
  Train Loss = 0.000058, Val Loss = 0.000060, LR = 1.00e-04
  Parameter Errors (Train / Val):
    betas          : 51.831534 / 34.744358
    betas_trans    : 0.000000 / 0.000000
    cam_rot        : 0.000000 / 0.000000
    cam_trans      : 0.000000 / 0.000000
    fov            : 0.000000 / 0.000000
    global_rot     : 0.000000 / 0.000000
    joint_angle_regularization: 0.749639 / 0.914491
    joint_limit_regularization: 0.087523 / 0.096343
    joint_rot      : 0.000000 / 0.000000
    keypoint_2d    : 0.000296 / 0.000305
    keypoint_3d    : 0.000000 / 0.000000
    limb_scale_regularization: 0.015658 / 0.011803
    limb_trans_regularization: 0.000006 / 0.000014
    log_beta_scales: 0.000000 / 0.000000
    silhouette     : 0.000000 / 0.000000
    trans          : 0.000000 / 0.000000

Epoch 113:
  Train Loss = 0.000059, Val Loss = 0.000057, LR = 1.00e-04
  Parameter Errors (Train / Val):
    betas          : 51.854376 / 34.670353
    betas_trans    : 0.000000 / 0.000000
    cam_rot        : 0.000000 / 0.000000
    cam_trans      : 0.000000 / 0.000000
    fov            : 0.000000 / 0.000000
    global_rot     : 0.000000 / 0.000000
    joint_angle_regularization: 0.749875 / 0.913974
    joint_limit_regularization: 0.087522 / 0.096175
    joint_rot      : 0.000000 / 0.000000
    keypoint_2d    : 0.000304 / 0.000279
    keypoint_3d    : 0.000000 / 0.000000
    limb_scale_regularization: 0.015761 / 0.011648
    limb_trans_regularization: 0.000006 / 0.000013
    log_beta_scales: 0.000000 / 0.000000
    silhouette     : 0.000000 / 0.000000
    trans          : 0.000000 / 0.000000
  Checkpoint saved at epoch 113

Epoch 114:
  Train Loss = 0.000060, Val Loss = 0.000057, LR = 1.00e-04
  Parameter Errors (Train / Val):
    betas          : 51.715501 / 34.779377
    betas_trans    : 0.000000 / 0.000000
    cam_rot        : 0.000000 / 0.000000
    cam_trans      : 0.000000 / 0.000000
    fov            : 0.000000 / 0.000000
    global_rot     : 0.000000 / 0.000000
    joint_angle_regularization: 0.749773 / 0.915758
    joint_limit_regularization: 0.087454 / 0.096317
    joint_rot      : 0.000000 / 0.000000
    keypoint_2d    : 0.000317 / 0.000281
    keypoint_3d    : 0.000000 / 0.000000
    limb_scale_regularization: 0.015863 / 0.011827
    limb_trans_regularization: 0.000006 / 0.000014
    log_beta_scales: 0.000000 / 0.000000
    silhouette     : 0.000000 / 0.000000
    trans          : 0.000000 / 0.000000

Epoch 115:
  Train Loss = 0.000058, Val Loss = 0.000060, LR = 1.00e-04
  Parameter Errors (Train / Val):
    betas          : 51.306876 / 34.804001
    betas_trans    : 0.000000 / 0.000000
    cam_rot        : 0.000000 / 0.000000
    cam_trans      : 0.000000 / 0.000000
    fov            : 0.000000 / 0.000000
    global_rot     : 0.000000 / 0.000000
    joint_angle_regularization: 0.749583 / 0.916288
    joint_limit_regularization: 0.087477 / 0.096302
    joint_rot      : 0.000000 / 0.000000
    keypoint_2d    : 0.000301 / 0.000308
    keypoint_3d    : 0.000000 / 0.000000
    limb_scale_regularization: 0.015675 / 0.011894
    limb_trans_regularization: 0.000006 / 0.000013
    log_beta_scales: 0.000000 / 0.000000
    silhouette     : 0.000000 / 0.000000
    trans          : 0.000000 / 0.000000
  Checkpoint saved at epoch 115

Epoch 116:
  Train Loss = 0.000057, Val Loss = 0.000059, LR = 1.00e-04
  Parameter Errors (Train / Val):
    betas          : 51.350391 / 34.743446
    betas_trans    : 0.000000 / 0.000000
    cam_rot        : 0.000000 / 0.000000
    cam_trans      : 0.000000 / 0.000000
    fov            : 0.000000 / 0.000000
    global_rot     : 0.000000 / 0.000000
    joint_angle_regularization: 0.749264 / 0.915532
    joint_limit_regularization: 0.087385 / 0.096161
    joint_rot      : 0.000000 / 0.000000
    keypoint_2d    : 0.000291 / 0.000298
    keypoint_3d    : 0.000000 / 0.000000
    limb_scale_regularization: 0.015633 / 0.011578
    limb_trans_regularization: 0.000006 / 0.000014
    log_beta_scales: 0.000000 / 0.000000
    silhouette     : 0.000000 / 0.000000
    trans          : 0.000000 / 0.000000

Epoch 117:
  Train Loss = 0.000057, Val Loss = 0.000059, LR = 1.00e-04
  Parameter Errors (Train / Val):
    betas          : 51.338455 / 35.021996
    betas_trans    : 0.000000 / 0.000000
    cam_rot        : 0.000000 / 0.000000
    cam_trans      : 0.000000 / 0.000000
    fov            : 0.000000 / 0.000000
    global_rot     : 0.000000 / 0.000000
    joint_angle_regularization: 0.750236 / 0.917267
    joint_limit_regularization: 0.087423 / 0.096241
    joint_rot      : 0.000000 / 0.000000
    keypoint_2d    : 0.000290 / 0.000295
    keypoint_3d    : 0.000000 / 0.000000
    limb_scale_regularization: 0.015528 / 0.011770
    limb_trans_regularization: 0.000006 / 0.000013
    log_beta_scales: 0.000000 / 0.000000
    silhouette     : 0.000000 / 0.000000
    trans          : 0.000000 / 0.000000
  Checkpoint saved at epoch 117

Epoch 118:
  Train Loss = 0.000059, Val Loss = 0.000056, LR = 1.00e-04
  Parameter Errors (Train / Val):
    betas          : 51.615926 / 34.821114
    betas_trans    : 0.000000 / 0.000000
    cam_rot        : 0.000000 / 0.000000
    cam_trans      : 0.000000 / 0.000000
    fov            : 0.000000 / 0.000000
    global_rot     : 0.000000 / 0.000000
    joint_angle_regularization: 0.750550 / 0.916882
    joint_limit_regularization: 0.087437 / 0.096169
    joint_rot      : 0.000000 / 0.000000
    keypoint_2d    : 0.000306 / 0.000274
    keypoint_3d    : 0.000000 / 0.000000
    limb_scale_regularization: 0.015665 / 0.011556
    limb_trans_regularization: 0.000006 / 0.000013
    log_beta_scales: 0.000000 / 0.000000
    silhouette     : 0.000000 / 0.000000
    trans          : 0.000000 / 0.000000
  New best model saved with validation loss: 0.000056

Epoch 119:
  Train Loss = 0.000062, Val Loss = 0.000058, LR = 1.00e-04
  Parameter Errors (Train / Val):
    betas          : 51.603141 / 34.851967
    betas_trans    : 0.000000 / 0.000000
    cam_rot        : 0.000000 / 0.000000
    cam_trans      : 0.000000 / 0.000000
    fov            : 0.000000 / 0.000000
    global_rot     : 0.000000 / 0.000000
    joint_angle_regularization: 0.750083 / 0.917467
    joint_limit_regularization: 0.087407 / 0.096146
    joint_rot      : 0.000000 / 0.000000
    keypoint_2d    : 0.000333 / 0.000288
    keypoint_3d    : 0.000000 / 0.000000
    limb_scale_regularization: 0.015822 / 0.011503
    limb_trans_regularization: 0.000007 / 0.000014
    log_beta_scales: 0.000000 / 0.000000
    silhouette     : 0.000000 / 0.000000
    trans          : 0.000000 / 0.000000
  Checkpoint saved at epoch 119
Visualizing 5 samples from dataset: unknown
Generated 5 visualization images for epoch 119 in /hpcwork/mkd34160/smilify_runs/singleview_2d_lam1e-4/visualizations/epoch_119
Visualizing 5 samples from dataset: unknown
Generated 5 visualization images for epoch 119 in /hpcwork/mkd34160/smilify_runs/singleview_2d_lam1e-4/visualizations_train/epoch_119
Learning rate updated to 5e-06 (group '') at epoch 120
Learning rate updated to 5e-06 (group '') at epoch 120

Epoch 120:
  Train Loss = 0.000044, Val Loss = 0.000044, LR = 5.00e-05
  Parameter Errors (Train / Val):
    betas          : 51.778738 / 35.623245
    betas_trans    : 0.000000 / 0.000000
    cam_rot        : 0.000000 / 0.000000
    cam_trans      : 0.000000 / 0.000000
    fov            : 0.000000 / 0.000000
    global_rot     : 0.000000 / 0.000000
    joint_angle_regularization: 0.750667 / 0.916734
    joint_limit_regularization: 0.087331 / 0.095957
    joint_rot      : 0.000000 / 0.000000
    keypoint_2d    : 0.000233 / 0.000217
    keypoint_3d    : 0.000000 / 0.000000
    limb_scale_regularization: 0.017303 / 0.013288
    limb_trans_regularization: 0.000005 / 0.000011
    log_beta_scales: 0.000000 / 0.000000
    silhouette     : 0.000000 / 0.000000
    trans          : 0.000000 / 0.000000
  New best model saved with validation loss: 0.000044

Epoch 121:
  Train Loss = 0.000043, Val Loss = 0.000043, LR = 5.00e-05
  Parameter Errors (Train / Val):
    betas          : 51.667019 / 35.822281
    betas_trans    : 0.000000 / 0.000000
    cam_rot        : 0.000000 / 0.000000
    cam_trans      : 0.000000 / 0.000000
    fov            : 0.000000 / 0.000000
    global_rot     : 0.000000 / 0.000000
    joint_angle_regularization: 0.746600 / 0.913855
    joint_limit_regularization: 0.086693 / 0.095495
    joint_rot      : 0.000000 / 0.000000
    keypoint_2d    : 0.000221 / 0.000198
    keypoint_3d    : 0.000000 / 0.000000
    limb_scale_regularization: 0.018828 / 0.014064
    limb_trans_regularization: 0.000004 / 0.000010
    log_beta_scales: 0.000000 / 0.000000
    silhouette     : 0.000000 / 0.000000
    trans          : 0.000000 / 0.000000
  New best model saved with validation loss: 0.000043
  Checkpoint saved at epoch 121

Epoch 122:
  Train Loss = 0.000042, Val Loss = 0.000045, LR = 5.00e-05
  Parameter Errors (Train / Val):
    betas          : 51.886864 / 35.979870
    betas_trans    : 0.000000 / 0.000000
    cam_rot        : 0.000000 / 0.000000
    cam_trans      : 0.000000 / 0.000000
    fov            : 0.000000 / 0.000000
    global_rot     : 0.000000 / 0.000000
    joint_angle_regularization: 0.743340 / 0.911786
    joint_limit_regularization: 0.086128 / 0.095166
    joint_rot      : 0.000000 / 0.000000
    keypoint_2d    : 0.000209 / 0.000225
    keypoint_3d    : 0.000000 / 0.000000
    limb_scale_regularization: 0.019692 / 0.014484
    limb_trans_regularization: 0.000004 / 0.000010
    log_beta_scales: 0.000000 / 0.000000
    silhouette     : 0.000000 / 0.000000
    trans          : 0.000000 / 0.000000

Epoch 123:
  Train Loss = 0.000042, Val Loss = 0.000044, LR = 5.00e-05
  Parameter Errors (Train / Val):
    betas          : 51.882726 / 35.948490
    betas_trans    : 0.000000 / 0.000000
    cam_rot        : 0.000000 / 0.000000
    cam_trans      : 0.000000 / 0.000000
    fov            : 0.000000 / 0.000000
    global_rot     : 0.000000 / 0.000000
    joint_angle_regularization: 0.740787 / 0.908818
    joint_limit_regularization: 0.085694 / 0.094702
    joint_rot      : 0.000000 / 0.000000
    keypoint_2d    : 0.000207 / 0.000212
    keypoint_3d    : 0.000000 / 0.000000
    limb_scale_regularization: 0.020300 / 0.014786
    limb_trans_regularization: 0.000004 / 0.000010
    log_beta_scales: 0.000000 / 0.000000
    silhouette     : 0.000000 / 0.000000
    trans          : 0.000000 / 0.000000
  Checkpoint saved at epoch 123

Epoch 124:
  Train Loss = 0.000042, Val Loss = 0.000045, LR = 5.00e-05
  Parameter Errors (Train / Val):
    betas          : 51.928887 / 36.040607
    betas_trans    : 0.000000 / 0.000000
    cam_rot        : 0.000000 / 0.000000
    cam_trans      : 0.000000 / 0.000000
    fov            : 0.000000 / 0.000000
    global_rot     : 0.000000 / 0.000000
    joint_angle_regularization: 0.738803 / 0.907487
    joint_limit_regularization: 0.085210 / 0.094440
    joint_rot      : 0.000000 / 0.000000
    keypoint_2d    : 0.000203 / 0.000216
    keypoint_3d    : 0.000000 / 0.000000
    limb_scale_regularization: 0.020720 / 0.015049
    limb_trans_regularization: 0.000003 / 0.000010
    log_beta_scales: 0.000000 / 0.000000
    silhouette     : 0.000000 / 0.000000
    trans          : 0.000000 / 0.000000

Epoch 125:
  Train Loss = 0.000041, Val Loss = 0.000043, LR = 5.00e-05
  Parameter Errors (Train / Val):
    betas          : 51.957801 / 35.973724
    betas_trans    : 0.000000 / 0.000000
    cam_rot        : 0.000000 / 0.000000
    cam_trans      : 0.000000 / 0.000000
    fov            : 0.000000 / 0.000000
    global_rot     : 0.000000 / 0.000000
    joint_angle_regularization: 0.736841 / 0.906345
    joint_limit_regularization: 0.084824 / 0.094176
    joint_rot      : 0.000000 / 0.000000
    keypoint_2d    : 0.000199 / 0.000201
    keypoint_3d    : 0.000000 / 0.000000
    limb_scale_regularization: 0.021011 / 0.015247
    limb_trans_regularization: 0.000003 / 0.000010
    log_beta_scales: 0.000000 / 0.000000
    silhouette     : 0.000000 / 0.000000
    trans          : 0.000000 / 0.000000
  Checkpoint saved at epoch 125

Epoch 126:
  Train Loss = 0.000042, Val Loss = 0.000043, LR = 5.00e-05
  Parameter Errors (Train / Val):
    betas          : 52.118450 / 35.884472
    betas_trans    : 0.000000 / 0.000000
    cam_rot        : 0.000000 / 0.000000
    cam_trans      : 0.000000 / 0.000000
    fov            : 0.000000 / 0.000000
    global_rot     : 0.000000 / 0.000000
    joint_angle_regularization: 0.735813 / 0.904946
    joint_limit_regularization: 0.084491 / 0.093905
    joint_rot      : 0.000000 / 0.000000
    keypoint_2d    : 0.000204 / 0.000200
    keypoint_3d    : 0.000000 / 0.000000
    limb_scale_regularization: 0.021372 / 0.015233
    limb_trans_regularization: 0.000003 / 0.000010
    log_beta_scales: 0.000000 / 0.000000
    silhouette     : 0.000000 / 0.000000
    trans          : 0.000000 / 0.000000

Epoch 127:
  Train Loss = 0.000041, Val Loss = 0.000043, LR = 5.00e-05
  Parameter Errors (Train / Val):
    betas          : 51.981319 / 35.965000
    betas_trans    : 0.000000 / 0.000000
    cam_rot        : 0.000000 / 0.000000
    cam_trans      : 0.000000 / 0.000000
    fov            : 0.000000 / 0.000000
    global_rot     : 0.000000 / 0.000000
    joint_angle_regularization: 0.734835 / 0.904145
    joint_limit_regularization: 0.084221 / 0.093715
    joint_rot      : 0.000000 / 0.000000
    keypoint_2d    : 0.000196 / 0.000203
    keypoint_3d    : 0.000000 / 0.000000
    limb_scale_regularization: 0.021434 / 0.015502
    limb_trans_regularization: 0.000003 / 0.000010
    log_beta_scales: 0.000000 / 0.000000
    silhouette     : 0.000000 / 0.000000
    trans          : 0.000000 / 0.000000
  Checkpoint saved at epoch 127

Epoch 128:
  Train Loss = 0.000042, Val Loss = 0.000042, LR = 5.00e-05
  Parameter Errors (Train / Val):
    betas          : 51.525500 / 35.947723
    betas_trans    : 0.000000 / 0.000000
    cam_rot        : 0.000000 / 0.000000
    cam_trans      : 0.000000 / 0.000000
    fov            : 0.000000 / 0.000000
    global_rot     : 0.000000 / 0.000000
    joint_angle_regularization: 0.733599 / 0.903280
    joint_limit_regularization: 0.084023 / 0.093521
    joint_rot      : 0.000000 / 0.000000
    keypoint_2d    : 0.000199 / 0.000189
    keypoint_3d    : 0.000000 / 0.000000
    limb_scale_regularization: 0.021864 / 0.015615
    limb_trans_regularization: 0.000003 / 0.000010
    log_beta_scales: 0.000000 / 0.000000
    silhouette     : 0.000000 / 0.000000
    trans          : 0.000000 / 0.000000
  New best model saved with validation loss: 0.000042

Epoch 129:
  Train Loss = 0.000041, Val Loss = 0.000042, LR = 5.00e-05
  Parameter Errors (Train / Val):
    betas          : 51.534737 / 35.918156
    betas_trans    : 0.000000 / 0.000000
    cam_rot        : 0.000000 / 0.000000
    cam_trans      : 0.000000 / 0.000000
    fov            : 0.000000 / 0.000000
    global_rot     : 0.000000 / 0.000000
    joint_angle_regularization: 0.732899 / 0.902915
    joint_limit_regularization: 0.083833 / 0.093377
    joint_rot      : 0.000000 / 0.000000
    keypoint_2d    : 0.000190 / 0.000192
    keypoint_3d    : 0.000000 / 0.000000
    limb_scale_regularization: 0.021806 / 0.015686
    limb_trans_regularization: 0.000003 / 0.000010
    log_beta_scales: 0.000000 / 0.000000
    silhouette     : 0.000000 / 0.000000
    trans          : 0.000000 / 0.000000
  Checkpoint saved at epoch 129
Visualizing 5 samples from dataset: unknown
Generated 5 visualization images for epoch 129 in /hpcwork/mkd34160/smilify_runs/singleview_2d_lam1e-4/visualizations/epoch_129
Visualizing 5 samples from dataset: unknown
Generated 5 visualization images for epoch 129 in /hpcwork/mkd34160/smilify_runs/singleview_2d_lam1e-4/visualizations_train/epoch_129

Epoch 130:
  Train Loss = 0.000041, Val Loss = 0.000042, LR = 5.00e-05
  Parameter Errors (Train / Val):
    betas          : 51.608514 / 35.892281
    betas_trans    : 0.000000 / 0.000000
    cam_rot        : 0.000000 / 0.000000
    cam_trans      : 0.000000 / 0.000000
    fov            : 0.000000 / 0.000000
    global_rot     : 0.000000 / 0.000000
    joint_angle_regularization: 0.732888 / 0.902027
    joint_limit_regularization: 0.083697 / 0.093192
    joint_rot      : 0.000000 / 0.000000
    keypoint_2d    : 0.000193 / 0.000189
    keypoint_3d    : 0.000000 / 0.000000
    limb_scale_regularization: 0.022050 / 0.015625
    limb_trans_regularization: 0.000003 / 0.000010
    log_beta_scales: 0.000000 / 0.000000
    silhouette     : 0.000000 / 0.000000
    trans          : 0.000000 / 0.000000
  New best model saved with validation loss: 0.000042

Epoch 131:
  Train Loss = 0.000040, Val Loss = 0.000042, LR = 5.00e-05
  Parameter Errors (Train / Val):
    betas          : 51.658294 / 35.874920
    betas_trans    : 0.000000 / 0.000000
    cam_rot        : 0.000000 / 0.000000
    cam_trans      : 0.000000 / 0.000000
    fov            : 0.000000 / 0.000000
    global_rot     : 0.000000 / 0.000000
    joint_angle_regularization: 0.732691 / 0.901670
    joint_limit_regularization: 0.083510 / 0.093101
    joint_rot      : 0.000000 / 0.000000
    keypoint_2d    : 0.000188 / 0.000191
    keypoint_3d    : 0.000000 / 0.000000
    limb_scale_regularization: 0.022138 / 0.015729
    limb_trans_regularization: 0.000003 / 0.000010
    log_beta_scales: 0.000000 / 0.000000
    silhouette     : 0.000000 / 0.000000
    trans          : 0.000000 / 0.000000
  Checkpoint saved at epoch 131

Epoch 132:
  Train Loss = 0.000041, Val Loss = 0.000042, LR = 5.00e-05
  Parameter Errors (Train / Val):
    betas          : 51.736500 / 35.871246
    betas_trans    : 0.000000 / 0.000000
    cam_rot        : 0.000000 / 0.000000
    cam_trans      : 0.000000 / 0.000000
    fov            : 0.000000 / 0.000000
    global_rot     : 0.000000 / 0.000000
    joint_angle_regularization: 0.732267 / 0.901391
    joint_limit_regularization: 0.083403 / 0.092928
    joint_rot      : 0.000000 / 0.000000
    keypoint_2d    : 0.000189 / 0.000193
    keypoint_3d    : 0.000000 / 0.000000
    limb_scale_regularization: 0.022245 / 0.015834
    limb_trans_regularization: 0.000003 / 0.000010
    log_beta_scales: 0.000000 / 0.000000
    silhouette     : 0.000000 / 0.000000
    trans          : 0.000000 / 0.000000

Epoch 133:
  Train Loss = 0.000040, Val Loss = 0.000042, LR = 5.00e-05
  Parameter Errors (Train / Val):
    betas          : 51.745070 / 35.784122
    betas_trans    : 0.000000 / 0.000000
    cam_rot        : 0.000000 / 0.000000
    cam_trans      : 0.000000 / 0.000000
    fov            : 0.000000 / 0.000000
    global_rot     : 0.000000 / 0.000000
    joint_angle_regularization: 0.731968 / 0.900945
    joint_limit_regularization: 0.083269 / 0.092817
    joint_rot      : 0.000000 / 0.000000
    keypoint_2d    : 0.000187 / 0.000193
    keypoint_3d    : 0.000000 / 0.000000
    limb_scale_regularization: 0.022243 / 0.015749
    limb_trans_regularization: 0.000003 / 0.000009
    log_beta_scales: 0.000000 / 0.000000
    silhouette     : 0.000000 / 0.000000
    trans          : 0.000000 / 0.000000
  Checkpoint saved at epoch 133

Epoch 134:
  Train Loss = 0.000041, Val Loss = 0.000043, LR = 5.00e-05
  Parameter Errors (Train / Val):
    betas          : 51.508347 / 35.831383
    betas_trans    : 0.000000 / 0.000000
    cam_rot        : 0.000000 / 0.000000
    cam_trans      : 0.000000 / 0.000000
    fov            : 0.000000 / 0.000000
    global_rot     : 0.000000 / 0.000000
    joint_angle_regularization: 0.731733 / 0.900392
    joint_limit_regularization: 0.083166 / 0.092698
    joint_rot      : 0.000000 / 0.000000
    keypoint_2d    : 0.000194 / 0.000199
    keypoint_3d    : 0.000000 / 0.000000
    limb_scale_regularization: 0.022442 / 0.015912
    limb_trans_regularization: 0.000003 / 0.000010
    log_beta_scales: 0.000000 / 0.000000
    silhouette     : 0.000000 / 0.000000
    trans          : 0.000000 / 0.000000

Epoch 135:
  Train Loss = 0.000041, Val Loss = 0.000042, LR = 5.00e-05
  Parameter Errors (Train / Val):
    betas          : 51.409033 / 35.901382
    betas_trans    : 0.000000 / 0.000000
    cam_rot        : 0.000000 / 0.000000
    cam_trans      : 0.000000 / 0.000000
    fov            : 0.000000 / 0.000000
    global_rot     : 0.000000 / 0.000000
    joint_angle_regularization: 0.731410 / 0.900306
    joint_limit_regularization: 0.083034 / 0.092576
    joint_rot      : 0.000000 / 0.000000
    keypoint_2d    : 0.000189 / 0.000190
    keypoint_3d    : 0.000000 / 0.000000
    limb_scale_regularization: 0.022597 / 0.016043
    limb_trans_regularization: 0.000003 / 0.000010
    log_beta_scales: 0.000000 / 0.000000
    silhouette     : 0.000000 / 0.000000
    trans          : 0.000000 / 0.000000
  Checkpoint saved at epoch 135

Epoch 136:
  Train Loss = 0.000041, Val Loss = 0.000042, LR = 5.00e-05
  Parameter Errors (Train / Val):
    betas          : 51.287205 / 35.872910
    betas_trans    : 0.000000 / 0.000000
    cam_rot        : 0.000000 / 0.000000
    cam_trans      : 0.000000 / 0.000000
    fov            : 0.000000 / 0.000000
    global_rot     : 0.000000 / 0.000000
    joint_angle_regularization: 0.731241 / 0.900113
    joint_limit_regularization: 0.082997 / 0.092526
    joint_rot      : 0.000000 / 0.000000
    keypoint_2d    : 0.000191 / 0.000192
    keypoint_3d    : 0.000000 / 0.000000
    limb_scale_regularization: 0.022708 / 0.015923
    limb_trans_regularization: 0.000003 / 0.000010
    log_beta_scales: 0.000000 / 0.000000
    silhouette     : 0.000000 / 0.000000
    trans          : 0.000000 / 0.000000

Epoch 137:
  Train Loss = 0.000040, Val Loss = 0.000044, LR = 5.00e-05
  Parameter Errors (Train / Val):
    betas          : 51.374711 / 35.819622
    betas_trans    : 0.000000 / 0.000000
    cam_rot        : 0.000000 / 0.000000
    cam_trans      : 0.000000 / 0.000000
    fov            : 0.000000 / 0.000000
    global_rot     : 0.000000 / 0.000000
    joint_angle_regularization: 0.730291 / 0.899837
    joint_limit_regularization: 0.082775 / 0.092387
    joint_rot      : 0.000000 / 0.000000
    keypoint_2d    : 0.000185 / 0.000207
    keypoint_3d    : 0.000000 / 0.000000
    limb_scale_regularization: 0.022511 / 0.016024
    limb_trans_regularization: 0.000003 / 0.000010
    log_beta_scales: 0.000000 / 0.000000
    silhouette     : 0.000000 / 0.000000
    trans          : 0.000000 / 0.000000
  Checkpoint saved at epoch 137

Epoch 138:
  Train Loss = 0.000041, Val Loss = 0.000042, LR = 5.00e-05
  Parameter Errors (Train / Val):
    betas          : 51.536963 / 35.761181
    betas_trans    : 0.000000 / 0.000000
    cam_rot        : 0.000000 / 0.000000
    cam_trans      : 0.000000 / 0.000000
    fov            : 0.000000 / 0.000000
    global_rot     : 0.000000 / 0.000000
    joint_angle_regularization: 0.731046 / 0.899411
    joint_limit_regularization: 0.082749 / 0.092330
    joint_rot      : 0.000000 / 0.000000
    keypoint_2d    : 0.000193 / 0.000191
    keypoint_3d    : 0.000000 / 0.000000
    limb_scale_regularization: 0.022625 / 0.016012
    limb_trans_regularization: 0.000003 / 0.000010
    log_beta_scales: 0.000000 / 0.000000
    silhouette     : 0.000000 / 0.000000
    trans          : 0.000000 / 0.000000

Epoch 139:
  Train Loss = 0.000041, Val Loss = 0.000042, LR = 5.00e-05
  Parameter Errors (Train / Val):
    betas          : 51.404036 / 35.813690
    betas_trans    : 0.000000 / 0.000000
    cam_rot        : 0.000000 / 0.000000
    cam_trans      : 0.000000 / 0.000000
    fov            : 0.000000 / 0.000000
    global_rot     : 0.000000 / 0.000000
    joint_angle_regularization: 0.730842 / 0.899481
    joint_limit_regularization: 0.082730 / 0.092238
    joint_rot      : 0.000000 / 0.000000
    keypoint_2d    : 0.000189 / 0.000188
    keypoint_3d    : 0.000000 / 0.000000
    limb_scale_regularization: 0.022658 / 0.016099
    limb_trans_regularization: 0.000003 / 0.000009
    log_beta_scales: 0.000000 / 0.000000
    silhouette     : 0.000000 / 0.000000
    trans          : 0.000000 / 0.000000
  New best model saved with validation loss: 0.000042
  Checkpoint saved at epoch 139
Visualizing 5 samples from dataset: unknown
Generated 5 visualization images for epoch 139 in /hpcwork/mkd34160/smilify_runs/singleview_2d_lam1e-4/visualizations/epoch_139
Visualizing 5 samples from dataset: unknown
Generated 5 visualization images for epoch 139 in /hpcwork/mkd34160/smilify_runs/singleview_2d_lam1e-4/visualizations_train/epoch_139

Epoch 140:
  Train Loss = 0.000041, Val Loss = 0.000042, LR = 5.00e-05
  Parameter Errors (Train / Val):
    betas          : 51.394627 / 35.755104
    betas_trans    : 0.000000 / 0.000000
    cam_rot        : 0.000000 / 0.000000
    cam_trans      : 0.000000 / 0.000000
    fov            : 0.000000 / 0.000000
    global_rot     : 0.000000 / 0.000000
    joint_angle_regularization: 0.730450 / 0.899316
    joint_limit_regularization: 0.082632 / 0.092150
    joint_rot      : 0.000000 / 0.000000
    keypoint_2d    : 0.000188 / 0.000190
    keypoint_3d    : 0.000000 / 0.000000
    limb_scale_regularization: 0.022772 / 0.016149
    limb_trans_regularization: 0.000003 / 0.000009
    log_beta_scales: 0.000000 / 0.000000
    silhouette     : 0.000000 / 0.000000
    trans          : 0.000000 / 0.000000

Epoch 141:
  Train Loss = 0.000040, Val Loss = 0.000042, LR = 5.00e-05
  Parameter Errors (Train / Val):
    betas          : 51.244697 / 35.751709
    betas_trans    : 0.000000 / 0.000000
    cam_rot        : 0.000000 / 0.000000
    cam_trans      : 0.000000 / 0.000000
    fov            : 0.000000 / 0.000000
    global_rot     : 0.000000 / 0.000000
    joint_angle_regularization: 0.729838 / 0.899095
    joint_limit_regularization: 0.082518 / 0.092082
    joint_rot      : 0.000000 / 0.000000
    keypoint_2d    : 0.000185 / 0.000192
    keypoint_3d    : 0.000000 / 0.000000
    limb_scale_regularization: 0.022596 / 0.016028
    limb_trans_regularization: 0.000003 / 0.000010
    log_beta_scales: 0.000000 / 0.000000
    silhouette     : 0.000000 / 0.000000
    trans          : 0.000000 / 0.000000
  Checkpoint saved at epoch 141

Epoch 142:
  Train Loss = 0.000040, Val Loss = 0.000043, LR = 5.00e-05
  Parameter Errors (Train / Val):
    betas          : 51.213179 / 35.717472
    betas_trans    : 0.000000 / 0.000000
    cam_rot        : 0.000000 / 0.000000
    cam_trans      : 0.000000 / 0.000000
    fov            : 0.000000 / 0.000000
    global_rot     : 0.000000 / 0.000000
    joint_angle_regularization: 0.729488 / 0.898689
    joint_limit_regularization: 0.082369 / 0.091972
    joint_rot      : 0.000000 / 0.000000
    keypoint_2d    : 0.000182 / 0.000195
    keypoint_3d    : 0.000000 / 0.000000
    limb_scale_regularization: 0.022641 / 0.016111
    limb_trans_regularization: 0.000003 / 0.000010
    log_beta_scales: 0.000000 / 0.000000
    silhouette     : 0.000000 / 0.000000
    trans          : 0.000000 / 0.000000

Epoch 143:
  Train Loss = 0.000040, Val Loss = 0.000042, LR = 5.00e-05
  Parameter Errors (Train / Val):
    betas          : 51.064170 / 35.734734
    betas_trans    : 0.000000 / 0.000000
    cam_rot        : 0.000000 / 0.000000
    cam_trans      : 0.000000 / 0.000000
    fov            : 0.000000 / 0.000000
    global_rot     : 0.000000 / 0.000000
    joint_angle_regularization: 0.730254 / 0.898836
    joint_limit_regularization: 0.082473 / 0.091927
    joint_rot      : 0.000000 / 0.000000
    keypoint_2d    : 0.000181 / 0.000195
    keypoint_3d    : 0.000000 / 0.000000
    limb_scale_regularization: 0.022722 / 0.016149
    limb_trans_regularization: 0.000003 / 0.000010
    log_beta_scales: 0.000000 / 0.000000
    silhouette     : 0.000000 / 0.000000
    trans          : 0.000000 / 0.000000
  Checkpoint saved at epoch 143

Epoch 144:
  Train Loss = 0.000039, Val Loss = 0.000042, LR = 5.00e-05
  Parameter Errors (Train / Val):
    betas          : 50.966272 / 35.710014
    betas_trans    : 0.000000 / 0.000000
    cam_rot        : 0.000000 / 0.000000
    cam_trans      : 0.000000 / 0.000000
    fov            : 0.000000 / 0.000000
    global_rot     : 0.000000 / 0.000000
    joint_angle_regularization: 0.729335 / 0.898805
    joint_limit_regularization: 0.082355 / 0.091912
    joint_rot      : 0.000000 / 0.000000
    keypoint_2d    : 0.000178 / 0.000187
    keypoint_3d    : 0.000000 / 0.000000
    limb_scale_regularization: 0.022596 / 0.016199
    limb_trans_regularization: 0.000003 / 0.000010
    log_beta_scales: 0.000000 / 0.000000
    silhouette     : 0.000000 / 0.000000
    trans          : 0.000000 / 0.000000

Epoch 145:
  Train Loss = 0.000040, Val Loss = 0.000041, LR = 5.00e-05
  Parameter Errors (Train / Val):
    betas          : 50.861917 / 35.815765
    betas_trans    : 0.000000 / 0.000000
    cam_rot        : 0.000000 / 0.000000
    cam_trans      : 0.000000 / 0.000000
    fov            : 0.000000 / 0.000000
    global_rot     : 0.000000 / 0.000000
    joint_angle_regularization: 0.729509 / 0.898539
    joint_limit_regularization: 0.082350 / 0.091831
    joint_rot      : 0.000000 / 0.000000
    keypoint_2d    : 0.000183 / 0.000180
    keypoint_3d    : 0.000000 / 0.000000
    limb_scale_regularization: 0.022757 / 0.016193
    limb_trans_regularization: 0.000003 / 0.000009
    log_beta_scales: 0.000000 / 0.000000
    silhouette     : 0.000000 / 0.000000
    trans          : 0.000000 / 0.000000
  New best model saved with validation loss: 0.000041
  Checkpoint saved at epoch 145

Epoch 146:
  Train Loss = 0.000040, Val Loss = 0.000042, LR = 5.00e-05
  Parameter Errors (Train / Val):
    betas          : 50.918391 / 35.720325
    betas_trans    : 0.000000 / 0.000000
    cam_rot        : 0.000000 / 0.000000
    cam_trans      : 0.000000 / 0.000000
    fov            : 0.000000 / 0.000000
    global_rot     : 0.000000 / 0.000000
    joint_angle_regularization: 0.729388 / 0.898531
    joint_limit_regularization: 0.082260 / 0.091787
    joint_rot      : 0.000000 / 0.000000
    keypoint_2d    : 0.000180 / 0.000195
    keypoint_3d    : 0.000000 / 0.000000
    limb_scale_regularization: 0.022645 / 0.016142
    limb_trans_regularization: 0.000003 / 0.000010
    log_beta_scales: 0.000000 / 0.000000
    silhouette     : 0.000000 / 0.000000
    trans          : 0.000000 / 0.000000

Epoch 147:
  Train Loss = 0.000040, Val Loss = 0.000041, LR = 5.00e-05
  Parameter Errors (Train / Val):
    betas          : 51.146186 / 35.705379
    betas_trans    : 0.000000 / 0.000000
    cam_rot        : 0.000000 / 0.000000
    cam_trans      : 0.000000 / 0.000000
    fov            : 0.000000 / 0.000000
    global_rot     : 0.000000 / 0.000000
    joint_angle_regularization: 0.730193 / 0.898541
    joint_limit_regularization: 0.082328 / 0.091707
    joint_rot      : 0.000000 / 0.000000
    keypoint_2d    : 0.000183 / 0.000184
    keypoint_3d    : 0.000000 / 0.000000
    limb_scale_regularization: 0.022748 / 0.016180
    limb_trans_regularization: 0.000003 / 0.000010
    log_beta_scales: 0.000000 / 0.000000
    silhouette     : 0.000000 / 0.000000
    trans          : 0.000000 / 0.000000
  Checkpoint saved at epoch 147

Epoch 148:
  Train Loss = 0.000040, Val Loss = 0.000042, LR = 5.00e-05
  Parameter Errors (Train / Val):
    betas          : 50.813186 / 35.747562
    betas_trans    : 0.000000 / 0.000000
    cam_rot        : 0.000000 / 0.000000
    cam_trans      : 0.000000 / 0.000000
    fov            : 0.000000 / 0.000000
    global_rot     : 0.000000 / 0.000000
    joint_angle_regularization: 0.729384 / 0.898725
    joint_limit_regularization: 0.082226 / 0.091734
    joint_rot      : 0.000000 / 0.000000
    keypoint_2d    : 0.000180 / 0.000186
    keypoint_3d    : 0.000000 / 0.000000
    limb_scale_regularization: 0.022659 / 0.016301
    limb_trans_regularization: 0.000003 / 0.000009
    log_beta_scales: 0.000000 / 0.000000
    silhouette     : 0.000000 / 0.000000
    trans          : 0.000000 / 0.000000

Epoch 149:
  Train Loss = 0.000040, Val Loss = 0.000041, LR = 5.00e-05
  Parameter Errors (Train / Val):
    betas          : 51.030888 / 35.730419
    betas_trans    : 0.000000 / 0.000000
    cam_rot        : 0.000000 / 0.000000
    cam_trans      : 0.000000 / 0.000000
    fov            : 0.000000 / 0.000000
    global_rot     : 0.000000 / 0.000000
    joint_angle_regularization: 0.729557 / 0.898527
    joint_limit_regularization: 0.082219 / 0.091629
    joint_rot      : 0.000000 / 0.000000
    keypoint_2d    : 0.000180 / 0.000185
    keypoint_3d    : 0.000000 / 0.000000
    limb_scale_regularization: 0.022703 / 0.016197
    limb_trans_regularization: 0.000003 / 0.000009
    log_beta_scales: 0.000000 / 0.000000
    silhouette     : 0.000000 / 0.000000
    trans          : 0.000000 / 0.000000
  Checkpoint saved at epoch 149
Visualizing 5 samples from dataset: unknown
Generated 5 visualization images for epoch 149 in /hpcwork/mkd34160/smilify_runs/singleview_2d_lam1e-4/visualizations/epoch_149
Visualizing 5 samples from dataset: unknown
Generated 5 visualization images for epoch 149 in /hpcwork/mkd34160/smilify_runs/singleview_2d_lam1e-4/visualizations_train/epoch_149

Epoch 150:
  Train Loss = 0.000039, Val Loss = 0.000041, LR = 5.00e-05
  Parameter Errors (Train / Val):
    betas          : 50.689974 / 35.641304
    betas_trans    : 0.000000 / 0.000000
    cam_rot        : 0.000000 / 0.000000
    cam_trans      : 0.000000 / 0.000000
    fov            : 0.000000 / 0.000000
    global_rot     : 0.000000 / 0.000000
    joint_angle_regularization: 0.729169 / 0.898139
    joint_limit_regularization: 0.082188 / 0.091589
    joint_rot      : 0.000000 / 0.000000
    keypoint_2d    : 0.000177 / 0.000180
    keypoint_3d    : 0.000000 / 0.000000
    limb_scale_regularization: 0.022726 / 0.016234
    limb_trans_regularization: 0.000003 / 0.000009
    log_beta_scales: 0.000000 / 0.000000
    silhouette     : 0.000000 / 0.000000
    trans          : 0.000000 / 0.000000

Epoch 151:
  Train Loss = 0.000040, Val Loss = 0.000041, LR = 5.00e-05
  Parameter Errors (Train / Val):
    betas          : 50.921876 / 35.585091
    betas_trans    : 0.000000 / 0.000000
    cam_rot        : 0.000000 / 0.000000
    cam_trans      : 0.000000 / 0.000000
    fov            : 0.000000 / 0.000000
    global_rot     : 0.000000 / 0.000000
    joint_angle_regularization: 0.730045 / 0.897977
    joint_limit_regularization: 0.082230 / 0.091517
    joint_rot      : 0.000000 / 0.000000
    keypoint_2d    : 0.000179 / 0.000185
    keypoint_3d    : 0.000000 / 0.000000
    limb_scale_regularization: 0.022847 / 0.016071
    limb_trans_regularization: 0.000003 / 0.000010
    log_beta_scales: 0.000000 / 0.000000
    silhouette     : 0.000000 / 0.000000
    trans          : 0.000000 / 0.000000
  Checkpoint saved at epoch 151

Epoch 152:
  Train Loss = 0.000040, Val Loss = 0.000040, LR = 5.00e-05
  Parameter Errors (Train / Val):
    betas          : 50.620775 / 35.629559
    betas_trans    : 0.000000 / 0.000000
    cam_rot        : 0.000000 / 0.000000
    cam_trans      : 0.000000 / 0.000000
    fov            : 0.000000 / 0.000000
    global_rot     : 0.000000 / 0.000000
    joint_angle_regularization: 0.729227 / 0.898056
    joint_limit_regularization: 0.082136 / 0.091481
    joint_rot      : 0.000000 / 0.000000
    keypoint_2d    : 0.000184 / 0.000176
    keypoint_3d    : 0.000000 / 0.000000
    limb_scale_regularization: 0.022697 / 0.016180
    limb_trans_regularization: 0.000003 / 0.000009
    log_beta_scales: 0.000000 / 0.000000
    silhouette     : 0.000000 / 0.000000
    trans          : 0.000000 / 0.000000
  New best model saved with validation loss: 0.000040

Epoch 153:
  Train Loss = 0.000039, Val Loss = 0.000041, LR = 5.00e-05
  Parameter Errors (Train / Val):
    betas          : 50.812328 / 35.689857
    betas_trans    : 0.000000 / 0.000000
    cam_rot        : 0.000000 / 0.000000
    cam_trans      : 0.000000 / 0.000000
    fov            : 0.000000 / 0.000000
    global_rot     : 0.000000 / 0.000000
    joint_angle_regularization: 0.729514 / 0.898124
    joint_limit_regularization: 0.082097 / 0.091513
    joint_rot      : 0.000000 / 0.000000
    keypoint_2d    : 0.000177 / 0.000183
    keypoint_3d    : 0.000000 / 0.000000
    limb_scale_regularization: 0.022710 / 0.016206
    limb_trans_regularization: 0.000003 / 0.000009
    log_beta_scales: 0.000000 / 0.000000
    silhouette     : 0.000000 / 0.000000
    trans          : 0.000000 / 0.000000
  Checkpoint saved at epoch 153

Epoch 154:
  Train Loss = 0.000040, Val Loss = 0.000041, LR = 5.00e-05
  Parameter Errors (Train / Val):
    betas          : 50.895877 / 35.624260
    betas_trans    : 0.000000 / 0.000000
    cam_rot        : 0.000000 / 0.000000
    cam_trans      : 0.000000 / 0.000000
    fov            : 0.000000 / 0.000000
    global_rot     : 0.000000 / 0.000000
    joint_angle_regularization: 0.729491 / 0.897745
    joint_limit_regularization: 0.082065 / 0.091396
    joint_rot      : 0.000000 / 0.000000
    keypoint_2d    : 0.000181 / 0.000179
    keypoint_3d    : 0.000000 / 0.000000
    limb_scale_regularization: 0.022795 / 0.016131
    limb_trans_regularization: 0.000003 / 0.000009
    log_beta_scales: 0.000000 / 0.000000
    silhouette     : 0.000000 / 0.000000
    trans          : 0.000000 / 0.000000

Epoch 155:
  Train Loss = 0.000040, Val Loss = 0.000040, LR = 5.00e-05
  Parameter Errors (Train / Val):
    betas          : 50.763691 / 35.599255
    betas_trans    : 0.000000 / 0.000000
    cam_rot        : 0.000000 / 0.000000
    cam_trans      : 0.000000 / 0.000000
    fov            : 0.000000 / 0.000000
    global_rot     : 0.000000 / 0.000000
    joint_angle_regularization: 0.729499 / 0.898229
    joint_limit_regularization: 0.082094 / 0.091445
    joint_rot      : 0.000000 / 0.000000
    keypoint_2d    : 0.000182 / 0.000170
    keypoint_3d    : 0.000000 / 0.000000
    limb_scale_regularization: 0.022798 / 0.016111
    limb_trans_regularization: 0.000003 / 0.000009
    log_beta_scales: 0.000000 / 0.000000
    silhouette     : 0.000000 / 0.000000
    trans          : 0.000000 / 0.000000
  New best model saved with validation loss: 0.000040
  Checkpoint saved at epoch 155

Epoch 156:
  Train Loss = 0.000039, Val Loss = 0.000041, LR = 5.00e-05
  Parameter Errors (Train / Val):
    betas          : 50.590712 / 35.605049
    betas_trans    : 0.000000 / 0.000000
    cam_rot        : 0.000000 / 0.000000
    cam_trans      : 0.000000 / 0.000000
    fov            : 0.000000 / 0.000000
    global_rot     : 0.000000 / 0.000000
    joint_angle_regularization: 0.729134 / 0.897865
    joint_limit_regularization: 0.082072 / 0.091358
    joint_rot      : 0.000000 / 0.000000
    keypoint_2d    : 0.000174 / 0.000179
    keypoint_3d    : 0.000000 / 0.000000
    limb_scale_regularization: 0.022651 / 0.016114
    limb_trans_regularization: 0.000003 / 0.000010
    log_beta_scales: 0.000000 / 0.000000
    silhouette     : 0.000000 / 0.000000
    trans          : 0.000000 / 0.000000

Epoch 157:
  Train Loss = 0.000039, Val Loss = 0.000040, LR = 5.00e-05
  Parameter Errors (Train / Val):
    betas          : 50.473125 / 35.663307
    betas_trans    : 0.000000 / 0.000000
    cam_rot        : 0.000000 / 0.000000
    cam_trans      : 0.000000 / 0.000000
    fov            : 0.000000 / 0.000000
    global_rot     : 0.000000 / 0.000000
    joint_angle_regularization: 0.729473 / 0.897782
    joint_limit_regularization: 0.082068 / 0.091321
    joint_rot      : 0.000000 / 0.000000
    keypoint_2d    : 0.000176 / 0.000178
    keypoint_3d    : 0.000000 / 0.000000
    limb_scale_regularization: 0.022633 / 0.016241
    limb_trans_regularization: 0.000003 / 0.000009
    log_beta_scales: 0.000000 / 0.000000
    silhouette     : 0.000000 / 0.000000
    trans          : 0.000000 / 0.000000
  Checkpoint saved at epoch 157

Epoch 158:
  Train Loss = 0.000039, Val Loss = 0.000042, LR = 5.00e-05
  Parameter Errors (Train / Val):
    betas          : 50.559530 / 35.578499
    betas_trans    : 0.000000 / 0.000000
    cam_rot        : 0.000000 / 0.000000
    cam_trans      : 0.000000 / 0.000000
    fov            : 0.000000 / 0.000000
    global_rot     : 0.000000 / 0.000000
    joint_angle_regularization: 0.729305 / 0.897665
    joint_limit_regularization: 0.082048 / 0.091294
    joint_rot      : 0.000000 / 0.000000
    keypoint_2d    : 0.000173 / 0.000189
    keypoint_3d    : 0.000000 / 0.000000
    limb_scale_regularization: 0.022604 / 0.016070
    limb_trans_regularization: 0.000003 / 0.000009
    log_beta_scales: 0.000000 / 0.000000
    silhouette     : 0.000000 / 0.000000
    trans          : 0.000000 / 0.000000
