==================================================================
Job 3414558 task 1 on s25g0001.hpc.itc.rwth-aachen.de — Wed Sep  2 00:03:58 CEST 2026
  arm    : CONSTRAINED / singleview / lambda=1e-3
  cluster: RWTH CLAIX-2023 | partition c25g | account rwth2151
  wall   : ends Thu Sep  3 00:03:23 CEST 2026
  repo   : /rwthfs/rz/cluster/home/mkd34160/test/SMILify
  env    : /hpcwork/mkd34160/conda_envs/pytorch3d
  config : configs_runs/singleview_lam1e-3.json
  gpus   : 4 per node x 1 node(s) = 4 rank(s)  [from SLURM_GPUS_ON_NODE]
==================================================================
  torch  : 2.3.1, CUDA 11.8, 4 GPU(s) visible
  resume checkpoint : /home/mkd34160/test/SMILify/singleview_SMILySTICKS_3D_ViT_checkpoints/best_model.pth (epoch 386)
  start epoch       : 387
  num_epochs (end)  : 437
  -> will train 50 epoch(s)
  SWEEP INVARIANT   : this arm trains 50 epochs — every other lambda MUST match.
  joint_limit_regularization: 0.001  (array task expects 0.001)
  smal_file         : 3D_model_prep/SMILy_STICK_limits_authored.pkl
  authored limits   : 129/162 non-root axes constrained (80%), across 43 joints
  NOTE: the penalty is a mean over ALL 162 non-root axes, so the effective
        prior strength is w x 0.80. At w=0.001 that is an effective 0.0007963.
  peer weights      : keypoint_2d=0.1, keypoint_3d=0.25, joint_angle_regularization=0.001
  -> effective limit weight is 0.00319x the keypoint weight.
     If the ratio is <<1 the hinge cannot move the pose; that is a RESULT for this
     lambda, not a bug — it is what the sweep is measuring.
  batch_size 16 per rank x 4 rank(s) -> effective 64 (batch_size is PER PROCESS under DDP)
  SWEEP INVARIANT   : effective batch 64 — every other lambda MUST match.
  save_checkpoint_every: 2 (a wall-clock timeout costs at most this many epochs)
  checkpoints -> /hpcwork/mkd34160/smilify_runs/singleview_lam1e-3/checkpoints
  generate_visualizations_every: 10  plot_history_every: 10  samples: 5
  free space on /hpcwork/mkd34160/smilify_runs/singleview_lam1e-3/checkpoints: 682 GB (advisory — statvfs shows the FILESYSTEM, not your quota)
  lr source         : config optimizer.lr_schedule
  lr                : constant 1e-05 across [387, 437)

=== /rwthfs/rz/cluster/home/mkd34160/test/SMILify/configs_runs/singleview_lam1e-3.json ===
  mode: singleview
  resume checkpoint: /home/mkd34160/test/SMILify/singleview_SMILySTICKS_3D_ViT_checkpoints/best_model.pth (epoch 386)
  inferred from tensors: {'hidden_dim': 1024}
  note: config declares hidden_dim=512 but backbone 'vit_large_patch16_224' forces 1024 via get_adjusted_hidden_dim() — the declared value is unused
  architecture: consistent with the checkpoint

Pre-flight OK — safe to submit.
  launch : torchrun on this node, rendezvous on localhost:29401
[config] SMAL_FILE overridden to: 3D_model_prep/SMILy_STICK_limits_authored.pkl
[config] SMAL_FILE overridden to: 3D_model_prep/SMILy_STICK_limits_authored.pkl[config] N_POSE=54, N_BETAS=5, joints=55[config] SMAL_FILE overridden to: 3D_model_prep/SMILy_STICK_limits_authored.pkl

[config] N_POSE=54, N_BETAS=5, joints=55

[config] N_POSE=54, N_BETAS=5, joints=55
[config] SMAL_FILE overridden to: 3D_model_prep/SMILy_STICK_limits_authored.pkl
[config] N_POSE=54, N_BETAS=5, joints=55
Loaded config from: configs_runs/singleview_lam1e-3.json
Resolved config saved to: /hpcwork/mkd34160/smilify_runs/singleview_lam1e-3/checkpoints/config.json
Loaded config from: configs_runs/singleview_lam1e-3.json
Resolved config saved to: /hpcwork/mkd34160/smilify_runs/singleview_lam1e-3/checkpoints/config.json
Detected torchrun/HPC launch environment:
  Global rank: 0
  Local rank (GPU): 0
  World size: 4
  MASTER_ADDR: s25g0001.hpc.itc.rwth-aachen.de
  MASTER_PORT: 37895
Loaded config from: configs_runs/singleview_lam1e-3.json
Resolved config saved to: /hpcwork/mkd34160/smilify_runs/singleview_lam1e-3/checkpoints/config.json
Loaded config from: configs_runs/singleview_lam1e-3.json
Resolved config saved to: /hpcwork/mkd34160/smilify_runs/singleview_lam1e-3/checkpoints/config.json
[config] SMAL_FILE overridden to: 3D_model_prep/SMILy_STICK_limits_authored.pkl
[config] N_POSE=54, N_BETAS=5, joints=55
[config] SMAL_FILE overridden to: 3D_model_prep/SMILy_STICK_limits_authored.pkl
[config] N_POSE=54, N_BETAS=5, joints=55
[config] SMAL_FILE overridden to: 3D_model_prep/SMILy_STICK_limits_authored.pkl
[config] N_POSE=54, N_BETAS=5, joints=55
============================================================
SMIL Training Configuration Summary
============================================================
Dataset: RealSMILyMouseFalknerFROM3D_no_crop
Data Path: RealSMILyMouseFalknerFROM3D_no_crop.h5
Train/Val/Test Split: 85.0%/5.0%/10.0%

Training Parameters:
  batch_size: 16
  num_epochs: 437
  learning_rate: 0.0001
  weight_decay: 0.0001
  seed: 42
  rotation_representation: 6d
  resume_checkpoint: /home/mkd34160/test/SMILify/singleview_SMILySTICKS_3D_ViT_checkpoints/best_model.pth
  num_workers: 8
  pin_memory: True
  prefetch_factor: 16

Model Configuration:
  backbone_name: vit_large_patch16_224
  freeze_backbone: True
  hidden_dim: 1024
  rgb_only: False
  use_unity_prior: False
  head_type: transformer_decoder
  Backbone type: Vision Transformer
  Feature dimension: 1024
  Regression head: transformer_decoder
  Transformer decoder config:
    hidden_dim: 1024
    depth: 6
    heads: 8
    dim_head: 64
    mlp_dim: 1024
    dropout: 0.1
    ief_iters: 3
    trans_scale_factor: 1

Loss Curriculum:
  Base weights:
    global_rot: 0.0
    joint_rot: 0.001
    betas: 0.0005
    trans: 0.0005
    fov: 0.0
    cam_rot: 0.0
    cam_trans: 0.0
    log_beta_scales: 0.0005
    betas_trans: 0.0005
    keypoint_2d: 0.1
    keypoint_3d: 0.25
    silhouette: 0.0
    joint_angle_regularization: 0.001
    limb_scale_regularization: 0.1
    limb_trans_regularization: 1
    joint_limit_regularization: 0.001
  Curriculum stages:
    Epoch 20+: {'keypoint_3d': 0.5, 'joint_angle_regularization': 0.0001}
    Epoch 50+: {'keypoint_3d': 1, 'joint_angle_regularization': 1e-05}
    Epoch 60+: {'keypoint_3d': 2, 'joint_angle_regularization': 1e-06, 'limb_scale_regularization': 0.001, 'limb_trans_regularization': 0.5}
    Epoch 120+: {'keypoint_3d': 2, 'joint_angle_regularization': 1e-06, 'limb_scale_regularization': 0.0005, 'limb_trans_regularization': 0.5}
    Epoch 200+: {'keypoint_3d': 2, 'joint_angle_regularization': 1e-06, 'limb_scale_regularization': 0.0001, 'limb_trans_regularization': 0.5}
    Epoch 250+: {'keypoint_3d': 2, 'joint_angle_regularization': 1e-06, 'limb_scale_regularization': 5e-05, 'limb_trans_regularization': 0.5}
    Epoch 300+: {'keypoint_3d': 2, 'joint_angle_regularization': 5e-07, 'limb_scale_regularization': 5e-05, 'limb_trans_regularization': 0.5}
    Epoch 400+: {'keypoint_3d': 2, 'joint_angle_regularization': 2e-07, 'limb_scale_regularization': 1e-05, 'limb_trans_regularization': 0.5}

Learning Rate Curriculum:
  Base learning rate: 0.0001
  Learning rate stages:
    Epoch 0+: 0.0001
    Epoch 120+: 5e-05
    Epoch 200+: 1e-05

Output Configuration:
  checkpoint_dir: /hpcwork/mkd34160/smilify_runs/singleview_lam1e-3/checkpoints
  plots_dir: /hpcwork/mkd34160/smilify_runs/singleview_lam1e-3/plots
  visualizations_dir: /hpcwork/mkd34160/smilify_runs/singleview_lam1e-3/visualizations
  train_visualizations_dir: /hpcwork/mkd34160/smilify_runs/singleview_lam1e-3/visualizations_train
  save_checkpoint_every: 2
  generate_visualizations_every: 10
  plot_history_every: 10
  num_visualization_samples: 5
============================================================
[config] SMAL_FILE overridden to: 3D_model_prep/SMILy_STICK_limits_authored.pkl
[config] N_POSE=54, N_BETAS=5, joints=55
Random seed set to: 42
Using device override: cuda:0
Loading dataset...
Using rotation representation: 6d
Using backbone: vit_large_patch16_224

======================================================================
SINGLE DATASET TRAINING MODE (Legacy)
======================================================================
SLEAP dataset support: enabled
Dataset size: 506250
Original resolution: 512
Target resolution: 512
Single-view-from-multiview split (sample-grouped, seed=42): 86062/5062/10126 samples -> 430310/25310/50630 view-items
Train set: 430310 samples
Validation set: 25310 samples
Test set: 50630 samples
Data loading configuration:
  Workers: 8
  Pin memory: True
  Prefetch factor: 16
  Matplotlib backend: Agg
Using distributed samplers for 4 GPUs
Effective batch size per GPU: 16
Total effective batch size: 64
Rank 0: Train sampler size: 107578, Val sampler size: 6328
Successfully created data loaders with 8 workers
Memory Status Before model initialization:
  GPU: 0.0MB / 81079.0MB (0.0%)
  System: 18511.0MB / 772998.7MB (2.4%)
Memory recommendations for vit_large_patch16_224:
  backbone_name: vit_large_patch16_224
  freeze_backbone: True
  use_mixed_precision: True
  use_gradient_checkpointing: True
  target_memory_gb: 19.200000000000003
  estimated_batch_size: 16
  hidden_dim: 1024
Initializing model...
Using backbone: vit_large_patch16_224
Using input resolution: 224x224 (backbone: vit_large_patch16_224)
[ViTBackbone:vit_large_patch16_224] input normalization: mean=[0.5, 0.5, 0.5], std=[0.5, 0.5, 0.5]
[ViTBackbone:vit_large_patch16_224] input normalization: mean=[0.5, 0.5, 0.5], std=[0.5, 0.5, 0.5]
[ViTBackbone:vit_large_patch16_224] input normalization: mean=[0.5, 0.5, 0.5], std=[0.5, 0.5, 0.5]
[ViTBackbone:vit_large_patch16_224] input normalization: mean=[0.5, 0.5, 0.5], std=[0.5, 0.5, 0.5]
Model created with head type: transformer_decoder
Scale/Translation mode: separate
Transformer decoder config: {'hidden_dim': 1024, 'depth': 6, 'heads': 8, 'dim_head': 64, 'mlp_dim': 1024, 'dropout': 0.1, 'ief_iters': 3, 'trans_scale_factor': 1}
  Trans scale factor: 1
Memory Status After model initialization:
  GPU: 1310.2MB / 81079.0MB (1.6%)
  System: 24366.0MB / 772998.7MB (3.2%)
Model wrapped with DistributedDataParallel on 4 GPUs
Model parameters: 329,919,097
  Backbone parameters: 303,301,632
  Transformer decoder parameters: 26,614,771
Using conservative learning rate for transformer decoder: 1.0000000000000002e-06
Optimizer parameter groups created:
  Backbone/other groups: 2
    -  (lr=0.0001)
    -  (lr=0.0001)
  Transformer groups: 0
  Total groups: 2

Optimizer configuration:
  Type: AdamW
  Initial learning rate: 0.0001
  Weight decay: 0.0001
  Number of parameter groups: 2
  Group 0: 294 tensors, 303,301,632 total parameters, lr=0.0001
  Group 1: 107 tensors, 26,614,771 total parameters, lr=0.0001
Loading checkpoint from: /home/mkd34160/test/SMILify/singleview_SMILySTICKS_3D_ViT_checkpoints/best_model.pth
Converting non-DDP checkpoint to DDP model...
Model state loaded successfully

Optimizer parameter group comparison:
  Current optimizer has 2 parameter group(s)
  Checkpoint has 2 parameter group(s)
  Group 0:
    Current: 294 parameters, lr=0.0001
    Checkpoint: 294 parameters, lr=1.0000000000000002e-06
  Group 1:
    Current: 107 parameters, lr=0.0001
    Checkpoint: 107 parameters, lr=1.0000000000000002e-06

Optimizer state loaded successfully
Learning rate updated to 1e-05 for resumed epoch 387
Loaded training history with 387 epochs
Loaded validation history with 387 epochs
Loaded training parameter error history with 387 epochs
Loaded validation parameter error history with 387 epochs
Resuming training from epoch 387
Best validation loss so far: 0.000002
Starting training...
Resuming from epoch 387
Learning rate updated to 1.0000000000000002e-06 (group '') at epoch 387
Learning rate updated to 1.0000000000000002e-06 (group '') at epoch 387
Joint importance: 6/6 joints matched, multiplier=10.0Joint importance: 6/6 joints matched, multiplier=10.0
Joint importance: 6/6 joints matched, multiplier=10.0

Joint importance: 6/6 joints matched, multiplier=10.0

Epoch 387:
  Train Loss = 0.000008, Val Loss = 0.000005, LR = 1.00e-05
  Parameter Errors (Train / Val):
    betas          : 0.000140 / 0.000020
    betas_trans    : 0.000000 / 0.000000
    cam_rot        : 0.000000 / 0.000000
    cam_trans      : 0.000000 / 0.000000
    fov            : 0.000000 / 0.000000
    global_rot     : 0.000000 / 0.000000
    joint_angle_regularization: 0.096541 / 0.091512
    joint_limit_regularization: 0.003266 / 0.001207
    joint_rot      : 0.000000 / 0.000000
    keypoint_2d    : 0.000028 / 0.000022
    keypoint_3d    : 0.000001 / 0.000001
    limb_scale_regularization: 0.006154 / 0.007446
    limb_trans_regularization: 0.000000 / 0.000000
    log_beta_scales: 0.000000 / 0.000000
    silhouette     : 0.000000 / 0.000000
    trans          : 0.000000 / 0.000000
  Checkpoint saved at epoch 387

Epoch 388:
  Train Loss = 0.000005, Val Loss = 0.000004, LR = 1.00e-05
  Parameter Errors (Train / Val):
    betas          : 0.000111 / 0.000015
    betas_trans    : 0.000000 / 0.000000
    cam_rot        : 0.000000 / 0.000000
    cam_trans      : 0.000000 / 0.000000
    fov            : 0.000000 / 0.000000
    global_rot     : 0.000000 / 0.000000
    joint_angle_regularization: 0.091858 / 0.092612
    joint_limit_regularization: 0.000911 / 0.000683
    joint_rot      : 0.000000 / 0.000000
    keypoint_2d    : 0.000024 / 0.000020
    keypoint_3d    : 0.000001 / 0.000001
    limb_scale_regularization: 0.007930 / 0.008311
    limb_trans_regularization: 0.000000 / 0.000000
    log_beta_scales: 0.000000 / 0.000000
    silhouette     : 0.000000 / 0.000000
    trans          : 0.000000 / 0.000000

Epoch 389:
  Train Loss = 0.000005, Val Loss = 0.000004, LR = 1.00e-05
  Parameter Errors (Train / Val):
    betas          : 0.000093 / 0.000014
    betas_trans    : 0.000000 / 0.000000
    cam_rot        : 0.000000 / 0.000000
    cam_trans      : 0.000000 / 0.000000
    fov            : 0.000000 / 0.000000
    global_rot     : 0.000000 / 0.000000
    joint_angle_regularization: 0.093310 / 0.094066
    joint_limit_regularization: 0.000584 / 0.000479
    joint_rot      : 0.000000 / 0.000000
    keypoint_2d    : 0.000022 / 0.000019
    keypoint_3d    : 0.000001 / 0.000000
    limb_scale_regularization: 0.008434 / 0.008524
    limb_trans_regularization: 0.000000 / 0.000000
    log_beta_scales: 0.000000 / 0.000000
    silhouette     : 0.000000 / 0.000000
    trans          : 0.000000 / 0.000000
  Checkpoint saved at epoch 389
Visualizing 5 samples from dataset: unknown
Generated 5 visualization images for epoch 389 in /hpcwork/mkd34160/smilify_runs/singleview_lam1e-3/visualizations/epoch_389
Visualizing 5 samples from dataset: unknown
Generated 5 visualization images for epoch 389 in /hpcwork/mkd34160/smilify_runs/singleview_lam1e-3/visualizations_train/epoch_389

Epoch 390:
  Train Loss = 0.000004, Val Loss = 0.000004, LR = 1.00e-05
  Parameter Errors (Train / Val):
    betas          : 0.000082 / 0.000012
    betas_trans    : 0.000000 / 0.000000
    cam_rot        : 0.000000 / 0.000000
    cam_trans      : 0.000000 / 0.000000
    fov            : 0.000000 / 0.000000
    global_rot     : 0.000000 / 0.000000
    joint_angle_regularization: 0.094691 / 0.095152
    joint_limit_regularization: 0.000431 / 0.000360
    joint_rot      : 0.000000 / 0.000000
    keypoint_2d    : 0.000022 / 0.000018
    keypoint_3d    : 0.000001 / 0.000000
    limb_scale_regularization: 0.008509 / 0.008498
    limb_trans_regularization: 0.000000 / 0.000000
    log_beta_scales: 0.000000 / 0.000000
    silhouette     : 0.000000 / 0.000000
    trans          : 0.000000 / 0.000000

Epoch 391:
  Train Loss = 0.000004, Val Loss = 0.000004, LR = 1.00e-05
  Parameter Errors (Train / Val):
    betas          : 0.000085 / 0.000012
    betas_trans    : 0.000000 / 0.000000
    cam_rot        : 0.000000 / 0.000000
    cam_trans      : 0.000000 / 0.000000
    fov            : 0.000000 / 0.000000
    global_rot     : 0.000000 / 0.000000
    joint_angle_regularization: 0.095640 / 0.096289
    joint_limit_regularization: 0.000336 / 0.000287
    joint_rot      : 0.000000 / 0.000000
    keypoint_2d    : 0.000021 / 0.000018
    keypoint_3d    : 0.000001 / 0.000000
    limb_scale_regularization: 0.008440 / 0.008447
    limb_trans_regularization: 0.000000 / 0.000000
    log_beta_scales: 0.000000 / 0.000000
    silhouette     : 0.000000 / 0.000000
    trans          : 0.000000 / 0.000000
  Checkpoint saved at epoch 391

Epoch 392:
  Train Loss = 0.000004, Val Loss = 0.000003, LR = 1.00e-05
  Parameter Errors (Train / Val):
    betas          : 0.000069 / 0.000013
    betas_trans    : 0.000000 / 0.000000
    cam_rot        : 0.000000 / 0.000000
    cam_trans      : 0.000000 / 0.000000
    fov            : 0.000000 / 0.000000
    global_rot     : 0.000000 / 0.000000
    joint_angle_regularization: 0.096336 / 0.097595
    joint_limit_regularization: 0.000273 / 0.000240
    joint_rot      : 0.000000 / 0.000000
    keypoint_2d    : 0.000021 / 0.000018
    keypoint_3d    : 0.000001 / 0.000000
    limb_scale_regularization: 0.008388 / 0.008367
    limb_trans_regularization: 0.000000 / 0.000000
    log_beta_scales: 0.000000 / 0.000000
    silhouette     : 0.000000 / 0.000000
    trans          : 0.000000 / 0.000000

Epoch 393:
  Train Loss = 0.000004, Val Loss = 0.000003, LR = 1.00e-05
  Parameter Errors (Train / Val):
    betas          : 0.000077 / 0.000011
    betas_trans    : 0.000000 / 0.000000
    cam_rot        : 0.000000 / 0.000000
    cam_trans      : 0.000000 / 0.000000
    fov            : 0.000000 / 0.000000
    global_rot     : 0.000000 / 0.000000
    joint_angle_regularization: 0.097804 / 0.098702
    joint_limit_regularization: 0.000233 / 0.000203
    joint_rot      : 0.000000 / 0.000000
    keypoint_2d    : 0.000020 / 0.000018
    keypoint_3d    : 0.000001 / 0.000000
    limb_scale_regularization: 0.008198 / 0.008272
    limb_trans_regularization: 0.000000 / 0.000000
    log_beta_scales: 0.000000 / 0.000000
    silhouette     : 0.000000 / 0.000000
    trans          : 0.000000 / 0.000000
  Checkpoint saved at epoch 393

Epoch 394:
  Train Loss = 0.000004, Val Loss = 0.000003, LR = 1.00e-05
  Parameter Errors (Train / Val):
    betas          : 0.000064 / 0.000011
    betas_trans    : 0.000000 / 0.000000
    cam_rot        : 0.000000 / 0.000000
    cam_trans      : 0.000000 / 0.000000
    fov            : 0.000000 / 0.000000
    global_rot     : 0.000000 / 0.000000
    joint_angle_regularization: 0.098297 / 0.099398
    joint_limit_regularization: 0.000199 / 0.000179
    joint_rot      : 0.000000 / 0.000000
    keypoint_2d    : 0.000020 / 0.000017
    keypoint_3d    : 0.000001 / 0.000000
    limb_scale_regularization: 0.008138 / 0.008202
    limb_trans_regularization: 0.000000 / 0.000000
    log_beta_scales: 0.000000 / 0.000000
    silhouette     : 0.000000 / 0.000000
    trans          : 0.000000 / 0.000000

Epoch 395:
  Train Loss = 0.000004, Val Loss = 0.000003, LR = 1.00e-05
  Parameter Errors (Train / Val):
    betas          : 0.000091 / 0.000011
    betas_trans    : 0.000000 / 0.000000
    cam_rot        : 0.000000 / 0.000000
    cam_trans      : 0.000000 / 0.000000
    fov            : 0.000000 / 0.000000
    global_rot     : 0.000000 / 0.000000
    joint_angle_regularization: 0.099426 / 0.100206
    joint_limit_regularization: 0.000178 / 0.000158
    joint_rot      : 0.000000 / 0.000000
    keypoint_2d    : 0.000020 / 0.000017
    keypoint_3d    : 0.000001 / 0.000000
    limb_scale_regularization: 0.008126 / 0.008131
    limb_trans_regularization: 0.000000 / 0.000000
    log_beta_scales: 0.000000 / 0.000000
    silhouette     : 0.000000 / 0.000000
    trans          : 0.000000 / 0.000000
  Checkpoint saved at epoch 395

Epoch 396:
  Train Loss = 0.000004, Val Loss = 0.000003, LR = 1.00e-05
  Parameter Errors (Train / Val):
    betas          : 0.000063 / 0.000011
    betas_trans    : 0.000000 / 0.000000
    cam_rot        : 0.000000 / 0.000000
    cam_trans      : 0.000000 / 0.000000
    fov            : 0.000000 / 0.000000
    global_rot     : 0.000000 / 0.000000
    joint_angle_regularization: 0.100372 / 0.100971
    joint_limit_regularization: 0.000162 / 0.000141
    joint_rot      : 0.000000 / 0.000000
    keypoint_2d    : 0.000019 / 0.000017
    keypoint_3d    : 0.000000 / 0.000000
    limb_scale_regularization: 0.008053 / 0.008077
    limb_trans_regularization: 0.000000 / 0.000000
    log_beta_scales: 0.000000 / 0.000000
    silhouette     : 0.000000 / 0.000000
    trans          : 0.000000 / 0.000000

Epoch 397:
  Train Loss = 0.000004, Val Loss = 0.000003, LR = 1.00e-05
  Parameter Errors (Train / Val):
    betas          : 0.000058 / 0.000011
    betas_trans    : 0.000000 / 0.000000
    cam_rot        : 0.000000 / 0.000000
    cam_trans      : 0.000000 / 0.000000
    fov            : 0.000000 / 0.000000
    global_rot     : 0.000000 / 0.000000
    joint_angle_regularization: 0.100910 / 0.101778
    joint_limit_regularization: 0.000144 / 0.000130
    joint_rot      : 0.000000 / 0.000000
    keypoint_2d    : 0.000019 / 0.000017
    keypoint_3d    : 0.000000 / 0.000000
    limb_scale_regularization: 0.008030 / 0.008046
    limb_trans_regularization: 0.000000 / 0.000000
    log_beta_scales: 0.000000 / 0.000000
    silhouette     : 0.000000 / 0.000000
    trans          : 0.000000 / 0.000000
  Checkpoint saved at epoch 397

Epoch 398:
  Train Loss = 0.000004, Val Loss = 0.000003, LR = 1.00e-05
  Parameter Errors (Train / Val):
    betas          : 0.000058 / 0.000011
    betas_trans    : 0.000000 / 0.000000
    cam_rot        : 0.000000 / 0.000000
    cam_trans      : 0.000000 / 0.000000
    fov            : 0.000000 / 0.000000
    global_rot     : 0.000000 / 0.000000
    joint_angle_regularization: 0.101585 / 0.102325
    joint_limit_regularization: 0.000134 / 0.000119
    joint_rot      : 0.000000 / 0.000000
    keypoint_2d    : 0.000019 / 0.000017
    keypoint_3d    : 0.000000 / 0.000000
    limb_scale_regularization: 0.007928 / 0.007993
    limb_trans_regularization: 0.000000 / 0.000000
    log_beta_scales: 0.000000 / 0.000000
    silhouette     : 0.000000 / 0.000000
    trans          : 0.000000 / 0.000000

Epoch 399:
  Train Loss = 0.000004, Val Loss = 0.000003, LR = 1.00e-05
  Parameter Errors (Train / Val):
    betas          : 0.000104 / 0.000011
    betas_trans    : 0.000000 / 0.000000
    cam_rot        : 0.000000 / 0.000000
    cam_trans      : 0.000000 / 0.000000
    fov            : 0.000000 / 0.000000
    global_rot     : 0.000000 / 0.000000
    joint_angle_regularization: 0.101920 / 0.103122
    joint_limit_regularization: 0.000122 / 0.000113
    joint_rot      : 0.000000 / 0.000000
    keypoint_2d    : 0.000019 / 0.000016
    keypoint_3d    : 0.000000 / 0.000000
    limb_scale_regularization: 0.007916 / 0.007974
    limb_trans_regularization: 0.000000 / 0.000000
    log_beta_scales: 0.000000 / 0.000000
    silhouette     : 0.000000 / 0.000000
    trans          : 0.000000 / 0.000000
  Checkpoint saved at epoch 399
Visualizing 5 samples from dataset: unknown
Generated 5 visualization images for epoch 399 in /hpcwork/mkd34160/smilify_runs/singleview_lam1e-3/visualizations/epoch_399
Visualizing 5 samples from dataset: unknown
Generated 5 visualization images for epoch 399 in /hpcwork/mkd34160/smilify_runs/singleview_lam1e-3/visualizations_train/epoch_399

WARNING: Near-zero total loss detected: 9.46e-07
  Valid samples: 16/16
  Dataset composition: {'unknown': 16}
  Availability masks present: True
  Availability summary:
    global_rot: 0/16 samples have real data
    joint_rot: 0/16 samples have real data
    betas: 16/16 samples have real data
    trans: 0/16 samples have real data
    fov: 0/16 samples have real data
    cam_rot: 0/16 samples have real data
    cam_trans: 0/16 samples have real data
    log_beta_scales: 0/16 samples have real data
    betas_trans: 0/16 samples have real data
    keypoint_2d: 16/16 samples have real data
    keypoint_3d: 16/16 samples have real data
    silhouette: 0/16 samples have real data
  Loss weights: keypoint_2d=0.1, betas=0.0005
  need_keypoint_loss=True, need_silhouette_loss=False
  Loss components (non-zero only):
    betas: 0.000002 (weight=0.0005)
    limb_scale_regularization: 0.007983 (weight=1e-05)
    limb_trans_regularization: 0.000000 (weight=0.5)
    joint_angle_regularization: 0.120865 (weight=2e-07)
    joint_limit_regularization: 0.000007 (weight=0.001)
    keypoint_2d: 0.000005 (weight=0.1)
    keypoint_3d: 0.000000 (weight=2)

Epoch 400:
  Train Loss = 0.000003, Val Loss = 0.000003, LR = 1.00e-05
  Parameter Errors (Train / Val):
    betas          : 0.000056 / 0.000010
    betas_trans    : 0.000000 / 0.000000
    cam_rot        : 0.000000 / 0.000000
    cam_trans      : 0.000000 / 0.000000
    fov            : 0.000000 / 0.000000
    global_rot     : 0.000000 / 0.000000
    joint_angle_regularization: 0.103568 / 0.104788
    joint_limit_regularization: 0.000109 / 0.000093
    joint_rot      : 0.000000 / 0.000000
    keypoint_2d    : 0.000019 / 0.000016
    keypoint_3d    : 0.000000 / 0.000000
    limb_scale_regularization: 0.009923 / 0.011340
    limb_trans_regularization: 0.000000 / 0.000000
    log_beta_scales: 0.000000 / 0.000000
    silhouette     : 0.000000 / 0.000000
    trans          : 0.000000 / 0.000000

WARNING: Near-zero total loss detected: 9.84e-07
  Valid samples: 16/16
  Dataset composition: {'unknown': 16}
  Availability masks present: True
  Availability summary:
    global_rot: 0/16 samples have real data
    joint_rot: 0/16 samples have real data
    betas: 16/16 samples have real data
    trans: 0/16 samples have real data
    fov: 0/16 samples have real data
    cam_rot: 0/16 samples have real data
    cam_trans: 0/16 samples have real data
    log_beta_scales: 0/16 samples have real data
    betas_trans: 0/16 samples have real data
    keypoint_2d: 16/16 samples have real data
    keypoint_3d: 16/16 samples have real data
    silhouette: 0/16 samples have real data
  Loss weights: keypoint_2d=0.1, betas=0.0005
  need_keypoint_loss=True, need_silhouette_loss=False
  Loss components (non-zero only):
    betas: 0.000022 (weight=0.0005)
    limb_scale_regularization: 0.009583 (weight=1e-05)
    limb_trans_regularization: 0.000000 (weight=0.5)
    joint_angle_regularization: 0.121259 (weight=2e-07)
    joint_limit_regularization: 0.000011 (weight=0.001)
    keypoint_2d: 0.000005 (weight=0.1)
    keypoint_3d: 0.000000 (weight=2)

WARNING: Near-zero total loss detected: 9.32e-07
  Valid samples: 16/16
  Dataset composition: {'unknown': 16}
  Availability masks present: True
  Availability summary:
    global_rot: 0/16 samples have real data
    joint_rot: 0/16 samples have real data
    betas: 16/16 samples have real data
    trans: 0/16 samples have real data
    fov: 0/16 samples have real data
    cam_rot: 0/16 samples have real data
    cam_trans: 0/16 samples have real data
    log_beta_scales: 0/16 samples have real data
    betas_trans: 0/16 samples have real data
    keypoint_2d: 16/16 samples have real data
    keypoint_3d: 16/16 samples have real data
    silhouette: 0/16 samples have real data
  Loss weights: keypoint_2d=0.1, betas=0.0005
  need_keypoint_loss=True, need_silhouette_loss=False
  Loss components (non-zero only):
    betas: 0.000005 (weight=0.0005)
    limb_scale_regularization: 0.009399 (weight=1e-05)
    limb_trans_regularization: 0.000000 (weight=0.5)
    joint_angle_regularization: 0.119861 (weight=2e-07)
    joint_limit_regularization: 0.000016 (weight=0.001)
    keypoint_2d: 0.000005 (weight=0.1)
    keypoint_3d: 0.000000 (weight=2)

Epoch 401:
  Train Loss = 0.000003, Val Loss = 0.000003, LR = 1.00e-05
  Parameter Errors (Train / Val):
    betas          : 0.000078 / 0.000011
    betas_trans    : 0.000000 / 0.000000
    cam_rot        : 0.000000 / 0.000000
    cam_trans      : 0.000000 / 0.000000
    fov            : 0.000000 / 0.000000
    global_rot     : 0.000000 / 0.000000
    joint_angle_regularization: 0.104378 / 0.105133
    joint_limit_regularization: 0.000099 / 0.000084
    joint_rot      : 0.000000 / 0.000000
    keypoint_2d    : 0.000018 / 0.000015
    keypoint_3d    : 0.000000 / 0.000000
    limb_scale_regularization: 0.012065 / 0.012892
    limb_trans_regularization: 0.000000 / 0.000000
    log_beta_scales: 0.000000 / 0.000000
    silhouette     : 0.000000 / 0.000000
    trans          : 0.000000 / 0.000000
  Checkpoint saved at epoch 401

WARNING: Near-zero total loss detected: 9.26e-07
  Valid samples: 16/16
  Dataset composition: {'unknown': 16}
  Availability masks present: True
  Availability summary:
    global_rot: 0/16 samples have real data
    joint_rot: 0/16 samples have real data
    betas: 16/16 samples have real data
    trans: 0/16 samples have real data
    fov: 0/16 samples have real data
    cam_rot: 0/16 samples have real data
    cam_trans: 0/16 samples have real data
    log_beta_scales: 0/16 samples have real data
    betas_trans: 0/16 samples have real data
    keypoint_2d: 16/16 samples have real data
    keypoint_3d: 16/16 samples have real data
    silhouette: 0/16 samples have real data
  Loss weights: keypoint_2d=0.1, betas=0.0005
  need_keypoint_loss=True, need_silhouette_loss=False
  Loss components (non-zero only):
    betas: 0.000003 (weight=0.0005)
    limb_scale_regularization: 0.010283 (weight=1e-05)
    limb_trans_regularization: 0.000000 (weight=0.5)
    joint_angle_regularization: 0.120531 (weight=2e-07)
    joint_limit_regularization: 0.000019 (weight=0.001)
    keypoint_2d: 0.000005 (weight=0.1)
    keypoint_3d: 0.000000 (weight=2)

WARNING: Near-zero total loss detected: 9.65e-07
  Valid samples: 16/16
  Dataset composition: {'unknown': 16}
  Availability masks present: True
  Availability summary:
    global_rot: 0/16 samples have real data
    joint_rot: 0/16 samples have real data
    betas: 16/16 samples have real data
    trans: 0/16 samples have real data
    fov: 0/16 samples have real data
    cam_rot: 0/16 samples have real data
    cam_trans: 0/16 samples have real data
    log_beta_scales: 0/16 samples have real data
    betas_trans: 0/16 samples have real data
    keypoint_2d: 16/16 samples have real data
    keypoint_3d: 16/16 samples have real data
    silhouette: 0/16 samples have real data
  Loss weights: keypoint_2d=0.1, betas=0.0005
  need_keypoint_loss=True, need_silhouette_loss=False
  Loss components (non-zero only):
    betas: 0.000001 (weight=0.0005)
    limb_scale_regularization: 0.010476 (weight=1e-05)
    limb_trans_regularization: 0.000000 (weight=0.5)
    joint_angle_regularization: 0.121238 (weight=2e-07)
    joint_limit_regularization: 0.000006 (weight=0.001)
    keypoint_2d: 0.000005 (weight=0.1)
    keypoint_3d: 0.000000 (weight=2)

WARNING: Near-zero total loss detected: 9.74e-07
  Valid samples: 16/16
  Dataset composition: {'unknown': 16}
  Availability masks present: True
  Availability summary:
    global_rot: 0/16 samples have real data
    joint_rot: 0/16 samples have real data
    betas: 16/16 samples have real data
    trans: 0/16 samples have real data
    fov: 0/16 samples have real data
    cam_rot: 0/16 samples have real data
    cam_trans: 0/16 samples have real data
    log_beta_scales: 0/16 samples have real data
    betas_trans: 0/16 samples have real data
    keypoint_2d: 16/16 samples have real data
    keypoint_3d: 16/16 samples have real data
    silhouette: 0/16 samples have real data
  Loss weights: keypoint_2d=0.1, betas=0.0005
  need_keypoint_loss=True, need_silhouette_loss=False
  Loss components (non-zero only):
    betas: 0.000002 (weight=0.0005)
    limb_scale_regularization: 0.010362 (weight=1e-05)
    limb_trans_regularization: 0.000000 (weight=0.5)
    joint_angle_regularization: 0.118967 (weight=2e-07)
    joint_limit_regularization: 0.000006 (weight=0.001)
    keypoint_2d: 0.000005 (weight=0.1)
    keypoint_3d: 0.000000 (weight=2)

Epoch 402:
  Train Loss = 0.000003, Val Loss = 0.000003, LR = 1.00e-05
  Parameter Errors (Train / Val):
    betas          : 0.000058 / 0.000010
    betas_trans    : 0.000000 / 0.000000
    cam_rot        : 0.000000 / 0.000000
    cam_trans      : 0.000000 / 0.000000
    fov            : 0.000000 / 0.000000
    global_rot     : 0.000000 / 0.000000
    joint_angle_regularization: 0.104951 / 0.105582
    joint_limit_regularization: 0.000091 / 0.000080
    joint_rot      : 0.000000 / 0.000000
    keypoint_2d    : 0.000018 / 0.000015
    keypoint_3d    : 0.000000 / 0.000000
    limb_scale_regularization: 0.013243 / 0.013912
    limb_trans_regularization: 0.000000 / 0.000000
    log_beta_scales: 0.000000 / 0.000000
    silhouette     : 0.000000 / 0.000000
    trans          : 0.000000 / 0.000000

WARNING: Near-zero total loss detected: 9.60e-07
  Valid samples: 16/16
  Dataset composition: {'unknown': 16}
  Availability masks present: True
  Availability summary:
    global_rot: 0/16 samples have real data
    joint_rot: 0/16 samples have real data
    betas: 16/16 samples have real data
    trans: 0/16 samples have real data
    fov: 0/16 samples have real data
    cam_rot: 0/16 samples have real data
    cam_trans: 0/16 samples have real data
    log_beta_scales: 0/16 samples have real data
    betas_trans: 0/16 samples have real data
    keypoint_2d: 16/16 samples have real data
    keypoint_3d: 16/16 samples have real data
    silhouette: 0/16 samples have real data
  Loss weights: keypoint_2d=0.1, betas=0.0005
  need_keypoint_loss=True, need_silhouette_loss=False
  Loss components (non-zero only):
    betas: 0.000002 (weight=0.0005)
    limb_scale_regularization: 0.011271 (weight=1e-05)
    limb_trans_regularization: 0.000000 (weight=0.5)
    joint_angle_regularization: 0.121693 (weight=2e-07)
    joint_limit_regularization: 0.000004 (weight=0.001)
    keypoint_2d: 0.000005 (weight=0.1)
    keypoint_3d: 0.000000 (weight=2)

WARNING: Near-zero total loss detected: 9.98e-07
  Valid samples: 16/16
  Dataset composition: {'unknown': 16}
  Availability masks present: True
  Availability summary:
    global_rot: 0/16 samples have real data
    joint_rot: 0/16 samples have real data
    betas: 16/16 samples have real data
    trans: 0/16 samples have real data
    fov: 0/16 samples have real data
    cam_rot: 0/16 samples have real data
    cam_trans: 0/16 samples have real data
    log_beta_scales: 0/16 samples have real data
    betas_trans: 0/16 samples have real data
    keypoint_2d: 16/16 samples have real data
    keypoint_3d: 16/16 samples have real data
    silhouette: 0/16 samples have real data
  Loss weights: keypoint_2d=0.1, betas=0.0005
  need_keypoint_loss=True, need_silhouette_loss=False
  Loss components (non-zero only):
    betas: 0.000004 (weight=0.0005)
    limb_scale_regularization: 0.011244 (weight=1e-05)
    limb_trans_regularization: 0.000000 (weight=0.5)
    joint_angle_regularization: 0.121625 (weight=2e-07)
    joint_limit_regularization: 0.000005 (weight=0.001)
    keypoint_2d: 0.000006 (weight=0.1)
    keypoint_3d: 0.000000 (weight=2)

WARNING: Near-zero total loss detected: 9.19e-07
  Valid samples: 16/16
  Dataset composition: {'unknown': 16}
  Availability masks present: True
  Availability summary:
    global_rot: 0/16 samples have real data
    joint_rot: 0/16 samples have real data
    betas: 16/16 samples have real data
    trans: 0/16 samples have real data
    fov: 0/16 samples have real data
    cam_rot: 0/16 samples have real data
    cam_trans: 0/16 samples have real data
    log_beta_scales: 0/16 samples have real data
    betas_trans: 0/16 samples have real data
    keypoint_2d: 16/16 samples have real data
    keypoint_3d: 16/16 samples have real data
    silhouette: 0/16 samples have real data
  Loss weights: keypoint_2d=0.1, betas=0.0005
  need_keypoint_loss=True, need_silhouette_loss=False
  Loss components (non-zero only):
    betas: 0.000005 (weight=0.0005)
    limb_scale_regularization: 0.011060 (weight=1e-05)
    limb_trans_regularization: 0.000000 (weight=0.5)
    joint_angle_regularization: 0.119550 (weight=2e-07)
    joint_limit_regularization: 0.000003 (weight=0.001)
    keypoint_2d: 0.000005 (weight=0.1)
    keypoint_3d: 0.000000 (weight=2)

Epoch 403:
  Train Loss = 0.000003, Val Loss = 0.000003, LR = 1.00e-05
  Parameter Errors (Train / Val):
    betas          : 0.000055 / 0.000010
    betas_trans    : 0.000000 / 0.000000
    cam_rot        : 0.000000 / 0.000000
    cam_trans      : 0.000000 / 0.000000
    fov            : 0.000000 / 0.000000
    global_rot     : 0.000000 / 0.000000
    joint_angle_regularization: 0.105117 / 0.105936
    joint_limit_regularization: 0.000085 / 0.000076
    joint_rot      : 0.000000 / 0.000000
    keypoint_2d    : 0.000018 / 0.000015
    keypoint_3d    : 0.000000 / 0.000000
    limb_scale_regularization: 0.014192 / 0.014769
    limb_trans_regularization: 0.000000 / 0.000000
    log_beta_scales: 0.000000 / 0.000000
    silhouette     : 0.000000 / 0.000000
    trans          : 0.000000 / 0.000000
  Checkpoint saved at epoch 403

WARNING: Near-zero total loss detected: 9.48e-07
  Valid samples: 16/16
  Dataset composition: {'unknown': 16}
  Availability masks present: True
  Availability summary:
    global_rot: 0/16 samples have real data
    joint_rot: 0/16 samples have real data
    betas: 16/16 samples have real data
    trans: 0/16 samples have real data
    fov: 0/16 samples have real data
    cam_rot: 0/16 samples have real data
    cam_trans: 0/16 samples have real data
    log_beta_scales: 0/16 samples have real data
    betas_trans: 0/16 samples have real data
    keypoint_2d: 16/16 samples have real data
    keypoint_3d: 16/16 samples have real data
    silhouette: 0/16 samples have real data
  Loss weights: keypoint_2d=0.1, betas=0.0005
  need_keypoint_loss=True, need_silhouette_loss=False
  Loss components (non-zero only):
    betas: 0.000004 (weight=0.0005)
    limb_scale_regularization: 0.011853 (weight=1e-05)
    limb_trans_regularization: 0.000000 (weight=0.5)
    joint_angle_regularization: 0.122015 (weight=2e-07)
    joint_limit_regularization: 0.000001 (weight=0.001)
    keypoint_2d: 0.000005 (weight=0.1)
    keypoint_3d: 0.000000 (weight=2)

WARNING: Near-zero total loss detected: 9.95e-07
  Valid samples: 16/16
  Dataset composition: {'unknown': 16}
  Availability masks present: True
  Availability summary:
    global_rot: 0/16 samples have real data
    joint_rot: 0/16 samples have real data
    betas: 16/16 samples have real data
    trans: 0/16 samples have real data
    fov: 0/16 samples have real data
    cam_rot: 0/16 samples have real data
    cam_trans: 0/16 samples have real data
    log_beta_scales: 0/16 samples have real data
    betas_trans: 0/16 samples have real data
    keypoint_2d: 16/16 samples have real data
    keypoint_3d: 16/16 samples have real data
    silhouette: 0/16 samples have real data
  Loss weights: keypoint_2d=0.1, betas=0.0005
  need_keypoint_loss=True, need_silhouette_loss=False
  Loss components (non-zero only):
    betas: 0.000004 (weight=0.0005)
    limb_scale_regularization: 0.011648 (weight=1e-05)
    limb_trans_regularization: 0.000000 (weight=0.5)
    joint_angle_regularization: 0.119697 (weight=2e-07)
    joint_limit_regularization: 0.000005 (weight=0.001)
    keypoint_2d: 0.000005 (weight=0.1)
    keypoint_3d: 0.000000 (weight=2)

WARNING: Near-zero total loss detected: 9.99e-07
  Valid samples: 16/16
  Dataset composition: {'unknown': 16}
  Availability masks present: True
  Availability summary:
    global_rot: 0/16 samples have real data
    joint_rot: 0/16 samples have real data
    betas: 16/16 samples have real data
    trans: 0/16 samples have real data
    fov: 0/16 samples have real data
    cam_rot: 0/16 samples have real data
    cam_trans: 0/16 samples have real data
    log_beta_scales: 0/16 samples have real data
    betas_trans: 0/16 samples have real data
    keypoint_2d: 16/16 samples have real data
    keypoint_3d: 16/16 samples have real data
    silhouette: 0/16 samples have real data
  Loss weights: keypoint_2d=0.1, betas=0.0005
  need_keypoint_loss=True, need_silhouette_loss=False
  Loss components (non-zero only):
    betas: 0.000002 (weight=0.0005)
    limb_scale_regularization: 0.011775 (weight=1e-05)
    limb_trans_regularization: 0.000000 (weight=0.5)
    joint_angle_regularization: 0.121934 (weight=2e-07)
    joint_limit_regularization: 0.000005 (weight=0.001)
    keypoint_2d: 0.000005 (weight=0.1)
    keypoint_3d: 0.000000 (weight=2)

WARNING: Near-zero total loss detected: 9.93e-07
  Valid samples: 16/16
  Dataset composition: {'unknown': 16}
  Availability masks present: True
  Availability summary:
    global_rot: 0/16 samples have real data
    joint_rot: 0/16 samples have real data
    betas: 16/16 samples have real data
    trans: 0/16 samples have real data
    fov: 0/16 samples have real data
    cam_rot: 0/16 samples have real data
    cam_trans: 0/16 samples have real data
    log_beta_scales: 0/16 samples have real data
    betas_trans: 0/16 samples have real data
    keypoint_2d: 16/16 samples have real data
    keypoint_3d: 16/16 samples have real data
    silhouette: 0/16 samples have real data
  Loss weights: keypoint_2d=0.1, betas=0.0005
  need_keypoint_loss=True, need_silhouette_loss=False
  Loss components (non-zero only):
    betas: 0.000002 (weight=0.0005)
    limb_scale_regularization: 0.011854 (weight=1e-05)
    limb_trans_regularization: 0.000000 (weight=0.5)
    joint_angle_regularization: 0.122737 (weight=2e-07)
    joint_limit_regularization: 0.000006 (weight=0.001)
    keypoint_2d: 0.000005 (weight=0.1)
    keypoint_3d: 0.000000 (weight=2)

WARNING: Near-zero total loss detected: 9.71e-07
  Valid samples: 16/16
  Dataset composition: {'unknown': 16}
  Availability masks present: True
  Availability summary:
    global_rot: 0/16 samples have real data
    joint_rot: 0/16 samples have real data
    betas: 16/16 samples have real data
    trans: 0/16 samples have real data
    fov: 0/16 samples have real data
    cam_rot: 0/16 samples have real data
    cam_trans: 0/16 samples have real data
    log_beta_scales: 0/16 samples have real data
    betas_trans: 0/16 samples have real data
    keypoint_2d: 16/16 samples have real data
    keypoint_3d: 16/16 samples have real data
    silhouette: 0/16 samples have real data
  Loss weights: keypoint_2d=0.1, betas=0.0005
  need_keypoint_loss=True, need_silhouette_loss=False
  Loss components (non-zero only):
    betas: 0.000005 (weight=0.0005)
    limb_scale_regularization: 0.011618 (weight=1e-05)
    limb_trans_regularization: 0.000000 (weight=0.5)
    joint_angle_regularization: 0.120965 (weight=2e-07)
    joint_limit_regularization: 0.000005 (weight=0.001)
    keypoint_2d: 0.000005 (weight=0.1)
    keypoint_3d: 0.000000 (weight=2)

Epoch 404:
  Train Loss = 0.000003, Val Loss = 0.000003, LR = 1.00e-05
  Parameter Errors (Train / Val):
    betas          : 0.000076 / 0.000010
    betas_trans    : 0.000000 / 0.000000
    cam_rot        : 0.000000 / 0.000000
    cam_trans      : 0.000000 / 0.000000
    fov            : 0.000000 / 0.000000
    global_rot     : 0.000000 / 0.000000
    joint_angle_regularization: 0.105582 / 0.106420
    joint_limit_regularization: 0.000079 / 0.000073
    joint_rot      : 0.000000 / 0.000000
    keypoint_2d    : 0.000017 / 0.000015
    keypoint_3d    : 0.000000 / 0.000000
    limb_scale_regularization: 0.014940 / 0.015390
    limb_trans_regularization: 0.000000 / 0.000000
    log_beta_scales: 0.000000 / 0.000000
    silhouette     : 0.000000 / 0.000000
    trans          : 0.000000 / 0.000000

WARNING: Near-zero total loss detected: 9.11e-07
  Valid samples: 16/16
  Dataset composition: {'unknown': 16}
  Availability masks present: True
  Availability summary:
    global_rot: 0/16 samples have real data
    joint_rot: 0/16 samples have real data
    betas: 16/16 samples have real data
    trans: 0/16 samples have real data
    fov: 0/16 samples have real data
    cam_rot: 0/16 samples have real data
    cam_trans: 0/16 samples have real data
    log_beta_scales: 0/16 samples have real data
    betas_trans: 0/16 samples have real data
    keypoint_2d: 16/16 samples have real data
    keypoint_3d: 16/16 samples have real data
    silhouette: 0/16 samples have real data
  Loss weights: keypoint_2d=0.1, betas=0.0005
  need_keypoint_loss=True, need_silhouette_loss=False
  Loss components (non-zero only):
    betas: 0.000007 (weight=0.0005)
    limb_scale_regularization: 0.012343 (weight=1e-05)
    limb_trans_regularization: 0.000000 (weight=0.5)
    joint_angle_regularization: 0.122480 (weight=2e-07)
    joint_limit_regularization: 0.000002 (weight=0.001)
    keypoint_2d: 0.000005 (weight=0.1)
    keypoint_3d: 0.000000 (weight=2)

WARNING: Near-zero total loss detected: 9.66e-07
  Valid samples: 16/16
  Dataset composition: {'unknown': 16}
  Availability masks present: True
  Availability summary:
    global_rot: 0/16 samples have real data
    joint_rot: 0/16 samples have real data
    betas: 16/16 samples have real data
    trans: 0/16 samples have real data
    fov: 0/16 samples have real data
    cam_rot: 0/16 samples have real data
    cam_trans: 0/16 samples have real data
    log_beta_scales: 0/16 samples have real data
    betas_trans: 0/16 samples have real data
    keypoint_2d: 16/16 samples have real data
    keypoint_3d: 16/16 samples have real data
    silhouette: 0/16 samples have real data
  Loss weights: keypoint_2d=0.1, betas=0.0005
  need_keypoint_loss=True, need_silhouette_loss=False
  Loss components (non-zero only):
    betas: 0.000007 (weight=0.0005)
    limb_scale_regularization: 0.012127 (weight=1e-05)
    limb_trans_regularization: 0.000000 (weight=0.5)
    joint_angle_regularization: 0.120159 (weight=2e-07)
    joint_limit_regularization: 0.000005 (weight=0.001)
    keypoint_2d: 0.000005 (weight=0.1)
    keypoint_3d: 0.000000 (weight=2)

WARNING: Near-zero total loss detected: 9.25e-07
  Valid samples: 16/16
  Dataset composition: {'unknown': 16}
  Availability masks present: True
  Availability summary:
    global_rot: 0/16 samples have real data
    joint_rot: 0/16 samples have real data
    betas: 16/16 samples have real data
    trans: 0/16 samples have real data
    fov: 0/16 samples have real data
    cam_rot: 0/16 samples have real data
    cam_trans: 0/16 samples have real data
    log_beta_scales: 0/16 samples have real data
    betas_trans: 0/16 samples have real data
    keypoint_2d: 16/16 samples have real data
    keypoint_3d: 16/16 samples have real data
    silhouette: 0/16 samples have real data
  Loss weights: keypoint_2d=0.1, betas=0.0005
  need_keypoint_loss=True, need_silhouette_loss=False
  Loss components (non-zero only):
    betas: 0.000001 (weight=0.0005)
    limb_scale_regularization: 0.012090 (weight=1e-05)
    limb_trans_regularization: 0.000000 (weight=0.5)
    joint_angle_regularization: 0.120049 (weight=2e-07)
    joint_limit_regularization: 0.000002 (weight=0.001)
    keypoint_2d: 0.000005 (weight=0.1)
    keypoint_3d: 0.000000 (weight=2)

WARNING: Near-zero total loss detected: 9.56e-07
  Valid samples: 16/16
  Dataset composition: {'unknown': 16}
  Availability masks present: True
  Availability summary:
    global_rot: 0/16 samples have real data
    joint_rot: 0/16 samples have real data
    betas: 16/16 samples have real data
    trans: 0/16 samples have real data
    fov: 0/16 samples have real data
    cam_rot: 0/16 samples have real data
    cam_trans: 0/16 samples have real data
    log_beta_scales: 0/16 samples have real data
    betas_trans: 0/16 samples have real data
    keypoint_2d: 16/16 samples have real data
    keypoint_3d: 16/16 samples have real data
    silhouette: 0/16 samples have real data
  Loss weights: keypoint_2d=0.1, betas=0.0005
  need_keypoint_loss=True, need_silhouette_loss=False
  Loss components (non-zero only):
    betas: 0.000001 (weight=0.0005)
    limb_scale_regularization: 0.012317 (weight=1e-05)
    limb_trans_regularization: 0.000000 (weight=0.5)
    joint_angle_regularization: 0.122080 (weight=2e-07)
    joint_limit_regularization: 0.000003 (weight=0.001)
    keypoint_2d: 0.000005 (weight=0.1)
    keypoint_3d: 0.000000 (weight=2)

WARNING: Near-zero total loss detected: 9.95e-07
  Valid samples: 16/16
  Dataset composition: {'unknown': 16}
  Availability masks present: True
  Availability summary:
    global_rot: 0/16 samples have real data
    joint_rot: 0/16 samples have real data
    betas: 16/16 samples have real data
    trans: 0/16 samples have real data
    fov: 0/16 samples have real data
    cam_rot: 0/16 samples have real data
    cam_trans: 0/16 samples have real data
    log_beta_scales: 0/16 samples have real data
    betas_trans: 0/16 samples have real data
    keypoint_2d: 16/16 samples have real data
    keypoint_3d: 16/16 samples have real data
    silhouette: 0/16 samples have real data
  Loss weights: keypoint_2d=0.1, betas=0.0005
  need_keypoint_loss=True, need_silhouette_loss=False
  Loss components (non-zero only):
    betas: 0.000002 (weight=0.0005)
    limb_scale_regularization: 0.012307 (weight=1e-05)
    limb_trans_regularization: 0.000000 (weight=0.5)
    joint_angle_regularization: 0.121202 (weight=2e-07)
    joint_limit_regularization: 0.000003 (weight=0.001)
    keypoint_2d: 0.000006 (weight=0.1)
    keypoint_3d: 0.000000 (weight=2)

WARNING: Near-zero total loss detected: 9.57e-07
  Valid samples: 16/16
  Dataset composition: {'unknown': 16}
  Availability masks present: True
  Availability summary:
    global_rot: 0/16 samples have real data
    joint_rot: 0/16 samples have real data
    betas: 16/16 samples have real data
    trans: 0/16 samples have real data
    fov: 0/16 samples have real data
    cam_rot: 0/16 samples have real data
    cam_trans: 0/16 samples have real data
    log_beta_scales: 0/16 samples have real data
    betas_trans: 0/16 samples have real data
    keypoint_2d: 16/16 samples have real data
    keypoint_3d: 16/16 samples have real data
    silhouette: 0/16 samples have real data
  Loss weights: keypoint_2d=0.1, betas=0.0005
  need_keypoint_loss=True, need_silhouette_loss=False
  Loss components (non-zero only):
    betas: 0.000007 (weight=0.0005)
    limb_scale_regularization: 0.012284 (weight=1e-05)
    limb_trans_regularization: 0.000000 (weight=0.5)
    joint_angle_regularization: 0.122269 (weight=2e-07)
    joint_limit_regularization: 0.000003 (weight=0.001)
    keypoint_2d: 0.000005 (weight=0.1)
    keypoint_3d: 0.000000 (weight=2)

WARNING: Near-zero total loss detected: 9.69e-07
  Valid samples: 16/16
  Dataset composition: {'unknown': 16}
  Availability masks present: True
  Availability summary:
    global_rot: 0/16 samples have real data
    joint_rot: 0/16 samples have real data
    betas: 16/16 samples have real data
    trans: 0/16 samples have real data
    fov: 0/16 samples have real data
    cam_rot: 0/16 samples have real data
    cam_trans: 0/16 samples have real data
    log_beta_scales: 0/16 samples have real data
    betas_trans: 0/16 samples have real data
    keypoint_2d: 16/16 samples have real data
    keypoint_3d: 16/16 samples have real data
    silhouette: 0/16 samples have real data
  Loss weights: keypoint_2d=0.1, betas=0.0005
  need_keypoint_loss=True, need_silhouette_loss=False
  Loss components (non-zero only):
    betas: 0.000007 (weight=0.0005)
    limb_scale_regularization: 0.012172 (weight=1e-05)
    limb_trans_regularization: 0.000000 (weight=0.5)
    joint_angle_regularization: 0.120005 (weight=2e-07)
    joint_limit_regularization: 0.000002 (weight=0.001)
    keypoint_2d: 0.000005 (weight=0.1)
    keypoint_3d: 0.000000 (weight=2)

Epoch 405:
  Train Loss = 0.000003, Val Loss = 0.000003, LR = 1.00e-05
  Parameter Errors (Train / Val):
    betas          : 0.000053 / 0.000010
    betas_trans    : 0.000000 / 0.000000
    cam_rot        : 0.000000 / 0.000000
    cam_trans      : 0.000000 / 0.000000
    fov            : 0.000000 / 0.000000
    global_rot     : 0.000000 / 0.000000
    joint_angle_regularization: 0.106158 / 0.106585
    joint_limit_regularization: 0.000080 / 0.000070
    joint_rot      : 0.000000 / 0.000000
    keypoint_2d    : 0.000017 / 0.000015
    keypoint_3d    : 0.000000 / 0.000000
    limb_scale_regularization: 0.015494 / 0.015909
    limb_trans_regularization: 0.000000 / 0.000000
    log_beta_scales: 0.000000 / 0.000000
    silhouette     : 0.000000 / 0.000000
    trans          : 0.000000 / 0.000000
  Checkpoint saved at epoch 405

WARNING: Near-zero total loss detected: 9.40e-07
  Valid samples: 16/16
  Dataset composition: {'unknown': 16}
  Availability masks present: True
  Availability summary:
    global_rot: 0/16 samples have real data
    joint_rot: 0/16 samples have real data
    betas: 16/16 samples have real data
    trans: 0/16 samples have real data
    fov: 0/16 samples have real data
    cam_rot: 0/16 samples have real data
    cam_trans: 0/16 samples have real data
    log_beta_scales: 0/16 samples have real data
    betas_trans: 0/16 samples have real data
    keypoint_2d: 16/16 samples have real data
    keypoint_3d: 16/16 samples have real data
    silhouette: 0/16 samples have real data
  Loss weights: keypoint_2d=0.1, betas=0.0005
  need_keypoint_loss=True, need_silhouette_loss=False
  Loss components (non-zero only):
    betas: 0.000004 (weight=0.0005)
    limb_scale_regularization: 0.012676 (weight=1e-05)
    limb_trans_regularization: 0.000000 (weight=0.5)
    joint_angle_regularization: 0.122900 (weight=2e-07)
    joint_limit_regularization: 0.000004 (weight=0.001)
    keypoint_2d: 0.000005 (weight=0.1)
    keypoint_3d: 0.000000 (weight=2)

WARNING: Near-zero total loss detected: 9.97e-07
  Valid samples: 16/16
  Dataset composition: {'unknown': 16}
  Availability masks present: True
  Availability summary:
    global_rot: 0/16 samples have real data
    joint_rot: 0/16 samples have real data
    betas: 16/16 samples have real data
    trans: 0/16 samples have real data
    fov: 0/16 samples have real data
    cam_rot: 0/16 samples have real data
    cam_trans: 0/16 samples have real data
    log_beta_scales: 0/16 samples have real data
    betas_trans: 0/16 samples have real data
    keypoint_2d: 16/16 samples have real data
    keypoint_3d: 16/16 samples have real data
    silhouette: 0/16 samples have real data
  Loss weights: keypoint_2d=0.1, betas=0.0005
  need_keypoint_loss=True, need_silhouette_loss=False
  Loss components (non-zero only):
    betas: 0.000004 (weight=0.0005)
    limb_scale_regularization: 0.012461 (weight=1e-05)
    limb_trans_regularization: 0.000000 (weight=0.5)
    joint_angle_regularization: 0.120610 (weight=2e-07)
    joint_limit_regularization: 0.000007 (weight=0.001)
    keypoint_2d: 0.000005 (weight=0.1)
    keypoint_3d: 0.000000 (weight=2)

WARNING: Near-zero total loss detected: 8.66e-07
  Valid samples: 16/16
  Dataset composition: {'unknown': 16}
  Availability masks present: True
  Availability summary:
    global_rot: 0/16 samples have real data
    joint_rot: 0/16 samples have real data
    betas: 16/16 samples have real data
    trans: 0/16 samples have real data
    fov: 0/16 samples have real data
    cam_rot: 0/16 samples have real data
    cam_trans: 0/16 samples have real data
    log_beta_scales: 0/16 samples have real data
    betas_trans: 0/16 samples have real data
    keypoint_2d: 16/16 samples have real data
    keypoint_3d: 16/16 samples have real data
    silhouette: 0/16 samples have real data
  Loss weights: keypoint_2d=0.1, betas=0.0005
  need_keypoint_loss=True, need_silhouette_loss=False
  Loss components (non-zero only):
    betas: 0.000002 (weight=0.0005)
    limb_scale_regularization: 0.012505 (weight=1e-05)
    limb_trans_regularization: 0.000000 (weight=0.5)
    joint_angle_regularization: 0.119706 (weight=2e-07)
    joint_limit_regularization: 0.000001 (weight=0.001)
    keypoint_2d: 0.000004 (weight=0.1)
    keypoint_3d: 0.000000 (weight=2)

WARNING: Near-zero total loss detected: 1.00e-06
  Valid samples: 16/16
  Dataset composition: {'unknown': 16}
  Availability masks present: True
  Availability summary:
    global_rot: 0/16 samples have real data
    joint_rot: 0/16 samples have real data
    betas: 16/16 samples have real data
    trans: 0/16 samples have real data
    fov: 0/16 samples have real data
    cam_rot: 0/16 samples have real data
    cam_trans: 0/16 samples have real data
    log_beta_scales: 0/16 samples have real data
    betas_trans: 0/16 samples have real data
    keypoint_2d: 16/16 samples have real data
    keypoint_3d: 16/16 samples have real data
    silhouette: 0/16 samples have real data
  Loss weights: keypoint_2d=0.1, betas=0.0005
  need_keypoint_loss=True, need_silhouette_loss=False
  Loss components (non-zero only):
    betas: 0.000003 (weight=0.0005)
    limb_scale_regularization: 0.012700 (weight=1e-05)
    limb_trans_regularization: 0.000000 (weight=0.5)
    joint_angle_regularization: 0.120146 (weight=2e-07)
    joint_limit_regularization: 0.000002 (weight=0.001)
    keypoint_2d: 0.000005 (weight=0.1)
    keypoint_3d: 0.000000 (weight=2)

Epoch 406:
  Train Loss = 0.000003, Val Loss = 0.000003, LR = 1.00e-05
  Parameter Errors (Train / Val):
    betas          : 0.000057 / 0.000009
    betas_trans    : 0.000000 / 0.000000
    cam_rot        : 0.000000 / 0.000000
    cam_trans      : 0.000000 / 0.000000
    fov            : 0.000000 / 0.000000
    global_rot     : 0.000000 / 0.000000
    joint_angle_regularization: 0.106585 / 0.106854
    joint_limit_regularization: 0.000075 / 0.000067
    joint_rot      : 0.000000 / 0.000000
    keypoint_2d    : 0.000017 / 0.000015
    keypoint_3d    : 0.000000 / 0.000000
    limb_scale_regularization: 0.016058 / 0.016334
    limb_trans_regularization: 0.000000 / 0.000000
    log_beta_scales: 0.000000 / 0.000000
    silhouette     : 0.000000 / 0.000000
    trans          : 0.000000 / 0.000000

WARNING: Near-zero total loss detected: 8.89e-07
  Valid samples: 16/16
  Dataset composition: {'unknown': 16}
  Availability masks present: True
  Availability summary:
    global_rot: 0/16 samples have real data
    joint_rot: 0/16 samples have real data
    betas: 16/16 samples have real data
    trans: 0/16 samples have real data
    fov: 0/16 samples have real data
    cam_rot: 0/16 samples have real data
    cam_trans: 0/16 samples have real data
    log_beta_scales: 0/16 samples have real data
    betas_trans: 0/16 samples have real data
    keypoint_2d: 16/16 samples have real data
    keypoint_3d: 16/16 samples have real data
    silhouette: 0/16 samples have real data
  Loss weights: keypoint_2d=0.1, betas=0.0005
  need_keypoint_loss=True, need_silhouette_loss=False
  Loss components (non-zero only):
    betas: 0.000008 (weight=0.0005)
    limb_scale_regularization: 0.013094 (weight=1e-05)
    limb_trans_regularization: 0.000000 (weight=0.5)
    joint_angle_regularization: 0.122501 (weight=2e-07)
    joint_limit_regularization: 0.000002 (weight=0.001)
    keypoint_2d: 0.000005 (weight=0.1)
    keypoint_3d: 0.000000 (weight=2)

WARNING: Near-zero total loss detected: 9.28e-07
  Valid samples: 16/16
  Dataset composition: {'unknown': 16}
  Availability masks present: True
  Availability summary:
    global_rot: 0/16 samples have real data
    joint_rot: 0/16 samples have real data
    betas: 16/16 samples have real data
    trans: 0/16 samples have real data
    fov: 0/16 samples have real data
    cam_rot: 0/16 samples have real data
    cam_trans: 0/16 samples have real data
    log_beta_scales: 0/16 samples have real data
    betas_trans: 0/16 samples have real data
    keypoint_2d: 16/16 samples have real data
    keypoint_3d: 16/16 samples have real data
    silhouette: 0/16 samples have real data
  Loss weights: keypoint_2d=0.1, betas=0.0005
  need_keypoint_loss=True, need_silhouette_loss=False
  Loss components (non-zero only):
    betas: 0.000006 (weight=0.0005)
    limb_scale_regularization: 0.012878 (weight=1e-05)
    limb_trans_regularization: 0.000000 (weight=0.5)
    joint_angle_regularization: 0.120248 (weight=2e-07)
    joint_limit_regularization: 0.000006 (weight=0.001)
    keypoint_2d: 0.000005 (weight=0.1)
    keypoint_3d: 0.000000 (weight=2)

WARNING: Near-zero total loss detected: 9.56e-07
  Valid samples: 16/16
  Dataset composition: {'unknown': 16}
  Availability masks present: True
  Availability summary:
    global_rot: 0/16 samples have real data
    joint_rot: 0/16 samples have real data
    betas: 16/16 samples have real data
    trans: 0/16 samples have real data
    fov: 0/16 samples have real data
    cam_rot: 0/16 samples have real data
    cam_trans: 0/16 samples have real data
    log_beta_scales: 0/16 samples have real data
    betas_trans: 0/16 samples have real data
    keypoint_2d: 16/16 samples have real data
    keypoint_3d: 16/16 samples have real data
    silhouette: 0/16 samples have real data
  Loss weights: keypoint_2d=0.1, betas=0.0005
  need_keypoint_loss=True, need_silhouette_loss=False
  Loss components (non-zero only):
    betas: 0.000002 (weight=0.0005)
    limb_scale_regularization: 0.013086 (weight=1e-05)
    limb_trans_regularization: 0.000000 (weight=0.5)
    joint_angle_regularization: 0.122662 (weight=2e-07)
    joint_limit_regularization: 0.000002 (weight=0.001)
    keypoint_2d: 0.000005 (weight=0.1)
    keypoint_3d: 0.000000 (weight=2)

WARNING: Near-zero total loss detected: 9.84e-07
  Valid samples: 16/16
  Dataset composition: {'unknown': 16}
  Availability masks present: True
  Availability summary:
    global_rot: 0/16 samples have real data
    joint_rot: 0/16 samples have real data
    betas: 16/16 samples have real data
    trans: 0/16 samples have real data
    fov: 0/16 samples have real data
    cam_rot: 0/16 samples have real data
    cam_trans: 0/16 samples have real data
    log_beta_scales: 0/16 samples have real data
    betas_trans: 0/16 samples have real data
    keypoint_2d: 16/16 samples have real data
    keypoint_3d: 16/16 samples have real data
    silhouette: 0/16 samples have real data
  Loss weights: keypoint_2d=0.1, betas=0.0005
  need_keypoint_loss=True, need_silhouette_loss=False
  Loss components (non-zero only):
    betas: 0.000003 (weight=0.0005)
    limb_scale_regularization: 0.012979 (weight=1e-05)
    limb_trans_regularization: 0.000000 (weight=0.5)
    joint_angle_regularization: 0.120514 (weight=2e-07)
    joint_limit_regularization: 0.000003 (weight=0.001)
    keypoint_2d: 0.000005 (weight=0.1)
    keypoint_3d: 0.000000 (weight=2)

WARNING: Near-zero total loss detected: 9.25e-07
  Valid samples: 16/16
  Dataset composition: {'unknown': 16}
  Availability masks present: True
  Availability summary:
    global_rot: 0/16 samples have real data
    joint_rot: 0/16 samples have real data
    betas: 16/16 samples have real data
    trans: 0/16 samples have real data
    fov: 0/16 samples have real data
    cam_rot: 0/16 samples have real data
    cam_trans: 0/16 samples have real data
    log_beta_scales: 0/16 samples have real data
    betas_trans: 0/16 samples have real data
    keypoint_2d: 16/16 samples have real data
    keypoint_3d: 16/16 samples have real data
    silhouette: 0/16 samples have real data
  Loss weights: keypoint_2d=0.1, betas=0.0005
  need_keypoint_loss=True, need_silhouette_loss=False
  Loss components (non-zero only):
    betas: 0.000001 (weight=0.0005)
    limb_scale_regularization: 0.012994 (weight=1e-05)
    limb_trans_regularization: 0.000000 (weight=0.5)
    joint_angle_regularization: 0.122810 (weight=2e-07)
    joint_limit_regularization: 0.000001 (weight=0.001)
    keypoint_2d: 0.000005 (weight=0.1)
    keypoint_3d: 0.000000 (weight=2)

WARNING: Near-zero total loss detected: 9.67e-07
  Valid samples: 16/16
  Dataset composition: {'unknown': 16}
  Availability masks present: True
  Availability summary:
    global_rot: 0/16 samples have real data
    joint_rot: 0/16 samples have real data
    betas: 16/16 samples have real data
    trans: 0/16 samples have real data
    fov: 0/16 samples have real data
    cam_rot: 0/16 samples have real data
    cam_trans: 0/16 samples have real data
    log_beta_scales: 0/16 samples have real data
    betas_trans: 0/16 samples have real data
    keypoint_2d: 16/16 samples have real data
    keypoint_3d: 16/16 samples have real data
    silhouette: 0/16 samples have real data
  Loss weights: keypoint_2d=0.1, betas=0.0005
  need_keypoint_loss=True, need_silhouette_loss=False
  Loss components (non-zero only):
    betas: 0.000003 (weight=0.0005)
    limb_scale_regularization: 0.012985 (weight=1e-05)
    limb_trans_regularization: 0.000000 (weight=0.5)
    joint_angle_regularization: 0.121970 (weight=2e-07)
    joint_limit_regularization: 0.000002 (weight=0.001)
    keypoint_2d: 0.000005 (weight=0.1)
    keypoint_3d: 0.000000 (weight=2)

WARNING: Near-zero total loss detected: 9.56e-07
  Valid samples: 16/16
  Dataset composition: {'unknown': 16}
  Availability masks present: True
  Availability summary:
    global_rot: 0/16 samples have real data
    joint_rot: 0/16 samples have real data
    betas: 16/16 samples have real data
    trans: 0/16 samples have real data
    fov: 0/16 samples have real data
    cam_rot: 0/16 samples have real data
    cam_trans: 0/16 samples have real data
    log_beta_scales: 0/16 samples have real data
    betas_trans: 0/16 samples have real data
    keypoint_2d: 16/16 samples have real data
    keypoint_3d: 16/16 samples have real data
    silhouette: 0/16 samples have real data
  Loss weights: keypoint_2d=0.1, betas=0.0005
  need_keypoint_loss=True, need_silhouette_loss=False
  Loss components (non-zero only):
    betas: 0.000002 (weight=0.0005)
    limb_scale_regularization: 0.012808 (weight=1e-05)
    limb_trans_regularization: 0.000000 (weight=0.5)
    joint_angle_regularization: 0.121475 (weight=2e-07)
    joint_limit_regularization: 0.000005 (weight=0.001)
    keypoint_2d: 0.000005 (weight=0.1)
    keypoint_3d: 0.000000 (weight=2)

Epoch 407:
  Train Loss = 0.000003, Val Loss = 0.000002, LR = 1.00e-05
  Parameter Errors (Train / Val):
    betas          : 0.000053 / 0.000009
    betas_trans    : 0.000000 / 0.000000
    cam_rot        : 0.000000 / 0.000000
    cam_trans      : 0.000000 / 0.000000
    fov            : 0.000000 / 0.000000
    global_rot     : 0.000000 / 0.000000
    joint_angle_regularization: 0.106708 / 0.107294
    joint_limit_regularization: 0.000072 / 0.000066
    joint_rot      : 0.000000 / 0.000000
    keypoint_2d    : 0.000017 / 0.000014
    keypoint_3d    : 0.000000 / 0.000000
    limb_scale_regularization: 0.016399 / 0.016727
    limb_trans_regularization: 0.000000 / 0.000000
    log_beta_scales: 0.000000 / 0.000000
    silhouette     : 0.000000 / 0.000000
    trans          : 0.000000 / 0.000000
  Checkpoint saved at epoch 407

WARNING: Near-zero total loss detected: 9.72e-07
  Valid samples: 16/16
  Dataset composition: {'unknown': 16}
  Availability masks present: True
  Availability summary:
    global_rot: 0/16 samples have real data
    joint_rot: 0/16 samples have real data
    betas: 16/16 samples have real data
    trans: 0/16 samples have real data
    fov: 0/16 samples have real data
    cam_rot: 0/16 samples have real data
    cam_trans: 0/16 samples have real data
    log_beta_scales: 0/16 samples have real data
    betas_trans: 0/16 samples have real data
    keypoint_2d: 16/16 samples have real data
    keypoint_3d: 16/16 samples have real data
    silhouette: 0/16 samples have real data
  Loss weights: keypoint_2d=0.1, betas=0.0005
  need_keypoint_loss=True, need_silhouette_loss=False
  Loss components (non-zero only):
    betas: 0.000002 (weight=0.0005)
    limb_scale_regularization: 0.013341 (weight=1e-05)
    limb_trans_regularization: 0.000000 (weight=0.5)
    joint_angle_regularization: 0.121599 (weight=2e-07)
    keypoint_2d: 0.000005 (weight=0.1)
    keypoint_3d: 0.000000 (weight=2)

WARNING: Near-zero total loss detected: 9.45e-07
  Valid samples: 16/16
  Dataset composition: {'unknown': 16}
  Availability masks present: True
  Availability summary:
    global_rot: 0/16 samples have real data
    joint_rot: 0/16 samples have real data
    betas: 16/16 samples have real data
    trans: 0/16 samples have real data
    fov: 0/16 samples have real data
    cam_rot: 0/16 samples have real data
    cam_trans: 0/16 samples have real data
    log_beta_scales: 0/16 samples have real data
    betas_trans: 0/16 samples have real data
    keypoint_2d: 16/16 samples have real data
    keypoint_3d: 16/16 samples have real data
    silhouette: 0/16 samples have real data
  Loss weights: keypoint_2d=0.1, betas=0.0005
  need_keypoint_loss=True, need_silhouette_loss=False
  Loss components (non-zero only):
    betas: 0.000002 (weight=0.0005)
    limb_scale_regularization: 0.013439 (weight=1e-05)
    limb_trans_regularization: 0.000000 (weight=0.5)
    joint_angle_regularization: 0.122245 (weight=2e-07)
    joint_limit_regularization: 0.000000 (weight=0.001)
    keypoint_2d: 0.000005 (weight=0.1)
    keypoint_3d: 0.000000 (weight=2)

WARNING: Near-zero total loss detected: 8.97e-07
  Valid samples: 16/16
  Dataset composition: {'unknown': 16}
  Availability masks present: True
  Availability summary:
    global_rot: 0/16 samples have real data
    joint_rot: 0/16 samples have real data
    betas: 16/16 samples have real data
    trans: 0/16 samples have real data
    fov: 0/16 samples have real data
    cam_rot: 0/16 samples have real data
    cam_trans: 0/16 samples have real data
    log_beta_scales: 0/16 samples have real data
    betas_trans: 0/16 samples have real data
    keypoint_2d: 16/16 samples have real data
    keypoint_3d: 16/16 samples have real data
    silhouette: 0/16 samples have real data
  Loss weights: keypoint_2d=0.1, betas=0.0005
  need_keypoint_loss=True, need_silhouette_loss=False
  Loss components (non-zero only):
    betas: 0.000001 (weight=0.0005)
    limb_scale_regularization: 0.013355 (weight=1e-05)
    limb_trans_regularization: 0.000000 (weight=0.5)
    joint_angle_regularization: 0.123901 (weight=2e-07)
    joint_limit_regularization: 0.000003 (weight=0.001)
    keypoint_2d: 0.000005 (weight=0.1)
    keypoint_3d: 0.000000 (weight=2)

WARNING: Near-zero total loss detected: 9.35e-07
  Valid samples: 16/16
  Dataset composition: {'unknown': 16}
  Availability masks present: True
  Availability summary:
    global_rot: 0/16 samples have real data
    joint_rot: 0/16 samples have real data
    betas: 16/16 samples have real data
    trans: 0/16 samples have real data
    fov: 0/16 samples have real data
    cam_rot: 0/16 samples have real data
    cam_trans: 0/16 samples have real data
    log_beta_scales: 0/16 samples have real data
    betas_trans: 0/16 samples have real data
    keypoint_2d: 16/16 samples have real data
    keypoint_3d: 16/16 samples have real data
    silhouette: 0/16 samples have real data
  Loss weights: keypoint_2d=0.1, betas=0.0005
  need_keypoint_loss=True, need_silhouette_loss=False
  Loss components (non-zero only):
    betas: 0.000002 (weight=0.0005)
    limb_scale_regularization: 0.013239 (weight=1e-05)
    limb_trans_regularization: 0.000000 (weight=0.5)
    joint_angle_regularization: 0.121884 (weight=2e-07)
    joint_limit_regularization: 0.000003 (weight=0.001)
    keypoint_2d: 0.000005 (weight=0.1)
    keypoint_3d: 0.000000 (weight=2)

WARNING: Near-zero total loss detected: 8.78e-07
  Valid samples: 16/16
  Dataset composition: {'unknown': 16}
  Availability masks present: True
  Availability summary:
    global_rot: 0/16 samples have real data
    joint_rot: 0/16 samples have real data
    betas: 16/16 samples have real data
    trans: 0/16 samples have real data
    fov: 0/16 samples have real data
    cam_rot: 0/16 samples have real data
    cam_trans: 0/16 samples have real data
    log_beta_scales: 0/16 samples have real data
    betas_trans: 0/16 samples have real data
    keypoint_2d: 16/16 samples have real data
    keypoint_3d: 16/16 samples have real data
    silhouette: 0/16 samples have real data
  Loss weights: keypoint_2d=0.1, betas=0.0005
  need_keypoint_loss=True, need_silhouette_loss=False
  Loss components (non-zero only):
    betas: 0.000003 (weight=0.0005)
    limb_scale_regularization: 0.013127 (weight=1e-05)
    limb_trans_regularization: 0.000000 (weight=0.5)
    joint_angle_regularization: 0.121873 (weight=2e-07)
    joint_limit_regularization: 0.000001 (weight=0.001)
    keypoint_2d: 0.000004 (weight=0.1)
    keypoint_3d: 0.000000 (weight=2)

Epoch 408:
  Train Loss = 0.000003, Val Loss = 0.000002, LR = 1.00e-05
  Parameter Errors (Train / Val):
    betas          : 0.000053 / 0.000009
    betas_trans    : 0.000000 / 0.000000
    cam_rot        : 0.000000 / 0.000000
    cam_trans      : 0.000000 / 0.000000
    fov            : 0.000000 / 0.000000
    global_rot     : 0.000000 / 0.000000
    joint_angle_regularization: 0.107034 / 0.107511
    joint_limit_regularization: 0.000070 / 0.000062
    joint_rot      : 0.000000 / 0.000000
    keypoint_2d    : 0.000017 / 0.000014
    keypoint_3d    : 0.000000 / 0.000000
    limb_scale_regularization: 0.016802 / 0.017088
    limb_trans_regularization: 0.000000 / 0.000000
    log_beta_scales: 0.000000 / 0.000000
    silhouette     : 0.000000 / 0.000000
    trans          : 0.000000 / 0.000000

WARNING: Near-zero total loss detected: 9.47e-07
  Valid samples: 16/16
  Dataset composition: {'unknown': 16}
  Availability masks present: True
  Availability summary:
    global_rot: 0/16 samples have real data
    joint_rot: 0/16 samples have real data
    betas: 16/16 samples have real data
    trans: 0/16 samples have real data
    fov: 0/16 samples have real data
    cam_rot: 0/16 samples have real data
    cam_trans: 0/16 samples have real data
    log_beta_scales: 0/16 samples have real data
    betas_trans: 0/16 samples have real data
    keypoint_2d: 16/16 samples have real data
    keypoint_3d: 16/16 samples have real data
    silhouette: 0/16 samples have real data
  Loss weights: keypoint_2d=0.1, betas=0.0005
  need_keypoint_loss=True, need_silhouette_loss=False
  Loss components (non-zero only):
    betas: 0.000004 (weight=0.0005)
    limb_scale_regularization: 0.013639 (weight=1e-05)
    limb_trans_regularization: 0.000000 (weight=0.5)
    joint_angle_regularization: 0.122991 (weight=2e-07)
    joint_limit_regularization: 0.000000 (weight=0.001)
    keypoint_2d: 0.000005 (weight=0.1)
    keypoint_3d: 0.000000 (weight=2)

WARNING: Near-zero total loss detected: 9.89e-07
  Valid samples: 16/16
  Dataset composition: {'unknown': 16}
  Availability masks present: True
  Availability summary:
    global_rot: 0/16 samples have real data
    joint_rot: 0/16 samples have real data
    betas: 16/16 samples have real data
    trans: 0/16 samples have real data
    fov: 0/16 samples have real data
    cam_rot: 0/16 samples have real data
    cam_trans: 0/16 samples have real data
    log_beta_scales: 0/16 samples have real data
    betas_trans: 0/16 samples have real data
    keypoint_2d: 16/16 samples have real data
    keypoint_3d: 16/16 samples have real data
    silhouette: 0/16 samples have real data
  Loss weights: keypoint_2d=0.1, betas=0.0005
  need_keypoint_loss=True, need_silhouette_loss=False
  Loss components (non-zero only):
    betas: 0.000006 (weight=0.0005)
    limb_scale_regularization: 0.013635 (weight=1e-05)
    limb_trans_regularization: 0.000000 (weight=0.5)
    joint_angle_regularization: 0.122106 (weight=2e-07)
    joint_limit_regularization: 0.000003 (weight=0.001)
    keypoint_2d: 0.000005 (weight=0.1)
    keypoint_3d: 0.000000 (weight=2)

WARNING: Near-zero total loss detected: 9.44e-07
  Valid samples: 16/16
  Dataset composition: {'unknown': 16}
  Availability masks present: True
  Availability summary:
    global_rot: 0/16 samples have real data
    joint_rot: 0/16 samples have real data
    betas: 16/16 samples have real data
    trans: 0/16 samples have real data
    fov: 0/16 samples have real data
    cam_rot: 0/16 samples have real data
    cam_trans: 0/16 samples have real data
    log_beta_scales: 0/16 samples have real data
    betas_trans: 0/16 samples have real data
    keypoint_2d: 16/16 samples have real data
    keypoint_3d: 16/16 samples have real data
    silhouette: 0/16 samples have real data
  Loss weights: keypoint_2d=0.1, betas=0.0005
  need_keypoint_loss=True, need_silhouette_loss=False
  Loss components (non-zero only):
    betas: 0.000003 (weight=0.0005)
    limb_scale_regularization: 0.013603 (weight=1e-05)
    limb_trans_regularization: 0.000000 (weight=0.5)
    joint_angle_regularization: 0.122879 (weight=2e-07)
    joint_limit_regularization: 0.000000 (weight=0.001)
    keypoint_2d: 0.000005 (weight=0.1)
    keypoint_3d: 0.000000 (weight=2)

WARNING: Near-zero total loss detected: 9.93e-07
  Valid samples: 16/16
  Dataset composition: {'unknown': 16}
  Availability masks present: True
  Availability summary:
    global_rot: 0/16 samples have real data
    joint_rot: 0/16 samples have real data
    betas: 16/16 samples have real data
    trans: 0/16 samples have real data
    fov: 0/16 samples have real data
    cam_rot: 0/16 samples have real data
    cam_trans: 0/16 samples have real data
    log_beta_scales: 0/16 samples have real data
    betas_trans: 0/16 samples have real data
    keypoint_2d: 16/16 samples have real data
    keypoint_3d: 16/16 samples have real data
    silhouette: 0/16 samples have real data
  Loss weights: keypoint_2d=0.1, betas=0.0005
  need_keypoint_loss=True, need_silhouette_loss=False
  Loss components (non-zero only):
    betas: 0.000004 (weight=0.0005)
    limb_scale_regularization: 0.013388 (weight=1e-05)
    limb_trans_regularization: 0.000000 (weight=0.5)
    joint_angle_regularization: 0.120614 (weight=2e-07)
    joint_limit_regularization: 0.000004 (weight=0.001)
    keypoint_2d: 0.000005 (weight=0.1)
    keypoint_3d: 0.000000 (weight=2)

WARNING: Near-zero total loss detected: 9.82e-07
  Valid samples: 16/16
  Dataset composition: {'unknown': 16}
  Availability masks present: True
  Availability summary:
    global_rot: 0/16 samples have real data
    joint_rot: 0/16 samples have real data
    betas: 16/16 samples have real data
    trans: 0/16 samples have real data
    fov: 0/16 samples have real data
    cam_rot: 0/16 samples have real data
    cam_trans: 0/16 samples have real data
    log_beta_scales: 0/16 samples have real data
    betas_trans: 0/16 samples have real data
    keypoint_2d: 16/16 samples have real data
    keypoint_3d: 16/16 samples have real data
    silhouette: 0/16 samples have real data
  Loss weights: keypoint_2d=0.1, betas=0.0005
  need_keypoint_loss=True, need_silhouette_loss=False
  Loss components (non-zero only):
    betas: 0.000002 (weight=0.0005)
    limb_scale_regularization: 0.013643 (weight=1e-05)
    limb_trans_regularization: 0.000000 (weight=0.5)
    joint_angle_regularization: 0.122593 (weight=2e-07)
    joint_limit_regularization: 0.000002 (weight=0.001)
    keypoint_2d: 0.000005 (weight=0.1)
    keypoint_3d: 0.000000 (weight=2)

WARNING: Near-zero total loss detected: 9.92e-07
  Valid samples: 16/16
  Dataset composition: {'unknown': 16}
  Availability masks present: True
  Availability summary:
    global_rot: 0/16 samples have real data
    joint_rot: 0/16 samples have real data
    betas: 16/16 samples have real data
    trans: 0/16 samples have real data
    fov: 0/16 samples have real data
    cam_rot: 0/16 samples have real data
    cam_trans: 0/16 samples have real data
    log_beta_scales: 0/16 samples have real data
    betas_trans: 0/16 samples have real data
    keypoint_2d: 16/16 samples have real data
    keypoint_3d: 16/16 samples have real data
    silhouette: 0/16 samples have real data
  Loss weights: keypoint_2d=0.1, betas=0.0005
  need_keypoint_loss=True, need_silhouette_loss=False
  Loss components (non-zero only):
    betas: 0.000003 (weight=0.0005)
    limb_scale_regularization: 0.013532 (weight=1e-05)
    limb_trans_regularization: 0.000000 (weight=0.5)
    joint_angle_regularization: 0.120484 (weight=2e-07)
    joint_limit_regularization: 0.000001 (weight=0.001)
    keypoint_2d: 0.000005 (weight=0.1)
    keypoint_3d: 0.000000 (weight=2)

WARNING: Near-zero total loss detected: 8.62e-07
  Valid samples: 16/16
  Dataset composition: {'unknown': 16}
  Availability masks present: True
  Availability summary:
    global_rot: 0/16 samples have real data
    joint_rot: 0/16 samples have real data
    betas: 16/16 samples have real data
    trans: 0/16 samples have real data
    fov: 0/16 samples have real data
    cam_rot: 0/16 samples have real data
    cam_trans: 0/16 samples have real data
    log_beta_scales: 0/16 samples have real data
    betas_trans: 0/16 samples have real data
    keypoint_2d: 16/16 samples have real data
    keypoint_3d: 16/16 samples have real data
    silhouette: 0/16 samples have real data
  Loss weights: keypoint_2d=0.1, betas=0.0005
  need_keypoint_loss=True, need_silhouette_loss=False
  Loss components (non-zero only):
    betas: 0.000002 (weight=0.0005)
    limb_scale_regularization: 0.013320 (weight=1e-05)
    limb_trans_regularization: 0.000000 (weight=0.5)
    joint_angle_regularization: 0.122045 (weight=2e-07)
    joint_limit_regularization: 0.000001 (weight=0.001)
    keypoint_2d: 0.000004 (weight=0.1)
    keypoint_3d: 0.000000 (weight=2)

Epoch 409:
  Train Loss = 0.000003, Val Loss = 0.000002, LR = 1.00e-05
  Parameter Errors (Train / Val):
    betas          : 0.000052 / 0.000009
    betas_trans    : 0.000000 / 0.000000
    cam_rot        : 0.000000 / 0.000000
    cam_trans      : 0.000000 / 0.000000
    fov            : 0.000000 / 0.000000
    global_rot     : 0.000000 / 0.000000
    joint_angle_regularization: 0.107232 / 0.107821
    joint_limit_regularization: 0.000069 / 0.000060
    joint_rot      : 0.000000 / 0.000000
    keypoint_2d    : 0.000017 / 0.000014
    keypoint_3d    : 0.000000 / 0.000000
    limb_scale_regularization: 0.017085 / 0.017370
    limb_trans_regularization: 0.000000 / 0.000000
    log_beta_scales: 0.000000 / 0.000000
    silhouette     : 0.000000 / 0.000000
    trans          : 0.000000 / 0.000000
  Checkpoint saved at epoch 409
Visualizing 5 samples from dataset: unknown
Generated 5 visualization images for epoch 409 in /hpcwork/mkd34160/smilify_runs/singleview_lam1e-3/visualizations/epoch_409
Visualizing 5 samples from dataset: unknown
Generated 5 visualization images for epoch 409 in /hpcwork/mkd34160/smilify_runs/singleview_lam1e-3/visualizations_train/epoch_409

WARNING: Near-zero total loss detected: 8.66e-07
  Valid samples: 16/16
  Dataset composition: {'unknown': 16}
  Availability masks present: True
  Availability summary:
    global_rot: 0/16 samples have real data
    joint_rot: 0/16 samples have real data
    betas: 16/16 samples have real data
    trans: 0/16 samples have real data
    fov: 0/16 samples have real data
    cam_rot: 0/16 samples have real data
    cam_trans: 0/16 samples have real data
    log_beta_scales: 0/16 samples have real data
    betas_trans: 0/16 samples have real data
    keypoint_2d: 16/16 samples have real data
    keypoint_3d: 16/16 samples have real data
    silhouette: 0/16 samples have real data
  Loss weights: keypoint_2d=0.1, betas=0.0005
  need_keypoint_loss=True, need_silhouette_loss=False
  Loss components (non-zero only):
    betas: 0.000003 (weight=0.0005)
    limb_scale_regularization: 0.013860 (weight=1e-05)
    limb_trans_regularization: 0.000000 (weight=0.5)
    joint_angle_regularization: 0.123104 (weight=2e-07)
    joint_limit_regularization: 0.000000 (weight=0.001)
    keypoint_2d: 0.000004 (weight=0.1)
    keypoint_3d: 0.000000 (weight=2)

WARNING: Near-zero total loss detected: 9.31e-07
  Valid samples: 16/16
  Dataset composition: {'unknown': 16}
  Availability masks present: True
  Availability summary:
    global_rot: 0/16 samples have real data
    joint_rot: 0/16 samples have real data
    betas: 16/16 samples have real data
    trans: 0/16 samples have real data
    fov: 0/16 samples have real data
    cam_rot: 0/16 samples have real data
    cam_trans: 0/16 samples have real data
    log_beta_scales: 0/16 samples have real data
    betas_trans: 0/16 samples have real data
    keypoint_2d: 16/16 samples have real data
    keypoint_3d: 16/16 samples have real data
    silhouette: 0/16 samples have real data
  Loss weights: keypoint_2d=0.1, betas=0.0005
  need_keypoint_loss=True, need_silhouette_loss=False
  Loss components (non-zero only):
    betas: 0.000003 (weight=0.0005)
    limb_scale_regularization: 0.013644 (weight=1e-05)
    limb_trans_regularization: 0.000000 (weight=0.5)
    joint_angle_regularization: 0.120805 (weight=2e-07)
    joint_limit_regularization: 0.000005 (weight=0.001)
    keypoint_2d: 0.000005 (weight=0.1)
    keypoint_3d: 0.000000 (weight=2)

WARNING: Near-zero total loss detected: 9.56e-07
  Valid samples: 16/16
  Dataset composition: {'unknown': 16}
  Availability masks present: True
  Availability summary:
    global_rot: 0/16 samples have real data
    joint_rot: 0/16 samples have real data
    betas: 16/16 samples have real data
    trans: 0/16 samples have real data
    fov: 0/16 samples have real data
    cam_rot: 0/16 samples have real data
    cam_trans: 0/16 samples have real data
    log_beta_scales: 0/16 samples have real data
    betas_trans: 0/16 samples have real data
    keypoint_2d: 16/16 samples have real data
    keypoint_3d: 16/16 samples have real data
    silhouette: 0/16 samples have real data
  Loss weights: keypoint_2d=0.1, betas=0.0005
  need_keypoint_loss=True, need_silhouette_loss=False
  Loss components (non-zero only):
    betas: 0.000002 (weight=0.0005)
    limb_scale_regularization: 0.013803 (weight=1e-05)
    limb_trans_regularization: 0.000000 (weight=0.5)
    joint_angle_regularization: 0.122882 (weight=2e-07)
    joint_limit_regularization: 0.000002 (weight=0.001)
    keypoint_2d: 0.000005 (weight=0.1)
    keypoint_3d: 0.000000 (weight=2)

WARNING: Near-zero total loss detected: 9.99e-07
  Valid samples: 16/16
  Dataset composition: {'unknown': 16}
  Availability masks present: True
  Availability summary:
    global_rot: 0/16 samples have real data
    joint_rot: 0/16 samples have real data
    betas: 16/16 samples have real data
    trans: 0/16 samples have real data
    fov: 0/16 samples have real data
    cam_rot: 0/16 samples have real data
    cam_trans: 0/16 samples have real data
    log_beta_scales: 0/16 samples have real data
    betas_trans: 0/16 samples have real data
    keypoint_2d: 16/16 samples have real data
    keypoint_3d: 16/16 samples have real data
    silhouette: 0/16 samples have real data
  Loss weights: keypoint_2d=0.1, betas=0.0005
  need_keypoint_loss=True, need_silhouette_loss=False
  Loss components (non-zero only):
    betas: 0.000003 (weight=0.0005)
    limb_scale_regularization: 0.013801 (weight=1e-05)
    limb_trans_regularization: 0.000000 (weight=0.5)
    joint_angle_regularization: 0.122066 (weight=2e-07)
    joint_limit_regularization: 0.000004 (weight=0.001)
    keypoint_2d: 0.000005 (weight=0.1)
    keypoint_3d: 0.000000 (weight=2)

WARNING: Near-zero total loss detected: 9.32e-07
  Valid samples: 16/16
  Dataset composition: {'unknown': 16}
  Availability masks present: True
  Availability summary:
    global_rot: 0/16 samples have real data
    joint_rot: 0/16 samples have real data
    betas: 16/16 samples have real data
    trans: 0/16 samples have real data
    fov: 0/16 samples have real data
    cam_rot: 0/16 samples have real data
    cam_trans: 0/16 samples have real data
    log_beta_scales: 0/16 samples have real data
    betas_trans: 0/16 samples have real data
    keypoint_2d: 16/16 samples have real data
    keypoint_3d: 16/16 samples have real data
    silhouette: 0/16 samples have real data
  Loss weights: keypoint_2d=0.1, betas=0.0005
  need_keypoint_loss=True, need_silhouette_loss=False
  Loss components (non-zero only):
    betas: 0.000005 (weight=0.0005)
    limb_scale_regularization: 0.013851 (weight=1e-05)
    limb_trans_regularization: 0.000000 (weight=0.5)
    joint_angle_regularization: 0.123437 (weight=2e-07)
    keypoint_2d: 0.000005 (weight=0.1)
    keypoint_3d: 0.000000 (weight=2)

WARNING: Near-zero total loss detected: 9.58e-07
  Valid samples: 16/16
  Dataset composition: {'unknown': 16}
  Availability masks present: True
  Availability summary:
    global_rot: 0/16 samples have real data
    joint_rot: 0/16 samples have real data
    betas: 16/16 samples have real data
    trans: 0/16 samples have real data
    fov: 0/16 samples have real data
    cam_rot: 0/16 samples have real data
    cam_trans: 0/16 samples have real data
    log_beta_scales: 0/16 samples have real data
    betas_trans: 0/16 samples have real data
    keypoint_2d: 16/16 samples have real data
    keypoint_3d: 16/16 samples have real data
    silhouette: 0/16 samples have real data
  Loss weights: keypoint_2d=0.1, betas=0.0005
  need_keypoint_loss=True, need_silhouette_loss=False
  Loss components (non-zero only):
    betas: 0.000006 (weight=0.0005)
    limb_scale_regularization: 0.013739 (weight=1e-05)
    limb_trans_regularization: 0.000000 (weight=0.5)
    joint_angle_regularization: 0.121374 (weight=2e-07)
    joint_limit_regularization: 0.000002 (weight=0.001)
    keypoint_2d: 0.000005 (weight=0.1)
    keypoint_3d: 0.000000 (weight=2)

WARNING: Near-zero total loss detected: 8.19e-07
  Valid samples: 16/16
  Dataset composition: {'unknown': 16}
  Availability masks present: True
  Availability summary:
    global_rot: 0/16 samples have real data
    joint_rot: 0/16 samples have real data
    betas: 16/16 samples have real data
    trans: 0/16 samples have real data
    fov: 0/16 samples have real data
    cam_rot: 0/16 samples have real data
    cam_trans: 0/16 samples have real data
    log_beta_scales: 0/16 samples have real data
    betas_trans: 0/16 samples have real data
    keypoint_2d: 16/16 samples have real data
    keypoint_3d: 16/16 samples have real data
    silhouette: 0/16 samples have real data
  Loss weights: keypoint_2d=0.1, betas=0.0005
  need_keypoint_loss=True, need_silhouette_loss=False
  Loss components (non-zero only):
    betas: 0.000001 (weight=0.0005)
    limb_scale_regularization: 0.013522 (weight=1e-05)
    limb_trans_regularization: 0.000000 (weight=0.5)
    joint_angle_regularization: 0.121434 (weight=2e-07)
    keypoint_2d: 0.000004 (weight=0.1)
    keypoint_3d: 0.000000 (weight=2)

WARNING: Near-zero total loss detected: 9.72e-07
  Valid samples: 16/16
  Dataset composition: {'unknown': 16}
  Availability masks present: True
  Availability summary:
    global_rot: 0/16 samples have real data
    joint_rot: 0/16 samples have real data
    betas: 16/16 samples have real data
    trans: 0/16 samples have real data
    fov: 0/16 samples have real data
    cam_rot: 0/16 samples have real data
    cam_trans: 0/16 samples have real data
    log_beta_scales: 0/16 samples have real data
    betas_trans: 0/16 samples have real data
    keypoint_2d: 16/16 samples have real data
    keypoint_3d: 16/16 samples have real data
    silhouette: 0/16 samples have real data
  Loss weights: keypoint_2d=0.1, betas=0.0005
  need_keypoint_loss=True, need_silhouette_loss=False
  Loss components (non-zero only):
    betas: 0.000002 (weight=0.0005)
    limb_scale_regularization: 0.013738 (weight=1e-05)
    limb_trans_regularization: 0.000000 (weight=0.5)
    joint_angle_regularization: 0.121848 (weight=2e-07)
    joint_limit_regularization: 0.000001 (weight=0.001)
    keypoint_2d: 0.000005 (weight=0.1)
    keypoint_3d: 0.000000 (weight=2)

Epoch 410:
  Train Loss = 0.000003, Val Loss = 0.000002, LR = 1.00e-05
  Parameter Errors (Train / Val):
    betas          : 0.000129 / 0.000010
    betas_trans    : 0.000000 / 0.000000
    cam_rot        : 0.000000 / 0.000000
    cam_trans      : 0.000000 / 0.000000
    fov            : 0.000000 / 0.000000
    global_rot     : 0.000000 / 0.000000
    joint_angle_regularization: 0.107711 / 0.108023
    joint_limit_regularization: 0.000065 / 0.000058
    joint_rot      : 0.000000 / 0.000000
    keypoint_2d    : 0.000017 / 0.000014
    keypoint_3d    : 0.000000 / 0.000000
    limb_scale_regularization: 0.017402 / 0.017609
    limb_trans_regularization: 0.000000 / 0.000000
    log_beta_scales: 0.000000 / 0.000000
    silhouette     : 0.000000 / 0.000000
    trans          : 0.000000 / 0.000000

WARNING: Near-zero total loss detected: 9.29e-07
  Valid samples: 16/16
  Dataset composition: {'unknown': 16}
  Availability masks present: True
  Availability summary:
    global_rot: 0/16 samples have real data
    joint_rot: 0/16 samples have real data
    betas: 16/16 samples have real data
    trans: 0/16 samples have real data
    fov: 0/16 samples have real data
    cam_rot: 0/16 samples have real data
    cam_trans: 0/16 samples have real data
    log_beta_scales: 0/16 samples have real data
    betas_trans: 0/16 samples have real data
    keypoint_2d: 16/16 samples have real data
    keypoint_3d: 16/16 samples have real data
    silhouette: 0/16 samples have real data
  Loss weights: keypoint_2d=0.1, betas=0.0005
  need_keypoint_loss=True, need_silhouette_loss=False
  Loss components (non-zero only):
    betas: 0.000004 (weight=0.0005)
    limb_scale_regularization: 0.014003 (weight=1e-05)
    limb_trans_regularization: 0.000000 (weight=0.5)
    joint_angle_regularization: 0.122812 (weight=2e-07)
    joint_limit_regularization: 0.000002 (weight=0.001)
    keypoint_2d: 0.000005 (weight=0.1)
    keypoint_3d: 0.000000 (weight=2)

WARNING: Near-zero total loss detected: 9.60e-07
  Valid samples: 16/16
  Dataset composition: {'unknown': 16}
  Availability masks present: True
  Availability summary:
    global_rot: 0/16 samples have real data
    joint_rot: 0/16 samples have real data
    betas: 16/16 samples have real data
    trans: 0/16 samples have real data
    fov: 0/16 samples have real data
    cam_rot: 0/16 samples have real data
    cam_trans: 0/16 samples have real data
    log_beta_scales: 0/16 samples have real data
    betas_trans: 0/16 samples have real data
    keypoint_2d: 16/16 samples have real data
    keypoint_3d: 16/16 samples have real data
    silhouette: 0/16 samples have real data
  Loss weights: keypoint_2d=0.1, betas=0.0005
  need_keypoint_loss=True, need_silhouette_loss=False
  Loss components (non-zero only):
    betas: 0.000004 (weight=0.0005)
    limb_scale_regularization: 0.013786 (weight=1e-05)
    limb_trans_regularization: 0.000000 (weight=0.5)
    joint_angle_regularization: 0.120561 (weight=2e-07)
    joint_limit_regularization: 0.000006 (weight=0.001)
    keypoint_2d: 0.000005 (weight=0.1)
    keypoint_3d: 0.000000 (weight=2)

WARNING: Near-zero total loss detected: 9.23e-07
  Valid samples: 16/16
  Dataset composition: {'unknown': 16}
  Availability masks present: True
  Availability summary:
    global_rot: 0/16 samples have real data
    joint_rot: 0/16 samples have real data
    betas: 16/16 samples have real data
    trans: 0/16 samples have real data
    fov: 0/16 samples have real data
    cam_rot: 0/16 samples have real data
    cam_trans: 0/16 samples have real data
    log_beta_scales: 0/16 samples have real data
    betas_trans: 0/16 samples have real data
    keypoint_2d: 16/16 samples have real data
    keypoint_3d: 16/16 samples have real data
    silhouette: 0/16 samples have real data
  Loss weights: keypoint_2d=0.1, betas=0.0005
  need_keypoint_loss=True, need_silhouette_loss=False
  Loss components (non-zero only):
    betas: 0.000003 (weight=0.0005)
    limb_scale_regularization: 0.014040 (weight=1e-05)
    limb_trans_regularization: 0.000000 (weight=0.5)
    joint_angle_regularization: 0.123508 (weight=2e-07)
    keypoint_2d: 0.000005 (weight=0.1)
    keypoint_3d: 0.000000 (weight=2)

WARNING: Near-zero total loss detected: 9.65e-07
  Valid samples: 16/16
  Dataset composition: {'unknown': 16}
  Availability masks present: True
  Availability summary:
    global_rot: 0/16 samples have real data
    joint_rot: 0/16 samples have real data
    betas: 16/16 samples have real data
    trans: 0/16 samples have real data
    fov: 0/16 samples have real data
    cam_rot: 0/16 samples have real data
    cam_trans: 0/16 samples have real data
    log_beta_scales: 0/16 samples have real data
    betas_trans: 0/16 samples have real data
    keypoint_2d: 16/16 samples have real data
    keypoint_3d: 16/16 samples have real data
    silhouette: 0/16 samples have real data
  Loss weights: keypoint_2d=0.1, betas=0.0005
  need_keypoint_loss=True, need_silhouette_loss=False
  Loss components (non-zero only):
    betas: 0.000005 (weight=0.0005)
    limb_scale_regularization: 0.014036 (weight=1e-05)
    limb_trans_regularization: 0.000000 (weight=0.5)
    joint_angle_regularization: 0.122688 (weight=2e-07)
    joint_limit_regularization: 0.000002 (weight=0.001)
    keypoint_2d: 0.000005 (weight=0.1)
    keypoint_3d: 0.000000 (weight=2)

WARNING: Near-zero total loss detected: 9.18e-07
  Valid samples: 16/16
  Dataset composition: {'unknown': 16}
  Availability masks present: True
  Availability summary:
    global_rot: 0/16 samples have real data
    joint_rot: 0/16 samples have real data
    betas: 16/16 samples have real data
    trans: 0/16 samples have real data
    fov: 0/16 samples have real data
    cam_rot: 0/16 samples have real data
    cam_trans: 0/16 samples have real data
    log_beta_scales: 0/16 samples have real data
    betas_trans: 0/16 samples have real data
    keypoint_2d: 16/16 samples have real data
    keypoint_3d: 16/16 samples have real data
    silhouette: 0/16 samples have real data
  Loss weights: keypoint_2d=0.1, betas=0.0005
  need_keypoint_loss=True, need_silhouette_loss=False
  Loss components (non-zero only):
    betas: 0.000002 (weight=0.0005)
    limb_scale_regularization: 0.014047 (weight=1e-05)
    limb_trans_regularization: 0.000000 (weight=0.5)
    joint_angle_regularization: 0.123912 (weight=2e-07)
    joint_limit_regularization: 0.000001 (weight=0.001)
    keypoint_2d: 0.000005 (weight=0.1)
    keypoint_3d: 0.000000 (weight=2)

WARNING: Near-zero total loss detected: 9.80e-07
  Valid samples: 16/16
  Dataset composition: {'unknown': 16}
  Availability masks present: True
  Availability summary:
    global_rot: 0/16 samples have real data
    joint_rot: 0/16 samples have real data
    betas: 16/16 samples have real data
    trans: 0/16 samples have real data
    fov: 0/16 samples have real data
    cam_rot: 0/16 samples have real data
    cam_trans: 0/16 samples have real data
    log_beta_scales: 0/16 samples have real data
    betas_trans: 0/16 samples have real data
    keypoint_2d: 16/16 samples have real data
    keypoint_3d: 16/16 samples have real data
    silhouette: 0/16 samples have real data
  Loss weights: keypoint_2d=0.1, betas=0.0005
  need_keypoint_loss=True, need_silhouette_loss=False
  Loss components (non-zero only):
    betas: 0.000004 (weight=0.0005)
    limb_scale_regularization: 0.013936 (weight=1e-05)
    limb_trans_regularization: 0.000000 (weight=0.5)
    joint_angle_regularization: 0.121796 (weight=2e-07)
    joint_limit_regularization: 0.000003 (weight=0.001)
    keypoint_2d: 0.000005 (weight=0.1)
    keypoint_3d: 0.000000 (weight=2)

WARNING: Near-zero total loss detected: 8.71e-07
  Valid samples: 16/16
  Dataset composition: {'unknown': 16}
  Availability masks present: True
  Availability summary:
    global_rot: 0/16 samples have real data
    joint_rot: 0/16 samples have real data
    betas: 16/16 samples have real data
    trans: 0/16 samples have real data
    fov: 0/16 samples have real data
    cam_rot: 0/16 samples have real data
    cam_trans: 0/16 samples have real data
    log_beta_scales: 0/16 samples have real data
    betas_trans: 0/16 samples have real data
    keypoint_2d: 16/16 samples have real data
    keypoint_3d: 16/16 samples have real data
    silhouette: 0/16 samples have real data
  Loss weights: keypoint_2d=0.1, betas=0.0005
  need_keypoint_loss=True, need_silhouette_loss=False
  Loss components (non-zero only):
    betas: 0.000002 (weight=0.0005)
    limb_scale_regularization: 0.013681 (weight=1e-05)
    limb_trans_regularization: 0.000000 (weight=0.5)
    joint_angle_regularization: 0.122627 (weight=2e-07)
    joint_limit_regularization: 0.000000 (weight=0.001)
    keypoint_2d: 0.000004 (weight=0.1)
    keypoint_3d: 0.000000 (weight=2)

Epoch 411:
  Train Loss = 0.000003, Val Loss = 0.000002, LR = 1.00e-05
  Parameter Errors (Train / Val):
    betas          : 0.000051 / 0.000009
    betas_trans    : 0.000000 / 0.000000
    cam_rot        : 0.000000 / 0.000000
    cam_trans      : 0.000000 / 0.000000
    fov            : 0.000000 / 0.000000
    global_rot     : 0.000000 / 0.000000
    joint_angle_regularization: 0.108107 / 0.108371
    joint_limit_regularization: 0.000064 / 0.000057
    joint_rot      : 0.000000 / 0.000000
    keypoint_2d    : 0.000017 / 0.000014
    keypoint_3d    : 0.000000 / 0.000000
    limb_scale_regularization: 0.017670 / 0.017827
    limb_trans_regularization: 0.000000 / 0.000000
    log_beta_scales: 0.000000 / 0.000000
    silhouette     : 0.000000 / 0.000000
    trans          : 0.000000 / 0.000000
  Checkpoint saved at epoch 411

WARNING: Near-zero total loss detected: 9.20e-07
  Valid samples: 16/16
  Dataset composition: {'unknown': 16}
  Availability masks present: True
  Availability summary:
    global_rot: 0/16 samples have real data
    joint_rot: 0/16 samples have real data
    betas: 16/16 samples have real data
    trans: 0/16 samples have real data
    fov: 0/16 samples have real data
    cam_rot: 0/16 samples have real data
    cam_trans: 0/16 samples have real data
    log_beta_scales: 0/16 samples have real data
    betas_trans: 0/16 samples have real data
    keypoint_2d: 16/16 samples have real data
    keypoint_3d: 16/16 samples have real data
    silhouette: 0/16 samples have real data
  Loss weights: keypoint_2d=0.1, betas=0.0005
  need_keypoint_loss=True, need_silhouette_loss=False
  Loss components (non-zero only):
    betas: 0.000002 (weight=0.0005)
    limb_scale_regularization: 0.014153 (weight=1e-05)
    limb_trans_regularization: 0.000000 (weight=0.5)
    joint_angle_regularization: 0.122863 (weight=2e-07)
    keypoint_2d: 0.000005 (weight=0.1)
    keypoint_3d: 0.000000 (weight=2)

WARNING: Near-zero total loss detected: 9.45e-07
  Valid samples: 16/16
  Dataset composition: {'unknown': 16}
  Availability masks present: True
  Availability summary:
    global_rot: 0/16 samples have real data
    joint_rot: 0/16 samples have real data
    betas: 16/16 samples have real data
    trans: 0/16 samples have real data
    fov: 0/16 samples have real data
    cam_rot: 0/16 samples have real data
    cam_trans: 0/16 samples have real data
    log_beta_scales: 0/16 samples have real data
    betas_trans: 0/16 samples have real data
    keypoint_2d: 16/16 samples have real data
    keypoint_3d: 16/16 samples have real data
    silhouette: 0/16 samples have real data
  Loss weights: keypoint_2d=0.1, betas=0.0005
  need_keypoint_loss=True, need_silhouette_loss=False
  Loss components (non-zero only):
    betas: 0.000003 (weight=0.0005)
    limb_scale_regularization: 0.014147 (weight=1e-05)
    limb_trans_regularization: 0.000000 (weight=0.5)
    joint_angle_regularization: 0.122017 (weight=2e-07)
    joint_limit_regularization: 0.000003 (weight=0.001)
    keypoint_2d: 0.000005 (weight=0.1)
    keypoint_3d: 0.000000 (weight=2)

WARNING: Near-zero total loss detected: 8.93e-07
  Valid samples: 16/16
  Dataset composition: {'unknown': 16}
  Availability masks present: True
  Availability summary:
    global_rot: 0/16 samples have real data
    joint_rot: 0/16 samples have real data
    betas: 16/16 samples have real data
    trans: 0/16 samples have real data
    fov: 0/16 samples have real data
    cam_rot: 0/16 samples have real data
    cam_trans: 0/16 samples have real data
    log_beta_scales: 0/16 samples have real data
    betas_trans: 0/16 samples have real data
    keypoint_2d: 16/16 samples have real data
    keypoint_3d: 16/16 samples have real data
    silhouette: 0/16 samples have real data
  Loss weights: keypoint_2d=0.1, betas=0.0005
  need_keypoint_loss=True, need_silhouette_loss=False
  Loss components (non-zero only):
    betas: 0.000009 (weight=0.0005)
    limb_scale_regularization: 0.014204 (weight=1e-05)
    limb_trans_regularization: 0.000000 (weight=0.5)
    joint_angle_regularization: 0.123132 (weight=2e-07)
    joint_limit_regularization: 0.000001 (weight=0.001)
    keypoint_2d: 0.000005 (weight=0.1)
    keypoint_3d: 0.000000 (weight=2)

WARNING: Near-zero total loss detected: 9.32e-07
  Valid samples: 16/16
  Dataset composition: {'unknown': 16}
  Availability masks present: True
  Availability summary:
    global_rot: 0/16 samples have real data
    joint_rot: 0/16 samples have real data
    betas: 16/16 samples have real data
    trans: 0/16 samples have real data
    fov: 0/16 samples have real data
    cam_rot: 0/16 samples have real data
    cam_trans: 0/16 samples have real data
    log_beta_scales: 0/16 samples have real data
    betas_trans: 0/16 samples have real data
    keypoint_2d: 16/16 samples have real data
    keypoint_3d: 16/16 samples have real data
    silhouette: 0/16 samples have real data
  Loss weights: keypoint_2d=0.1, betas=0.0005
  need_keypoint_loss=True, need_silhouette_loss=False
  Loss components (non-zero only):
    betas: 0.000007 (weight=0.0005)
    limb_scale_regularization: 0.013990 (weight=1e-05)
    limb_trans_regularization: 0.000000 (weight=0.5)
    joint_angle_regularization: 0.120723 (weight=2e-07)
    joint_limit_regularization: 0.000005 (weight=0.001)
    keypoint_2d: 0.000005 (weight=0.1)
    keypoint_3d: 0.000000 (weight=2)

WARNING: Near-zero total loss detected: 8.59e-07
  Valid samples: 16/16
  Dataset composition: {'unknown': 16}
  Availability masks present: True
  Availability summary:
    global_rot: 0/16 samples have real data
    joint_rot: 0/16 samples have real data
    betas: 16/16 samples have real data
    trans: 0/16 samples have real data
    fov: 0/16 samples have real data
    cam_rot: 0/16 samples have real data
    cam_trans: 0/16 samples have real data
    log_beta_scales: 0/16 samples have real data
    betas_trans: 0/16 samples have real data
    keypoint_2d: 16/16 samples have real data
    keypoint_3d: 16/16 samples have real data
    silhouette: 0/16 samples have real data
  Loss weights: keypoint_2d=0.1, betas=0.0005
  need_keypoint_loss=True, need_silhouette_loss=False
  Loss components (non-zero only):
    betas: 0.000006 (weight=0.0005)
    limb_scale_regularization: 0.013925 (weight=1e-05)
    limb_trans_regularization: 0.000000 (weight=0.5)
    joint_angle_regularization: 0.121652 (weight=2e-07)
    keypoint_2d: 0.000004 (weight=0.1)
    keypoint_3d: 0.000000 (weight=2)

WARNING: Near-zero total loss detected: 9.95e-07
  Valid samples: 16/16
  Dataset composition: {'unknown': 16}
  Availability masks present: True
  Availability summary:
    global_rot: 0/16 samples have real data
    joint_rot: 0/16 samples have real data
    betas: 16/16 samples have real data
    trans: 0/16 samples have real data
    fov: 0/16 samples have real data
    cam_rot: 0/16 samples have real data
    cam_trans: 0/16 samples have real data
    log_beta_scales: 0/16 samples have real data
    betas_trans: 0/16 samples have real data
    keypoint_2d: 16/16 samples have real data
    keypoint_3d: 16/16 samples have real data
    silhouette: 0/16 samples have real data
  Loss weights: keypoint_2d=0.1, betas=0.0005
  need_keypoint_loss=True, need_silhouette_loss=False
  Loss components (non-zero only):
    betas: 0.000007 (weight=0.0005)
    limb_scale_regularization: 0.014142 (weight=1e-05)
    limb_trans_regularization: 0.000000 (weight=0.5)
    joint_angle_regularization: 0.122112 (weight=2e-07)
    joint_limit_regularization: 0.000001 (weight=0.001)
    keypoint_2d: 0.000005 (weight=0.1)
    keypoint_3d: 0.000000 (weight=2)

WARNING: Near-zero total loss detected: 9.48e-07
  Valid samples: 16/16
  Dataset composition: {'unknown': 16}
  Availability masks present: True
  Availability summary:
    global_rot: 0/16 samples have real data
    joint_rot: 0/16 samples have real data
    betas: 16/16 samples have real data
    trans: 0/16 samples have real data
    fov: 0/16 samples have real data
    cam_rot: 0/16 samples have real data
    cam_trans: 0/16 samples have real data
    log_beta_scales: 0/16 samples have real data
    betas_trans: 0/16 samples have real data
    keypoint_2d: 16/16 samples have real data
    keypoint_3d: 16/16 samples have real data
    silhouette: 0/16 samples have real data
  Loss weights: keypoint_2d=0.1, betas=0.0005
  need_keypoint_loss=True, need_silhouette_loss=False
  Loss components (non-zero only):
    betas: 0.000002 (weight=0.0005)
    limb_scale_regularization: 0.014169 (weight=1e-05)
    limb_trans_regularization: 0.000000 (weight=0.5)
    joint_angle_regularization: 0.123808 (weight=2e-07)
    keypoint_2d: 0.000005 (weight=0.1)
    keypoint_3d: 0.000000 (weight=2)

WARNING: Near-zero total loss detected: 9.56e-07
  Valid samples: 16/16
  Dataset composition: {'unknown': 16}
  Availability masks present: True
  Availability summary:
    global_rot: 0/16 samples have real data
    joint_rot: 0/16 samples have real data
    betas: 16/16 samples have real data
    trans: 0/16 samples have real data
    fov: 0/16 samples have real data
    cam_rot: 0/16 samples have real data
    cam_trans: 0/16 samples have real data
    log_beta_scales: 0/16 samples have real data
    betas_trans: 0/16 samples have real data
    keypoint_2d: 16/16 samples have real data
    keypoint_3d: 16/16 samples have real data
    silhouette: 0/16 samples have real data
  Loss weights: keypoint_2d=0.1, betas=0.0005
  need_keypoint_loss=True, need_silhouette_loss=False
  Loss components (non-zero only):
    betas: 0.000003 (weight=0.0005)
    limb_scale_regularization: 0.014062 (weight=1e-05)
    limb_trans_regularization: 0.000000 (weight=0.5)
    joint_angle_regularization: 0.121754 (weight=2e-07)
    joint_limit_regularization: 0.000003 (weight=0.001)
    keypoint_2d: 0.000005 (weight=0.1)
    keypoint_3d: 0.000000 (weight=2)

Epoch 412:
  Train Loss = 0.000003, Val Loss = 0.000002, LR = 1.00e-05
  Parameter Errors (Train / Val):
    betas          : 0.000052 / 0.000010
    betas_trans    : 0.000000 / 0.000000
    cam_rot        : 0.000000 / 0.000000
    cam_trans      : 0.000000 / 0.000000
    fov            : 0.000000 / 0.000000
    global_rot     : 0.000000 / 0.000000
    joint_angle_regularization: 0.108140 / 0.108520
    joint_limit_regularization: 0.000064 / 0.000055
    joint_rot      : 0.000000 / 0.000000
    keypoint_2d    : 0.000016 / 0.000014
    keypoint_3d    : 0.000000 / 0.000000
    limb_scale_regularization: 0.017826 / 0.018021
    limb_trans_regularization: 0.000000 / 0.000000
    log_beta_scales: 0.000000 / 0.000000
    silhouette     : 0.000000 / 0.000000
    trans          : 0.000000 / 0.000000

WARNING: Near-zero total loss detected: 9.38e-07
  Valid samples: 16/16
  Dataset composition: {'unknown': 16}
  Availability masks present: True
  Availability summary:
    global_rot: 0/16 samples have real data
    joint_rot: 0/16 samples have real data
    betas: 16/16 samples have real data
    trans: 0/16 samples have real data
    fov: 0/16 samples have real data
    cam_rot: 0/16 samples have real data
    cam_trans: 0/16 samples have real data
    log_beta_scales: 0/16 samples have real data
    betas_trans: 0/16 samples have real data
    keypoint_2d: 16/16 samples have real data
    keypoint_3d: 16/16 samples have real data
    silhouette: 0/16 samples have real data
  Loss weights: keypoint_2d=0.1, betas=0.0005
  need_keypoint_loss=True, need_silhouette_loss=False
  Loss components (non-zero only):
    betas: 0.000005 (weight=0.0005)
    limb_scale_regularization: 0.014276 (weight=1e-05)
    limb_trans_regularization: 0.000000 (weight=0.5)
    joint_angle_regularization: 0.123131 (weight=2e-07)
    keypoint_2d: 0.000005 (weight=0.1)
    keypoint_3d: 0.000000 (weight=2)

WARNING: Near-zero total loss detected: 9.77e-07
  Valid samples: 16/16
  Dataset composition: {'unknown': 16}
  Availability masks present: True
  Availability summary:
    global_rot: 0/16 samples have real data
    joint_rot: 0/16 samples have real data
    betas: 16/16 samples have real data
    trans: 0/16 samples have real data
    fov: 0/16 samples have real data
    cam_rot: 0/16 samples have real data
    cam_trans: 0/16 samples have real data
    log_beta_scales: 0/16 samples have real data
    betas_trans: 0/16 samples have real data
    keypoint_2d: 16/16 samples have real data
    keypoint_3d: 16/16 samples have real data
    silhouette: 0/16 samples have real data
  Loss weights: keypoint_2d=0.1, betas=0.0005
  need_keypoint_loss=True, need_silhouette_loss=False
  Loss components (non-zero only):
    betas: 0.000005 (weight=0.0005)
    limb_scale_regularization: 0.014270 (weight=1e-05)
    limb_trans_regularization: 0.000000 (weight=0.5)
    joint_angle_regularization: 0.122316 (weight=2e-07)
    joint_limit_regularization: 0.000003 (weight=0.001)
    keypoint_2d: 0.000005 (weight=0.1)
    keypoint_3d: 0.000000 (weight=2)

WARNING: Near-zero total loss detected: 8.99e-07
  Valid samples: 16/16
  Dataset composition: {'unknown': 16}
  Availability masks present: True
  Availability summary:
    global_rot: 0/16 samples have real data
    joint_rot: 0/16 samples have real data
    betas: 16/16 samples have real data
    trans: 0/16 samples have real data
    fov: 0/16 samples have real data
    cam_rot: 0/16 samples have real data
    cam_trans: 0/16 samples have real data
    log_beta_scales: 0/16 samples have real data
    betas_trans: 0/16 samples have real data
    keypoint_2d: 16/16 samples have real data
    keypoint_3d: 16/16 samples have real data
    silhouette: 0/16 samples have real data
  Loss weights: keypoint_2d=0.1, betas=0.0005
  need_keypoint_loss=True, need_silhouette_loss=False
  Loss components (non-zero only):
    betas: 0.000005 (weight=0.0005)
    limb_scale_regularization: 0.014320 (weight=1e-05)
    limb_trans_regularization: 0.000000 (weight=0.5)
    joint_angle_regularization: 0.123560 (weight=2e-07)
    joint_limit_regularization: 0.000002 (weight=0.001)
    keypoint_2d: 0.000005 (weight=0.1)
    keypoint_3d: 0.000000 (weight=2)

WARNING: Near-zero total loss detected: 8.64e-07
  Valid samples: 16/16
  Dataset composition: {'unknown': 16}
  Availability masks present: True
  Availability summary:
    global_rot: 0/16 samples have real data
    joint_rot: 0/16 samples have real data
    betas: 16/16 samples have real data
    trans: 0/16 samples have real data
    fov: 0/16 samples have real data
    cam_rot: 0/16 samples have real data
    cam_trans: 0/16 samples have real data
    log_beta_scales: 0/16 samples have real data
    betas_trans: 0/16 samples have real data
    keypoint_2d: 16/16 samples have real data
    keypoint_3d: 16/16 samples have real data
    silhouette: 0/16 samples have real data
  Loss weights: keypoint_2d=0.1, betas=0.0005
  need_keypoint_loss=True, need_silhouette_loss=False
  Loss components (non-zero only):
    betas: 0.000006 (weight=0.0005)
    limb_scale_regularization: 0.014334 (weight=1e-05)
    limb_trans_regularization: 0.000000 (weight=0.5)
    joint_angle_regularization: 0.122255 (weight=2e-07)
    keypoint_2d: 0.000004 (weight=0.1)
    keypoint_3d: 0.000000 (weight=2)

WARNING: Near-zero total loss detected: 9.42e-07
  Valid samples: 16/16
  Dataset composition: {'unknown': 16}
  Availability masks present: True
  Availability summary:
    global_rot: 0/16 samples have real data
    joint_rot: 0/16 samples have real data
    betas: 16/16 samples have real data
    trans: 0/16 samples have real data
    fov: 0/16 samples have real data
    cam_rot: 0/16 samples have real data
    cam_trans: 0/16 samples have real data
    log_beta_scales: 0/16 samples have real data
    betas_trans: 0/16 samples have real data
    keypoint_2d: 16/16 samples have real data
    keypoint_3d: 16/16 samples have real data
    silhouette: 0/16 samples have real data
  Loss weights: keypoint_2d=0.1, betas=0.0005
  need_keypoint_loss=True, need_silhouette_loss=False
  Loss components (non-zero only):
    betas: 0.000005 (weight=0.0005)
    limb_scale_regularization: 0.014211 (weight=1e-05)
    limb_trans_regularization: 0.000000 (weight=0.5)
    joint_angle_regularization: 0.121518 (weight=2e-07)
    joint_limit_regularization: 0.000005 (weight=0.001)
    keypoint_2d: 0.000005 (weight=0.1)
    keypoint_3d: 0.000000 (weight=2)

WARNING: Near-zero total loss detected: 9.21e-07
  Valid samples: 16/16
  Dataset composition: {'unknown': 16}
  Availability masks present: True
  Availability summary:
    global_rot: 0/16 samples have real data
    joint_rot: 0/16 samples have real data
    betas: 16/16 samples have real data
    trans: 0/16 samples have real data
    fov: 0/16 samples have real data
    cam_rot: 0/16 samples have real data
    cam_trans: 0/16 samples have real data
    log_beta_scales: 0/16 samples have real data
    betas_trans: 0/16 samples have real data
    keypoint_2d: 16/16 samples have real data
    keypoint_3d: 16/16 samples have real data
    silhouette: 0/16 samples have real data
  Loss weights: keypoint_2d=0.1, betas=0.0005
  need_keypoint_loss=True, need_silhouette_loss=False
  Loss components (non-zero only):
    betas: 0.000005 (weight=0.0005)
    limb_scale_regularization: 0.014119 (weight=1e-05)
    limb_trans_regularization: 0.000000 (weight=0.5)
    joint_angle_regularization: 0.120046 (weight=2e-07)
    joint_limit_regularization: 0.000003 (weight=0.001)
    keypoint_2d: 0.000005 (weight=0.1)
    keypoint_3d: 0.000000 (weight=2)

WARNING: Near-zero total loss detected: 8.29e-07
  Valid samples: 16/16
  Dataset composition: {'unknown': 16}
  Availability masks present: True
  Availability summary:
    global_rot: 0/16 samples have real data
    joint_rot: 0/16 samples have real data
    betas: 16/16 samples have real data
    trans: 0/16 samples have real data
    fov: 0/16 samples have real data
    cam_rot: 0/16 samples have real data
    cam_trans: 0/16 samples have real data
    log_beta_scales: 0/16 samples have real data
    betas_trans: 0/16 samples have real data
    keypoint_2d: 16/16 samples have real data
    keypoint_3d: 16/16 samples have real data
    silhouette: 0/16 samples have real data
  Loss weights: keypoint_2d=0.1, betas=0.0005
  need_keypoint_loss=True, need_silhouette_loss=False
  Loss components (non-zero only):
    betas: 0.000002 (weight=0.0005)
    limb_scale_regularization: 0.014068 (weight=1e-05)
    limb_trans_regularization: 0.000000 (weight=0.5)
    joint_angle_regularization: 0.122307 (weight=2e-07)
    joint_limit_regularization: 0.000002 (weight=0.001)
    keypoint_2d: 0.000004 (weight=0.1)
    keypoint_3d: 0.000000 (weight=2)

WARNING: Near-zero total loss detected: 9.71e-07
  Valid samples: 16/16
  Dataset composition: {'unknown': 16}
  Availability masks present: True
  Availability summary:
    global_rot: 0/16 samples have real data
    joint_rot: 0/16 samples have real data
    betas: 16/16 samples have real data
    trans: 0/16 samples have real data
    fov: 0/16 samples have real data
    cam_rot: 0/16 samples have real data
    cam_trans: 0/16 samples have real data
    log_beta_scales: 0/16 samples have real data
    betas_trans: 0/16 samples have real data
    keypoint_2d: 16/16 samples have real data
    keypoint_3d: 16/16 samples have real data
    silhouette: 0/16 samples have real data
  Loss weights: keypoint_2d=0.1, betas=0.0005
  need_keypoint_loss=True, need_silhouette_loss=False
  Loss components (non-zero only):
    betas: 0.000002 (weight=0.0005)
    limb_scale_regularization: 0.014291 (weight=1e-05)
    limb_trans_regularization: 0.000000 (weight=0.5)
    joint_angle_regularization: 0.122657 (weight=2e-07)
    joint_limit_regularization: 0.000003 (weight=0.001)
    keypoint_2d: 0.000005 (weight=0.1)
    keypoint_3d: 0.000000 (weight=2)

Epoch 413:
  Train Loss = 0.000003, Val Loss = 0.000002, LR = 1.00e-05
  Parameter Errors (Train / Val):
    betas          : 0.000054 / 0.000009
    betas_trans    : 0.000000 / 0.000000
    cam_rot        : 0.000000 / 0.000000
    cam_trans      : 0.000000 / 0.000000
    fov            : 0.000000 / 0.000000
    global_rot     : 0.000000 / 0.000000
    joint_angle_regularization: 0.108417 / 0.108701
    joint_limit_regularization: 0.000062 / 0.000053
    joint_rot      : 0.000000 / 0.000000
    keypoint_2d    : 0.000016 / 0.000014
    keypoint_3d    : 0.000000 / 0.000000
    limb_scale_regularization: 0.018020 / 0.018194
    limb_trans_regularization: 0.000000 / 0.000000
    log_beta_scales: 0.000000 / 0.000000
    silhouette     : 0.000000 / 0.000000
    trans          : 0.000000 / 0.000000
  Checkpoint saved at epoch 413

WARNING: Near-zero total loss detected: 9.32e-07
  Valid samples: 16/16
  Dataset composition: {'unknown': 16}
  Availability masks present: True
  Availability summary:
    global_rot: 0/16 samples have real data
    joint_rot: 0/16 samples have real data
    betas: 16/16 samples have real data
    trans: 0/16 samples have real data
    fov: 0/16 samples have real data
    cam_rot: 0/16 samples have real data
    cam_trans: 0/16 samples have real data
    log_beta_scales: 0/16 samples have real data
    betas_trans: 0/16 samples have real data
    keypoint_2d: 16/16 samples have real data
    keypoint_3d: 16/16 samples have real data
    silhouette: 0/16 samples have real data
  Loss weights: keypoint_2d=0.1, betas=0.0005
  need_keypoint_loss=True, need_silhouette_loss=False
  Loss components (non-zero only):
    betas: 0.000002 (weight=0.0005)
    limb_scale_regularization: 0.014449 (weight=1e-05)
    limb_trans_regularization: 0.000000 (weight=0.5)
    joint_angle_regularization: 0.123247 (weight=2e-07)
    keypoint_2d: 0.000005 (weight=0.1)
    keypoint_3d: 0.000000 (weight=2)

WARNING: Near-zero total loss detected: 9.65e-07
  Valid samples: 16/16
  Dataset composition: {'unknown': 16}
  Availability masks present: True
  Availability summary:
    global_rot: 0/16 samples have real data
    joint_rot: 0/16 samples have real data
    betas: 16/16 samples have real data
    trans: 0/16 samples have real data
    fov: 0/16 samples have real data
    cam_rot: 0/16 samples have real data
    cam_trans: 0/16 samples have real data
    log_beta_scales: 0/16 samples have real data
    betas_trans: 0/16 samples have real data
    keypoint_2d: 16/16 samples have real data
    keypoint_3d: 16/16 samples have real data
    silhouette: 0/16 samples have real data
  Loss weights: keypoint_2d=0.1, betas=0.0005
  need_keypoint_loss=True, need_silhouette_loss=False
  Loss components (non-zero only):
    betas: 0.000003 (weight=0.0005)
    limb_scale_regularization: 0.014443 (weight=1e-05)
    limb_trans_regularization: 0.000000 (weight=0.5)
    joint_angle_regularization: 0.122316 (weight=2e-07)
    joint_limit_regularization: 0.000002 (weight=0.001)
    keypoint_2d: 0.000005 (weight=0.1)
    keypoint_3d: 0.000000 (weight=2)

WARNING: Near-zero total loss detected: 8.66e-07
  Valid samples: 16/16
  Dataset composition: {'unknown': 16}
  Availability masks present: True
  Availability summary:
    global_rot: 0/16 samples have real data
    joint_rot: 0/16 samples have real data
    betas: 16/16 samples have real data
    trans: 0/16 samples have real data
    fov: 0/16 samples have real data
    cam_rot: 0/16 samples have real data
    cam_trans: 0/16 samples have real data
    log_beta_scales: 0/16 samples have real data
    betas_trans: 0/16 samples have real data
    keypoint_2d: 16/16 samples have real data
    keypoint_3d: 16/16 samples have real data
    silhouette: 0/16 samples have real data
  Loss weights: keypoint_2d=0.1, betas=0.0005
  need_keypoint_loss=True, need_silhouette_loss=False
  Loss components (non-zero only):
    betas: 0.000003 (weight=0.0005)
    limb_scale_regularization: 0.014480 (weight=1e-05)
    limb_trans_regularization: 0.000000 (weight=0.5)
    joint_angle_regularization: 0.123213 (weight=2e-07)
    keypoint_2d: 0.000004 (weight=0.1)
    keypoint_3d: 0.000000 (weight=2)

WARNING: Near-zero total loss detected: 9.25e-07
  Valid samples: 16/16
  Dataset composition: {'unknown': 16}
  Availability masks present: True
  Availability summary:
    global_rot: 0/16 samples have real data
    joint_rot: 0/16 samples have real data
    betas: 16/16 samples have real data
    trans: 0/16 samples have real data
    fov: 0/16 samples have real data
    cam_rot: 0/16 samples have real data
    cam_trans: 0/16 samples have real data
    log_beta_scales: 0/16 samples have real data
    betas_trans: 0/16 samples have real data
    keypoint_2d: 16/16 samples have real data
    keypoint_3d: 16/16 samples have real data
    silhouette: 0/16 samples have real data
  Loss weights: keypoint_2d=0.1, betas=0.0005
  need_keypoint_loss=True, need_silhouette_loss=False
  Loss components (non-zero only):
    betas: 0.000003 (weight=0.0005)
    limb_scale_regularization: 0.014265 (weight=1e-05)
    limb_trans_regularization: 0.000000 (weight=0.5)
    joint_angle_regularization: 0.120954 (weight=2e-07)
    joint_limit_regularization: 0.000003 (weight=0.001)
    keypoint_2d: 0.000005 (weight=0.1)
    keypoint_3d: 0.000000 (weight=2)

WARNING: Near-zero total loss detected: 8.76e-07
  Valid samples: 16/16
  Dataset composition: {'unknown': 16}
  Availability masks present: True
  Availability summary:
    global_rot: 0/16 samples have real data
    joint_rot: 0/16 samples have real data
    betas: 16/16 samples have real data
    trans: 0/16 samples have real data
    fov: 0/16 samples have real data
    cam_rot: 0/16 samples have real data
    cam_trans: 0/16 samples have real data
    log_beta_scales: 0/16 samples have real data
    betas_trans: 0/16 samples have real data
    keypoint_2d: 16/16 samples have real data
    keypoint_3d: 16/16 samples have real data
    silhouette: 0/16 samples have real data
  Loss weights: keypoint_2d=0.1, betas=0.0005
  need_keypoint_loss=True, need_silhouette_loss=False
  Loss components (non-zero only):
    betas: 0.000001 (weight=0.0005)
    limb_scale_regularization: 0.014195 (weight=1e-05)
    limb_trans_regularization: 0.000000 (weight=0.5)
    joint_angle_regularization: 0.122485 (weight=2e-07)
    keypoint_2d: 0.000004 (weight=0.1)
    keypoint_3d: 0.000000 (weight=2)

WARNING: Near-zero total loss detected: 9.01e-07
  Valid samples: 16/16
  Dataset composition: {'unknown': 16}
  Availability masks present: True
  Availability summary:
    global_rot: 0/16 samples have real data
    joint_rot: 0/16 samples have real data
    betas: 16/16 samples have real data
    trans: 0/16 samples have real data
    fov: 0/16 samples have real data
    cam_rot: 0/16 samples have real data
    cam_trans: 0/16 samples have real data
    log_beta_scales: 0/16 samples have real data
    betas_trans: 0/16 samples have real data
    keypoint_2d: 16/16 samples have real data
    keypoint_3d: 16/16 samples have real data
    silhouette: 0/16 samples have real data
  Loss weights: keypoint_2d=0.1, betas=0.0005
  need_keypoint_loss=True, need_silhouette_loss=False
  Loss components (non-zero only):
    betas: 0.000001 (weight=0.0005)
    limb_scale_regularization: 0.014471 (weight=1e-05)
    limb_trans_regularization: 0.000000 (weight=0.5)
    joint_angle_regularization: 0.124167 (weight=2e-07)
    joint_limit_regularization: 0.000002 (weight=0.001)
    keypoint_2d: 0.000005 (weight=0.1)
    keypoint_3d: 0.000000 (weight=2)

WARNING: Near-zero total loss detected: 9.62e-07
  Valid samples: 16/16
  Dataset composition: {'unknown': 16}
  Availability masks present: True
  Availability summary:
    global_rot: 0/16 samples have real data
    joint_rot: 0/16 samples have real data
    betas: 16/16 samples have real data
    trans: 0/16 samples have real data
    fov: 0/16 samples have real data
    cam_rot: 0/16 samples have real data
    cam_trans: 0/16 samples have real data
    log_beta_scales: 0/16 samples have real data
    betas_trans: 0/16 samples have real data
    keypoint_2d: 16/16 samples have real data
    keypoint_3d: 16/16 samples have real data
    silhouette: 0/16 samples have real data
  Loss weights: keypoint_2d=0.1, betas=0.0005
  need_keypoint_loss=True, need_silhouette_loss=False
  Loss components (non-zero only):
    betas: 0.000002 (weight=0.0005)
    limb_scale_regularization: 0.014360 (weight=1e-05)
    limb_trans_regularization: 0.000000 (weight=0.5)
    joint_angle_regularization: 0.122278 (weight=2e-07)
    joint_limit_regularization: 0.000003 (weight=0.001)
    keypoint_2d: 0.000005 (weight=0.1)
    keypoint_3d: 0.000000 (weight=2)

Epoch 414:
  Train Loss = 0.000003, Val Loss = 0.000002, LR = 1.00e-05
  Parameter Errors (Train / Val):
    betas          : 0.000050 / 0.000009
    betas_trans    : 0.000000 / 0.000000
    cam_rot        : 0.000000 / 0.000000
    cam_trans      : 0.000000 / 0.000000
    fov            : 0.000000 / 0.000000
    global_rot     : 0.000000 / 0.000000
    joint_angle_regularization: 0.108818 / 0.109029
    joint_limit_regularization: 0.000060 / 0.000052
    joint_rot      : 0.000000 / 0.000000
    keypoint_2d    : 0.000016 / 0.000014
    keypoint_3d    : 0.000000 / 0.000000
    limb_scale_regularization: 0.018222 / 0.018377
    limb_trans_regularization: 0.000000 / 0.000000
    log_beta_scales: 0.000000 / 0.000000
    silhouette     : 0.000000 / 0.000000
    trans          : 0.000000 / 0.000000

WARNING: Near-zero total loss detected: 8.97e-07
  Valid samples: 16/16
  Dataset composition: {'unknown': 16}
  Availability masks present: True
  Availability summary:
    global_rot: 0/16 samples have real data
    joint_rot: 0/16 samples have real data
    betas: 16/16 samples have real data
    trans: 0/16 samples have real data
    fov: 0/16 samples have real data
    cam_rot: 0/16 samples have real data
    cam_trans: 0/16 samples have real data
    log_beta_scales: 0/16 samples have real data
    betas_trans: 0/16 samples have real data
    keypoint_2d: 16/16 samples have real data
    keypoint_3d: 16/16 samples have real data
    silhouette: 0/16 samples have real data
  Loss weights: keypoint_2d=0.1, betas=0.0005
  need_keypoint_loss=True, need_silhouette_loss=False
  Loss components (non-zero only):
    betas: 0.000003 (weight=0.0005)
    limb_scale_regularization: 0.014546 (weight=1e-05)
    limb_trans_regularization: 0.000000 (weight=0.5)
    joint_angle_regularization: 0.124088 (weight=2e-07)
    keypoint_2d: 0.000005 (weight=0.1)
    keypoint_3d: 0.000000 (weight=2)

WARNING: Near-zero total loss detected: 9.44e-07
  Valid samples: 16/16
  Dataset composition: {'unknown': 16}
  Availability masks present: True
  Availability summary:
    global_rot: 0/16 samples have real data
    joint_rot: 0/16 samples have real data
    betas: 16/16 samples have real data
    trans: 0/16 samples have real data
    fov: 0/16 samples have real data
    cam_rot: 0/16 samples have real data
    cam_trans: 0/16 samples have real data
    log_beta_scales: 0/16 samples have real data
    betas_trans: 0/16 samples have real data
    keypoint_2d: 16/16 samples have real data
    keypoint_3d: 16/16 samples have real data
    silhouette: 0/16 samples have real data
  Loss weights: keypoint_2d=0.1, betas=0.0005
  need_keypoint_loss=True, need_silhouette_loss=False
  Loss components (non-zero only):
    betas: 0.000003 (weight=0.0005)
    limb_scale_regularization: 0.014542 (weight=1e-05)
    limb_trans_regularization: 0.000000 (weight=0.5)
    joint_angle_regularization: 0.123224 (weight=2e-07)
    joint_limit_regularization: 0.000001 (weight=0.001)
    keypoint_2d: 0.000005 (weight=0.1)
    keypoint_3d: 0.000000 (weight=2)

WARNING: Near-zero total loss detected: 8.65e-07
  Valid samples: 16/16
  Dataset composition: {'unknown': 16}
  Availability masks present: True
  Availability summary:
    global_rot: 0/16 samples have real data
    joint_rot: 0/16 samples have real data
    betas: 16/16 samples have real data
    trans: 0/16 samples have real data
    fov: 0/16 samples have real data
    cam_rot: 0/16 samples have real data
    cam_trans: 0/16 samples have real data
    log_beta_scales: 0/16 samples have real data
    betas_trans: 0/16 samples have real data
    keypoint_2d: 16/16 samples have real data
    keypoint_3d: 16/16 samples have real data
    silhouette: 0/16 samples have real data
  Loss weights: keypoint_2d=0.1, betas=0.0005
  need_keypoint_loss=True, need_silhouette_loss=False
  Loss components (non-zero only):
    betas: 0.000008 (weight=0.0005)
    limb_scale_regularization: 0.014552 (weight=1e-05)
    limb_trans_regularization: 0.000000 (weight=0.5)
    joint_angle_regularization: 0.124141 (weight=2e-07)
    keypoint_2d: 0.000004 (weight=0.1)
    keypoint_3d: 0.000000 (weight=2)

WARNING: Near-zero total loss detected: 9.17e-07
  Valid samples: 16/16
  Dataset composition: {'unknown': 16}
  Availability masks present: True
  Availability summary:
    global_rot: 0/16 samples have real data
    joint_rot: 0/16 samples have real data
    betas: 16/16 samples have real data
    trans: 0/16 samples have real data
    fov: 0/16 samples have real data
    cam_rot: 0/16 samples have real data
    cam_trans: 0/16 samples have real data
    log_beta_scales: 0/16 samples have real data
    betas_trans: 0/16 samples have real data
    keypoint_2d: 16/16 samples have real data
    keypoint_3d: 16/16 samples have real data
    silhouette: 0/16 samples have real data
  Loss weights: keypoint_2d=0.1, betas=0.0005
  need_keypoint_loss=True, need_silhouette_loss=False
  Loss components (non-zero only):
    betas: 0.000010 (weight=0.0005)
    limb_scale_regularization: 0.014339 (weight=1e-05)
    limb_trans_regularization: 0.000000 (weight=0.5)
    joint_angle_regularization: 0.121866 (weight=2e-07)
    joint_limit_regularization: 0.000003 (weight=0.001)
    keypoint_2d: 0.000005 (weight=0.1)
    keypoint_3d: 0.000000 (weight=2)

WARNING: Near-zero total loss detected: 8.71e-07
  Valid samples: 16/16
  Dataset composition: {'unknown': 16}
  Availability masks present: True
  Availability summary:
    global_rot: 0/16 samples have real data
    joint_rot: 0/16 samples have real data
    betas: 16/16 samples have real data
    trans: 0/16 samples have real data
    fov: 0/16 samples have real data
    cam_rot: 0/16 samples have real data
    cam_trans: 0/16 samples have real data
    log_beta_scales: 0/16 samples have real data
    betas_trans: 0/16 samples have real data
    keypoint_2d: 16/16 samples have real data
    keypoint_3d: 16/16 samples have real data
    silhouette: 0/16 samples have real data
  Loss weights: keypoint_2d=0.1, betas=0.0005
  need_keypoint_loss=True, need_silhouette_loss=False
  Loss components (non-zero only):
    betas: 0.000001 (weight=0.0005)
    limb_scale_regularization: 0.014609 (weight=1e-05)
    limb_trans_regularization: 0.000000 (weight=0.5)
    joint_angle_regularization: 0.123353 (weight=2e-07)
    keypoint_2d: 0.000004 (weight=0.1)
    keypoint_3d: 0.000000 (weight=2)

WARNING: Near-zero total loss detected: 8.95e-07
  Valid samples: 16/16
  Dataset composition: {'unknown': 16}
  Availability masks present: True
  Availability summary:
    global_rot: 0/16 samples have real data
    joint_rot: 0/16 samples have real data
    betas: 16/16 samples have real data
    trans: 0/16 samples have real data
    fov: 0/16 samples have real data
    cam_rot: 0/16 samples have real data
    cam_trans: 0/16 samples have real data
    log_beta_scales: 0/16 samples have real data
    betas_trans: 0/16 samples have real data
    keypoint_2d: 16/16 samples have real data
    keypoint_3d: 16/16 samples have real data
    silhouette: 0/16 samples have real data
  Loss weights: keypoint_2d=0.1, betas=0.0005
  need_keypoint_loss=True, need_silhouette_loss=False
  Loss components (non-zero only):
    betas: 0.000002 (weight=0.0005)
    limb_scale_regularization: 0.014498 (weight=1e-05)
    limb_trans_regularization: 0.000000 (weight=0.5)
    joint_angle_regularization: 0.121321 (weight=2e-07)
    joint_limit_regularization: 0.000002 (weight=0.001)
    keypoint_2d: 0.000005 (weight=0.1)
    keypoint_3d: 0.000000 (weight=2)

WARNING: Near-zero total loss detected: 8.16e-07
  Valid samples: 16/16
  Dataset composition: {'unknown': 16}
  Availability masks present: True
  Availability summary:
    global_rot: 0/16 samples have real data
    joint_rot: 0/16 samples have real data
    betas: 16/16 samples have real data
    trans: 0/16 samples have real data
    fov: 0/16 samples have real data
    cam_rot: 0/16 samples have real data
    cam_trans: 0/16 samples have real data
    log_beta_scales: 0/16 samples have real data
    betas_trans: 0/16 samples have real data
    keypoint_2d: 16/16 samples have real data
    keypoint_3d: 16/16 samples have real data
    silhouette: 0/16 samples have real data
  Loss weights: keypoint_2d=0.1, betas=0.0005
  need_keypoint_loss=True, need_silhouette_loss=False
  Loss components (non-zero only):
    betas: 0.000002 (weight=0.0005)
    limb_scale_regularization: 0.014316 (weight=1e-05)
    limb_trans_regularization: 0.000000 (weight=0.5)
    joint_angle_regularization: 0.121882 (weight=2e-07)
    keypoint_2d: 0.000004 (weight=0.1)
    keypoint_3d: 0.000000 (weight=2)

WARNING: Near-zero total loss detected: 9.62e-07
  Valid samples: 16/16
  Dataset composition: {'unknown': 16}
  Availability masks present: True
  Availability summary:
    global_rot: 0/16 samples have real data
    joint_rot: 0/16 samples have real data
    betas: 16/16 samples have real data
    trans: 0/16 samples have real data
    fov: 0/16 samples have real data
    cam_rot: 0/16 samples have real data
    cam_trans: 0/16 samples have real data
    log_beta_scales: 0/16 samples have real data
    betas_trans: 0/16 samples have real data
    keypoint_2d: 16/16 samples have real data
    keypoint_3d: 16/16 samples have real data
    silhouette: 0/16 samples have real data
  Loss weights: keypoint_2d=0.1, betas=0.0005
  need_keypoint_loss=True, need_silhouette_loss=False
  Loss components (non-zero only):
    betas: 0.000003 (weight=0.0005)
    limb_scale_regularization: 0.014538 (weight=1e-05)
    limb_trans_regularization: 0.000000 (weight=0.5)
    joint_angle_regularization: 0.122305 (weight=2e-07)
    joint_limit_regularization: 0.000002 (weight=0.001)
    keypoint_2d: 0.000005 (weight=0.1)
    keypoint_3d: 0.000000 (weight=2)

Epoch 415:
  Train Loss = 0.000003, Val Loss = 0.000002, LR = 1.00e-05
  Parameter Errors (Train / Val):
    betas          : 0.000073 / 0.000010
    betas_trans    : 0.000000 / 0.000000
    cam_rot        : 0.000000 / 0.000000
    cam_trans      : 0.000000 / 0.000000
    fov            : 0.000000 / 0.000000
    global_rot     : 0.000000 / 0.000000
    joint_angle_regularization: 0.108750 / 0.109234
    joint_limit_regularization: 0.000058 / 0.000051
    joint_rot      : 0.000000 / 0.000000
    keypoint_2d    : 0.000016 / 0.000014
    keypoint_3d    : 0.000000 / 0.000000
    limb_scale_regularization: 0.018343 / 0.018507
    limb_trans_regularization: 0.000000 / 0.000000
    log_beta_scales: 0.000000 / 0.000000
    silhouette     : 0.000000 / 0.000000
    trans          : 0.000000 / 0.000000
  Checkpoint saved at epoch 415

WARNING: Near-zero total loss detected: 8.99e-07
  Valid samples: 16/16
  Dataset composition: {'unknown': 16}
  Availability masks present: True
  Availability summary:
    global_rot: 0/16 samples have real data
    joint_rot: 0/16 samples have real data
    betas: 16/16 samples have real data
    trans: 0/16 samples have real data
    fov: 0/16 samples have real data
    cam_rot: 0/16 samples have real data
    cam_trans: 0/16 samples have real data
    log_beta_scales: 0/16 samples have real data
    betas_trans: 0/16 samples have real data
    keypoint_2d: 16/16 samples have real data
    keypoint_3d: 16/16 samples have real data
    silhouette: 0/16 samples have real data
  Loss weights: keypoint_2d=0.1, betas=0.0005
  need_keypoint_loss=True, need_silhouette_loss=False
  Loss components (non-zero only):
    betas: 0.000001 (weight=0.0005)
    limb_scale_regularization: 0.014595 (weight=1e-05)
    limb_trans_regularization: 0.000000 (weight=0.5)
    joint_angle_regularization: 0.122855 (weight=2e-07)
    keypoint_2d: 0.000005 (weight=0.1)
    keypoint_3d: 0.000000 (weight=2)

WARNING: Near-zero total loss detected: 9.32e-07
  Valid samples: 16/16
  Dataset composition: {'unknown': 16}
  Availability masks present: True
  Availability summary:
    global_rot: 0/16 samples have real data
    joint_rot: 0/16 samples have real data
    betas: 16/16 samples have real data
    trans: 0/16 samples have real data
    fov: 0/16 samples have real data
    cam_rot: 0/16 samples have real data
    cam_trans: 0/16 samples have real data
    log_beta_scales: 0/16 samples have real data
    betas_trans: 0/16 samples have real data
    keypoint_2d: 16/16 samples have real data
    keypoint_3d: 16/16 samples have real data
    silhouette: 0/16 samples have real data
  Loss weights: keypoint_2d=0.1, betas=0.0005
  need_keypoint_loss=True, need_silhouette_loss=False
  Loss components (non-zero only):
    betas: 0.000002 (weight=0.0005)
    limb_scale_regularization: 0.014590 (weight=1e-05)
    limb_trans_regularization: 0.000000 (weight=0.5)
    joint_angle_regularization: 0.121879 (weight=2e-07)
    joint_limit_regularization: 0.000001 (weight=0.001)
    keypoint_2d: 0.000005 (weight=0.1)
    keypoint_3d: 0.000000 (weight=2)

WARNING: Near-zero total loss detected: 8.63e-07
  Valid samples: 16/16
  Dataset composition: {'unknown': 16}
  Availability masks present: True
  Availability summary:
    global_rot: 0/16 samples have real data
    joint_rot: 0/16 samples have real data
    betas: 16/16 samples have real data
    trans: 0/16 samples have real data
    fov: 0/16 samples have real data
    cam_rot: 0/16 samples have real data
    cam_trans: 0/16 samples have real data
    log_beta_scales: 0/16 samples have real data
    betas_trans: 0/16 samples have real data
    keypoint_2d: 16/16 samples have real data
    keypoint_3d: 16/16 samples have real data
    silhouette: 0/16 samples have real data
  Loss weights: keypoint_2d=0.1, betas=0.0005
  need_keypoint_loss=True, need_silhouette_loss=False
  Loss components (non-zero only):
    betas: 0.000002 (weight=0.0005)
    limb_scale_regularization: 0.014621 (weight=1e-05)
    limb_trans_regularization: 0.000000 (weight=0.5)
    joint_angle_regularization: 0.124000 (weight=2e-07)
    keypoint_2d: 0.000004 (weight=0.1)
    keypoint_3d: 0.000000 (weight=2)

WARNING: Near-zero total loss detected: 9.17e-07
  Valid samples: 16/16
  Dataset composition: {'unknown': 16}
  Availability masks present: True
  Availability summary:
    global_rot: 0/16 samples have real data
    joint_rot: 0/16 samples have real data
    betas: 16/16 samples have real data
    trans: 0/16 samples have real data
    fov: 0/16 samples have real data
    cam_rot: 0/16 samples have real data
    cam_trans: 0/16 samples have real data
    log_beta_scales: 0/16 samples have real data
    betas_trans: 0/16 samples have real data
    keypoint_2d: 16/16 samples have real data
    keypoint_3d: 16/16 samples have real data
    silhouette: 0/16 samples have real data
  Loss weights: keypoint_2d=0.1, betas=0.0005
  need_keypoint_loss=True, need_silhouette_loss=False
  Loss components (non-zero only):
    betas: 0.000002 (weight=0.0005)
    limb_scale_regularization: 0.014400 (weight=1e-05)
    limb_trans_regularization: 0.000000 (weight=0.5)
    joint_angle_regularization: 0.121824 (weight=2e-07)
    joint_limit_regularization: 0.000003 (weight=0.001)
    keypoint_2d: 0.000005 (weight=0.1)
    keypoint_3d: 0.000000 (weight=2)

WARNING: Near-zero total loss detected: 8.61e-07
  Valid samples: 16/16
  Dataset composition: {'unknown': 16}
  Availability masks present: True
  Availability summary:
    global_rot: 0/16 samples have real data
    joint_rot: 0/16 samples have real data
    betas: 16/16 samples have real data
    trans: 0/16 samples have real data
    fov: 0/16 samples have real data
    cam_rot: 0/16 samples have real data
    cam_trans: 0/16 samples have real data
    log_beta_scales: 0/16 samples have real data
    betas_trans: 0/16 samples have real data
    keypoint_2d: 16/16 samples have real data
    keypoint_3d: 16/16 samples have real data
    silhouette: 0/16 samples have real data
  Loss weights: keypoint_2d=0.1, betas=0.0005
  need_keypoint_loss=True, need_silhouette_loss=False
  Loss components (non-zero only):
    betas: 0.000002 (weight=0.0005)
    limb_scale_regularization: 0.014414 (weight=1e-05)
    limb_trans_regularization: 0.000000 (weight=0.5)
    joint_angle_regularization: 0.122448 (weight=2e-07)
    keypoint_2d: 0.000004 (weight=0.1)
    keypoint_3d: 0.000000 (weight=2)

WARNING: Near-zero total loss detected: 9.11e-07
  Valid samples: 16/16
  Dataset composition: {'unknown': 16}
  Availability masks present: True
  Availability summary:
    global_rot: 0/16 samples have real data
    joint_rot: 0/16 samples have real data
    betas: 16/16 samples have real data
    trans: 0/16 samples have real data
    fov: 0/16 samples have real data
    cam_rot: 0/16 samples have real data
    cam_trans: 0/16 samples have real data
    log_beta_scales: 0/16 samples have real data
    betas_trans: 0/16 samples have real data
    keypoint_2d: 16/16 samples have real data
    keypoint_3d: 16/16 samples have real data
    silhouette: 0/16 samples have real data
  Loss weights: keypoint_2d=0.1, betas=0.0005
  need_keypoint_loss=True, need_silhouette_loss=False
  Loss components (non-zero only):
    betas: 0.000002 (weight=0.0005)
    limb_scale_regularization: 0.014680 (weight=1e-05)
    limb_trans_regularization: 0.000000 (weight=0.5)
    joint_angle_regularization: 0.124269 (weight=2e-07)
    joint_limit_regularization: 0.000001 (weight=0.001)
    keypoint_2d: 0.000005 (weight=0.1)
    keypoint_3d: 0.000000 (weight=2)

WARNING: Near-zero total loss detected: 9.37e-07
  Valid samples: 16/16
  Dataset composition: {'unknown': 16}
  Availability masks present: True
  Availability summary:
    global_rot: 0/16 samples have real data
    joint_rot: 0/16 samples have real data
    betas: 16/16 samples have real data
    trans: 0/16 samples have real data
    fov: 0/16 samples have real data
    cam_rot: 0/16 samples have real data
    cam_trans: 0/16 samples have real data
    log_beta_scales: 0/16 samples have real data
    betas_trans: 0/16 samples have real data
    keypoint_2d: 16/16 samples have real data
    keypoint_3d: 16/16 samples have real data
    silhouette: 0/16 samples have real data
  Loss weights: keypoint_2d=0.1, betas=0.0005
  need_keypoint_loss=True, need_silhouette_loss=False
  Loss components (non-zero only):
    betas: 0.000003 (weight=0.0005)
    limb_scale_regularization: 0.014570 (weight=1e-05)
    limb_trans_regularization: 0.000000 (weight=0.5)
    joint_angle_regularization: 0.122253 (weight=2e-07)
    joint_limit_regularization: 0.000004 (weight=0.001)
    keypoint_2d: 0.000005 (weight=0.1)
    keypoint_3d: 0.000000 (weight=2)

Epoch 416:
  Train Loss = 0.000003, Val Loss = 0.000002, LR = 1.00e-05
  Parameter Errors (Train / Val):
    betas          : 0.000050 / 0.000009
    betas_trans    : 0.000000 / 0.000000
    cam_rot        : 0.000000 / 0.000000
    cam_trans      : 0.000000 / 0.000000
    fov            : 0.000000 / 0.000000
    global_rot     : 0.000000 / 0.000000
    joint_angle_regularization: 0.108761 / 0.109441
    joint_limit_regularization: 0.000057 / 0.000051
    joint_rot      : 0.000000 / 0.000000
    keypoint_2d    : 0.000016 / 0.000014
    keypoint_3d    : 0.000000 / 0.000000
    limb_scale_regularization: 0.018444 / 0.018606
    limb_trans_regularization: 0.000000 / 0.000000
    log_beta_scales: 0.000000 / 0.000000
    silhouette     : 0.000000 / 0.000000
    trans          : 0.000000 / 0.000000

WARNING: Near-zero total loss detected: 8.96e-07
  Valid samples: 16/16
  Dataset composition: {'unknown': 16}
  Availability masks present: True
  Availability summary:
    global_rot: 0/16 samples have real data
    joint_rot: 0/16 samples have real data
    betas: 16/16 samples have real data
    trans: 0/16 samples have real data
    fov: 0/16 samples have real data
    cam_rot: 0/16 samples have real data
    cam_trans: 0/16 samples have real data
    log_beta_scales: 0/16 samples have real data
    betas_trans: 0/16 samples have real data
    keypoint_2d: 16/16 samples have real data
    keypoint_3d: 16/16 samples have real data
    silhouette: 0/16 samples have real data
  Loss weights: keypoint_2d=0.1, betas=0.0005
  need_keypoint_loss=True, need_silhouette_loss=False
  Loss components (non-zero only):
    betas: 0.000003 (weight=0.0005)
    limb_scale_regularization: 0.014689 (weight=1e-05)
    limb_trans_regularization: 0.000000 (weight=0.5)
    joint_angle_regularization: 0.123820 (weight=2e-07)
    keypoint_2d: 0.000005 (weight=0.1)
    keypoint_3d: 0.000000 (weight=2)

WARNING: Near-zero total loss detected: 9.39e-07
  Valid samples: 16/16
  Dataset composition: {'unknown': 16}
  Availability masks present: True
  Availability summary:
    global_rot: 0/16 samples have real data
    joint_rot: 0/16 samples have real data
    betas: 16/16 samples have real data
    trans: 0/16 samples have real data
    fov: 0/16 samples have real data
    cam_rot: 0/16 samples have real data
    cam_trans: 0/16 samples have real data
    log_beta_scales: 0/16 samples have real data
    betas_trans: 0/16 samples have real data
    keypoint_2d: 16/16 samples have real data
    keypoint_3d: 16/16 samples have real data
    silhouette: 0/16 samples have real data
  Loss weights: keypoint_2d=0.1, betas=0.0005
  need_keypoint_loss=True, need_silhouette_loss=False
  Loss components (non-zero only):
    betas: 0.000003 (weight=0.0005)
    limb_scale_regularization: 0.014686 (weight=1e-05)
    limb_trans_regularization: 0.000000 (weight=0.5)
    joint_angle_regularization: 0.122910 (weight=2e-07)
    joint_limit_regularization: 0.000002 (weight=0.001)
    keypoint_2d: 0.000005 (weight=0.1)
    keypoint_3d: 0.000000 (weight=2)

WARNING: Near-zero total loss detected: 8.59e-07
  Valid samples: 16/16
  Dataset composition: {'unknown': 16}
  Availability masks present: True
  Availability summary:
    global_rot: 0/16 samples have real data
    joint_rot: 0/16 samples have real data
    betas: 16/16 samples have real data
    trans: 0/16 samples have real data
    fov: 0/16 samples have real data
    cam_rot: 0/16 samples have real data
    cam_trans: 0/16 samples have real data
    log_beta_scales: 0/16 samples have real data
    betas_trans: 0/16 samples have real data
    keypoint_2d: 16/16 samples have real data
    keypoint_3d: 16/16 samples have real data
    silhouette: 0/16 samples have real data
  Loss weights: keypoint_2d=0.1, betas=0.0005
  need_keypoint_loss=True, need_silhouette_loss=False
  Loss components (non-zero only):
    betas: 0.000002 (weight=0.0005)
    limb_scale_regularization: 0.014784 (weight=1e-05)
    limb_trans_regularization: 0.000000 (weight=0.5)
    joint_angle_regularization: 0.124265 (weight=2e-07)
    keypoint_2d: 0.000004 (weight=0.1)
    keypoint_3d: 0.000000 (weight=2)

WARNING: Near-zero total loss detected: 9.20e-07
  Valid samples: 16/16
  Dataset composition: {'unknown': 16}
  Availability masks present: True
  Availability summary:
    global_rot: 0/16 samples have real data
    joint_rot: 0/16 samples have real data
    betas: 16/16 samples have real data
    trans: 0/16 samples have real data
    fov: 0/16 samples have real data
    cam_rot: 0/16 samples have real data
    cam_trans: 0/16 samples have real data
    log_beta_scales: 0/16 samples have real data
    betas_trans: 0/16 samples have real data
    keypoint_2d: 16/16 samples have real data
    keypoint_3d: 16/16 samples have real data
    silhouette: 0/16 samples have real data
  Loss weights: keypoint_2d=0.1, betas=0.0005
  need_keypoint_loss=True, need_silhouette_loss=False
  Loss components (non-zero only):
    betas: 0.000002 (weight=0.0005)
    limb_scale_regularization: 0.014563 (weight=1e-05)
    limb_trans_regularization: 0.000000 (weight=0.5)
    joint_angle_regularization: 0.122077 (weight=2e-07)
    joint_limit_regularization: 0.000002 (weight=0.001)
    keypoint_2d: 0.000005 (weight=0.1)
    keypoint_3d: 0.000000 (weight=2)

WARNING: Near-zero total loss detected: 9.02e-07
  Valid samples: 16/16
  Dataset composition: {'unknown': 16}
  Availability masks present: True
  Availability summary:
    global_rot: 0/16 samples have real data
    joint_rot: 0/16 samples have real data
    betas: 16/16 samples have real data
    trans: 0/16 samples have real data
    fov: 0/16 samples have real data
    cam_rot: 0/16 samples have real data
    cam_trans: 0/16 samples have real data
    log_beta_scales: 0/16 samples have real data
    betas_trans: 0/16 samples have real data
    keypoint_2d: 16/16 samples have real data
    keypoint_3d: 16/16 samples have real data
    silhouette: 0/16 samples have real data
  Loss weights: keypoint_2d=0.1, betas=0.0005
  need_keypoint_loss=True, need_silhouette_loss=False
  Loss components (non-zero only):
    betas: 0.000001 (weight=0.0005)
    limb_scale_regularization: 0.014759 (weight=1e-05)
    limb_trans_regularization: 0.000000 (weight=0.5)
    joint_angle_regularization: 0.123697 (weight=2e-07)
    joint_limit_regularization: 0.000000 (weight=0.001)
    keypoint_2d: 0.000005 (weight=0.1)
    keypoint_3d: 0.000000 (weight=2)

WARNING: Near-zero total loss detected: 9.50e-07
  Valid samples: 16/16
  Dataset composition: {'unknown': 16}
  Availability masks present: True
  Availability summary:
    global_rot: 0/16 samples have real data
    joint_rot: 0/16 samples have real data
    betas: 16/16 samples have real data
    trans: 0/16 samples have real data
    fov: 0/16 samples have real data
    cam_rot: 0/16 samples have real data
    cam_trans: 0/16 samples have real data
    log_beta_scales: 0/16 samples have real data
    betas_trans: 0/16 samples have real data
    keypoint_2d: 16/16 samples have real data
    keypoint_3d: 16/16 samples have real data
    silhouette: 0/16 samples have real data
  Loss weights: keypoint_2d=0.1, betas=0.0005
  need_keypoint_loss=True, need_silhouette_loss=False
  Loss components (non-zero only):
    betas: 0.000003 (weight=0.0005)
    limb_scale_regularization: 0.014649 (weight=1e-05)
    limb_trans_regularization: 0.000000 (weight=0.5)
    joint_angle_regularization: 0.121693 (weight=2e-07)
    joint_limit_regularization: 0.000003 (weight=0.001)
    keypoint_2d: 0.000005 (weight=0.1)
    keypoint_3d: 0.000000 (weight=2)

WARNING: Near-zero total loss detected: 7.90e-07
  Valid samples: 16/16
  Dataset composition: {'unknown': 16}
  Availability masks present: True
  Availability summary:
    global_rot: 0/16 samples have real data
    joint_rot: 0/16 samples have real data
    betas: 16/16 samples have real data
    trans: 0/16 samples have real data
    fov: 0/16 samples have real data
    cam_rot: 0/16 samples have real data
    cam_trans: 0/16 samples have real data
    log_beta_scales: 0/16 samples have real data
    betas_trans: 0/16 samples have real data
    keypoint_2d: 16/16 samples have real data
    keypoint_3d: 16/16 samples have real data
    silhouette: 0/16 samples have real data
  Loss weights: keypoint_2d=0.1, betas=0.0005
  need_keypoint_loss=True, need_silhouette_loss=False
  Loss components (non-zero only):
    betas: 0.000003 (weight=0.0005)
    limb_scale_regularization: 0.014495 (weight=1e-05)
    limb_trans_regularization: 0.000000 (weight=0.5)
    joint_angle_regularization: 0.122793 (weight=2e-07)
    keypoint_2d: 0.000004 (weight=0.1)
    keypoint_3d: 0.000000 (weight=2)

WARNING: Near-zero total loss detected: 9.52e-07
  Valid samples: 16/16
  Dataset composition: {'unknown': 16}
  Availability masks present: True
  Availability summary:
    global_rot: 0/16 samples have real data
    joint_rot: 0/16 samples have real data
    betas: 16/16 samples have real data
    trans: 0/16 samples have real data
    fov: 0/16 samples have real data
    cam_rot: 0/16 samples have real data
    cam_trans: 0/16 samples have real data
    log_beta_scales: 0/16 samples have real data
    betas_trans: 0/16 samples have real data
    keypoint_2d: 16/16 samples have real data
    keypoint_3d: 16/16 samples have real data
    silhouette: 0/16 samples have real data
  Loss weights: keypoint_2d=0.1, betas=0.0005
  need_keypoint_loss=True, need_silhouette_loss=False
  Loss components (non-zero only):
    betas: 0.000004 (weight=0.0005)
    limb_scale_regularization: 0.014720 (weight=1e-05)
    limb_trans_regularization: 0.000000 (weight=0.5)
    joint_angle_regularization: 0.123075 (weight=2e-07)
    joint_limit_regularization: 0.000001 (weight=0.001)
    keypoint_2d: 0.000005 (weight=0.1)
    keypoint_3d: 0.000000 (weight=2)

Epoch 417:
  Train Loss = 0.000003, Val Loss = 0.000002, LR = 1.00e-05
  Parameter Errors (Train / Val):
    betas          : 0.000099 / 0.000009
    betas_trans    : 0.000000 / 0.000000
    cam_rot        : 0.000000 / 0.000000
    cam_trans      : 0.000000 / 0.000000
    fov            : 0.000000 / 0.000000
    global_rot     : 0.000000 / 0.000000
    joint_angle_regularization: 0.109385 / 0.109678
    joint_limit_regularization: 0.000057 / 0.000049
    joint_rot      : 0.000000 / 0.000000
    keypoint_2d    : 0.000016 / 0.000013
    keypoint_3d    : 0.000000 / 0.000000
    limb_scale_regularization: 0.018656 / 0.018752
    limb_trans_regularization: 0.000000 / 0.000000
    log_beta_scales: 0.000000 / 0.000000
    silhouette     : 0.000000 / 0.000000
    trans          : 0.000000 / 0.000000
  Checkpoint saved at epoch 417

WARNING: Near-zero total loss detected: 9.26e-07
  Valid samples: 16/16
  Dataset composition: {'unknown': 16}
  Availability masks present: True
  Availability summary:
    global_rot: 0/16 samples have real data
    joint_rot: 0/16 samples have real data
    betas: 16/16 samples have real data
    trans: 0/16 samples have real data
    fov: 0/16 samples have real data
    cam_rot: 0/16 samples have real data
    cam_trans: 0/16 samples have real data
    log_beta_scales: 0/16 samples have real data
    betas_trans: 0/16 samples have real data
    keypoint_2d: 16/16 samples have real data
    keypoint_3d: 16/16 samples have real data
    silhouette: 0/16 samples have real data
  Loss weights: keypoint_2d=0.1, betas=0.0005
  need_keypoint_loss=True, need_silhouette_loss=False
  Loss components (non-zero only):
    betas: 0.000008 (weight=0.0005)
    limb_scale_regularization: 0.014824 (weight=1e-05)
    limb_trans_regularization: 0.000000 (weight=0.5)
    joint_angle_regularization: 0.123414 (weight=2e-07)
    keypoint_2d: 0.000005 (weight=0.1)
    keypoint_3d: 0.000000 (weight=2)

WARNING: Near-zero total loss detected: 9.78e-07
  Valid samples: 16/16
  Dataset composition: {'unknown': 16}
  Availability masks present: True
  Availability summary:
    global_rot: 0/16 samples have real data
    joint_rot: 0/16 samples have real data
    betas: 16/16 samples have real data
    trans: 0/16 samples have real data
    fov: 0/16 samples have real data
    cam_rot: 0/16 samples have real data
    cam_trans: 0/16 samples have real data
    log_beta_scales: 0/16 samples have real data
    betas_trans: 0/16 samples have real data
    keypoint_2d: 16/16 samples have real data
    keypoint_3d: 16/16 samples have real data
    silhouette: 0/16 samples have real data
  Loss weights: keypoint_2d=0.1, betas=0.0005
  need_keypoint_loss=True, need_silhouette_loss=False
  Loss components (non-zero only):
    betas: 0.000008 (weight=0.0005)
    limb_scale_regularization: 0.014816 (weight=1e-05)
    limb_trans_regularization: 0.000000 (weight=0.5)
    joint_angle_regularization: 0.122567 (weight=2e-07)
    joint_limit_regularization: 0.000001 (weight=0.001)
    keypoint_2d: 0.000005 (weight=0.1)
    keypoint_3d: 0.000000 (weight=2)

WARNING: Near-zero total loss detected: 8.54e-07
  Valid samples: 16/16
  Dataset composition: {'unknown': 16}
  Availability masks present: True
  Availability summary:
    global_rot: 0/16 samples have real data
    joint_rot: 0/16 samples have real data
    betas: 16/16 samples have real data
    trans: 0/16 samples have real data
    fov: 0/16 samples have real data
    cam_rot: 0/16 samples have real data
    cam_trans: 0/16 samples have real data
    log_beta_scales: 0/16 samples have real data
    betas_trans: 0/16 samples have real data
    keypoint_2d: 16/16 samples have real data
    keypoint_3d: 16/16 samples have real data
    silhouette: 0/16 samples have real data
  Loss weights: keypoint_2d=0.1, betas=0.0005
  need_keypoint_loss=True, need_silhouette_loss=False
  Loss components (non-zero only):
    betas: 0.000002 (weight=0.0005)
    limb_scale_regularization: 0.014818 (weight=1e-05)
    limb_trans_regularization: 0.000000 (weight=0.5)
    joint_angle_regularization: 0.123816 (weight=2e-07)
    keypoint_2d: 0.000004 (weight=0.1)
    keypoint_3d: 0.000000 (weight=2)

WARNING: Near-zero total loss detected: 8.99e-07
  Valid samples: 16/16
  Dataset composition: {'unknown': 16}
  Availability masks present: True
  Availability summary:
    global_rot: 0/16 samples have real data
    joint_rot: 0/16 samples have real data
    betas: 16/16 samples have real data
    trans: 0/16 samples have real data
    fov: 0/16 samples have real data
    cam_rot: 0/16 samples have real data
    cam_trans: 0/16 samples have real data
    log_beta_scales: 0/16 samples have real data
    betas_trans: 0/16 samples have real data
    keypoint_2d: 16/16 samples have real data
    keypoint_3d: 16/16 samples have real data
    silhouette: 0/16 samples have real data
  Loss weights: keypoint_2d=0.1, betas=0.0005
  need_keypoint_loss=True, need_silhouette_loss=False
  Loss components (non-zero only):
    betas: 0.000002 (weight=0.0005)
    limb_scale_regularization: 0.014607 (weight=1e-05)
    limb_trans_regularization: 0.000000 (weight=0.5)
    joint_angle_regularization: 0.121673 (weight=2e-07)
    joint_limit_regularization: 0.000002 (weight=0.001)
    keypoint_2d: 0.000005 (weight=0.1)
    keypoint_3d: 0.000000 (weight=2)

WARNING: Near-zero total loss detected: 8.96e-07
  Valid samples: 16/16
  Dataset composition: {'unknown': 16}
  Availability masks present: True
  Availability summary:
    global_rot: 0/16 samples have real data
    joint_rot: 0/16 samples have real data
    betas: 16/16 samples have real data
    trans: 0/16 samples have real data
    fov: 0/16 samples have real data
    cam_rot: 0/16 samples have real data
    cam_trans: 0/16 samples have real data
    log_beta_scales: 0/16 samples have real data
    betas_trans: 0/16 samples have real data
    keypoint_2d: 16/16 samples have real data
    keypoint_3d: 16/16 samples have real data
    silhouette: 0/16 samples have real data
  Loss weights: keypoint_2d=0.1, betas=0.0005
  need_keypoint_loss=True, need_silhouette_loss=False
  Loss components (non-zero only):
    betas: 0.000002 (weight=0.0005)
    limb_scale_regularization: 0.014843 (weight=1e-05)
    limb_trans_regularization: 0.000000 (weight=0.5)
    joint_angle_regularization: 0.124597 (weight=2e-07)
    keypoint_2d: 0.000005 (weight=0.1)
    keypoint_3d: 0.000000 (weight=2)

WARNING: Near-zero total loss detected: 9.45e-07
  Valid samples: 16/16
  Dataset composition: {'unknown': 16}
  Availability masks present: True
  Availability summary:
    global_rot: 0/16 samples have real data
    joint_rot: 0/16 samples have real data
    betas: 16/16 samples have real data
    trans: 0/16 samples have real data
    fov: 0/16 samples have real data
    cam_rot: 0/16 samples have real data
    cam_trans: 0/16 samples have real data
    log_beta_scales: 0/16 samples have real data
    betas_trans: 0/16 samples have real data
    keypoint_2d: 16/16 samples have real data
    keypoint_3d: 16/16 samples have real data
    silhouette: 0/16 samples have real data
  Loss weights: keypoint_2d=0.1, betas=0.0005
  need_keypoint_loss=True, need_silhouette_loss=False
  Loss components (non-zero only):
    betas: 0.000003 (weight=0.0005)
    limb_scale_regularization: 0.014737 (weight=1e-05)
    limb_trans_regularization: 0.000000 (weight=0.5)
    joint_angle_regularization: 0.122507 (weight=2e-07)
    joint_limit_regularization: 0.000003 (weight=0.001)
    keypoint_2d: 0.000005 (weight=0.1)
    keypoint_3d: 0.000000 (weight=2)

WARNING: Near-zero total loss detected: 8.17e-07
  Valid samples: 16/16
  Dataset composition: {'unknown': 16}
  Availability masks present: True
  Availability summary:
    global_rot: 0/16 samples have real data
    joint_rot: 0/16 samples have real data
    betas: 16/16 samples have real data
    trans: 0/16 samples have real data
    fov: 0/16 samples have real data
    cam_rot: 0/16 samples have real data
    cam_trans: 0/16 samples have real data
    log_beta_scales: 0/16 samples have real data
    betas_trans: 0/16 samples have real data
    keypoint_2d: 16/16 samples have real data
    keypoint_3d: 16/16 samples have real data
    silhouette: 0/16 samples have real data
  Loss weights: keypoint_2d=0.1, betas=0.0005
  need_keypoint_loss=True, need_silhouette_loss=False
  Loss components (non-zero only):
    betas: 0.000001 (weight=0.0005)
    limb_scale_regularization: 0.014572 (weight=1e-05)
    limb_trans_regularization: 0.000000 (weight=0.5)
    joint_angle_regularization: 0.123661 (weight=2e-07)
    keypoint_2d: 0.000004 (weight=0.1)
    keypoint_3d: 0.000000 (weight=2)

WARNING: Near-zero total loss detected: 9.87e-07
  Valid samples: 16/16
  Dataset composition: {'unknown': 16}
  Availability masks present: True
  Availability summary:
    global_rot: 0/16 samples have real data
    joint_rot: 0/16 samples have real data
    betas: 16/16 samples have real data
    trans: 0/16 samples have real data
    fov: 0/16 samples have real data
    cam_rot: 0/16 samples have real data
    cam_trans: 0/16 samples have real data
    log_beta_scales: 0/16 samples have real data
    betas_trans: 0/16 samples have real data
    keypoint_2d: 16/16 samples have real data
    keypoint_3d: 16/16 samples have real data
    silhouette: 0/16 samples have real data
  Loss weights: keypoint_2d=0.1, betas=0.0005
  need_keypoint_loss=True, need_silhouette_loss=False
  Loss components (non-zero only):
    betas: 0.000002 (weight=0.0005)
    limb_scale_regularization: 0.014796 (weight=1e-05)
    limb_trans_regularization: 0.000000 (weight=0.5)
    joint_angle_regularization: 0.123838 (weight=2e-07)
    joint_limit_regularization: 0.000002 (weight=0.001)
    keypoint_2d: 0.000005 (weight=0.1)
    keypoint_3d: 0.000000 (weight=2)

Epoch 418:
  Train Loss = 0.000003, Val Loss = 0.000002, LR = 1.00e-05
  Parameter Errors (Train / Val):
    betas          : 0.000054 / 0.000009
    betas_trans    : 0.000000 / 0.000000
    cam_rot        : 0.000000 / 0.000000
    cam_trans      : 0.000000 / 0.000000
    fov            : 0.000000 / 0.000000
    global_rot     : 0.000000 / 0.000000
    joint_angle_regularization: 0.109540 / 0.109893
    joint_limit_regularization: 0.000054 / 0.000047
    joint_rot      : 0.000000 / 0.000000
    keypoint_2d    : 0.000016 / 0.000013
    keypoint_3d    : 0.000000 / 0.000000
    limb_scale_regularization: 0.018681 / 0.018855
    limb_trans_regularization: 0.000000 / 0.000000
    log_beta_scales: 0.000000 / 0.000000
    silhouette     : 0.000000 / 0.000000
    trans          : 0.000000 / 0.000000

WARNING: Near-zero total loss detected: 9.00e-07
  Valid samples: 16/16
  Dataset composition: {'unknown': 16}
  Availability masks present: True
  Availability summary:
    global_rot: 0/16 samples have real data
    joint_rot: 0/16 samples have real data
    betas: 16/16 samples have real data
    trans: 0/16 samples have real data
    fov: 0/16 samples have real data
    cam_rot: 0/16 samples have real data
    cam_trans: 0/16 samples have real data
    log_beta_scales: 0/16 samples have real data
    betas_trans: 0/16 samples have real data
    keypoint_2d: 16/16 samples have real data
    keypoint_3d: 16/16 samples have real data
    silhouette: 0/16 samples have real data
  Loss weights: keypoint_2d=0.1, betas=0.0005
  need_keypoint_loss=True, need_silhouette_loss=False
  Loss components (non-zero only):
    betas: 0.000002 (weight=0.0005)
    limb_scale_regularization: 0.014901 (weight=1e-05)
    limb_trans_regularization: 0.000000 (weight=0.5)
    joint_angle_regularization: 0.124874 (weight=2e-07)
    joint_limit_regularization: 0.000001 (weight=0.001)
    keypoint_2d: 0.000005 (weight=0.1)
    keypoint_3d: 0.000000 (weight=2)

WARNING: Near-zero total loss detected: 9.66e-07
  Valid samples: 16/16
  Dataset composition: {'unknown': 16}
  Availability masks present: True
  Availability summary:
    global_rot: 0/16 samples have real data
    joint_rot: 0/16 samples have real data
    betas: 16/16 samples have real data
    trans: 0/16 samples have real data
    fov: 0/16 samples have real data
    cam_rot: 0/16 samples have real data
    cam_trans: 0/16 samples have real data
    log_beta_scales: 0/16 samples have real data
    betas_trans: 0/16 samples have real data
    keypoint_2d: 16/16 samples have real data
    keypoint_3d: 16/16 samples have real data
    silhouette: 0/16 samples have real data
  Loss weights: keypoint_2d=0.1, betas=0.0005
  need_keypoint_loss=True, need_silhouette_loss=False
  Loss components (non-zero only):
    betas: 0.000003 (weight=0.0005)
    limb_scale_regularization: 0.014896 (weight=1e-05)
    limb_trans_regularization: 0.000000 (weight=0.5)
    joint_angle_regularization: 0.124042 (weight=2e-07)
    joint_limit_regularization: 0.000002 (weight=0.001)
    keypoint_2d: 0.000005 (weight=0.1)
    keypoint_3d: 0.000000 (weight=2)

WARNING: Near-zero total loss detected: 8.84e-07
  Valid samples: 16/16
  Dataset composition: {'unknown': 16}
  Availability masks present: True
  Availability summary:
    global_rot: 0/16 samples have real data
    joint_rot: 0/16 samples have real data
    betas: 16/16 samples have real data
    trans: 0/16 samples have real data
    fov: 0/16 samples have real data
    cam_rot: 0/16 samples have real data
    cam_trans: 0/16 samples have real data
    log_beta_scales: 0/16 samples have real data
    betas_trans: 0/16 samples have real data
    keypoint_2d: 16/16 samples have real data
    keypoint_3d: 16/16 samples have real data
    silhouette: 0/16 samples have real data
  Loss weights: keypoint_2d=0.1, betas=0.0005
  need_keypoint_loss=True, need_silhouette_loss=False
  Loss components (non-zero only):
    betas: 0.000005 (weight=0.0005)
    limb_scale_regularization: 0.014903 (weight=1e-05)
    limb_trans_regularization: 0.000000 (weight=0.5)
    joint_angle_regularization: 0.124889 (weight=2e-07)
    keypoint_2d: 0.000005 (weight=0.1)
    keypoint_3d: 0.000000 (weight=2)

WARNING: Near-zero total loss detected: 9.58e-07
  Valid samples: 16/16
  Dataset composition: {'unknown': 16}
  Availability masks present: True
  Availability summary:
    global_rot: 0/16 samples have real data
    joint_rot: 0/16 samples have real data
    betas: 16/16 samples have real data
    trans: 0/16 samples have real data
    fov: 0/16 samples have real data
    cam_rot: 0/16 samples have real data
    cam_trans: 0/16 samples have real data
    log_beta_scales: 0/16 samples have real data
    betas_trans: 0/16 samples have real data
    keypoint_2d: 16/16 samples have real data
    keypoint_3d: 16/16 samples have real data
    silhouette: 0/16 samples have real data
  Loss weights: keypoint_2d=0.1, betas=0.0005
  need_keypoint_loss=True, need_silhouette_loss=False
  Loss components (non-zero only):
    betas: 0.000004 (weight=0.0005)
    limb_scale_regularization: 0.014683 (weight=1e-05)
    limb_trans_regularization: 0.000000 (weight=0.5)
    joint_angle_regularization: 0.122600 (weight=2e-07)
    joint_limit_regularization: 0.000003 (weight=0.001)
    keypoint_2d: 0.000005 (weight=0.1)
    keypoint_3d: 0.000000 (weight=2)

WARNING: Near-zero total loss detected: 9.36e-07
  Valid samples: 16/16
  Dataset composition: {'unknown': 16}
  Availability masks present: True
  Availability summary:
    global_rot: 0/16 samples have real data
    joint_rot: 0/16 samples have real data
    betas: 16/16 samples have real data
    trans: 0/16 samples have real data
    fov: 0/16 samples have real data
    cam_rot: 0/16 samples have real data
    cam_trans: 0/16 samples have real data
    log_beta_scales: 0/16 samples have real data
    betas_trans: 0/16 samples have real data
    keypoint_2d: 16/16 samples have real data
    keypoint_3d: 16/16 samples have real data
    silhouette: 0/16 samples have real data
  Loss weights: keypoint_2d=0.1, betas=0.0005
  need_keypoint_loss=True, need_silhouette_loss=False
  Loss components (non-zero only):
    betas: 0.000001 (weight=0.0005)
    limb_scale_regularization: 0.014617 (weight=1e-05)
    limb_trans_regularization: 0.000000 (weight=0.5)
    joint_angle_regularization: 0.122951 (weight=2e-07)
    keypoint_2d: 0.000005 (weight=0.1)
    keypoint_3d: 0.000000 (weight=2)

WARNING: Near-zero total loss detected: 8.93e-07
  Valid samples: 16/16
  Dataset composition: {'unknown': 16}
  Availability masks present: True
  Availability summary:
    global_rot: 0/16 samples have real data
    joint_rot: 0/16 samples have real data
    betas: 16/16 samples have real data
    trans: 0/16 samples have real data
    fov: 0/16 samples have real data
    cam_rot: 0/16 samples have real data
    cam_trans: 0/16 samples have real data
    log_beta_scales: 0/16 samples have real data
    betas_trans: 0/16 samples have real data
    keypoint_2d: 16/16 samples have real data
    keypoint_3d: 16/16 samples have real data
    silhouette: 0/16 samples have real data
  Loss weights: keypoint_2d=0.1, betas=0.0005
  need_keypoint_loss=True, need_silhouette_loss=False
  Loss components (non-zero only):
    betas: 0.000003 (weight=0.0005)
    limb_scale_regularization: 0.014893 (weight=1e-05)
    limb_trans_regularization: 0.000000 (weight=0.5)
    joint_angle_regularization: 0.124238 (weight=2e-07)
    keypoint_2d: 0.000005 (weight=0.1)
    keypoint_3d: 0.000000 (weight=2)

WARNING: Near-zero total loss detected: 9.38e-07
  Valid samples: 16/16
  Dataset composition: {'unknown': 16}
  Availability masks present: True
  Availability summary:
    global_rot: 0/16 samples have real data
    joint_rot: 0/16 samples have real data
    betas: 16/16 samples have real data
    trans: 0/16 samples have real data
    fov: 0/16 samples have real data
    cam_rot: 0/16 samples have real data
    cam_trans: 0/16 samples have real data
    log_beta_scales: 0/16 samples have real data
    betas_trans: 0/16 samples have real data
    keypoint_2d: 16/16 samples have real data
    keypoint_3d: 16/16 samples have real data
    silhouette: 0/16 samples have real data
  Loss weights: keypoint_2d=0.1, betas=0.0005
  need_keypoint_loss=True, need_silhouette_loss=False
  Loss components (non-zero only):
    betas: 0.000003 (weight=0.0005)
    limb_scale_regularization: 0.014789 (weight=1e-05)
    limb_trans_regularization: 0.000000 (weight=0.5)
    joint_angle_regularization: 0.122184 (weight=2e-07)
    joint_limit_regularization: 0.000003 (weight=0.001)
    keypoint_2d: 0.000005 (weight=0.1)
    keypoint_3d: 0.000000 (weight=2)

Epoch 419:
  Train Loss = 0.000003, Val Loss = 0.000002, LR = 1.00e-05
  Parameter Errors (Train / Val):
    betas          : 0.000051 / 0.000009
    betas_trans    : 0.000000 / 0.000000
    cam_rot        : 0.000000 / 0.000000
    cam_trans      : 0.000000 / 0.000000
    fov            : 0.000000 / 0.000000
    global_rot     : 0.000000 / 0.000000
    joint_angle_regularization: 0.109653 / 0.110197
    joint_limit_regularization: 0.000053 / 0.000046
    joint_rot      : 0.000000 / 0.000000
    keypoint_2d    : 0.000016 / 0.000014
    keypoint_3d    : 0.000000 / 0.000000
    limb_scale_regularization: 0.018800 / 0.018947
    limb_trans_regularization: 0.000000 / 0.000000
    log_beta_scales: 0.000000 / 0.000000
    silhouette     : 0.000000 / 0.000000
    trans          : 0.000000 / 0.000000
  Checkpoint saved at epoch 419
Visualizing 5 samples from dataset: unknown
Generated 5 visualization images for epoch 419 in /hpcwork/mkd34160/smilify_runs/singleview_lam1e-3/visualizations/epoch_419
Visualizing 5 samples from dataset: unknown
Generated 5 visualization images for epoch 419 in /hpcwork/mkd34160/smilify_runs/singleview_lam1e-3/visualizations_train/epoch_419

WARNING: Near-zero total loss detected: 8.58e-07
  Valid samples: 16/16
  Dataset composition: {'unknown': 16}
  Availability masks present: True
  Availability summary:
    global_rot: 0/16 samples have real data
    joint_rot: 0/16 samples have real data
    betas: 16/16 samples have real data
    trans: 0/16 samples have real data
    fov: 0/16 samples have real data
    cam_rot: 0/16 samples have real data
    cam_trans: 0/16 samples have real data
    log_beta_scales: 0/16 samples have real data
    betas_trans: 0/16 samples have real data
    keypoint_2d: 16/16 samples have real data
    keypoint_3d: 16/16 samples have real data
    silhouette: 0/16 samples have real data
  Loss weights: keypoint_2d=0.1, betas=0.0005
  need_keypoint_loss=True, need_silhouette_loss=False
  Loss components (non-zero only):
    betas: 0.000002 (weight=0.0005)
    limb_scale_regularization: 0.014960 (weight=1e-05)
    limb_trans_regularization: 0.000000 (weight=0.5)
    joint_angle_regularization: 0.124621 (weight=2e-07)
    keypoint_2d: 0.000004 (weight=0.1)
    keypoint_3d: 0.000000 (weight=2)

WARNING: Near-zero total loss detected: 9.24e-07
  Valid samples: 16/16
  Dataset composition: {'unknown': 16}
  Availability masks present: True
  Availability summary:
    global_rot: 0/16 samples have real data
    joint_rot: 0/16 samples have real data
    betas: 16/16 samples have real data
    trans: 0/16 samples have real data
    fov: 0/16 samples have real data
    cam_rot: 0/16 samples have real data
    cam_trans: 0/16 samples have real data
    log_beta_scales: 0/16 samples have real data
    betas_trans: 0/16 samples have real data
    keypoint_2d: 16/16 samples have real data
    keypoint_3d: 16/16 samples have real data
    silhouette: 0/16 samples have real data
  Loss weights: keypoint_2d=0.1, betas=0.0005
  need_keypoint_loss=True, need_silhouette_loss=False
  Loss components (non-zero only):
    betas: 0.000003 (weight=0.0005)
    limb_scale_regularization: 0.014746 (weight=1e-05)
    limb_trans_regularization: 0.000000 (weight=0.5)
    joint_angle_regularization: 0.122432 (weight=2e-07)
    joint_limit_regularization: 0.000001 (weight=0.001)
    keypoint_2d: 0.000005 (weight=0.1)
    keypoint_3d: 0.000000 (weight=2)

WARNING: Near-zero total loss detected: 8.93e-07
  Valid samples: 16/16
  Dataset composition: {'unknown': 16}
  Availability masks present: True
  Availability summary:
    global_rot: 0/16 samples have real data
    joint_rot: 0/16 samples have real data
    betas: 16/16 samples have real data
    trans: 0/16 samples have real data
    fov: 0/16 samples have real data
    cam_rot: 0/16 samples have real data
    cam_trans: 0/16 samples have real data
    log_beta_scales: 0/16 samples have real data
    betas_trans: 0/16 samples have real data
    keypoint_2d: 16/16 samples have real data
    keypoint_3d: 16/16 samples have real data
    silhouette: 0/16 samples have real data
  Loss weights: keypoint_2d=0.1, betas=0.0005
  need_keypoint_loss=True, need_silhouette_loss=False
  Loss components (non-zero only):
    betas: 0.000001 (weight=0.0005)
    limb_scale_regularization: 0.014916 (weight=1e-05)
    limb_trans_regularization: 0.000000 (weight=0.5)
    joint_angle_regularization: 0.124243 (weight=2e-07)
    joint_limit_regularization: 0.000002 (weight=0.001)
    keypoint_2d: 0.000005 (weight=0.1)
    keypoint_3d: 0.000000 (weight=2)

WARNING: Near-zero total loss detected: 9.44e-07
  Valid samples: 16/16
  Dataset composition: {'unknown': 16}
  Availability masks present: True
  Availability summary:
    global_rot: 0/16 samples have real data
    joint_rot: 0/16 samples have real data
    betas: 16/16 samples have real data
    trans: 0/16 samples have real data
    fov: 0/16 samples have real data
    cam_rot: 0/16 samples have real data
    cam_trans: 0/16 samples have real data
    log_beta_scales: 0/16 samples have real data
    betas_trans: 0/16 samples have real data
    keypoint_2d: 16/16 samples have real data
    keypoint_3d: 16/16 samples have real data
    silhouette: 0/16 samples have real data
  Loss weights: keypoint_2d=0.1, betas=0.0005
  need_keypoint_loss=True, need_silhouette_loss=False
  Loss components (non-zero only):
    betas: 0.000002 (weight=0.0005)
    limb_scale_regularization: 0.014912 (weight=1e-05)
    limb_trans_regularization: 0.000000 (weight=0.5)
    joint_angle_regularization: 0.123448 (weight=2e-07)
    joint_limit_regularization: 0.000005 (weight=0.001)
    keypoint_2d: 0.000005 (weight=0.1)
    keypoint_3d: 0.000000 (weight=2)

WARNING: Near-zero total loss detected: 8.69e-07
  Valid samples: 16/16
  Dataset composition: {'unknown': 16}
  Availability masks present: True
  Availability summary:
    global_rot: 0/16 samples have real data
    joint_rot: 0/16 samples have real data
    betas: 16/16 samples have real data
    trans: 0/16 samples have real data
    fov: 0/16 samples have real data
    cam_rot: 0/16 samples have real data
    cam_trans: 0/16 samples have real data
    log_beta_scales: 0/16 samples have real data
    betas_trans: 0/16 samples have real data
    keypoint_2d: 16/16 samples have real data
    keypoint_3d: 16/16 samples have real data
    silhouette: 0/16 samples have real data
  Loss weights: keypoint_2d=0.1, betas=0.0005
  need_keypoint_loss=True, need_silhouette_loss=False
  Loss components (non-zero only):
    betas: 0.000002 (weight=0.0005)
    limb_scale_regularization: 0.014952 (weight=1e-05)
    limb_trans_regularization: 0.000000 (weight=0.5)
    joint_angle_regularization: 0.123646 (weight=2e-07)
    keypoint_2d: 0.000005 (weight=0.1)
    keypoint_3d: 0.000000 (weight=2)

WARNING: Near-zero total loss detected: 9.02e-07
  Valid samples: 16/16
  Dataset composition: {'unknown': 16}
  Availability masks present: True
  Availability summary:
    global_rot: 0/16 samples have real data
    joint_rot: 0/16 samples have real data
    betas: 16/16 samples have real data
    trans: 0/16 samples have real data
    fov: 0/16 samples have real data
    cam_rot: 0/16 samples have real data
    cam_trans: 0/16 samples have real data
    log_beta_scales: 0/16 samples have real data
    betas_trans: 0/16 samples have real data
    keypoint_2d: 16/16 samples have real data
    keypoint_3d: 16/16 samples have real data
    silhouette: 0/16 samples have real data
  Loss weights: keypoint_2d=0.1, betas=0.0005
  need_keypoint_loss=True, need_silhouette_loss=False
  Loss components (non-zero only):
    betas: 0.000003 (weight=0.0005)
    limb_scale_regularization: 0.014847 (weight=1e-05)
    limb_trans_regularization: 0.000000 (weight=0.5)
    joint_angle_regularization: 0.121641 (weight=2e-07)
    joint_limit_regularization: 0.000003 (weight=0.001)
    keypoint_2d: 0.000005 (weight=0.1)
    keypoint_3d: 0.000000 (weight=2)

WARNING: Near-zero total loss detected: 8.09e-07
  Valid samples: 16/16
  Dataset composition: {'unknown': 16}
  Availability masks present: True
  Availability summary:
    global_rot: 0/16 samples have real data
    joint_rot: 0/16 samples have real data
    betas: 16/16 samples have real data
    trans: 0/16 samples have real data
    fov: 0/16 samples have real data
    cam_rot: 0/16 samples have real data
    cam_trans: 0/16 samples have real data
    log_beta_scales: 0/16 samples have real data
    betas_trans: 0/16 samples have real data
    keypoint_2d: 16/16 samples have real data
    keypoint_3d: 16/16 samples have real data
    silhouette: 0/16 samples have real data
  Loss weights: keypoint_2d=0.1, betas=0.0005
  need_keypoint_loss=True, need_silhouette_loss=False
  Loss components (non-zero only):
    betas: 0.000001 (weight=0.0005)
    limb_scale_regularization: 0.014711 (weight=1e-05)
    limb_trans_regularization: 0.000000 (weight=0.5)
    joint_angle_regularization: 0.123726 (weight=2e-07)
    joint_limit_regularization: 0.000001 (weight=0.001)
    keypoint_2d: 0.000004 (weight=0.1)
    keypoint_3d: 0.000000 (weight=2)

WARNING: Near-zero total loss detected: 9.88e-07
  Valid samples: 16/16
  Dataset composition: {'unknown': 16}
  Availability masks present: True
  Availability summary:
    global_rot: 0/16 samples have real data
    joint_rot: 0/16 samples have real data
    betas: 16/16 samples have real data
    trans: 0/16 samples have real data
    fov: 0/16 samples have real data
    cam_rot: 0/16 samples have real data
    cam_trans: 0/16 samples have real data
    log_beta_scales: 0/16 samples have real data
    betas_trans: 0/16 samples have real data
    keypoint_2d: 16/16 samples have real data
    keypoint_3d: 16/16 samples have real data
    silhouette: 0/16 samples have real data
  Loss weights: keypoint_2d=0.1, betas=0.0005
  need_keypoint_loss=True, need_silhouette_loss=False
  Loss components (non-zero only):
    betas: 0.000002 (weight=0.0005)
    limb_scale_regularization: 0.014945 (weight=1e-05)
    limb_trans_regularization: 0.000000 (weight=0.5)
    joint_angle_regularization: 0.123900 (weight=2e-07)
    joint_limit_regularization: 0.000001 (weight=0.001)
    keypoint_2d: 0.000005 (weight=0.1)
    keypoint_3d: 0.000000 (weight=2)

Epoch 420:
  Train Loss = 0.000003, Val Loss = 0.000002, LR = 1.00e-05
  Parameter Errors (Train / Val):
    betas          : 0.000052 / 0.000009
    betas_trans    : 0.000000 / 0.000000
    cam_rot        : 0.000000 / 0.000000
    cam_trans      : 0.000000 / 0.000000
    fov            : 0.000000 / 0.000000
    global_rot     : 0.000000 / 0.000000
    joint_angle_regularization: 0.110056 / 0.110404
    joint_limit_regularization: 0.000052 / 0.000046
    joint_rot      : 0.000000 / 0.000000
    keypoint_2d    : 0.000016 / 0.000013
    keypoint_3d    : 0.000000 / 0.000000
    limb_scale_regularization: 0.018895 / 0.019034
    limb_trans_regularization: 0.000000 / 0.000000
    log_beta_scales: 0.000000 / 0.000000
    silhouette     : 0.000000 / 0.000000
    trans          : 0.000000 / 0.000000

WARNING: Near-zero total loss detected: 9.14e-07
  Valid samples: 16/16
  Dataset composition: {'unknown': 16}
  Availability masks present: True
  Availability summary:
    global_rot: 0/16 samples have real data
    joint_rot: 0/16 samples have real data
    betas: 16/16 samples have real data
    trans: 0/16 samples have real data
    fov: 0/16 samples have real data
    cam_rot: 0/16 samples have real data
    cam_trans: 0/16 samples have real data
    log_beta_scales: 0/16 samples have real data
    betas_trans: 0/16 samples have real data
    keypoint_2d: 16/16 samples have real data
    keypoint_3d: 16/16 samples have real data
    silhouette: 0/16 samples have real data
  Loss weights: keypoint_2d=0.1, betas=0.0005
  need_keypoint_loss=True, need_silhouette_loss=False
  Loss components (non-zero only):
    betas: 0.000001 (weight=0.0005)
    limb_scale_regularization: 0.014932 (weight=1e-05)
    limb_trans_regularization: 0.000000 (weight=0.5)
    joint_angle_regularization: 0.124054 (weight=2e-07)
    keypoint_2d: 0.000005 (weight=0.1)
    keypoint_3d: 0.000000 (weight=2)

WARNING: Near-zero total loss detected: 8.83e-07
  Valid samples: 16/16
  Dataset composition: {'unknown': 16}
  Availability masks present: True
  Availability summary:
    global_rot: 0/16 samples have real data
    joint_rot: 0/16 samples have real data
    betas: 16/16 samples have real data
    trans: 0/16 samples have real data
    fov: 0/16 samples have real data
    cam_rot: 0/16 samples have real data
    cam_trans: 0/16 samples have real data
    log_beta_scales: 0/16 samples have real data
    betas_trans: 0/16 samples have real data
    keypoint_2d: 16/16 samples have real data
    keypoint_3d: 16/16 samples have real data
    silhouette: 0/16 samples have real data
  Loss weights: keypoint_2d=0.1, betas=0.0005
  need_keypoint_loss=True, need_silhouette_loss=False
  Loss components (non-zero only):
    betas: 0.000002 (weight=0.0005)
    limb_scale_regularization: 0.015029 (weight=1e-05)
    limb_trans_regularization: 0.000000 (weight=0.5)
    joint_angle_regularization: 0.124358 (weight=2e-07)
    keypoint_2d: 0.000004 (weight=0.1)
    keypoint_3d: 0.000000 (weight=2)

WARNING: Near-zero total loss detected: 9.72e-07
  Valid samples: 16/16
  Dataset composition: {'unknown': 16}
  Availability masks present: True
  Availability summary:
    global_rot: 0/16 samples have real data
    joint_rot: 0/16 samples have real data
    betas: 16/16 samples have real data
    trans: 0/16 samples have real data
    fov: 0/16 samples have real data
    cam_rot: 0/16 samples have real data
    cam_trans: 0/16 samples have real data
    log_beta_scales: 0/16 samples have real data
    betas_trans: 0/16 samples have real data
    keypoint_2d: 16/16 samples have real data
    keypoint_3d: 16/16 samples have real data
    silhouette: 0/16 samples have real data
  Loss weights: keypoint_2d=0.1, betas=0.0005
  need_keypoint_loss=True, need_silhouette_loss=False
  Loss components (non-zero only):
    betas: 0.000002 (weight=0.0005)
    limb_scale_regularization: 0.014930 (weight=1e-05)
    limb_trans_regularization: 0.000000 (weight=0.5)
    joint_angle_regularization: 0.123121 (weight=2e-07)
    joint_limit_regularization: 0.000002 (weight=0.001)
    keypoint_2d: 0.000005 (weight=0.1)
    keypoint_3d: 0.000000 (weight=2)

WARNING: Near-zero total loss detected: 9.29e-07
  Valid samples: 16/16
  Dataset composition: {'unknown': 16}
  Availability masks present: True
  Availability summary:
    global_rot: 0/16 samples have real data
    joint_rot: 0/16 samples have real data
    betas: 16/16 samples have real data
    trans: 0/16 samples have real data
    fov: 0/16 samples have real data
    cam_rot: 0/16 samples have real data
    cam_trans: 0/16 samples have real data
    log_beta_scales: 0/16 samples have real data
    betas_trans: 0/16 samples have real data
    keypoint_2d: 16/16 samples have real data
    keypoint_3d: 16/16 samples have real data
    silhouette: 0/16 samples have real data
  Loss weights: keypoint_2d=0.1, betas=0.0005
  need_keypoint_loss=True, need_silhouette_loss=False
  Loss components (non-zero only):
    betas: 0.000002 (weight=0.0005)
    limb_scale_regularization: 0.014812 (weight=1e-05)
    limb_trans_regularization: 0.000000 (weight=0.5)
    joint_angle_regularization: 0.122134 (weight=2e-07)
    joint_limit_regularization: 0.000002 (weight=0.001)
    keypoint_2d: 0.000005 (weight=0.1)
    keypoint_3d: 0.000000 (weight=2)

WARNING: Near-zero total loss detected: 8.73e-07
  Valid samples: 16/16
  Dataset composition: {'unknown': 16}
  Availability masks present: True
  Availability summary:
    global_rot: 0/16 samples have real data
    joint_rot: 0/16 samples have real data
    betas: 16/16 samples have real data
    trans: 0/16 samples have real data
    fov: 0/16 samples have real data
    cam_rot: 0/16 samples have real data
    cam_trans: 0/16 samples have real data
    log_beta_scales: 0/16 samples have real data
    betas_trans: 0/16 samples have real data
    keypoint_2d: 16/16 samples have real data
    keypoint_3d: 16/16 samples have real data
    silhouette: 0/16 samples have real data
  Loss weights: keypoint_2d=0.1, betas=0.0005
  need_keypoint_loss=True, need_silhouette_loss=False
  Loss components (non-zero only):
    betas: 0.000004 (weight=0.0005)
    limb_scale_regularization: 0.015013 (weight=1e-05)
    limb_trans_regularization: 0.000000 (weight=0.5)
    joint_angle_regularization: 0.123483 (weight=2e-07)
    keypoint_2d: 0.000004 (weight=0.1)
    keypoint_3d: 0.000000 (weight=2)

WARNING: Near-zero total loss detected: 9.34e-07
  Valid samples: 16/16
  Dataset composition: {'unknown': 16}
  Availability masks present: True
  Availability summary:
    global_rot: 0/16 samples have real data
    joint_rot: 0/16 samples have real data
    betas: 16/16 samples have real data
    trans: 0/16 samples have real data
    fov: 0/16 samples have real data
    cam_rot: 0/16 samples have real data
    cam_trans: 0/16 samples have real data
    log_beta_scales: 0/16 samples have real data
    betas_trans: 0/16 samples have real data
    keypoint_2d: 16/16 samples have real data
    keypoint_3d: 16/16 samples have real data
    silhouette: 0/16 samples have real data
  Loss weights: keypoint_2d=0.1, betas=0.0005
  need_keypoint_loss=True, need_silhouette_loss=False
  Loss components (non-zero only):
    betas: 0.000004 (weight=0.0005)
    limb_scale_regularization: 0.014909 (weight=1e-05)
    limb_trans_regularization: 0.000000 (weight=0.5)
    joint_angle_regularization: 0.121495 (weight=2e-07)
    joint_limit_regularization: 0.000003 (weight=0.001)
    keypoint_2d: 0.000005 (weight=0.1)
    keypoint_3d: 0.000000 (weight=2)

WARNING: Near-zero total loss detected: 7.97e-07
  Valid samples: 16/16
  Dataset composition: {'unknown': 16}
  Availability masks present: True
  Availability summary:
    global_rot: 0/16 samples have real data
    joint_rot: 0/16 samples have real data
    betas: 16/16 samples have real data
    trans: 0/16 samples have real data
    fov: 0/16 samples have real data
    cam_rot: 0/16 samples have real data
    cam_trans: 0/16 samples have real data
    log_beta_scales: 0/16 samples have real data
    betas_trans: 0/16 samples have real data
    keypoint_2d: 16/16 samples have real data
    keypoint_3d: 16/16 samples have real data
    silhouette: 0/16 samples have real data
  Loss weights: keypoint_2d=0.1, betas=0.0005
  need_keypoint_loss=True, need_silhouette_loss=False
  Loss components (non-zero only):
    betas: 0.000003 (weight=0.0005)
    limb_scale_regularization: 0.014735 (weight=1e-05)
    limb_trans_regularization: 0.000000 (weight=0.5)
    joint_angle_regularization: 0.124807 (weight=2e-07)
    keypoint_2d: 0.000004 (weight=0.1)
    keypoint_3d: 0.000000 (weight=2)

WARNING: Near-zero total loss detected: 9.52e-07
  Valid samples: 16/16
  Dataset composition: {'unknown': 16}
  Availability masks present: True
  Availability summary:
    global_rot: 0/16 samples have real data
    joint_rot: 0/16 samples have real data
    betas: 16/16 samples have real data
    trans: 0/16 samples have real data
    fov: 0/16 samples have real data
    cam_rot: 0/16 samples have real data
    cam_trans: 0/16 samples have real data
    log_beta_scales: 0/16 samples have real data
    betas_trans: 0/16 samples have real data
    keypoint_2d: 16/16 samples have real data
    keypoint_3d: 16/16 samples have real data
    silhouette: 0/16 samples have real data
  Loss weights: keypoint_2d=0.1, betas=0.0005
  need_keypoint_loss=True, need_silhouette_loss=False
  Loss components (non-zero only):
    betas: 0.000003 (weight=0.0005)
    limb_scale_regularization: 0.014967 (weight=1e-05)
    limb_trans_regularization: 0.000000 (weight=0.5)
    joint_angle_regularization: 0.125061 (weight=2e-07)
    joint_limit_regularization: 0.000002 (weight=0.001)
    keypoint_2d: 0.000005 (weight=0.1)
    keypoint_3d: 0.000000 (weight=2)

Epoch 421:
  Train Loss = 0.000003, Val Loss = 0.000002, LR = 1.00e-05
  Parameter Errors (Train / Val):
    betas          : 0.000049 / 0.000010
    betas_trans    : 0.000000 / 0.000000
    cam_rot        : 0.000000 / 0.000000
    cam_trans      : 0.000000 / 0.000000
    fov            : 0.000000 / 0.000000
    global_rot     : 0.000000 / 0.000000
    joint_angle_regularization: 0.110098 / 0.110602
    joint_limit_regularization: 0.000052 / 0.000045
    joint_rot      : 0.000000 / 0.000000
    keypoint_2d    : 0.000016 / 0.000013
    keypoint_3d    : 0.000000 / 0.000000
    limb_scale_regularization: 0.018895 / 0.019107
    limb_trans_regularization: 0.000000 / 0.000000
    log_beta_scales: 0.000000 / 0.000000
    silhouette     : 0.000000 / 0.000000
    trans          : 0.000000 / 0.000000
  Checkpoint saved at epoch 421

WARNING: Near-zero total loss detected: 9.41e-07
  Valid samples: 16/16
  Dataset composition: {'unknown': 16}
  Availability masks present: True
  Availability summary:
    global_rot: 0/16 samples have real data
    joint_rot: 0/16 samples have real data
    betas: 16/16 samples have real data
    trans: 0/16 samples have real data
    fov: 0/16 samples have real data
    cam_rot: 0/16 samples have real data
    cam_trans: 0/16 samples have real data
    log_beta_scales: 0/16 samples have real data
    betas_trans: 0/16 samples have real data
    keypoint_2d: 16/16 samples have real data
    keypoint_3d: 16/16 samples have real data
    silhouette: 0/16 samples have real data
  Loss weights: keypoint_2d=0.1, betas=0.0005
  need_keypoint_loss=True, need_silhouette_loss=False
  Loss components (non-zero only):
    betas: 0.000002 (weight=0.0005)
    limb_scale_regularization: 0.015040 (weight=1e-05)
    limb_trans_regularization: 0.000000 (weight=0.5)
    joint_angle_regularization: 0.124046 (weight=2e-07)
    keypoint_2d: 0.000005 (weight=0.1)
    keypoint_3d: 0.000000 (weight=2)

WARNING: Near-zero total loss detected: 9.78e-07
  Valid samples: 16/16
  Dataset composition: {'unknown': 16}
  Availability masks present: True
  Availability summary:
    global_rot: 0/16 samples have real data
    joint_rot: 0/16 samples have real data
    betas: 16/16 samples have real data
    trans: 0/16 samples have real data
    fov: 0/16 samples have real data
    cam_rot: 0/16 samples have real data
    cam_trans: 0/16 samples have real data
    log_beta_scales: 0/16 samples have real data
    betas_trans: 0/16 samples have real data
    keypoint_2d: 16/16 samples have real data
    keypoint_3d: 16/16 samples have real data
    silhouette: 0/16 samples have real data
  Loss weights: keypoint_2d=0.1, betas=0.0005
  need_keypoint_loss=True, need_silhouette_loss=False
  Loss components (non-zero only):
    betas: 0.000002 (weight=0.0005)
    limb_scale_regularization: 0.015035 (weight=1e-05)
    limb_trans_regularization: 0.000000 (weight=0.5)
    joint_angle_regularization: 0.123192 (weight=2e-07)
    joint_limit_regularization: 0.000001 (weight=0.001)
    keypoint_2d: 0.000005 (weight=0.1)
    keypoint_3d: 0.000000 (weight=2)

WARNING: Near-zero total loss detected: 8.53e-07
  Valid samples: 16/16
  Dataset composition: {'unknown': 16}
  Availability masks present: True
  Availability summary:
    global_rot: 0/16 samples have real data
    joint_rot: 0/16 samples have real data
    betas: 16/16 samples have real data
    trans: 0/16 samples have real data
    fov: 0/16 samples have real data
    cam_rot: 0/16 samples have real data
    cam_trans: 0/16 samples have real data
    log_beta_scales: 0/16 samples have real data
    betas_trans: 0/16 samples have real data
    keypoint_2d: 16/16 samples have real data
    keypoint_3d: 16/16 samples have real data
    silhouette: 0/16 samples have real data
  Loss weights: keypoint_2d=0.1, betas=0.0005
  need_keypoint_loss=True, need_silhouette_loss=False
  Loss components (non-zero only):
    betas: 0.000002 (weight=0.0005)
    limb_scale_regularization: 0.015093 (weight=1e-05)
    limb_trans_regularization: 0.000000 (weight=0.5)
    joint_angle_regularization: 0.124991 (weight=2e-07)
    keypoint_2d: 0.000004 (weight=0.1)
    keypoint_3d: 0.000000 (weight=2)

WARNING: Near-zero total loss detected: 8.96e-07
  Valid samples: 16/16
  Dataset composition: {'unknown': 16}
  Availability masks present: True
  Availability summary:
    global_rot: 0/16 samples have real data
    joint_rot: 0/16 samples have real data
    betas: 16/16 samples have real data
    trans: 0/16 samples have real data
    fov: 0/16 samples have real data
    cam_rot: 0/16 samples have real data
    cam_trans: 0/16 samples have real data
    log_beta_scales: 0/16 samples have real data
    betas_trans: 0/16 samples have real data
    keypoint_2d: 16/16 samples have real data
    keypoint_3d: 16/16 samples have real data
    silhouette: 0/16 samples have real data
  Loss weights: keypoint_2d=0.1, betas=0.0005
  need_keypoint_loss=True, need_silhouette_loss=False
  Loss components (non-zero only):
    betas: 0.000003 (weight=0.0005)
    limb_scale_regularization: 0.014877 (weight=1e-05)
    limb_trans_regularization: 0.000000 (weight=0.5)
    joint_angle_regularization: 0.122686 (weight=2e-07)
    joint_limit_regularization: 0.000002 (weight=0.001)
    keypoint_2d: 0.000004 (weight=0.1)
    keypoint_3d: 0.000000 (weight=2)

WARNING: Near-zero total loss detected: 8.80e-07
  Valid samples: 16/16
  Dataset composition: {'unknown': 16}
  Availability masks present: True
  Availability summary:
    global_rot: 0/16 samples have real data
    joint_rot: 0/16 samples have real data
    betas: 16/16 samples have real data
    trans: 0/16 samples have real data
    fov: 0/16 samples have real data
    cam_rot: 0/16 samples have real data
    cam_trans: 0/16 samples have real data
    log_beta_scales: 0/16 samples have real data
    betas_trans: 0/16 samples have real data
    keypoint_2d: 16/16 samples have real data
    keypoint_3d: 16/16 samples have real data
    silhouette: 0/16 samples have real data
  Loss weights: keypoint_2d=0.1, betas=0.0005
  need_keypoint_loss=True, need_silhouette_loss=False
  Loss components (non-zero only):
    betas: 0.000002 (weight=0.0005)
    limb_scale_regularization: 0.015034 (weight=1e-05)
    limb_trans_regularization: 0.000000 (weight=0.5)
    joint_angle_regularization: 0.123515 (weight=2e-07)
    keypoint_2d: 0.000005 (weight=0.1)
    keypoint_3d: 0.000000 (weight=2)

WARNING: Near-zero total loss detected: 9.42e-07
  Valid samples: 16/16
  Dataset composition: {'unknown': 16}
  Availability masks present: True
  Availability summary:
    global_rot: 0/16 samples have real data
    joint_rot: 0/16 samples have real data
    betas: 16/16 samples have real data
    trans: 0/16 samples have real data
    fov: 0/16 samples have real data
    cam_rot: 0/16 samples have real data
    cam_trans: 0/16 samples have real data
    log_beta_scales: 0/16 samples have real data
    betas_trans: 0/16 samples have real data
    keypoint_2d: 16/16 samples have real data
    keypoint_3d: 16/16 samples have real data
    silhouette: 0/16 samples have real data
  Loss weights: keypoint_2d=0.1, betas=0.0005
  need_keypoint_loss=True, need_silhouette_loss=False
  Loss components (non-zero only):
    betas: 0.000003 (weight=0.0005)
    limb_scale_regularization: 0.014928 (weight=1e-05)
    limb_trans_regularization: 0.000000 (weight=0.5)
    joint_angle_regularization: 0.121540 (weight=2e-07)
    joint_limit_regularization: 0.000002 (weight=0.001)
    keypoint_2d: 0.000005 (weight=0.1)
    keypoint_3d: 0.000000 (weight=2)

WARNING: Near-zero total loss detected: 8.56e-07
  Valid samples: 16/16
  Dataset composition: {'unknown': 16}
  Availability masks present: True
  Availability summary:
    global_rot: 0/16 samples have real data
    joint_rot: 0/16 samples have real data
    betas: 16/16 samples have real data
    trans: 0/16 samples have real data
    fov: 0/16 samples have real data
    cam_rot: 0/16 samples have real data
    cam_trans: 0/16 samples have real data
    log_beta_scales: 0/16 samples have real data
    betas_trans: 0/16 samples have real data
    keypoint_2d: 16/16 samples have real data
    keypoint_3d: 16/16 samples have real data
    silhouette: 0/16 samples have real data
  Loss weights: keypoint_2d=0.1, betas=0.0005
  need_keypoint_loss=True, need_silhouette_loss=False
  Loss components (non-zero only):
    betas: 0.000003 (weight=0.0005)
    limb_scale_regularization: 0.014837 (weight=1e-05)
    limb_trans_regularization: 0.000000 (weight=0.5)
    joint_angle_regularization: 0.123188 (weight=2e-07)
    keypoint_2d: 0.000004 (weight=0.1)
    keypoint_3d: 0.000000 (weight=2)

WARNING: Near-zero total loss detected: 9.82e-07
  Valid samples: 16/16
  Dataset composition: {'unknown': 16}
  Availability masks present: True
  Availability summary:
    global_rot: 0/16 samples have real data
    joint_rot: 0/16 samples have real data
    betas: 16/16 samples have real data
    trans: 0/16 samples have real data
    fov: 0/16 samples have real data
    cam_rot: 0/16 samples have real data
    cam_trans: 0/16 samples have real data
    log_beta_scales: 0/16 samples have real data
    betas_trans: 0/16 samples have real data
    keypoint_2d: 16/16 samples have real data
    keypoint_3d: 16/16 samples have real data
    silhouette: 0/16 samples have real data
  Loss weights: keypoint_2d=0.1, betas=0.0005
  need_keypoint_loss=True, need_silhouette_loss=False
  Loss components (non-zero only):
    betas: 0.000003 (weight=0.0005)
    limb_scale_regularization: 0.015068 (weight=1e-05)
    limb_trans_regularization: 0.000000 (weight=0.5)
    joint_angle_regularization: 0.123416 (weight=2e-07)
    joint_limit_regularization: 0.000001 (weight=0.001)
    keypoint_2d: 0.000005 (weight=0.1)
    keypoint_3d: 0.000000 (weight=2)

Epoch 422:
  Train Loss = 0.000003, Val Loss = 0.000002, LR = 1.00e-05
  Parameter Errors (Train / Val):
    betas          : 0.000051 / 0.000009
    betas_trans    : 0.000000 / 0.000000
    cam_rot        : 0.000000 / 0.000000
    cam_trans      : 0.000000 / 0.000000
    fov            : 0.000000 / 0.000000
    global_rot     : 0.000000 / 0.000000
    joint_angle_regularization: 0.110713 / 0.110563
    joint_limit_regularization: 0.000049 / 0.000044
    joint_rot      : 0.000000 / 0.000000
    keypoint_2d    : 0.000016 / 0.000013
    keypoint_3d    : 0.000000 / 0.000000
    limb_scale_regularization: 0.018965 / 0.019197
    limb_trans_regularization: 0.000000 / 0.000000
    log_beta_scales: 0.000000 / 0.000000
    silhouette     : 0.000000 / 0.000000
    trans          : 0.000000 / 0.000000

WARNING: Near-zero total loss detected: 8.96e-07
  Valid samples: 16/16
  Dataset composition: {'unknown': 16}
  Availability masks present: True
  Availability summary:
    global_rot: 0/16 samples have real data
    joint_rot: 0/16 samples have real data
    betas: 16/16 samples have real data
    trans: 0/16 samples have real data
    fov: 0/16 samples have real data
    cam_rot: 0/16 samples have real data
    cam_trans: 0/16 samples have real data
    log_beta_scales: 0/16 samples have real data
    betas_trans: 0/16 samples have real data
    keypoint_2d: 16/16 samples have real data
    keypoint_3d: 16/16 samples have real data
    silhouette: 0/16 samples have real data
  Loss weights: keypoint_2d=0.1, betas=0.0005
  need_keypoint_loss=True, need_silhouette_loss=False
  Loss components (non-zero only):
    betas: 0.000001 (weight=0.0005)
    limb_scale_regularization: 0.014986 (weight=1e-05)
    limb_trans_regularization: 0.000000 (weight=0.5)
    joint_angle_regularization: 0.124096 (weight=2e-07)
    keypoint_2d: 0.000004 (weight=0.1)
    keypoint_3d: 0.000000 (weight=2)

WARNING: Near-zero total loss detected: 9.68e-07
  Valid samples: 16/16
  Dataset composition: {'unknown': 16}
  Availability masks present: True
  Availability summary:
    global_rot: 0/16 samples have real data
    joint_rot: 0/16 samples have real data
    betas: 16/16 samples have real data
    trans: 0/16 samples have real data
    fov: 0/16 samples have real data
    cam_rot: 0/16 samples have real data
    cam_trans: 0/16 samples have real data
    log_beta_scales: 0/16 samples have real data
    betas_trans: 0/16 samples have real data
    keypoint_2d: 16/16 samples have real data
    keypoint_3d: 16/16 samples have real data
    silhouette: 0/16 samples have real data
  Loss weights: keypoint_2d=0.1, betas=0.0005
  need_keypoint_loss=True, need_silhouette_loss=False
  Loss components (non-zero only):
    betas: 0.000002 (weight=0.0005)
    limb_scale_regularization: 0.014981 (weight=1e-05)
    limb_trans_regularization: 0.000000 (weight=0.5)
    joint_angle_regularization: 0.123181 (weight=2e-07)
    joint_limit_regularization: 0.000000 (weight=0.001)
    keypoint_2d: 0.000005 (weight=0.1)
    keypoint_3d: 0.000000 (weight=2)

WARNING: Near-zero total loss detected: 8.30e-07
  Valid samples: 16/16
  Dataset composition: {'unknown': 16}
  Availability masks present: True
  Availability summary:
    global_rot: 0/16 samples have real data
    joint_rot: 0/16 samples have real data
    betas: 16/16 samples have real data
    trans: 0/16 samples have real data
    fov: 0/16 samples have real data
    cam_rot: 0/16 samples have real data
    cam_trans: 0/16 samples have real data
    log_beta_scales: 0/16 samples have real data
    betas_trans: 0/16 samples have real data
    keypoint_2d: 16/16 samples have real data
    keypoint_3d: 16/16 samples have real data
    silhouette: 0/16 samples have real data
  Loss weights: keypoint_2d=0.1, betas=0.0005
  need_keypoint_loss=True, need_silhouette_loss=False
  Loss components (non-zero only):
    betas: 0.000002 (weight=0.0005)
    limb_scale_regularization: 0.015062 (weight=1e-05)
    limb_trans_regularization: 0.000000 (weight=0.5)
    joint_angle_regularization: 0.124823 (weight=2e-07)
    keypoint_2d: 0.000004 (weight=0.1)
    keypoint_3d: 0.000000 (weight=2)

WARNING: Near-zero total loss detected: 9.02e-07
  Valid samples: 16/16
  Dataset composition: {'unknown': 16}
  Availability masks present: True
  Availability summary:
    global_rot: 0/16 samples have real data
    joint_rot: 0/16 samples have real data
    betas: 16/16 samples have real data
    trans: 0/16 samples have real data
    fov: 0/16 samples have real data
    cam_rot: 0/16 samples have real data
    cam_trans: 0/16 samples have real data
    log_beta_scales: 0/16 samples have real data
    betas_trans: 0/16 samples have real data
    keypoint_2d: 16/16 samples have real data
    keypoint_3d: 16/16 samples have real data
    silhouette: 0/16 samples have real data
  Loss weights: keypoint_2d=0.1, betas=0.0005
  need_keypoint_loss=True, need_silhouette_loss=False
  Loss components (non-zero only):
    betas: 0.000004 (weight=0.0005)
    limb_scale_regularization: 0.014846 (weight=1e-05)
    limb_trans_regularization: 0.000000 (weight=0.5)
    joint_angle_regularization: 0.122502 (weight=2e-07)
    joint_limit_regularization: 0.000002 (weight=0.001)
    keypoint_2d: 0.000005 (weight=0.1)
    keypoint_3d: 0.000000 (weight=2)

WARNING: Near-zero total loss detected: 9.18e-07
  Valid samples: 16/16
  Dataset composition: {'unknown': 16}
  Availability masks present: True
  Availability summary:
    global_rot: 0/16 samples have real data
    joint_rot: 0/16 samples have real data
    betas: 16/16 samples have real data
    trans: 0/16 samples have real data
    fov: 0/16 samples have real data
    cam_rot: 0/16 samples have real data
    cam_trans: 0/16 samples have real data
    log_beta_scales: 0/16 samples have real data
    betas_trans: 0/16 samples have real data
    keypoint_2d: 16/16 samples have real data
    keypoint_3d: 16/16 samples have real data
    silhouette: 0/16 samples have real data
  Loss weights: keypoint_2d=0.1, betas=0.0005
  need_keypoint_loss=True, need_silhouette_loss=False
  Loss components (non-zero only):
    betas: 0.000002 (weight=0.0005)
    limb_scale_regularization: 0.015162 (weight=1e-05)
    limb_trans_regularization: 0.000000 (weight=0.5)
    joint_angle_regularization: 0.124993 (weight=2e-07)
    joint_limit_regularization: 0.000001 (weight=0.001)
    keypoint_2d: 0.000005 (weight=0.1)
    keypoint_3d: 0.000000 (weight=2)

WARNING: Near-zero total loss detected: 9.55e-07
  Valid samples: 16/16
  Dataset composition: {'unknown': 16}
  Availability masks present: True
  Availability summary:
    global_rot: 0/16 samples have real data
    joint_rot: 0/16 samples have real data
    betas: 16/16 samples have real data
    trans: 0/16 samples have real data
    fov: 0/16 samples have real data
    cam_rot: 0/16 samples have real data
    cam_trans: 0/16 samples have real data
    log_beta_scales: 0/16 samples have real data
    betas_trans: 0/16 samples have real data
    keypoint_2d: 16/16 samples have real data
    keypoint_3d: 16/16 samples have real data
    silhouette: 0/16 samples have real data
  Loss weights: keypoint_2d=0.1, betas=0.0005
  need_keypoint_loss=True, need_silhouette_loss=False
  Loss components (non-zero only):
    betas: 0.000004 (weight=0.0005)
    limb_scale_regularization: 0.015057 (weight=1e-05)
    limb_trans_regularization: 0.000000 (weight=0.5)
    joint_angle_regularization: 0.123066 (weight=2e-07)
    joint_limit_regularization: 0.000002 (weight=0.001)
    keypoint_2d: 0.000005 (weight=0.1)
    keypoint_3d: 0.000000 (weight=2)

WARNING: Near-zero total loss detected: 8.09e-07
  Valid samples: 16/16
  Dataset composition: {'unknown': 16}
  Availability masks present: True
  Availability summary:
    global_rot: 0/16 samples have real data
    joint_rot: 0/16 samples have real data
    betas: 16/16 samples have real data
    trans: 0/16 samples have real data
    fov: 0/16 samples have real data
    cam_rot: 0/16 samples have real data
    cam_trans: 0/16 samples have real data
    log_beta_scales: 0/16 samples have real data
    betas_trans: 0/16 samples have real data
    keypoint_2d: 16/16 samples have real data
    keypoint_3d: 16/16 samples have real data
    silhouette: 0/16 samples have real data
  Loss weights: keypoint_2d=0.1, betas=0.0005
  need_keypoint_loss=True, need_silhouette_loss=False
  Loss components (non-zero only):
    betas: 0.000003 (weight=0.0005)
    limb_scale_regularization: 0.014857 (weight=1e-05)
    limb_trans_regularization: 0.000000 (weight=0.5)
    joint_angle_regularization: 0.124184 (weight=2e-07)
    keypoint_2d: 0.000004 (weight=0.1)
    keypoint_3d: 0.000000 (weight=2)

WARNING: Near-zero total loss detected: 9.41e-07
  Valid samples: 16/16
  Dataset composition: {'unknown': 16}
  Availability masks present: True
  Availability summary:
    global_rot: 0/16 samples have real data
    joint_rot: 0/16 samples have real data
    betas: 16/16 samples have real data
    trans: 0/16 samples have real data
    fov: 0/16 samples have real data
    cam_rot: 0/16 samples have real data
    cam_trans: 0/16 samples have real data
    log_beta_scales: 0/16 samples have real data
    betas_trans: 0/16 samples have real data
    keypoint_2d: 16/16 samples have real data
    keypoint_3d: 16/16 samples have real data
    silhouette: 0/16 samples have real data
  Loss weights: keypoint_2d=0.1, betas=0.0005
  need_keypoint_loss=True, need_silhouette_loss=False
  Loss components (non-zero only):
    betas: 0.000004 (weight=0.0005)
    limb_scale_regularization: 0.015083 (weight=1e-05)
    limb_trans_regularization: 0.000000 (weight=0.5)
    joint_angle_regularization: 0.124380 (weight=2e-07)
    joint_limit_regularization: 0.000002 (weight=0.001)
    keypoint_2d: 0.000005 (weight=0.1)
    keypoint_3d: 0.000000 (weight=2)

Epoch 423:
  Train Loss = 0.000003, Val Loss = 0.000002, LR = 1.00e-05
  Parameter Errors (Train / Val):
    betas          : 0.000065 / 0.000009
    betas_trans    : 0.000000 / 0.000000
    cam_rot        : 0.000000 / 0.000000
    cam_trans      : 0.000000 / 0.000000
    fov            : 0.000000 / 0.000000
    global_rot     : 0.000000 / 0.000000
    joint_angle_regularization: 0.110780 / 0.111009
    joint_limit_regularization: 0.000050 / 0.000043
    joint_rot      : 0.000000 / 0.000000
    keypoint_2d    : 0.000016 / 0.000013
    keypoint_3d    : 0.000000 / 0.000000
    limb_scale_regularization: 0.019122 / 0.019233
    limb_trans_regularization: 0.000000 / 0.000000
    log_beta_scales: 0.000000 / 0.000000
    silhouette     : 0.000000 / 0.000000
    trans          : 0.000000 / 0.000000
  Checkpoint saved at epoch 423

WARNING: Near-zero total loss detected: 8.85e-07
  Valid samples: 16/16
  Dataset composition: {'unknown': 16}
  Availability masks present: True
  Availability summary:
    global_rot: 0/16 samples have real data
    joint_rot: 0/16 samples have real data
    betas: 16/16 samples have real data
    trans: 0/16 samples have real data
    fov: 0/16 samples have real data
    cam_rot: 0/16 samples have real data
    cam_trans: 0/16 samples have real data
    log_beta_scales: 0/16 samples have real data
    betas_trans: 0/16 samples have real data
    keypoint_2d: 16/16 samples have real data
    keypoint_3d: 16/16 samples have real data
    silhouette: 0/16 samples have real data
  Loss weights: keypoint_2d=0.1, betas=0.0005
  need_keypoint_loss=True, need_silhouette_loss=False
  Loss components (non-zero only):
    betas: 0.000006 (weight=0.0005)
    limb_scale_regularization: 0.015073 (weight=1e-05)
    limb_trans_regularization: 0.000000 (weight=0.5)
    joint_angle_regularization: 0.125269 (weight=2e-07)
    keypoint_2d: 0.000005 (weight=0.1)
    keypoint_3d: 0.000000 (weight=2)

WARNING: Near-zero total loss detected: 9.34e-07
  Valid samples: 16/16
  Dataset composition: {'unknown': 16}
  Availability masks present: True
  Availability summary:
    global_rot: 0/16 samples have real data
    joint_rot: 0/16 samples have real data
    betas: 16/16 samples have real data
    trans: 0/16 samples have real data
    fov: 0/16 samples have real data
    cam_rot: 0/16 samples have real data
    cam_trans: 0/16 samples have real data
    log_beta_scales: 0/16 samples have real data
    betas_trans: 0/16 samples have real data
    keypoint_2d: 16/16 samples have real data
    keypoint_3d: 16/16 samples have real data
    silhouette: 0/16 samples have real data
  Loss weights: keypoint_2d=0.1, betas=0.0005
  need_keypoint_loss=True, need_silhouette_loss=False
  Loss components (non-zero only):
    betas: 0.000006 (weight=0.0005)
    limb_scale_regularization: 0.015066 (weight=1e-05)
    limb_trans_regularization: 0.000000 (weight=0.5)
    joint_angle_regularization: 0.124424 (weight=2e-07)
    joint_limit_regularization: 0.000002 (weight=0.001)
    keypoint_2d: 0.000005 (weight=0.1)
    keypoint_3d: 0.000000 (weight=2)

WARNING: Near-zero total loss detected: 8.75e-07
  Valid samples: 16/16
  Dataset composition: {'unknown': 16}
  Availability masks present: True
  Availability summary:
    global_rot: 0/16 samples have real data
    joint_rot: 0/16 samples have real data
    betas: 16/16 samples have real data
    trans: 0/16 samples have real data
    fov: 0/16 samples have real data
    cam_rot: 0/16 samples have real data
    cam_trans: 0/16 samples have real data
    log_beta_scales: 0/16 samples have real data
    betas_trans: 0/16 samples have real data
    keypoint_2d: 16/16 samples have real data
    keypoint_3d: 16/16 samples have real data
    silhouette: 0/16 samples have real data
  Loss weights: keypoint_2d=0.1, betas=0.0005
  need_keypoint_loss=True, need_silhouette_loss=False
  Loss components (non-zero only):
    betas: 0.000004 (weight=0.0005)
    limb_scale_regularization: 0.015110 (weight=1e-05)
    limb_trans_regularization: 0.000000 (weight=0.5)
    joint_angle_regularization: 0.125033 (weight=2e-07)
    keypoint_2d: 0.000004 (weight=0.1)
    keypoint_3d: 0.000000 (weight=2)

WARNING: Near-zero total loss detected: 9.36e-07
  Valid samples: 16/16
  Dataset composition: {'unknown': 16}
  Availability masks present: True
  Availability summary:
    global_rot: 0/16 samples have real data
    joint_rot: 0/16 samples have real data
    betas: 16/16 samples have real data
    trans: 0/16 samples have real data
    fov: 0/16 samples have real data
    cam_rot: 0/16 samples have real data
    cam_trans: 0/16 samples have real data
    log_beta_scales: 0/16 samples have real data
    betas_trans: 0/16 samples have real data
    keypoint_2d: 16/16 samples have real data
    keypoint_3d: 16/16 samples have real data
    silhouette: 0/16 samples have real data
  Loss weights: keypoint_2d=0.1, betas=0.0005
  need_keypoint_loss=True, need_silhouette_loss=False
  Loss components (non-zero only):
    betas: 0.000004 (weight=0.0005)
    limb_scale_regularization: 0.014896 (weight=1e-05)
    limb_trans_regularization: 0.000000 (weight=0.5)
    joint_angle_regularization: 0.122724 (weight=2e-07)
    joint_limit_regularization: 0.000001 (weight=0.001)
    keypoint_2d: 0.000004 (weight=0.1)
    keypoint_3d: 0.000000 (weight=2)

WARNING: Near-zero total loss detected: 8.67e-07
  Valid samples: 16/16
  Dataset composition: {'unknown': 16}
  Availability masks present: True
  Availability summary:
    global_rot: 0/16 samples have real data
    joint_rot: 0/16 samples have real data
    betas: 16/16 samples have real data
    trans: 0/16 samples have real data
    fov: 0/16 samples have real data
    cam_rot: 0/16 samples have real data
    cam_trans: 0/16 samples have real data
    log_beta_scales: 0/16 samples have real data
    betas_trans: 0/16 samples have real data
    keypoint_2d: 16/16 samples have real data
    keypoint_3d: 16/16 samples have real data
    silhouette: 0/16 samples have real data
  Loss weights: keypoint_2d=0.1, betas=0.0005
  need_keypoint_loss=True, need_silhouette_loss=False
  Loss components (non-zero only):
    betas: 0.000003 (weight=0.0005)
    limb_scale_regularization: 0.015201 (weight=1e-05)
    limb_trans_regularization: 0.000000 (weight=0.5)
    joint_angle_regularization: 0.125213 (weight=2e-07)
    joint_limit_regularization: 0.000001 (weight=0.001)
    keypoint_2d: 0.000004 (weight=0.1)
    keypoint_3d: 0.000000 (weight=2)

WARNING: Near-zero total loss detected: 9.38e-07
  Valid samples: 16/16
  Dataset composition: {'unknown': 16}
  Availability masks present: True
  Availability summary:
    global_rot: 0/16 samples have real data
    joint_rot: 0/16 samples have real data
    betas: 16/16 samples have real data
    trans: 0/16 samples have real data
    fov: 0/16 samples have real data
    cam_rot: 0/16 samples have real data
    cam_trans: 0/16 samples have real data
    log_beta_scales: 0/16 samples have real data
    betas_trans: 0/16 samples have real data
    keypoint_2d: 16/16 samples have real data
    keypoint_3d: 16/16 samples have real data
    silhouette: 0/16 samples have real data
  Loss weights: keypoint_2d=0.1, betas=0.0005
  need_keypoint_loss=True, need_silhouette_loss=False
  Loss components (non-zero only):
    betas: 0.000004 (weight=0.0005)
    limb_scale_regularization: 0.015098 (weight=1e-05)
    limb_trans_regularization: 0.000000 (weight=0.5)
    joint_angle_regularization: 0.123187 (weight=2e-07)
    joint_limit_regularization: 0.000003 (weight=0.001)
    keypoint_2d: 0.000005 (weight=0.1)
    keypoint_3d: 0.000000 (weight=2)

WARNING: Near-zero total loss detected: 8.23e-07
  Valid samples: 16/16
  Dataset composition: {'unknown': 16}
  Availability masks present: True
  Availability summary:
    global_rot: 0/16 samples have real data
    joint_rot: 0/16 samples have real data
    betas: 16/16 samples have real data
    trans: 0/16 samples have real data
    fov: 0/16 samples have real data
    cam_rot: 0/16 samples have real data
    cam_trans: 0/16 samples have real data
    log_beta_scales: 0/16 samples have real data
    betas_trans: 0/16 samples have real data
    keypoint_2d: 16/16 samples have real data
    keypoint_3d: 16/16 samples have real data
    silhouette: 0/16 samples have real data
  Loss weights: keypoint_2d=0.1, betas=0.0005
  need_keypoint_loss=True, need_silhouette_loss=False
  Loss components (non-zero only):
    betas: 0.000002 (weight=0.0005)
    limb_scale_regularization: 0.014868 (weight=1e-05)
    limb_trans_regularization: 0.000000 (weight=0.5)
    joint_angle_regularization: 0.123530 (weight=2e-07)
    keypoint_2d: 0.000004 (weight=0.1)
    keypoint_3d: 0.000000 (weight=2)

WARNING: Near-zero total loss detected: 9.69e-07
  Valid samples: 16/16
  Dataset composition: {'unknown': 16}
  Availability masks present: True
  Availability summary:
    global_rot: 0/16 samples have real data
    joint_rot: 0/16 samples have real data
    betas: 16/16 samples have real data
    trans: 0/16 samples have real data
    fov: 0/16 samples have real data
    cam_rot: 0/16 samples have real data
    cam_trans: 0/16 samples have real data
    log_beta_scales: 0/16 samples have real data
    betas_trans: 0/16 samples have real data
    keypoint_2d: 16/16 samples have real data
    keypoint_3d: 16/16 samples have real data
    silhouette: 0/16 samples have real data
  Loss weights: keypoint_2d=0.1, betas=0.0005
  need_keypoint_loss=True, need_silhouette_loss=False
  Loss components (non-zero only):
    betas: 0.000002 (weight=0.0005)
    limb_scale_regularization: 0.015098 (weight=1e-05)
    limb_trans_regularization: 0.000000 (weight=0.5)
    joint_angle_regularization: 0.123879 (weight=2e-07)
    joint_limit_regularization: 0.000001 (weight=0.001)
    keypoint_2d: 0.000005 (weight=0.1)
    keypoint_3d: 0.000000 (weight=2)

Epoch 424:
  Train Loss = 0.000003, Val Loss = 0.000002, LR = 1.00e-05
  Parameter Errors (Train / Val):
    betas          : 0.000057 / 0.000009
    betas_trans    : 0.000000 / 0.000000
    cam_rot        : 0.000000 / 0.000000
    cam_trans      : 0.000000 / 0.000000
    fov            : 0.000000 / 0.000000
    global_rot     : 0.000000 / 0.000000
    joint_angle_regularization: 0.110967 / 0.111223
    joint_limit_regularization: 0.000049 / 0.000042
    joint_rot      : 0.000000 / 0.000000
    keypoint_2d    : 0.000016 / 0.000013
    keypoint_3d    : 0.000000 / 0.000000
    limb_scale_regularization: 0.019195 / 0.019316
    limb_trans_regularization: 0.000000 / 0.000000
    log_beta_scales: 0.000000 / 0.000000
    silhouette     : 0.000000 / 0.000000
    trans          : 0.000000 / 0.000000

WARNING: Near-zero total loss detected: 9.79e-07
  Valid samples: 16/16
  Dataset composition: {'unknown': 16}
  Availability masks present: True
  Availability summary:
    global_rot: 0/16 samples have real data
    joint_rot: 0/16 samples have real data
    betas: 16/16 samples have real data
    trans: 0/16 samples have real data
    fov: 0/16 samples have real data
    cam_rot: 0/16 samples have real data
    cam_trans: 0/16 samples have real data
    log_beta_scales: 0/16 samples have real data
    betas_trans: 0/16 samples have real data
    keypoint_2d: 16/16 samples have real data
    keypoint_3d: 16/16 samples have real data
    silhouette: 0/16 samples have real data
  Loss weights: keypoint_2d=0.1, betas=0.0005
  need_keypoint_loss=True, need_silhouette_loss=False
  Loss components (non-zero only):
    betas: 0.000004 (weight=0.0005)
    limb_scale_regularization: 0.015103 (weight=1e-05)
    limb_trans_regularization: 0.000000 (weight=0.5)
    joint_angle_regularization: 0.124154 (weight=2e-07)
    keypoint_2d: 0.000005 (weight=0.1)
    keypoint_3d: 0.000000 (weight=2)

WARNING: Near-zero total loss detected: 9.30e-07
  Valid samples: 16/16
  Dataset composition: {'unknown': 16}
  Availability masks present: True
  Availability summary:
    global_rot: 0/16 samples have real data
    joint_rot: 0/16 samples have real data
    betas: 16/16 samples have real data
    trans: 0/16 samples have real data
    fov: 0/16 samples have real data
    cam_rot: 0/16 samples have real data
    cam_trans: 0/16 samples have real data
    log_beta_scales: 0/16 samples have real data
    betas_trans: 0/16 samples have real data
    keypoint_2d: 16/16 samples have real data
    keypoint_3d: 16/16 samples have real data
    silhouette: 0/16 samples have real data
  Loss weights: keypoint_2d=0.1, betas=0.0005
  need_keypoint_loss=True, need_silhouette_loss=False
  Loss components (non-zero only):
    betas: 0.000003 (weight=0.0005)
    limb_scale_regularization: 0.015148 (weight=1e-05)
    limb_trans_regularization: 0.000000 (weight=0.5)
    joint_angle_regularization: 0.124889 (weight=2e-07)
    keypoint_2d: 0.000005 (weight=0.1)
    keypoint_3d: 0.000000 (weight=2)

WARNING: Near-zero total loss detected: 9.78e-07
  Valid samples: 16/16
  Dataset composition: {'unknown': 16}
  Availability masks present: True
  Availability summary:
    global_rot: 0/16 samples have real data
    joint_rot: 0/16 samples have real data
    betas: 16/16 samples have real data
    trans: 0/16 samples have real data
    fov: 0/16 samples have real data
    cam_rot: 0/16 samples have real data
    cam_trans: 0/16 samples have real data
    log_beta_scales: 0/16 samples have real data
    betas_trans: 0/16 samples have real data
    keypoint_2d: 16/16 samples have real data
    keypoint_3d: 16/16 samples have real data
    silhouette: 0/16 samples have real data
  Loss weights: keypoint_2d=0.1, betas=0.0005
  need_keypoint_loss=True, need_silhouette_loss=False
  Loss components (non-zero only):
    betas: 0.000005 (weight=0.0005)
    limb_scale_regularization: 0.014926 (weight=1e-05)
    limb_trans_regularization: 0.000000 (weight=0.5)
    joint_angle_regularization: 0.122512 (weight=2e-07)
    joint_limit_regularization: 0.000001 (weight=0.001)
    keypoint_2d: 0.000005 (weight=0.1)
    keypoint_3d: 0.000000 (weight=2)

WARNING: Near-zero total loss detected: 8.80e-07
  Valid samples: 16/16
  Dataset composition: {'unknown': 16}
  Availability masks present: True
  Availability summary:
    global_rot: 0/16 samples have real data
    joint_rot: 0/16 samples have real data
    betas: 16/16 samples have real data
    trans: 0/16 samples have real data
    fov: 0/16 samples have real data
    cam_rot: 0/16 samples have real data
    cam_trans: 0/16 samples have real data
    log_beta_scales: 0/16 samples have real data
    betas_trans: 0/16 samples have real data
    keypoint_2d: 16/16 samples have real data
    keypoint_3d: 16/16 samples have real data
    silhouette: 0/16 samples have real data
  Loss weights: keypoint_2d=0.1, betas=0.0005
  need_keypoint_loss=True, need_silhouette_loss=False
  Loss components (non-zero only):
    betas: 0.000002 (weight=0.0005)
    limb_scale_regularization: 0.015227 (weight=1e-05)
    limb_trans_regularization: 0.000000 (weight=0.5)
    joint_angle_regularization: 0.124683 (weight=2e-07)
    joint_limit_regularization: 0.000000 (weight=0.001)
    keypoint_2d: 0.000005 (weight=0.1)
    keypoint_3d: 0.000000 (weight=2)

WARNING: Near-zero total loss detected: 9.55e-07
  Valid samples: 16/16
  Dataset composition: {'unknown': 16}
  Availability masks present: True
  Availability summary:
    global_rot: 0/16 samples have real data
    joint_rot: 0/16 samples have real data
    betas: 16/16 samples have real data
    trans: 0/16 samples have real data
    fov: 0/16 samples have real data
    cam_rot: 0/16 samples have real data
    cam_trans: 0/16 samples have real data
    log_beta_scales: 0/16 samples have real data
    betas_trans: 0/16 samples have real data
    keypoint_2d: 16/16 samples have real data
    keypoint_3d: 16/16 samples have real data
    silhouette: 0/16 samples have real data
  Loss weights: keypoint_2d=0.1, betas=0.0005
  need_keypoint_loss=True, need_silhouette_loss=False
  Loss components (non-zero only):
    betas: 0.000003 (weight=0.0005)
    limb_scale_regularization: 0.015126 (weight=1e-05)
    limb_trans_regularization: 0.000000 (weight=0.5)
    joint_angle_regularization: 0.122568 (weight=2e-07)
    joint_limit_regularization: 0.000004 (weight=0.001)
    keypoint_2d: 0.000005 (weight=0.1)
    keypoint_3d: 0.000000 (weight=2)

WARNING: Near-zero total loss detected: 7.91e-07
  Valid samples: 16/16
  Dataset composition: {'unknown': 16}
  Availability masks present: True
  Availability summary:
    global_rot: 0/16 samples have real data
    joint_rot: 0/16 samples have real data
    betas: 16/16 samples have real data
    trans: 0/16 samples have real data
    fov: 0/16 samples have real data
    cam_rot: 0/16 samples have real data
    cam_trans: 0/16 samples have real data
    log_beta_scales: 0/16 samples have real data
    betas_trans: 0/16 samples have real data
    keypoint_2d: 16/16 samples have real data
    keypoint_3d: 16/16 samples have real data
    silhouette: 0/16 samples have real data
  Loss weights: keypoint_2d=0.1, betas=0.0005
  need_keypoint_loss=True, need_silhouette_loss=False
  Loss components (non-zero only):
    betas: 0.000002 (weight=0.0005)
    limb_scale_regularization: 0.014865 (weight=1e-05)
    limb_trans_regularization: 0.000000 (weight=0.5)
    joint_angle_regularization: 0.124521 (weight=2e-07)
    keypoint_2d: 0.000004 (weight=0.1)
    keypoint_3d: 0.000000 (weight=2)

WARNING: Near-zero total loss detected: 9.26e-07
  Valid samples: 16/16
  Dataset composition: {'unknown': 16}
  Availability masks present: True
  Availability summary:
    global_rot: 0/16 samples have real data
    joint_rot: 0/16 samples have real data
    betas: 16/16 samples have real data
    trans: 0/16 samples have real data
    fov: 0/16 samples have real data
    cam_rot: 0/16 samples have real data
    cam_trans: 0/16 samples have real data
    log_beta_scales: 0/16 samples have real data
    betas_trans: 0/16 samples have real data
    keypoint_2d: 16/16 samples have real data
    keypoint_3d: 16/16 samples have real data
    silhouette: 0/16 samples have real data
  Loss weights: keypoint_2d=0.1, betas=0.0005
  need_keypoint_loss=True, need_silhouette_loss=False
  Loss components (non-zero only):
    betas: 0.000003 (weight=0.0005)
    limb_scale_regularization: 0.015095 (weight=1e-05)
    limb_trans_regularization: 0.000000 (weight=0.5)
    joint_angle_regularization: 0.124675 (weight=2e-07)
    joint_limit_regularization: 0.000001 (weight=0.001)
    keypoint_2d: 0.000005 (weight=0.1)
    keypoint_3d: 0.000000 (weight=2)

Epoch 425:
  Train Loss = 0.000003, Val Loss = 0.000002, LR = 1.00e-05
  Parameter Errors (Train / Val):
    betas          : 0.000076 / 0.000010
    betas_trans    : 0.000000 / 0.000000
    cam_rot        : 0.000000 / 0.000000
    cam_trans      : 0.000000 / 0.000000
    fov            : 0.000000 / 0.000000
    global_rot     : 0.000000 / 0.000000
    joint_angle_regularization: 0.111107 / 0.111350
    joint_limit_regularization: 0.000047 / 0.000042
    joint_rot      : 0.000000 / 0.000000
    keypoint_2d    : 0.000016 / 0.000013
    keypoint_3d    : 0.000000 / 0.000000
    limb_scale_regularization: 0.019230 / 0.019371
    limb_trans_regularization: 0.000000 / 0.000000
    log_beta_scales: 0.000000 / 0.000000
    silhouette     : 0.000000 / 0.000000
    trans          : 0.000000 / 0.000000
  Checkpoint saved at epoch 425

WARNING: Near-zero total loss detected: 9.13e-07
  Valid samples: 16/16
  Dataset composition: {'unknown': 16}
  Availability masks present: True
  Availability summary:
    global_rot: 0/16 samples have real data
    joint_rot: 0/16 samples have real data
    betas: 16/16 samples have real data
    trans: 0/16 samples have real data
    fov: 0/16 samples have real data
    cam_rot: 0/16 samples have real data
    cam_trans: 0/16 samples have real data
    log_beta_scales: 0/16 samples have real data
    betas_trans: 0/16 samples have real data
    keypoint_2d: 16/16 samples have real data
    keypoint_3d: 16/16 samples have real data
    silhouette: 0/16 samples have real data
  Loss weights: keypoint_2d=0.1, betas=0.0005
  need_keypoint_loss=True, need_silhouette_loss=False
  Loss components (non-zero only):
    betas: 0.000002 (weight=0.0005)
    limb_scale_regularization: 0.015118 (weight=1e-05)
    limb_trans_regularization: 0.000000 (weight=0.5)
    joint_angle_regularization: 0.124685 (weight=2e-07)
    keypoint_2d: 0.000005 (weight=0.1)
    keypoint_3d: 0.000000 (weight=2)

WARNING: Near-zero total loss detected: 9.52e-07
  Valid samples: 16/16
  Dataset composition: {'unknown': 16}
  Availability masks present: True
  Availability summary:
    global_rot: 0/16 samples have real data
    joint_rot: 0/16 samples have real data
    betas: 16/16 samples have real data
    trans: 0/16 samples have real data
    fov: 0/16 samples have real data
    cam_rot: 0/16 samples have real data
    cam_trans: 0/16 samples have real data
    log_beta_scales: 0/16 samples have real data
    betas_trans: 0/16 samples have real data
    keypoint_2d: 16/16 samples have real data
    keypoint_3d: 16/16 samples have real data
    silhouette: 0/16 samples have real data
  Loss weights: keypoint_2d=0.1, betas=0.0005
  need_keypoint_loss=True, need_silhouette_loss=False
  Loss components (non-zero only):
    betas: 0.000003 (weight=0.0005)
    limb_scale_regularization: 0.015115 (weight=1e-05)
    limb_trans_regularization: 0.000000 (weight=0.5)
    joint_angle_regularization: 0.123733 (weight=2e-07)
    joint_limit_regularization: 0.000001 (weight=0.001)
    keypoint_2d: 0.000005 (weight=0.1)
    keypoint_3d: 0.000000 (weight=2)

WARNING: Near-zero total loss detected: 9.12e-07
  Valid samples: 16/16
  Dataset composition: {'unknown': 16}
  Availability masks present: True
  Availability summary:
    global_rot: 0/16 samples have real data
    joint_rot: 0/16 samples have real data
    betas: 16/16 samples have real data
    trans: 0/16 samples have real data
    fov: 0/16 samples have real data
    cam_rot: 0/16 samples have real data
    cam_trans: 0/16 samples have real data
    log_beta_scales: 0/16 samples have real data
    betas_trans: 0/16 samples have real data
    keypoint_2d: 16/16 samples have real data
    keypoint_3d: 16/16 samples have real data
    silhouette: 0/16 samples have real data
  Loss weights: keypoint_2d=0.1, betas=0.0005
  need_keypoint_loss=True, need_silhouette_loss=False
  Loss components (non-zero only):
    betas: 0.000008 (weight=0.0005)
    limb_scale_regularization: 0.015210 (weight=1e-05)
    limb_trans_regularization: 0.000000 (weight=0.5)
    joint_angle_regularization: 0.124836 (weight=2e-07)
    keypoint_2d: 0.000005 (weight=0.1)
    keypoint_3d: 0.000000 (weight=2)

WARNING: Near-zero total loss detected: 9.91e-07
  Valid samples: 16/16
  Dataset composition: {'unknown': 16}
  Availability masks present: True
  Availability summary:
    global_rot: 0/16 samples have real data
    joint_rot: 0/16 samples have real data
    betas: 16/16 samples have real data
    trans: 0/16 samples have real data
    fov: 0/16 samples have real data
    cam_rot: 0/16 samples have real data
    cam_trans: 0/16 samples have real data
    log_beta_scales: 0/16 samples have real data
    betas_trans: 0/16 samples have real data
    keypoint_2d: 16/16 samples have real data
    keypoint_3d: 16/16 samples have real data
    silhouette: 0/16 samples have real data
  Loss weights: keypoint_2d=0.1, betas=0.0005
  need_keypoint_loss=True, need_silhouette_loss=False
  Loss components (non-zero only):
    betas: 0.000006 (weight=0.0005)
    limb_scale_regularization: 0.014997 (weight=1e-05)
    limb_trans_regularization: 0.000000 (weight=0.5)
    joint_angle_regularization: 0.122489 (weight=2e-07)
    joint_limit_regularization: 0.000001 (weight=0.001)
    keypoint_2d: 0.000005 (weight=0.1)
    keypoint_3d: 0.000000 (weight=2)

WARNING: Near-zero total loss detected: 8.74e-07
  Valid samples: 16/16
  Dataset composition: {'unknown': 16}
  Availability masks present: True
  Availability summary:
    global_rot: 0/16 samples have real data
    joint_rot: 0/16 samples have real data
    betas: 16/16 samples have real data
    trans: 0/16 samples have real data
    fov: 0/16 samples have real data
    cam_rot: 0/16 samples have real data
    cam_trans: 0/16 samples have real data
    log_beta_scales: 0/16 samples have real data
    betas_trans: 0/16 samples have real data
    keypoint_2d: 16/16 samples have real data
    keypoint_3d: 16/16 samples have real data
    silhouette: 0/16 samples have real data
  Loss weights: keypoint_2d=0.1, betas=0.0005
  need_keypoint_loss=True, need_silhouette_loss=False
  Loss components (non-zero only):
    betas: 0.000002 (weight=0.0005)
    limb_scale_regularization: 0.015154 (weight=1e-05)
    limb_trans_regularization: 0.000000 (weight=0.5)
    joint_angle_regularization: 0.124861 (weight=2e-07)
    keypoint_2d: 0.000005 (weight=0.1)
    keypoint_3d: 0.000000 (weight=2)

WARNING: Near-zero total loss detected: 9.26e-07
  Valid samples: 16/16
  Dataset composition: {'unknown': 16}
  Availability masks present: True
  Availability summary:
    global_rot: 0/16 samples have real data
    joint_rot: 0/16 samples have real data
    betas: 16/16 samples have real data
    trans: 0/16 samples have real data
    fov: 0/16 samples have real data
    cam_rot: 0/16 samples have real data
    cam_trans: 0/16 samples have real data
    log_beta_scales: 0/16 samples have real data
    betas_trans: 0/16 samples have real data
    keypoint_2d: 16/16 samples have real data
    keypoint_3d: 16/16 samples have real data
    silhouette: 0/16 samples have real data
  Loss weights: keypoint_2d=0.1, betas=0.0005
  need_keypoint_loss=True, need_silhouette_loss=False
  Loss components (non-zero only):
    betas: 0.000002 (weight=0.0005)
    limb_scale_regularization: 0.015054 (weight=1e-05)
    limb_trans_regularization: 0.000000 (weight=0.5)
    joint_angle_regularization: 0.122789 (weight=2e-07)
    joint_limit_regularization: 0.000002 (weight=0.001)
    keypoint_2d: 0.000005 (weight=0.1)
    keypoint_3d: 0.000000 (weight=2)

WARNING: Near-zero total loss detected: 7.84e-07
  Valid samples: 16/16
  Dataset composition: {'unknown': 16}
  Availability masks present: True
  Availability summary:
    global_rot: 0/16 samples have real data
    joint_rot: 0/16 samples have real data
    betas: 16/16 samples have real data
    trans: 0/16 samples have real data
    fov: 0/16 samples have real data
    cam_rot: 0/16 samples have real data
    cam_trans: 0/16 samples have real data
    log_beta_scales: 0/16 samples have real data
    betas_trans: 0/16 samples have real data
    keypoint_2d: 16/16 samples have real data
    keypoint_3d: 16/16 samples have real data
    silhouette: 0/16 samples have real data
  Loss weights: keypoint_2d=0.1, betas=0.0005
  need_keypoint_loss=True, need_silhouette_loss=False
  Loss components (non-zero only):
    betas: 0.000003 (weight=0.0005)
    limb_scale_regularization: 0.014900 (weight=1e-05)
    limb_trans_regularization: 0.000000 (weight=0.5)
    joint_angle_regularization: 0.125026 (weight=2e-07)
    keypoint_2d: 0.000004 (weight=0.1)
    keypoint_3d: 0.000000 (weight=2)

WARNING: Near-zero total loss detected: 9.31e-07
  Valid samples: 16/16
  Dataset composition: {'unknown': 16}
  Availability masks present: True
  Availability summary:
    global_rot: 0/16 samples have real data
    joint_rot: 0/16 samples have real data
    betas: 16/16 samples have real data
    trans: 0/16 samples have real data
    fov: 0/16 samples have real data
    cam_rot: 0/16 samples have real data
    cam_trans: 0/16 samples have real data
    log_beta_scales: 0/16 samples have real data
    betas_trans: 0/16 samples have real data
    keypoint_2d: 16/16 samples have real data
    keypoint_3d: 16/16 samples have real data
    silhouette: 0/16 samples have real data
  Loss weights: keypoint_2d=0.1, betas=0.0005
  need_keypoint_loss=True, need_silhouette_loss=False
  Loss components (non-zero only):
    betas: 0.000003 (weight=0.0005)
    limb_scale_regularization: 0.015131 (weight=1e-05)
    limb_trans_regularization: 0.000000 (weight=0.5)
    joint_angle_regularization: 0.125173 (weight=2e-07)
    joint_limit_regularization: 0.000002 (weight=0.001)
    keypoint_2d: 0.000005 (weight=0.1)
    keypoint_3d: 0.000000 (weight=2)

Epoch 426:
  Train Loss = 0.000003, Val Loss = 0.000002, LR = 1.00e-05
  Parameter Errors (Train / Val):
    betas          : 0.000048 / 0.000010
    betas_trans    : 0.000000 / 0.000000
    cam_rot        : 0.000000 / 0.000000
    cam_trans      : 0.000000 / 0.000000
    fov            : 0.000000 / 0.000000
    global_rot     : 0.000000 / 0.000000
    joint_angle_regularization: 0.110919 / 0.111487
    joint_limit_regularization: 0.000048 / 0.000041
    joint_rot      : 0.000000 / 0.000000
    keypoint_2d    : 0.000016 / 0.000013
    keypoint_3d    : 0.000000 / 0.000000
    limb_scale_regularization: 0.019248 / 0.019414
    limb_trans_regularization: 0.000000 / 0.000000
    log_beta_scales: 0.000000 / 0.000000
    silhouette     : 0.000000 / 0.000000
    trans          : 0.000000 / 0.000000

WARNING: Near-zero total loss detected: 8.84e-07
  Valid samples: 16/16
  Dataset composition: {'unknown': 16}
  Availability masks present: True
  Availability summary:
    global_rot: 0/16 samples have real data
    joint_rot: 0/16 samples have real data
    betas: 16/16 samples have real data
    trans: 0/16 samples have real data
    fov: 0/16 samples have real data
    cam_rot: 0/16 samples have real data
    cam_trans: 0/16 samples have real data
    log_beta_scales: 0/16 samples have real data
    betas_trans: 0/16 samples have real data
    keypoint_2d: 16/16 samples have real data
    keypoint_3d: 16/16 samples have real data
    silhouette: 0/16 samples have real data
  Loss weights: keypoint_2d=0.1, betas=0.0005
  need_keypoint_loss=True, need_silhouette_loss=False
  Loss components (non-zero only):
    betas: 0.000004 (weight=0.0005)
    limb_scale_regularization: 0.015176 (weight=1e-05)
    limb_trans_regularization: 0.000000 (weight=0.5)
    joint_angle_regularization: 0.125132 (weight=2e-07)
    keypoint_2d: 0.000004 (weight=0.1)
    keypoint_3d: 0.000000 (weight=2)

WARNING: Near-zero total loss detected: 9.42e-07
  Valid samples: 16/16
  Dataset composition: {'unknown': 16}
  Availability masks present: True
  Availability summary:
    global_rot: 0/16 samples have real data
    joint_rot: 0/16 samples have real data
    betas: 16/16 samples have real data
    trans: 0/16 samples have real data
    fov: 0/16 samples have real data
    cam_rot: 0/16 samples have real data
    cam_trans: 0/16 samples have real data
    log_beta_scales: 0/16 samples have real data
    betas_trans: 0/16 samples have real data
    keypoint_2d: 16/16 samples have real data
    keypoint_3d: 16/16 samples have real data
    silhouette: 0/16 samples have real data
  Loss weights: keypoint_2d=0.1, betas=0.0005
  need_keypoint_loss=True, need_silhouette_loss=False
  Loss components (non-zero only):
    betas: 0.000005 (weight=0.0005)
    limb_scale_regularization: 0.015172 (weight=1e-05)
    limb_trans_regularization: 0.000000 (weight=0.5)
    joint_angle_regularization: 0.124141 (weight=2e-07)
    joint_limit_regularization: 0.000001 (weight=0.001)
    keypoint_2d: 0.000005 (weight=0.1)
    keypoint_3d: 0.000000 (weight=2)

WARNING: Near-zero total loss detected: 8.23e-07
  Valid samples: 16/16
  Dataset composition: {'unknown': 16}
  Availability masks present: True
  Availability summary:
    global_rot: 0/16 samples have real data
    joint_rot: 0/16 samples have real data
    betas: 16/16 samples have real data
    trans: 0/16 samples have real data
    fov: 0/16 samples have real data
    cam_rot: 0/16 samples have real data
    cam_trans: 0/16 samples have real data
    log_beta_scales: 0/16 samples have real data
    betas_trans: 0/16 samples have real data
    keypoint_2d: 16/16 samples have real data
    keypoint_3d: 16/16 samples have real data
    silhouette: 0/16 samples have real data
  Loss weights: keypoint_2d=0.1, betas=0.0005
  need_keypoint_loss=True, need_silhouette_loss=False
  Loss components (non-zero only):
    betas: 0.000003 (weight=0.0005)
    limb_scale_regularization: 0.015195 (weight=1e-05)
    limb_trans_regularization: 0.000000 (weight=0.5)
    joint_angle_regularization: 0.125782 (weight=2e-07)
    keypoint_2d: 0.000004 (weight=0.1)
    keypoint_3d: 0.000000 (weight=2)

WARNING: Near-zero total loss detected: 8.97e-07
  Valid samples: 16/16
  Dataset composition: {'unknown': 16}
  Availability masks present: True
  Availability summary:
    global_rot: 0/16 samples have real data
    joint_rot: 0/16 samples have real data
    betas: 16/16 samples have real data
    trans: 0/16 samples have real data
    fov: 0/16 samples have real data
    cam_rot: 0/16 samples have real data
    cam_trans: 0/16 samples have real data
    log_beta_scales: 0/16 samples have real data
    betas_trans: 0/16 samples have real data
    keypoint_2d: 16/16 samples have real data
    keypoint_3d: 16/16 samples have real data
    silhouette: 0/16 samples have real data
  Loss weights: keypoint_2d=0.1, betas=0.0005
  need_keypoint_loss=True, need_silhouette_loss=False
  Loss components (non-zero only):
    betas: 0.000003 (weight=0.0005)
    limb_scale_regularization: 0.014979 (weight=1e-05)
    limb_trans_regularization: 0.000000 (weight=0.5)
    joint_angle_regularization: 0.123332 (weight=2e-07)
    joint_limit_regularization: 0.000001 (weight=0.001)
    keypoint_2d: 0.000005 (weight=0.1)
    keypoint_3d: 0.000000 (weight=2)

WARNING: Near-zero total loss detected: 8.84e-07
  Valid samples: 16/16
  Dataset composition: {'unknown': 16}
  Availability masks present: True
  Availability summary:
    global_rot: 0/16 samples have real data
    joint_rot: 0/16 samples have real data
    betas: 16/16 samples have real data
    trans: 0/16 samples have real data
    fov: 0/16 samples have real data
    cam_rot: 0/16 samples have real data
    cam_trans: 0/16 samples have real data
    log_beta_scales: 0/16 samples have real data
    betas_trans: 0/16 samples have real data
    keypoint_2d: 16/16 samples have real data
    keypoint_3d: 16/16 samples have real data
    silhouette: 0/16 samples have real data
  Loss weights: keypoint_2d=0.1, betas=0.0005
  need_keypoint_loss=True, need_silhouette_loss=False
  Loss components (non-zero only):
    betas: 0.000002 (weight=0.0005)
    limb_scale_regularization: 0.014911 (weight=1e-05)
    limb_trans_regularization: 0.000000 (weight=0.5)
    joint_angle_regularization: 0.124977 (weight=2e-07)
    joint_limit_regularization: 0.000000 (weight=0.001)
    keypoint_2d: 0.000004 (weight=0.1)
    keypoint_3d: 0.000000 (weight=2)

WARNING: Near-zero total loss detected: 8.56e-07
  Valid samples: 16/16
  Dataset composition: {'unknown': 16}
  Availability masks present: True
  Availability summary:
    global_rot: 0/16 samples have real data
    joint_rot: 0/16 samples have real data
    betas: 16/16 samples have real data
    trans: 0/16 samples have real data
    fov: 0/16 samples have real data
    cam_rot: 0/16 samples have real data
    cam_trans: 0/16 samples have real data
    log_beta_scales: 0/16 samples have real data
    betas_trans: 0/16 samples have real data
    keypoint_2d: 16/16 samples have real data
    keypoint_3d: 16/16 samples have real data
    silhouette: 0/16 samples have real data
  Loss weights: keypoint_2d=0.1, betas=0.0005
  need_keypoint_loss=True, need_silhouette_loss=False
  Loss components (non-zero only):
    betas: 0.000001 (weight=0.0005)
    limb_scale_regularization: 0.015219 (weight=1e-05)
    limb_trans_regularization: 0.000000 (weight=0.5)
    joint_angle_regularization: 0.124587 (weight=2e-07)
    keypoint_2d: 0.000004 (weight=0.1)
    keypoint_3d: 0.000000 (weight=2)

WARNING: Near-zero total loss detected: 9.08e-07
  Valid samples: 16/16
  Dataset composition: {'unknown': 16}
  Availability masks present: True
  Availability summary:
    global_rot: 0/16 samples have real data
    joint_rot: 0/16 samples have real data
    betas: 16/16 samples have real data
    trans: 0/16 samples have real data
    fov: 0/16 samples have real data
    cam_rot: 0/16 samples have real data
    cam_trans: 0/16 samples have real data
    log_beta_scales: 0/16 samples have real data
    betas_trans: 0/16 samples have real data
    keypoint_2d: 16/16 samples have real data
    keypoint_3d: 16/16 samples have real data
    silhouette: 0/16 samples have real data
  Loss weights: keypoint_2d=0.1, betas=0.0005
  need_keypoint_loss=True, need_silhouette_loss=False
  Loss components (non-zero only):
    betas: 0.000002 (weight=0.0005)
    limb_scale_regularization: 0.015119 (weight=1e-05)
    limb_trans_regularization: 0.000000 (weight=0.5)
    joint_angle_regularization: 0.122499 (weight=2e-07)
    joint_limit_regularization: 0.000004 (weight=0.001)
    keypoint_2d: 0.000005 (weight=0.1)
    keypoint_3d: 0.000000 (weight=2)

Epoch 427:
  Train Loss = 0.000003, Val Loss = 0.000002, LR = 1.00e-05
  Parameter Errors (Train / Val):
    betas          : 0.000048 / 0.000009
    betas_trans    : 0.000000 / 0.000000
    cam_rot        : 0.000000 / 0.000000
    cam_trans      : 0.000000 / 0.000000
    fov            : 0.000000 / 0.000000
    global_rot     : 0.000000 / 0.000000
    joint_angle_regularization: 0.111349 / 0.111783
    joint_limit_regularization: 0.000047 / 0.000041
    joint_rot      : 0.000000 / 0.000000
    keypoint_2d    : 0.000016 / 0.000013
    keypoint_3d    : 0.000000 / 0.000000
    limb_scale_regularization: 0.019251 / 0.019471
    limb_trans_regularization: 0.000000 / 0.000000
    log_beta_scales: 0.000000 / 0.000000
    silhouette     : 0.000000 / 0.000000
    trans          : 0.000000 / 0.000000
  Checkpoint saved at epoch 427

WARNING: Near-zero total loss detected: 9.35e-07
  Valid samples: 16/16
  Dataset composition: {'unknown': 16}
  Availability masks present: True
  Availability summary:
    global_rot: 0/16 samples have real data
    joint_rot: 0/16 samples have real data
    betas: 16/16 samples have real data
    trans: 0/16 samples have real data
    fov: 0/16 samples have real data
    cam_rot: 0/16 samples have real data
    cam_trans: 0/16 samples have real data
    log_beta_scales: 0/16 samples have real data
    betas_trans: 0/16 samples have real data
    keypoint_2d: 16/16 samples have real data
    keypoint_3d: 16/16 samples have real data
    silhouette: 0/16 samples have real data
  Loss weights: keypoint_2d=0.1, betas=0.0005
  need_keypoint_loss=True, need_silhouette_loss=False
  Loss components (non-zero only):
    betas: 0.000002 (weight=0.0005)
    limb_scale_regularization: 0.015171 (weight=1e-05)
    limb_trans_regularization: 0.000000 (weight=0.5)
    joint_angle_regularization: 0.125182 (weight=2e-07)
    keypoint_2d: 0.000005 (weight=0.1)
    keypoint_3d: 0.000000 (weight=2)

WARNING: Near-zero total loss detected: 9.81e-07
  Valid samples: 16/16
  Dataset composition: {'unknown': 16}
  Availability masks present: True
  Availability summary:
    global_rot: 0/16 samples have real data
    joint_rot: 0/16 samples have real data
    betas: 16/16 samples have real data
    trans: 0/16 samples have real data
    fov: 0/16 samples have real data
    cam_rot: 0/16 samples have real data
    cam_trans: 0/16 samples have real data
    log_beta_scales: 0/16 samples have real data
    betas_trans: 0/16 samples have real data
    keypoint_2d: 16/16 samples have real data
    keypoint_3d: 16/16 samples have real data
    silhouette: 0/16 samples have real data
  Loss weights: keypoint_2d=0.1, betas=0.0005
  need_keypoint_loss=True, need_silhouette_loss=False
  Loss components (non-zero only):
    betas: 0.000004 (weight=0.0005)
    limb_scale_regularization: 0.015168 (weight=1e-05)
    limb_trans_regularization: 0.000000 (weight=0.5)
    joint_angle_regularization: 0.124330 (weight=2e-07)
    keypoint_2d: 0.000005 (weight=0.1)
    keypoint_3d: 0.000000 (weight=2)

WARNING: Near-zero total loss detected: 8.70e-07
  Valid samples: 16/16
  Dataset composition: {'unknown': 16}
  Availability masks present: True
  Availability summary:
    global_rot: 0/16 samples have real data
    joint_rot: 0/16 samples have real data
    betas: 16/16 samples have real data
    trans: 0/16 samples have real data
    fov: 0/16 samples have real data
    cam_rot: 0/16 samples have real data
    cam_trans: 0/16 samples have real data
    log_beta_scales: 0/16 samples have real data
    betas_trans: 0/16 samples have real data
    keypoint_2d: 16/16 samples have real data
    keypoint_3d: 16/16 samples have real data
    silhouette: 0/16 samples have real data
  Loss weights: keypoint_2d=0.1, betas=0.0005
  need_keypoint_loss=True, need_silhouette_loss=False
  Loss components (non-zero only):
    betas: 0.000003 (weight=0.0005)
    limb_scale_regularization: 0.015220 (weight=1e-05)
    limb_trans_regularization: 0.000000 (weight=0.5)
    joint_angle_regularization: 0.125027 (weight=2e-07)
    keypoint_2d: 0.000004 (weight=0.1)
    keypoint_3d: 0.000000 (weight=2)

WARNING: Near-zero total loss detected: 9.22e-07
  Valid samples: 16/16
  Dataset composition: {'unknown': 16}
  Availability masks present: True
  Availability summary:
    global_rot: 0/16 samples have real data
    joint_rot: 0/16 samples have real data
    betas: 16/16 samples have real data
    trans: 0/16 samples have real data
    fov: 0/16 samples have real data
    cam_rot: 0/16 samples have real data
    cam_trans: 0/16 samples have real data
    log_beta_scales: 0/16 samples have real data
    betas_trans: 0/16 samples have real data
    keypoint_2d: 16/16 samples have real data
    keypoint_3d: 16/16 samples have real data
    silhouette: 0/16 samples have real data
  Loss weights: keypoint_2d=0.1, betas=0.0005
  need_keypoint_loss=True, need_silhouette_loss=False
  Loss components (non-zero only):
    betas: 0.000003 (weight=0.0005)
    limb_scale_regularization: 0.015121 (weight=1e-05)
    limb_trans_regularization: 0.000000 (weight=0.5)
    joint_angle_regularization: 0.122947 (weight=2e-07)
    joint_limit_regularization: 0.000003 (weight=0.001)
    keypoint_2d: 0.000005 (weight=0.1)
    keypoint_3d: 0.000000 (weight=2)

WARNING: Near-zero total loss detected: 9.77e-07
  Valid samples: 16/16
  Dataset composition: {'unknown': 16}
  Availability masks present: True
  Availability summary:
    global_rot: 0/16 samples have real data
    joint_rot: 0/16 samples have real data
    betas: 16/16 samples have real data
    trans: 0/16 samples have real data
    fov: 0/16 samples have real data
    cam_rot: 0/16 samples have real data
    cam_trans: 0/16 samples have real data
    log_beta_scales: 0/16 samples have real data
    betas_trans: 0/16 samples have real data
    keypoint_2d: 16/16 samples have real data
    keypoint_3d: 16/16 samples have real data
    silhouette: 0/16 samples have real data
  Loss weights: keypoint_2d=0.1, betas=0.0005
  need_keypoint_loss=True, need_silhouette_loss=False
  Loss components (non-zero only):
    betas: 0.000002 (weight=0.0005)
    limb_scale_regularization: 0.015227 (weight=1e-05)
    limb_trans_regularization: 0.000000 (weight=0.5)
    joint_angle_regularization: 0.125640 (weight=2e-07)
    keypoint_2d: 0.000005 (weight=0.1)
    keypoint_3d: 0.000000 (weight=2)

WARNING: Near-zero total loss detected: 8.27e-07
  Valid samples: 16/16
  Dataset composition: {'unknown': 16}
  Availability masks present: True
  Availability summary:
    global_rot: 0/16 samples have real data
    joint_rot: 0/16 samples have real data
    betas: 16/16 samples have real data
    trans: 0/16 samples have real data
    fov: 0/16 samples have real data
    cam_rot: 0/16 samples have real data
    cam_trans: 0/16 samples have real data
    log_beta_scales: 0/16 samples have real data
    betas_trans: 0/16 samples have real data
    keypoint_2d: 16/16 samples have real data
    keypoint_3d: 16/16 samples have real data
    silhouette: 0/16 samples have real data
  Loss weights: keypoint_2d=0.1, betas=0.0005
  need_keypoint_loss=True, need_silhouette_loss=False
  Loss components (non-zero only):
    betas: 0.000005 (weight=0.0005)
    limb_scale_regularization: 0.014947 (weight=1e-05)
    limb_trans_regularization: 0.000000 (weight=0.5)
    joint_angle_regularization: 0.124930 (weight=2e-07)
    keypoint_2d: 0.000004 (weight=0.1)
    keypoint_3d: 0.000000 (weight=2)

WARNING: Near-zero total loss detected: 9.86e-07
  Valid samples: 16/16
  Dataset composition: {'unknown': 16}
  Availability masks present: True
  Availability summary:
    global_rot: 0/16 samples have real data
    joint_rot: 0/16 samples have real data
    betas: 16/16 samples have real data
    trans: 0/16 samples have real data
    fov: 0/16 samples have real data
    cam_rot: 0/16 samples have real data
    cam_trans: 0/16 samples have real data
    log_beta_scales: 0/16 samples have real data
    betas_trans: 0/16 samples have real data
    keypoint_2d: 16/16 samples have real data
    keypoint_3d: 16/16 samples have real data
    silhouette: 0/16 samples have real data
  Loss weights: keypoint_2d=0.1, betas=0.0005
  need_keypoint_loss=True, need_silhouette_loss=False
  Loss components (non-zero only):
    betas: 0.000006 (weight=0.0005)
    limb_scale_regularization: 0.015180 (weight=1e-05)
    limb_trans_regularization: 0.000000 (weight=0.5)
    joint_angle_regularization: 0.125069 (weight=2e-07)
    joint_limit_regularization: 0.000002 (weight=0.001)
    keypoint_2d: 0.000005 (weight=0.1)
    keypoint_3d: 0.000000 (weight=2)

Epoch 428:
  Train Loss = 0.000003, Val Loss = 0.000002, LR = 1.00e-05
  Parameter Errors (Train / Val):
    betas          : 0.000049 / 0.000009
    betas_trans    : 0.000000 / 0.000000
    cam_rot        : 0.000000 / 0.000000
    cam_trans      : 0.000000 / 0.000000
    fov            : 0.000000 / 0.000000
    global_rot     : 0.000000 / 0.000000
    joint_angle_regularization: 0.111443 / 0.111965
    joint_limit_regularization: 0.000047 / 0.000039
    joint_rot      : 0.000000 / 0.000000
    keypoint_2d    : 0.000015 / 0.000013
    keypoint_3d    : 0.000000 / 0.000000
    limb_scale_regularization: 0.019402 / 0.019508
    limb_trans_regularization: 0.000000 / 0.000000
    log_beta_scales: 0.000000 / 0.000000
    silhouette     : 0.000000 / 0.000000
    trans          : 0.000000 / 0.000000

WARNING: Near-zero total loss detected: 8.91e-07
  Valid samples: 16/16
  Dataset composition: {'unknown': 16}
  Availability masks present: True
  Availability summary:
    global_rot: 0/16 samples have real data
    joint_rot: 0/16 samples have real data
    betas: 16/16 samples have real data
    trans: 0/16 samples have real data
    fov: 0/16 samples have real data
    cam_rot: 0/16 samples have real data
    cam_trans: 0/16 samples have real data
    log_beta_scales: 0/16 samples have real data
    betas_trans: 0/16 samples have real data
    keypoint_2d: 16/16 samples have real data
    keypoint_3d: 16/16 samples have real data
    silhouette: 0/16 samples have real data
  Loss weights: keypoint_2d=0.1, betas=0.0005
  need_keypoint_loss=True, need_silhouette_loss=False
  Loss components (non-zero only):
    betas: 0.000002 (weight=0.0005)
    limb_scale_regularization: 0.015131 (weight=1e-05)
    limb_trans_regularization: 0.000000 (weight=0.5)
    joint_angle_regularization: 0.126004 (weight=2e-07)
    keypoint_2d: 0.000005 (weight=0.1)
    keypoint_3d: 0.000000 (weight=2)

WARNING: Near-zero total loss detected: 9.34e-07
  Valid samples: 16/16
  Dataset composition: {'unknown': 16}
  Availability masks present: True
  Availability summary:
    global_rot: 0/16 samples have real data
    joint_rot: 0/16 samples have real data
    betas: 16/16 samples have real data
    trans: 0/16 samples have real data
    fov: 0/16 samples have real data
    cam_rot: 0/16 samples have real data
    cam_trans: 0/16 samples have real data
    log_beta_scales: 0/16 samples have real data
    betas_trans: 0/16 samples have real data
    keypoint_2d: 16/16 samples have real data
    keypoint_3d: 16/16 samples have real data
    silhouette: 0/16 samples have real data
  Loss weights: keypoint_2d=0.1, betas=0.0005
  need_keypoint_loss=True, need_silhouette_loss=False
  Loss components (non-zero only):
    betas: 0.000004 (weight=0.0005)
    limb_scale_regularization: 0.015129 (weight=1e-05)
    limb_trans_regularization: 0.000000 (weight=0.5)
    joint_angle_regularization: 0.125071 (weight=2e-07)
    joint_limit_regularization: 0.000001 (weight=0.001)
    keypoint_2d: 0.000005 (weight=0.1)
    keypoint_3d: 0.000000 (weight=2)

WARNING: Near-zero total loss detected: 8.07e-07
  Valid samples: 16/16
  Dataset composition: {'unknown': 16}
  Availability masks present: True
  Availability summary:
    global_rot: 0/16 samples have real data
    joint_rot: 0/16 samples have real data
    betas: 16/16 samples have real data
    trans: 0/16 samples have real data
    fov: 0/16 samples have real data
    cam_rot: 0/16 samples have real data
    cam_trans: 0/16 samples have real data
    log_beta_scales: 0/16 samples have real data
    betas_trans: 0/16 samples have real data
    keypoint_2d: 16/16 samples have real data
    keypoint_3d: 16/16 samples have real data
    silhouette: 0/16 samples have real data
  Loss weights: keypoint_2d=0.1, betas=0.0005
  need_keypoint_loss=True, need_silhouette_loss=False
  Loss components (non-zero only):
    betas: 0.000002 (weight=0.0005)
    limb_scale_regularization: 0.015239 (weight=1e-05)
    limb_trans_regularization: 0.000000 (weight=0.5)
    joint_angle_regularization: 0.125974 (weight=2e-07)
    keypoint_2d: 0.000004 (weight=0.1)
    keypoint_3d: 0.000000 (weight=2)

WARNING: Near-zero total loss detected: 8.80e-07
  Valid samples: 16/16
  Dataset composition: {'unknown': 16}
  Availability masks present: True
  Availability summary:
    global_rot: 0/16 samples have real data
    joint_rot: 0/16 samples have real data
    betas: 16/16 samples have real data
    trans: 0/16 samples have real data
    fov: 0/16 samples have real data
    cam_rot: 0/16 samples have real data
    cam_trans: 0/16 samples have real data
    log_beta_scales: 0/16 samples have real data
    betas_trans: 0/16 samples have real data
    keypoint_2d: 16/16 samples have real data
    keypoint_3d: 16/16 samples have real data
    silhouette: 0/16 samples have real data
  Loss weights: keypoint_2d=0.1, betas=0.0005
  need_keypoint_loss=True, need_silhouette_loss=False
  Loss components (non-zero only):
    betas: 0.000002 (weight=0.0005)
    limb_scale_regularization: 0.015024 (weight=1e-05)
    limb_trans_regularization: 0.000000 (weight=0.5)
    joint_angle_regularization: 0.123580 (weight=2e-07)
    joint_limit_regularization: 0.000001 (weight=0.001)
    keypoint_2d: 0.000004 (weight=0.1)
    keypoint_3d: 0.000000 (weight=2)

WARNING: Near-zero total loss detected: 9.03e-07
  Valid samples: 16/16
  Dataset composition: {'unknown': 16}
  Availability masks present: True
  Availability summary:
    global_rot: 0/16 samples have real data
    joint_rot: 0/16 samples have real data
    betas: 16/16 samples have real data
    trans: 0/16 samples have real data
    fov: 0/16 samples have real data
    cam_rot: 0/16 samples have real data
    cam_trans: 0/16 samples have real data
    log_beta_scales: 0/16 samples have real data
    betas_trans: 0/16 samples have real data
    keypoint_2d: 16/16 samples have real data
    keypoint_3d: 16/16 samples have real data
    silhouette: 0/16 samples have real data
  Loss weights: keypoint_2d=0.1, betas=0.0005
  need_keypoint_loss=True, need_silhouette_loss=False
  Loss components (non-zero only):
    betas: 0.000002 (weight=0.0005)
    limb_scale_regularization: 0.015256 (weight=1e-05)
    limb_trans_regularization: 0.000000 (weight=0.5)
    joint_angle_regularization: 0.125298 (weight=2e-07)
    keypoint_2d: 0.000005 (weight=0.1)
    keypoint_3d: 0.000000 (weight=2)

WARNING: Near-zero total loss detected: 9.50e-07
  Valid samples: 16/16
  Dataset composition: {'unknown': 16}
  Availability masks present: True
  Availability summary:
    global_rot: 0/16 samples have real data
    joint_rot: 0/16 samples have real data
    betas: 16/16 samples have real data
    trans: 0/16 samples have real data
    fov: 0/16 samples have real data
    cam_rot: 0/16 samples have real data
    cam_trans: 0/16 samples have real data
    log_beta_scales: 0/16 samples have real data
    betas_trans: 0/16 samples have real data
    keypoint_2d: 16/16 samples have real data
    keypoint_3d: 16/16 samples have real data
    silhouette: 0/16 samples have real data
  Loss weights: keypoint_2d=0.1, betas=0.0005
  need_keypoint_loss=True, need_silhouette_loss=False
  Loss components (non-zero only):
    betas: 0.000003 (weight=0.0005)
    limb_scale_regularization: 0.015157 (weight=1e-05)
    limb_trans_regularization: 0.000000 (weight=0.5)
    joint_angle_regularization: 0.123234 (weight=2e-07)
    joint_limit_regularization: 0.000002 (weight=0.001)
    keypoint_2d: 0.000005 (weight=0.1)
    keypoint_3d: 0.000000 (weight=2)

WARNING: Near-zero total loss detected: 8.24e-07
  Valid samples: 16/16
  Dataset composition: {'unknown': 16}
  Availability masks present: True
  Availability summary:
    global_rot: 0/16 samples have real data
    joint_rot: 0/16 samples have real data
    betas: 16/16 samples have real data
    trans: 0/16 samples have real data
    fov: 0/16 samples have real data
    cam_rot: 0/16 samples have real data
    cam_trans: 0/16 samples have real data
    log_beta_scales: 0/16 samples have real data
    betas_trans: 0/16 samples have real data
    keypoint_2d: 16/16 samples have real data
    keypoint_3d: 16/16 samples have real data
    silhouette: 0/16 samples have real data
  Loss weights: keypoint_2d=0.1, betas=0.0005
  need_keypoint_loss=True, need_silhouette_loss=False
  Loss components (non-zero only):
    betas: 0.000002 (weight=0.0005)
    limb_scale_regularization: 0.015011 (weight=1e-05)
    limb_trans_regularization: 0.000000 (weight=0.5)
    joint_angle_regularization: 0.125181 (weight=2e-07)
    keypoint_2d: 0.000004 (weight=0.1)
    keypoint_3d: 0.000000 (weight=2)

WARNING: Near-zero total loss detected: 9.80e-07
  Valid samples: 16/16
  Dataset composition: {'unknown': 16}
  Availability masks present: True
  Availability summary:
    global_rot: 0/16 samples have real data
    joint_rot: 0/16 samples have real data
    betas: 16/16 samples have real data
    trans: 0/16 samples have real data
    fov: 0/16 samples have real data
    cam_rot: 0/16 samples have real data
    cam_trans: 0/16 samples have real data
    log_beta_scales: 0/16 samples have real data
    betas_trans: 0/16 samples have real data
    keypoint_2d: 16/16 samples have real data
    keypoint_3d: 16/16 samples have real data
    silhouette: 0/16 samples have real data
  Loss weights: keypoint_2d=0.1, betas=0.0005
  need_keypoint_loss=True, need_silhouette_loss=False
  Loss components (non-zero only):
    betas: 0.000002 (weight=0.0005)
    limb_scale_regularization: 0.015248 (weight=1e-05)
    limb_trans_regularization: 0.000000 (weight=0.5)
    joint_angle_regularization: 0.125239 (weight=2e-07)
    joint_limit_regularization: 0.000003 (weight=0.001)
    keypoint_2d: 0.000005 (weight=0.1)
    keypoint_3d: 0.000000 (weight=2)

Epoch 429:
  Train Loss = 0.000003, Val Loss = 0.000002, LR = 1.00e-05
  Parameter Errors (Train / Val):
    betas          : 0.000048 / 0.000009
    betas_trans    : 0.000000 / 0.000000
    cam_rot        : 0.000000 / 0.000000
    cam_trans      : 0.000000 / 0.000000
    fov            : 0.000000 / 0.000000
    global_rot     : 0.000000 / 0.000000
    joint_angle_regularization: 0.112139 / 0.112239
    joint_limit_regularization: 0.000046 / 0.000039
    joint_rot      : 0.000000 / 0.000000
    keypoint_2d    : 0.000015 / 0.000013
    keypoint_3d    : 0.000000 / 0.000000
    limb_scale_regularization: 0.019476 / 0.019540
    limb_trans_regularization: 0.000000 / 0.000000
    log_beta_scales: 0.000000 / 0.000000
    silhouette     : 0.000000 / 0.000000
    trans          : 0.000000 / 0.000000
  Checkpoint saved at epoch 429
Visualizing 5 samples from dataset: unknown
Generated 5 visualization images for epoch 429 in /hpcwork/mkd34160/smilify_runs/singleview_lam1e-3/visualizations/epoch_429
Visualizing 5 samples from dataset: unknown
Generated 5 visualization images for epoch 429 in /hpcwork/mkd34160/smilify_runs/singleview_lam1e-3/visualizations_train/epoch_429

WARNING: Near-zero total loss detected: 9.50e-07
  Valid samples: 16/16
  Dataset composition: {'unknown': 16}
  Availability masks present: True
  Availability summary:
    global_rot: 0/16 samples have real data
    joint_rot: 0/16 samples have real data
    betas: 16/16 samples have real data
    trans: 0/16 samples have real data
    fov: 0/16 samples have real data
    cam_rot: 0/16 samples have real data
    cam_trans: 0/16 samples have real data
    log_beta_scales: 0/16 samples have real data
    betas_trans: 0/16 samples have real data
    keypoint_2d: 16/16 samples have real data
    keypoint_3d: 16/16 samples have real data
    silhouette: 0/16 samples have real data
  Loss weights: keypoint_2d=0.1, betas=0.0005
  need_keypoint_loss=True, need_silhouette_loss=False
  Loss components (non-zero only):
    betas: 0.000002 (weight=0.0005)
    limb_scale_regularization: 0.015191 (weight=1e-05)
    limb_trans_regularization: 0.000000 (weight=0.5)
    joint_angle_regularization: 0.125506 (weight=2e-07)
    keypoint_2d: 0.000005 (weight=0.1)
    keypoint_3d: 0.000000 (weight=2)

WARNING: Near-zero total loss detected: 9.93e-07
  Valid samples: 16/16
  Dataset composition: {'unknown': 16}
  Availability masks present: True
  Availability summary:
    global_rot: 0/16 samples have real data
    joint_rot: 0/16 samples have real data
    betas: 16/16 samples have real data
    trans: 0/16 samples have real data
    fov: 0/16 samples have real data
    cam_rot: 0/16 samples have real data
    cam_trans: 0/16 samples have real data
    log_beta_scales: 0/16 samples have real data
    betas_trans: 0/16 samples have real data
    keypoint_2d: 16/16 samples have real data
    keypoint_3d: 16/16 samples have real data
    silhouette: 0/16 samples have real data
  Loss weights: keypoint_2d=0.1, betas=0.0005
  need_keypoint_loss=True, need_silhouette_loss=False
  Loss components (non-zero only):
    betas: 0.000003 (weight=0.0005)
    limb_scale_regularization: 0.015189 (weight=1e-05)
    limb_trans_regularization: 0.000000 (weight=0.5)
    joint_angle_regularization: 0.124543 (weight=2e-07)
    joint_limit_regularization: 0.000001 (weight=0.001)
    keypoint_2d: 0.000005 (weight=0.1)
    keypoint_3d: 0.000000 (weight=2)

WARNING: Near-zero total loss detected: 9.25e-07
  Valid samples: 16/16
  Dataset composition: {'unknown': 16}
  Availability masks present: True
  Availability summary:
    global_rot: 0/16 samples have real data
    joint_rot: 0/16 samples have real data
    betas: 16/16 samples have real data
    trans: 0/16 samples have real data
    fov: 0/16 samples have real data
    cam_rot: 0/16 samples have real data
    cam_trans: 0/16 samples have real data
    log_beta_scales: 0/16 samples have real data
    betas_trans: 0/16 samples have real data
    keypoint_2d: 16/16 samples have real data
    keypoint_3d: 16/16 samples have real data
    silhouette: 0/16 samples have real data
  Loss weights: keypoint_2d=0.1, betas=0.0005
  need_keypoint_loss=True, need_silhouette_loss=False
  Loss components (non-zero only):
    betas: 0.000003 (weight=0.0005)
    limb_scale_regularization: 0.015275 (weight=1e-05)
    limb_trans_regularization: 0.000000 (weight=0.5)
    joint_angle_regularization: 0.125422 (weight=2e-07)
    keypoint_2d: 0.000005 (weight=0.1)
    keypoint_3d: 0.000000 (weight=2)

WARNING: Near-zero total loss detected: 9.92e-07
  Valid samples: 16/16
  Dataset composition: {'unknown': 16}
  Availability masks present: True
  Availability summary:
    global_rot: 0/16 samples have real data
    joint_rot: 0/16 samples have real data
    betas: 16/16 samples have real data
    trans: 0/16 samples have real data
    fov: 0/16 samples have real data
    cam_rot: 0/16 samples have real data
    cam_trans: 0/16 samples have real data
    log_beta_scales: 0/16 samples have real data
    betas_trans: 0/16 samples have real data
    keypoint_2d: 16/16 samples have real data
    keypoint_3d: 16/16 samples have real data
    silhouette: 0/16 samples have real data
  Loss weights: keypoint_2d=0.1, betas=0.0005
  need_keypoint_loss=True, need_silhouette_loss=False
  Loss components (non-zero only):
    betas: 0.000003 (weight=0.0005)
    limb_scale_regularization: 0.015177 (weight=1e-05)
    limb_trans_regularization: 0.000000 (weight=0.5)
    joint_angle_regularization: 0.123422 (weight=2e-07)
    joint_limit_regularization: 0.000003 (weight=0.001)
    keypoint_2d: 0.000005 (weight=0.1)
    keypoint_3d: 0.000000 (weight=2)

WARNING: Near-zero total loss detected: 9.02e-07
  Valid samples: 16/16
  Dataset composition: {'unknown': 16}
  Availability masks present: True
  Availability summary:
    global_rot: 0/16 samples have real data
    joint_rot: 0/16 samples have real data
    betas: 16/16 samples have real data
    trans: 0/16 samples have real data
    fov: 0/16 samples have real data
    cam_rot: 0/16 samples have real data
    cam_trans: 0/16 samples have real data
    log_beta_scales: 0/16 samples have real data
    betas_trans: 0/16 samples have real data
    keypoint_2d: 16/16 samples have real data
    keypoint_3d: 16/16 samples have real data
    silhouette: 0/16 samples have real data
  Loss weights: keypoint_2d=0.1, betas=0.0005
  need_keypoint_loss=True, need_silhouette_loss=False
  Loss components (non-zero only):
    betas: 0.000004 (weight=0.0005)
    limb_scale_regularization: 0.015205 (weight=1e-05)
    limb_trans_regularization: 0.000000 (weight=0.5)
    joint_angle_regularization: 0.125306 (weight=2e-07)
    keypoint_2d: 0.000005 (weight=0.1)
    keypoint_3d: 0.000000 (weight=2)

WARNING: Near-zero total loss detected: 9.41e-07
  Valid samples: 16/16
  Dataset composition: {'unknown': 16}
  Availability masks present: True
  Availability summary:
    global_rot: 0/16 samples have real data
    joint_rot: 0/16 samples have real data
    betas: 16/16 samples have real data
    trans: 0/16 samples have real data
    fov: 0/16 samples have real data
    cam_rot: 0/16 samples have real data
    cam_trans: 0/16 samples have real data
    log_beta_scales: 0/16 samples have real data
    betas_trans: 0/16 samples have real data
    keypoint_2d: 16/16 samples have real data
    keypoint_3d: 16/16 samples have real data
    silhouette: 0/16 samples have real data
  Loss weights: keypoint_2d=0.1, betas=0.0005
  need_keypoint_loss=True, need_silhouette_loss=False
  Loss components (non-zero only):
    betas: 0.000004 (weight=0.0005)
    limb_scale_regularization: 0.014991 (weight=1e-05)
    limb_trans_regularization: 0.000000 (weight=0.5)
    joint_angle_regularization: 0.122973 (weight=2e-07)
    joint_limit_regularization: 0.000002 (weight=0.001)
    keypoint_2d: 0.000005 (weight=0.1)
    keypoint_3d: 0.000000 (weight=2)

WARNING: Near-zero total loss detected: 8.30e-07
  Valid samples: 16/16
  Dataset composition: {'unknown': 16}
  Availability masks present: True
  Availability summary:
    global_rot: 0/16 samples have real data
    joint_rot: 0/16 samples have real data
    betas: 16/16 samples have real data
    trans: 0/16 samples have real data
    fov: 0/16 samples have real data
    cam_rot: 0/16 samples have real data
    cam_trans: 0/16 samples have real data
    log_beta_scales: 0/16 samples have real data
    betas_trans: 0/16 samples have real data
    keypoint_2d: 16/16 samples have real data
    keypoint_3d: 16/16 samples have real data
    silhouette: 0/16 samples have real data
  Loss weights: keypoint_2d=0.1, betas=0.0005
  need_keypoint_loss=True, need_silhouette_loss=False
  Loss components (non-zero only):
    betas: 0.000001 (weight=0.0005)
    limb_scale_regularization: 0.015024 (weight=1e-05)
    limb_trans_regularization: 0.000000 (weight=0.5)
    joint_angle_regularization: 0.125463 (weight=2e-07)
    keypoint_2d: 0.000004 (weight=0.1)
    keypoint_3d: 0.000000 (weight=2)

WARNING: Near-zero total loss detected: 9.74e-07
  Valid samples: 16/16
  Dataset composition: {'unknown': 16}
  Availability masks present: True
  Availability summary:
    global_rot: 0/16 samples have real data
    joint_rot: 0/16 samples have real data
    betas: 16/16 samples have real data
    trans: 0/16 samples have real data
    fov: 0/16 samples have real data
    cam_rot: 0/16 samples have real data
    cam_trans: 0/16 samples have real data
    log_beta_scales: 0/16 samples have real data
    betas_trans: 0/16 samples have real data
    keypoint_2d: 16/16 samples have real data
    keypoint_3d: 16/16 samples have real data
    silhouette: 0/16 samples have real data
  Loss weights: keypoint_2d=0.1, betas=0.0005
  need_keypoint_loss=True, need_silhouette_loss=False
  Loss components (non-zero only):
    betas: 0.000002 (weight=0.0005)
    limb_scale_regularization: 0.015267 (weight=1e-05)
    limb_trans_regularization: 0.000000 (weight=0.5)
    joint_angle_regularization: 0.125535 (weight=2e-07)
    joint_limit_regularization: 0.000001 (weight=0.001)
    keypoint_2d: 0.000005 (weight=0.1)
    keypoint_3d: 0.000000 (weight=2)

Epoch 430:
  Train Loss = 0.000003, Val Loss = 0.000002, LR = 1.00e-05
  Parameter Errors (Train / Val):
    betas          : 0.000049 / 0.000010
    betas_trans    : 0.000000 / 0.000000
    cam_rot        : 0.000000 / 0.000000
    cam_trans      : 0.000000 / 0.000000
    fov            : 0.000000 / 0.000000
    global_rot     : 0.000000 / 0.000000
    joint_angle_regularization: 0.112078 / 0.112384
    joint_limit_regularization: 0.000043 / 0.000040
    joint_rot      : 0.000000 / 0.000000
    keypoint_2d    : 0.000015 / 0.000013
    keypoint_3d    : 0.000000 / 0.000000
    limb_scale_regularization: 0.019422 / 0.019589
    limb_trans_regularization: 0.000000 / 0.000000
    log_beta_scales: 0.000000 / 0.000000
    silhouette     : 0.000000 / 0.000000
    trans          : 0.000000 / 0.000000

WARNING: Near-zero total loss detected: 8.81e-07
  Valid samples: 16/16
  Dataset composition: {'unknown': 16}
  Availability masks present: True
  Availability summary:
    global_rot: 0/16 samples have real data
    joint_rot: 0/16 samples have real data
    betas: 16/16 samples have real data
    trans: 0/16 samples have real data
    fov: 0/16 samples have real data
    cam_rot: 0/16 samples have real data
    cam_trans: 0/16 samples have real data
    log_beta_scales: 0/16 samples have real data
    betas_trans: 0/16 samples have real data
    keypoint_2d: 16/16 samples have real data
    keypoint_3d: 16/16 samples have real data
    silhouette: 0/16 samples have real data
  Loss weights: keypoint_2d=0.1, betas=0.0005
  need_keypoint_loss=True, need_silhouette_loss=False
  Loss components (non-zero only):
    betas: 0.000005 (weight=0.0005)
    limb_scale_regularization: 0.015234 (weight=1e-05)
    limb_trans_regularization: 0.000000 (weight=0.5)
    joint_angle_regularization: 0.125739 (weight=2e-07)
    keypoint_2d: 0.000005 (weight=0.1)
    keypoint_3d: 0.000000 (weight=2)

WARNING: Near-zero total loss detected: 9.32e-07
  Valid samples: 16/16
  Dataset composition: {'unknown': 16}
  Availability masks present: True
  Availability summary:
    global_rot: 0/16 samples have real data
    joint_rot: 0/16 samples have real data
    betas: 16/16 samples have real data
    trans: 0/16 samples have real data
    fov: 0/16 samples have real data
    cam_rot: 0/16 samples have real data
    cam_trans: 0/16 samples have real data
    log_beta_scales: 0/16 samples have real data
    betas_trans: 0/16 samples have real data
    keypoint_2d: 16/16 samples have real data
    keypoint_3d: 16/16 samples have real data
    silhouette: 0/16 samples have real data
  Loss weights: keypoint_2d=0.1, betas=0.0005
  need_keypoint_loss=True, need_silhouette_loss=False
  Loss components (non-zero only):
    betas: 0.000006 (weight=0.0005)
    limb_scale_regularization: 0.015233 (weight=1e-05)
    limb_trans_regularization: 0.000000 (weight=0.5)
    joint_angle_regularization: 0.124828 (weight=2e-07)
    joint_limit_regularization: 0.000002 (weight=0.001)
    keypoint_2d: 0.000005 (weight=0.1)
    keypoint_3d: 0.000000 (weight=2)

WARNING: Near-zero total loss detected: 8.59e-07
  Valid samples: 16/16
  Dataset composition: {'unknown': 16}
  Availability masks present: True
  Availability summary:
    global_rot: 0/16 samples have real data
    joint_rot: 0/16 samples have real data
    betas: 16/16 samples have real data
    trans: 0/16 samples have real data
    fov: 0/16 samples have real data
    cam_rot: 0/16 samples have real data
    cam_trans: 0/16 samples have real data
    log_beta_scales: 0/16 samples have real data
    betas_trans: 0/16 samples have real data
    keypoint_2d: 16/16 samples have real data
    keypoint_3d: 16/16 samples have real data
    silhouette: 0/16 samples have real data
  Loss weights: keypoint_2d=0.1, betas=0.0005
  need_keypoint_loss=True, need_silhouette_loss=False
  Loss components (non-zero only):
    betas: 0.000002 (weight=0.0005)
    limb_scale_regularization: 0.015307 (weight=1e-05)
    limb_trans_regularization: 0.000000 (weight=0.5)
    joint_angle_regularization: 0.125729 (weight=2e-07)
    keypoint_2d: 0.000004 (weight=0.1)
    keypoint_3d: 0.000000 (weight=2)

WARNING: Near-zero total loss detected: 9.20e-07
  Valid samples: 16/16
  Dataset composition: {'unknown': 16}
  Availability masks present: True
  Availability summary:
    global_rot: 0/16 samples have real data
    joint_rot: 0/16 samples have real data
    betas: 16/16 samples have real data
    trans: 0/16 samples have real data
    fov: 0/16 samples have real data
    cam_rot: 0/16 samples have real data
    cam_trans: 0/16 samples have real data
    log_beta_scales: 0/16 samples have real data
    betas_trans: 0/16 samples have real data
    keypoint_2d: 16/16 samples have real data
    keypoint_3d: 16/16 samples have real data
    silhouette: 0/16 samples have real data
  Loss weights: keypoint_2d=0.1, betas=0.0005
  need_keypoint_loss=True, need_silhouette_loss=False
  Loss components (non-zero only):
    betas: 0.000003 (weight=0.0005)
    limb_scale_regularization: 0.015200 (weight=1e-05)
    limb_trans_regularization: 0.000000 (weight=0.5)
    joint_angle_regularization: 0.123625 (weight=2e-07)
    joint_limit_regularization: 0.000003 (weight=0.001)
    keypoint_2d: 0.000005 (weight=0.1)
    keypoint_3d: 0.000000 (weight=2)

WARNING: Near-zero total loss detected: 8.30e-07
  Valid samples: 16/16
  Dataset composition: {'unknown': 16}
  Availability masks present: True
  Availability summary:
    global_rot: 0/16 samples have real data
    joint_rot: 0/16 samples have real data
    betas: 16/16 samples have real data
    trans: 0/16 samples have real data
    fov: 0/16 samples have real data
    cam_rot: 0/16 samples have real data
    cam_trans: 0/16 samples have real data
    log_beta_scales: 0/16 samples have real data
    betas_trans: 0/16 samples have real data
    keypoint_2d: 16/16 samples have real data
    keypoint_3d: 16/16 samples have real data
    silhouette: 0/16 samples have real data
  Loss weights: keypoint_2d=0.1, betas=0.0005
  need_keypoint_loss=True, need_silhouette_loss=False
  Loss components (non-zero only):
    betas: 0.000004 (weight=0.0005)
    limb_scale_regularization: 0.015298 (weight=1e-05)
    limb_trans_regularization: 0.000000 (weight=0.5)
    joint_angle_regularization: 0.125445 (weight=2e-07)
    keypoint_2d: 0.000004 (weight=0.1)
    keypoint_3d: 0.000000 (weight=2)

WARNING: Near-zero total loss detected: 8.96e-07
  Valid samples: 16/16
  Dataset composition: {'unknown': 16}
  Availability masks present: True
  Availability summary:
    global_rot: 0/16 samples have real data
    joint_rot: 0/16 samples have real data
    betas: 16/16 samples have real data
    trans: 0/16 samples have real data
    fov: 0/16 samples have real data
    cam_rot: 0/16 samples have real data
    cam_trans: 0/16 samples have real data
    log_beta_scales: 0/16 samples have real data
    betas_trans: 0/16 samples have real data
    keypoint_2d: 16/16 samples have real data
    keypoint_3d: 16/16 samples have real data
    silhouette: 0/16 samples have real data
  Loss weights: keypoint_2d=0.1, betas=0.0005
  need_keypoint_loss=True, need_silhouette_loss=False
  Loss components (non-zero only):
    betas: 0.000003 (weight=0.0005)
    limb_scale_regularization: 0.015080 (weight=1e-05)
    limb_trans_regularization: 0.000000 (weight=0.5)
    joint_angle_regularization: 0.123062 (weight=2e-07)
    joint_limit_regularization: 0.000002 (weight=0.001)
    keypoint_2d: 0.000004 (weight=0.1)
    keypoint_3d: 0.000000 (weight=2)

WARNING: Near-zero total loss detected: 8.06e-07
  Valid samples: 16/16
  Dataset composition: {'unknown': 16}
  Availability masks present: True
  Availability summary:
    global_rot: 0/16 samples have real data
    joint_rot: 0/16 samples have real data
    betas: 16/16 samples have real data
    trans: 0/16 samples have real data
    fov: 0/16 samples have real data
    cam_rot: 0/16 samples have real data
    cam_trans: 0/16 samples have real data
    log_beta_scales: 0/16 samples have real data
    betas_trans: 0/16 samples have real data
    keypoint_2d: 16/16 samples have real data
    keypoint_3d: 16/16 samples have real data
    silhouette: 0/16 samples have real data
  Loss weights: keypoint_2d=0.1, betas=0.0005
  need_keypoint_loss=True, need_silhouette_loss=False
  Loss components (non-zero only):
    betas: 0.000003 (weight=0.0005)
    limb_scale_regularization: 0.015078 (weight=1e-05)
    limb_trans_regularization: 0.000000 (weight=0.5)
    joint_angle_regularization: 0.125378 (weight=2e-07)
    keypoint_2d: 0.000004 (weight=0.1)
    keypoint_3d: 0.000000 (weight=2)

WARNING: Near-zero total loss detected: 9.64e-07
  Valid samples: 16/16
  Dataset composition: {'unknown': 16}
  Availability masks present: True
  Availability summary:
    global_rot: 0/16 samples have real data
    joint_rot: 0/16 samples have real data
    betas: 16/16 samples have real data
    trans: 0/16 samples have real data
    fov: 0/16 samples have real data
    cam_rot: 0/16 samples have real data
    cam_trans: 0/16 samples have real data
    log_beta_scales: 0/16 samples have real data
    betas_trans: 0/16 samples have real data
    keypoint_2d: 16/16 samples have real data
    keypoint_3d: 16/16 samples have real data
    silhouette: 0/16 samples have real data
  Loss weights: keypoint_2d=0.1, betas=0.0005
  need_keypoint_loss=True, need_silhouette_loss=False
  Loss components (non-zero only):
    betas: 0.000004 (weight=0.0005)
    limb_scale_regularization: 0.015318 (weight=1e-05)
    limb_trans_regularization: 0.000000 (weight=0.5)
    joint_angle_regularization: 0.125501 (weight=2e-07)
    joint_limit_regularization: 0.000001 (weight=0.001)
    keypoint_2d: 0.000005 (weight=0.1)
    keypoint_3d: 0.000000 (weight=2)

Epoch 431:
  Train Loss = 0.000003, Val Loss = 0.000002, LR = 1.00e-05
  Parameter Errors (Train / Val):
    betas          : 0.000047 / 0.000009
    betas_trans    : 0.000000 / 0.000000
    cam_rot        : 0.000000 / 0.000000
    cam_trans      : 0.000000 / 0.000000
    fov            : 0.000000 / 0.000000
    global_rot     : 0.000000 / 0.000000
    joint_angle_regularization: 0.112245 / 0.112412
    joint_limit_regularization: 0.000045 / 0.000038
    joint_rot      : 0.000000 / 0.000000
    keypoint_2d    : 0.000015 / 0.000013
    keypoint_3d    : 0.000000 / 0.000000
    limb_scale_regularization: 0.019567 / 0.019665
    limb_trans_regularization: 0.000000 / 0.000000
    log_beta_scales: 0.000000 / 0.000000
    silhouette     : 0.000000 / 0.000000
    trans          : 0.000000 / 0.000000
  Checkpoint saved at epoch 431
