==================================================================
Job 3828762 task 5 on n23g0016.hpc.itc.rwth-aachen.de — Tue Sep  8 17:32:04 CEST 2026
  arm    : CONSTRAINED / multiview / lambda=1e-3
  cluster: RWTH CLAIX-2023 | partition c23g | account rwth2151
  wall   : ends Wed Sep  9 05:31:29 CEST 2026
  repo   : /rwthfs/rz/cluster/home/mkd34160/test/SMILify
  env    : /hpcwork/mkd34160/conda/envs/pytorch3d
  config : configs_runs/multiview_lam1e-3.json
  gpus   : 4 per node x 2 node(s) = 8 rank(s)  [from SLURM_GPUS_ON_NODE]
==================================================================
  torch  : 2.3.1, CUDA 11.8, 4 GPU(s) visible
  resume checkpoint : SMILySTICKS_ViT_model.pth (epoch 345)
  start epoch       : 346
  num_epochs (end)  : 371
  -> will train 25 epoch(s)
  SWEEP INVARIANT   : this arm trains 25 epochs — every other lambda MUST match.
  joint_limit_regularization: 0.001  (array task expects 0.001)
  smal_file         : 3D_model_prep/SMILy_STICK_limits_authored.pkl
  authored limits   : 129/162 non-root axes constrained (80%), across 43 joints
  NOTE: the penalty is a mean over ALL 162 non-root axes, so the effective
        prior strength is w x 0.80. At w=0.001 that is an effective 0.0007963.
  peer weights      : keypoint_2d=0.1, keypoint_3d=0.25, joint_angle_regularization=0.001
  -> effective limit weight is 0.00319x the keypoint weight.
     If the ratio is <<1 the hinge cannot move the pose; that is a RESULT for this
     lambda, not a bug — it is what the sweep is measuring.
  batch_size 4 per rank x 8 rank(s) -> effective 32 (batch_size is PER PROCESS under DDP)
  SWEEP INVARIANT   : effective batch 32 — every other lambda MUST match.
  save_checkpoint_every: 2 (a wall-clock timeout costs at most this many epochs)
  checkpoints -> /hpcwork/mkd34160/smilify_runs/multiview_lam1e-3/checkpoints
  generate_visualizations_every: 10  plot_history_every: 10  samples: 5
  free space on /hpcwork/mkd34160/smilify_runs: 570 GB (advisory — statvfs shows the FILESYSTEM, not your quota)
  lr source         : config optimizer.lr_schedule
  lr                : constant 1e-05 across [346, 371)

=== /rwthfs/rz/cluster/home/mkd34160/test/SMILify/configs_runs/multiview_lam1e-3.json ===
  mode: multiview
  resume checkpoint: SMILySTICKS_ViT_model.pth (epoch 345)
  inferred from tensors: {'max_views': 5, 'hidden_dim': 1024}
  note: config declares hidden_dim=512 but backbone 'vit_large_patch16_224' forces 1024 via get_adjusted_hidden_dim() — the declared value is unused
  architecture: consistent with the checkpoint

Pre-flight OK — safe to submit.
  launch : srun x 2 node(s), rendezvous on n23g0016:29405
[config] SMAL_FILE overridden to: 3D_model_prep/SMILy_STICK_limits_authored.pkl
[config] N_POSE=54, N_BETAS=5, joints=55
[config] SMAL_FILE overridden to: 3D_model_prep/SMILy_STICK_limits_authored.pkl
[config] N_POSE=54, N_BETAS=5, joints=55
[config] SMAL_FILE overridden to: 3D_model_prep/SMILy_STICK_limits_authored.pkl
[config] N_POSE=54, N_BETAS=5, joints=55
[config] SMAL_FILE overridden to: 3D_model_prep/SMILy_STICK_limits_authored.pkl
[config] N_POSE=54, N_BETAS=5, joints=55
[config] SMAL_FILE overridden to: 3D_model_prep/SMILy_STICK_limits_authored.pkl
[config] N_POSE=54, N_BETAS=5, joints=55
[config] SMAL_FILE overridden to: 3D_model_prep/SMILy_STICK_limits_authored.pkl
[config] N_POSE=54, N_BETAS=5, joints=55
[config] SMAL_FILE overridden to: 3D_model_prep/SMILy_STICK_limits_authored.pkl
[config] N_POSE=54, N_BETAS=5, joints=55
[config] SMAL_FILE overridden to: 3D_model_prep/SMILy_STICK_limits_authored.pkl
[config] N_POSE=54, N_BETAS=5, joints=55
Loaded config from: configs_runs/multiview_lam1e-3.json
Resolved config saved to: /hpcwork/mkd34160/smilify_runs/multiview_lam1e-3/checkpoints/config.json
WARNING: MASTER_ADDR 'n23g0016.hpc.itc.rwth-aachen.de' is not an IPv4 address!
  Attempting to resolve to IPv4...
Loaded config from: configs_runs/multiview_lam1e-3.json
Resolved config saved to: /hpcwork/mkd34160/smilify_runs/multiview_lam1e-3/checkpoints/config.json
Loaded config from: configs_runs/multiview_lam1e-3.json
Resolved config saved to: /hpcwork/mkd34160/smilify_runs/multiview_lam1e-3/checkpoints/config.json
Detected torchrun/HPC launch environment:
  Global rank: 0
  Local rank (GPU): 0
  World size: 8
  MASTER_ADDR: n23g0016.hpc.itc.rwth-aachen.de
  MASTER_PORT: 39461
WARNING: MASTER_ADDR 'n23g0016.hpc.itc.rwth-aachen.de' is not an IPv4 address!
  Attempting to resolve to IPv4...
WARNING: MASTER_ADDR 'n23g0016.hpc.itc.rwth-aachen.de' is not an IPv4 address!
  Attempting to resolve to IPv4...
Loaded config from: configs_runs/multiview_lam1e-3.json
Resolved config saved to: /hpcwork/mkd34160/smilify_runs/multiview_lam1e-3/checkpoints/config.json
WARNING: MASTER_ADDR 'n23g0016.hpc.itc.rwth-aachen.de' is not an IPv4 address!
  Attempting to resolve to IPv4...
Loaded config from: configs_runs/multiview_lam1e-3.json
Resolved config saved to: /hpcwork/mkd34160/smilify_runs/multiview_lam1e-3/checkpoints/config.json
WARNING: MASTER_ADDR 'n23g0016.hpc.itc.rwth-aachen.de' is not an IPv4 address!
  Attempting to resolve to IPv4...
Loaded config from: configs_runs/multiview_lam1e-3.json
Resolved config saved to: /hpcwork/mkd34160/smilify_runs/multiview_lam1e-3/checkpoints/config.json
Loaded config from: configs_runs/multiview_lam1e-3.json
Resolved config saved to: /hpcwork/mkd34160/smilify_runs/multiview_lam1e-3/checkpoints/config.json
WARNING: MASTER_ADDR 'n23g0016.hpc.itc.rwth-aachen.de' is not an IPv4 address!
  Attempting to resolve to IPv4...
Loaded config from: configs_runs/multiview_lam1e-3.json
Resolved config saved to: /hpcwork/mkd34160/smilify_runs/multiview_lam1e-3/checkpoints/config.json
WARNING: MASTER_ADDR 'n23g0016.hpc.itc.rwth-aachen.de' is not an IPv4 address!
  Attempting to resolve to IPv4...
WARNING: MASTER_ADDR 'n23g0016.hpc.itc.rwth-aachen.de' is not an IPv4 address!
  Attempting to resolve to IPv4...
  Resolved to: 134.61.46.212
  Resolved to: 134.61.46.212
  Resolved to: 134.61.46.212
CUDA devices available: 4
CUDA_VISIBLE_DEVICES: 0,1,2,3
  Resolved to: 134.61.46.212
  Resolved to: 134.61.46.212
  Resolved to: 134.61.46.212
  Resolved to: 134.61.46.212
  Resolved to: 134.61.46.212
[Rank 2] Initializing distributed: WORLD_SIZE=8, LOCAL_RANK/GPU=2, MASTER=134.61.46.212:39461
[Rank 1] Initializing distributed: WORLD_SIZE=8, LOCAL_RANK/GPU=1, MASTER=134.61.46.212:39461
[Rank 3] Initializing distributed: WORLD_SIZE=8, LOCAL_RANK/GPU=3, MASTER=134.61.46.212:39461
[Rank 0] Initializing distributed: WORLD_SIZE=8, LOCAL_RANK/GPU=0, MASTER=134.61.46.212:39461
[Rank 6] Initializing distributed: WORLD_SIZE=8, LOCAL_RANK/GPU=2, MASTER=134.61.46.212:39461
[Rank 4] Initializing distributed: WORLD_SIZE=8, LOCAL_RANK/GPU=0, MASTER=134.61.46.212:39461
[Rank 7] Initializing distributed: WORLD_SIZE=8, LOCAL_RANK/GPU=3, MASTER=134.61.46.212:39461
[Rank 5] Initializing distributed: WORLD_SIZE=8, LOCAL_RANK/GPU=1, MASTER=134.61.46.212:39461
[Rank 6] Successfully initialized NCCL process group
[Rank 7] Successfully initialized NCCL process group
[Rank 4] Successfully initialized NCCL process group[Rank 5] Successfully initialized NCCL process group

[config] SMAL_FILE overridden to: 3D_model_prep/SMILy_STICK_limits_authored.pkl
[config] N_POSE=54, N_BETAS=5, joints=55
[config] SMAL_FILE overridden to: 3D_model_prep/SMILy_STICK_limits_authored.pkl
[config] N_POSE=54, N_BETAS=5, joints=55
[config] SMAL_FILE overridden to: 3D_model_prep/SMILy_STICK_limits_authored.pkl
[config] N_POSE=54, N_BETAS=5, joints=55
[config] SMAL_FILE overridden to: 3D_model_prep/SMILy_STICK_limits_authored.pkl
[config] N_POSE=54, N_BETAS=5, joints=55
[Rank 1] Successfully initialized NCCL process group
[config] SMAL_FILE overridden to: 3D_model_prep/SMILy_STICK_limits_authored.pkl
[config] N_POSE=54, N_BETAS=5, joints=55
[Rank 2] Successfully initialized NCCL process group
[config] SMAL_FILE overridden to: 3D_model_prep/SMILy_STICK_limits_authored.pkl
[config] N_POSE=54, N_BETAS=5, joints=55
[Rank 3] Successfully initialized NCCL process group
[config] SMAL_FILE overridden to: 3D_model_prep/SMILy_STICK_limits_authored.pkl
[config] N_POSE=54, N_BETAS=5, joints=55
[Rank 0] Successfully initialized NCCL process group
[config] SMAL_FILE overridden to: 3D_model_prep/SMILy_STICK_limits_authored.pkl
[config] N_POSE=54, N_BETAS=5, joints=55

============================================================
MULTI-VIEW SMIL IMAGE REGRESSOR TRAINING
============================================================
Device: cuda:0
Distributed: True (world_size=8)
Dataset: SMILySTICKS_centred_reprojected_FIXED.h5
Backbone: vit_large_patch16_224
Num views to use: None
Cross-attention layers: 2
============================================================

Loading multi-view dataset...

==================================================
MULTI-VIEW SLEAP DATASET SUMMARY
==================================================
Dataset type: sleap_multiview
Number of samples: 101250
Maximum views per sample: 5
Number of joints: 55
Target resolution: 512x512
Backbone: vit_large_patch16_224
Crop mode: centred
N_POSE: 54
N_BETAS: 5
Min views per sample: 2
Canonical camera order: ['A', 'B', 'C', 'D', 'E']
Num views to use: all
==================================================
Max views in dataset: 5
Dataset canonical camera order: ['A', 'B', 'C', 'D', 'E']

Resuming from checkpoint - inferring model architecture from checkpoint...
Inferred max_views=5 from checkpoint view_embeddings.weight shape
Model architecture: max_views=5, canonical_camera_order has 5 cameras

Dataset split:
  Train: 86062
  Val: 5062
  Test: 10126

  Dataset fraction: 20.0%
  Samples per epoch: 17212 (of 86062 total)
  Note: Different random subset sampled each epoch for diversity
  Augmentation: enabled (photometric)

Creating multi-view model...
Using input resolution: 224x224 (backbone: vit_large_patch16_224)
Mesh scaling enabled with init=1.0
[ViTBackbone:vit_large_patch16_224] input normalization: mean=[0.5, 0.5, 0.5], std=[0.5, 0.5, 0.5]
[ViTBackbone:vit_large_patch16_224] input normalization: mean=[0.5, 0.5, 0.5], std=[0.5, 0.5, 0.5]
[ViTBackbone:vit_large_patch16_224] input normalization: mean=[0.5, 0.5, 0.5], std=[0.5, 0.5, 0.5]
[ViTBackbone:vit_large_patch16_224] input normalization: mean=[0.5, 0.5, 0.5], std=[0.5, 0.5, 0.5]
[ViTBackbone:vit_large_patch16_224] input normalization: mean=[0.5, 0.5, 0.5], std=[0.5, 0.5, 0.5]
[ViTBackbone:vit_large_patch16_224] input normalization: mean=[0.5, 0.5, 0.5], std=[0.5, 0.5, 0.5]
[ViTBackbone:vit_large_patch16_224] input normalization: mean=[0.5, 0.5, 0.5], std=[0.5, 0.5, 0.5]
[ViTBackbone:vit_large_patch16_224] input normalization: mean=[0.5, 0.5, 0.5], std=[0.5, 0.5, 0.5]
Total parameters: 357,661,555
Trainable parameters: 357,660,235
Backbone chunk size: 16 (reduces peak VRAM)
Gradient accumulation: 2 steps (effective batch size: 8)
Resuming from checkpoint: SMILySTICKS_ViT_model.pth
Adapted 5 SMALFitter default params to new batch size:
  log_beta_scales: torch.Size([8, 55, 3]) -> torch.Size([4, 55, 3]) (batch dim adapted)
  betas_trans: torch.Size([8, 55, 3]) -> torch.Size([4, 55, 3]) (batch dim adapted)
  global_rotation: torch.Size([8, 3]) -> torch.Size([4, 3]) (batch dim adapted)
  trans: torch.Size([8, 3]) -> torch.Size([4, 3]) (batch dim adapted)
  joint_rotations: torch.Size([8, 54, 3]) -> torch.Size([4, 54, 3]) (batch dim adapted)
Adapted 5 SMALFitter default params to new batch size:
  log_beta_scales: torch.Size([8, 55, 3]) -> torch.Size([4, 55, 3]) (batch dim adapted)
  betas_trans: torch.Size([8, 55, 3]) -> torch.Size([4, 55, 3]) (batch dim adapted)
  global_rotation: torch.Size([8, 3]) -> torch.Size([4, 3]) (batch dim adapted)
  trans: torch.Size([8, 3]) -> torch.Size([4, 3]) (batch dim adapted)
  joint_rotations: torch.Size([8, 54, 3]) -> torch.Size([4, 54, 3]) (batch dim adapted)
Adapted 5 SMALFitter default params to new batch size:
  log_beta_scales: torch.Size([8, 55, 3]) -> torch.Size([4, 55, 3]) (batch dim adapted)
  betas_trans: torch.Size([8, 55, 3]) -> torch.Size([4, 55, 3]) (batch dim adapted)
  global_rotation: torch.Size([8, 3]) -> torch.Size([4, 3]) (batch dim adapted)
  trans: torch.Size([8, 3]) -> torch.Size([4, 3]) (batch dim adapted)
  joint_rotations: torch.Size([8, 54, 3]) -> torch.Size([4, 54, 3]) (batch dim adapted)
Adapted 5 SMALFitter default params to new batch size:
  log_beta_scales: torch.Size([8, 55, 3]) -> torch.Size([4, 55, 3]) (batch dim adapted)
  betas_trans: torch.Size([8, 55, 3]) -> torch.Size([4, 55, 3]) (batch dim adapted)
  global_rotation: torch.Size([8, 3]) -> torch.Size([4, 3]) (batch dim adapted)
  trans: torch.Size([8, 3]) -> torch.Size([4, 3]) (batch dim adapted)
  joint_rotations: torch.Size([8, 54, 3]) -> torch.Size([4, 54, 3]) (batch dim adapted)
Adapted 5 SMALFitter default params to new batch size:
  log_beta_scales: torch.Size([8, 55, 3]) -> torch.Size([4, 55, 3]) (batch dim adapted)
  betas_trans: torch.Size([8, 55, 3]) -> torch.Size([4, 55, 3]) (batch dim adapted)
  global_rotation: torch.Size([8, 3]) -> torch.Size([4, 3]) (batch dim adapted)
  trans: torch.Size([8, 3]) -> torch.Size([4, 3]) (batch dim adapted)
  joint_rotations: torch.Size([8, 54, 3]) -> torch.Size([4, 54, 3]) (batch dim adapted)
Adapted 5 SMALFitter default params to new batch size:
  log_beta_scales: torch.Size([8, 55, 3]) -> torch.Size([4, 55, 3]) (batch dim adapted)
  betas_trans: torch.Size([8, 55, 3]) -> torch.Size([4, 55, 3]) (batch dim adapted)
  global_rotation: torch.Size([8, 3]) -> torch.Size([4, 3]) (batch dim adapted)
  trans: torch.Size([8, 3]) -> torch.Size([4, 3]) (batch dim adapted)
  joint_rotations: torch.Size([8, 54, 3]) -> torch.Size([4, 54, 3]) (batch dim adapted)
Adapted 5 SMALFitter default params to new batch size:
  log_beta_scales: torch.Size([8, 55, 3]) -> torch.Size([4, 55, 3]) (batch dim adapted)
  betas_trans: torch.Size([8, 55, 3]) -> torch.Size([4, 55, 3]) (batch dim adapted)
  global_rotation: torch.Size([8, 3]) -> torch.Size([4, 3]) (batch dim adapted)
  trans: torch.Size([8, 3]) -> torch.Size([4, 3]) (batch dim adapted)
  joint_rotations: torch.Size([8, 54, 3]) -> torch.Size([4, 54, 3]) (batch dim adapted)
Adapted 5 SMALFitter default params to new batch size:
  log_beta_scales: torch.Size([8, 55, 3]) -> torch.Size([4, 55, 3]) (batch dim adapted)
  betas_trans: torch.Size([8, 55, 3]) -> torch.Size([4, 55, 3]) (batch dim adapted)
  global_rotation: torch.Size([8, 3]) -> torch.Size([4, 3]) (batch dim adapted)
  trans: torch.Size([8, 3]) -> torch.Size([4, 3]) (batch dim adapted)
  joint_rotations: torch.Size([8, 54, 3]) -> torch.Size([4, 54, 3]) (batch dim adapted)
Resuming training from epoch 346 (checkpoint was at epoch 345)

Starting training for 371 epochs...
Base loss weights: {'global_rot': 0.0, 'joint_rot': 0.001, 'betas': 0.0005, 'trans': 0.0005, 'fov': 0.001, 'cam_rot': 0.01, 'cam_trans': 0.01, 'log_beta_scales': 0.0005, 'betas_trans': 0.0005, 'keypoint_2d': 0.1, 'keypoint_3d': 0.25, 'silhouette': 0.0, 'joint_angle_regularization': 0.001, 'limb_scale_regularization': 0.1, 'limb_trans_regularization': 1, 'triangulation_consistency': 0.0, 'ief_intermediate': 0.1, 'joint_limit_regularization': 0.001}
Using TrainingConfig loss curriculum: 8 stages
Using TrainingConfig LR curriculum: 3 stages

Joint importance: 6/6 joints matched, multiplier=10.0
Joint importance: 6/6 joints matched, multiplier=10.0
Joint importance: 6/6 joints matched, multiplier=10.0
Joint importance: 6/6 joints matched, multiplier=10.0
Joint importance: 6/6 joints matched, multiplier=10.0
Joint importance: 6/6 joints matched, multiplier=10.0
Joint importance: 6/6 joints matched, multiplier=10.0
Joint importance: 6/6 joints matched, multiplier=10.0

Epoch 346 Summary:
  Train Loss: 0.0000
  Val Loss: 0.0000
  Loss Components (Train / Val):
    betas               : 0.000115 / 0.000025
    cam_rot             : 0.000000 / 0.000000
    cam_trans           : 0.000000 / 0.000000
    fov                 : 0.000352 / 0.000368
    ief_pose_delta_1    : 7.751561 / 7.735728
    ief_pose_delta_2    : 12.297898 / 12.344271
    joint_angle_regularization: 0.100187 / 0.092202
    joint_limit_regularization: 0.003755 / 0.001493
    joint_rot           : 0.000000 / 0.000000
    keypoint_2d         : 0.000035 / 0.000030
    keypoint_3d         : 0.000001 / 0.000001
    limb_scale_regularization: 0.008102 / 0.008667
    limb_trans_regularization: 0.000001 / 0.000001
    trans               : 0.000000 / 0.000000
  LR (curriculum): 1.00e-05
  Key loss weights: kp2d=0.1000, joint_rot=0.0010, limb_scale_reg=0.000050, limb_trans_reg=0.500000

Epoch 347 Summary:
  Train Loss: 0.0000
  Val Loss: 0.0000
  Loss Components (Train / Val):
    betas               : 0.000095 / 0.000019
    cam_rot             : 0.000000 / 0.000000
    cam_trans           : 0.000000 / 0.000000
    fov                 : 0.000356 / 0.000368
    ief_pose_delta_1    : 7.727905 / 7.718910
    ief_pose_delta_2    : 12.376052 / 12.376021
    joint_angle_regularization: 0.091910 / 0.092052
    joint_limit_regularization: 0.001080 / 0.000827
    joint_rot           : 0.000000 / 0.000000
    keypoint_2d         : 0.000028 / 0.000026
    keypoint_3d         : 0.000000 / 0.000000
    limb_scale_regularization: 0.009107 / 0.009354
    limb_trans_regularization: 0.000000 / 0.000000
    trans               : 0.000000 / 0.000000
  LR (curriculum): 1.00e-05
  Key loss weights: kp2d=0.1000, joint_rot=0.0010, limb_scale_reg=0.000050, limb_trans_reg=0.500000
Checkpoint saved: /hpcwork/mkd34160/smilify_runs/multiview_lam1e-3/checkpoints/checkpoint_epoch_0347.pth

Epoch 348 Summary:
  Train Loss: 0.0000
  Val Loss: 0.0000
  Loss Components (Train / Val):
    betas               : 0.000083 / 0.000019
    cam_rot             : 0.000000 / 0.000000
    cam_trans           : 0.000000 / 0.000000
    fov                 : 0.000358 / 0.000371
    ief_pose_delta_1    : 7.714090 / 7.711960
    ief_pose_delta_2    : 12.399413 / 12.394629
    joint_angle_regularization: 0.092299 / 0.092871
    joint_limit_regularization: 0.000720 / 0.000591
    joint_rot           : 0.000000 / 0.000000
    keypoint_2d         : 0.000028 / 0.000024
    keypoint_3d         : 0.000000 / 0.000000
    limb_scale_regularization: 0.009394 / 0.009481
    limb_trans_regularization: 0.000000 / 0.000000
    trans               : 0.000000 / 0.000000
  LR (curriculum): 1.00e-05
  Key loss weights: kp2d=0.1000, joint_rot=0.0010, limb_scale_reg=0.000050, limb_trans_reg=0.500000

Epoch 349 Summary:
  Train Loss: 0.0000
  Val Loss: 0.0000
  Loss Components (Train / Val):
    betas               : 0.000081 / 0.000017
    cam_rot             : 0.000000 / 0.000000
    cam_trans           : 0.000000 / 0.000000
    fov                 : 0.000360 / 0.000370
    ief_pose_delta_1    : 7.696976 / 7.691871
    ief_pose_delta_2    : 12.408381 / 12.405265
    joint_angle_regularization: 0.093199 / 0.093903
    joint_limit_regularization: 0.000542 / 0.000456
    joint_rot           : 0.000000 / 0.000000
    keypoint_2d         : 0.000026 / 0.000023
    keypoint_3d         : 0.000000 / 0.000000
    limb_scale_regularization: 0.009509 / 0.009553
    limb_trans_regularization: 0.000000 / 0.000000
    trans               : 0.000000 / 0.000000
  LR (curriculum): 1.00e-05
  Key loss weights: kp2d=0.1000, joint_rot=0.0010, limb_scale_reg=0.000050, limb_trans_reg=0.500000
Checkpoint saved: /hpcwork/mkd34160/smilify_runs/multiview_lam1e-3/checkpoints/checkpoint_epoch_0349.pth

=== Joint Scales for Multiview Sample 0 ===
Mode: separate
Joint Name              Scale X    Scale Y    Scale Z   Mean Scale
----------------------------------------------------------------------
b_t                      1.0010     1.0010     1.0009       1.0010
b_a_1                    1.0320     0.9991     0.9008       0.9773
b_a_2                    0.9522     1.0018     0.9944       0.9828
b_a_3                    0.9791     0.9982     0.9947       0.9906
b_a_4                    1.0039     1.0026     0.9986       1.0017
b_a_5                    1.0008     1.0016     1.0019       1.0014
l_1_co_r                 1.2549     1.2474     1.1347       1.2123
l_1_tr_r                 1.0249     1.3466     1.0852       1.1523
l_1_fe_r                 0.9730     1.0087     1.4327       1.1382
l_1_ti_r                 0.8865     0.9670     0.8624       0.9053
l_1_ta_r                 0.9018     0.9613     0.9595       0.9409
l_1_pt_r                 1.0004     1.0012     1.0016       1.0011
l_2_co_r                 1.0877     1.2529     1.0778       1.1395
l_2_tr_r                 1.0131     1.3026     1.1335       1.1497
l_2_fe_r                 1.0268     1.0001     1.2606       1.0958
l_2_ti_r                 1.0144     0.9492     0.9014       0.9550
l_2_ta_r                 1.0087     0.9732     0.9676       0.9832
l_2_pt_r                 1.0014     1.0035     1.0031       1.0027
l_3_co_r                 1.2179     0.8792     1.1431       1.0801
l_3_tr_r                 1.1269     1.3845     1.2213       1.2442
l_3_fe_r                 0.9781     1.0281     1.2635       1.0899
l_3_ti_r                 0.9141     0.9814     0.8907       0.9287
l_3_ta_r                 0.9935     0.9941     0.9888       0.9921
l_3_pt_r                 1.0013     1.0004     1.0012       1.0010
w_1_r                    1.0011     1.0012     1.0021       1.0015
w_2_r                    1.0011     1.0000     1.0014       1.0008
l_1_co_l                 1.0593     1.3236     1.0927       1.1585
l_1_tr_l                 0.9557     1.1956     1.1265       1.0926
l_1_fe_l                 1.0697     0.9959     1.2980       1.1212
l_1_ti_l                 0.8940     0.9634     0.9310       0.9295
l_1_ta_l                 0.9652     0.9653     0.9640       0.9648
l_1_pt_l                 1.0025     1.0029     1.0011       1.0021
l_2_co_l                 1.1050     1.2344     1.1834       1.1743
l_2_tr_l                 0.9769     1.2142     1.0995       1.0969
l_2_fe_l                 1.0147     0.9316     1.5033       1.1499
l_2_ti_l                 1.0057     0.9285     0.8287       0.9210
l_2_ta_l                 1.0002     0.8885     0.9369       0.9419
l_2_pt_l                 1.0011     0.9948     0.9991       0.9983
l_3_co_l                 1.1313     0.8230     0.9879       0.9807
l_3_tr_l                 1.0179     1.1107     1.1806       1.1031
l_3_fe_l                 0.9400     0.9295     1.3922       1.0872
l_3_ti_l                 0.9237     0.9545     0.9406       0.9396
l_3_ta_l                 1.0297     1.0141     0.9941       1.0126
l_3_pt_l                 1.0027     1.0010     1.0005       1.0014
w_1_l                    0.9474     1.0172     1.0196       0.9947
w_2_l                    1.0024     1.0022     1.0011       1.0019
b_h                      1.3820     1.2375     1.0754       1.2316
ma_r                     1.0010     1.0028     0.9999       1.0013
an_1_r                   1.2519     1.0188     0.9982       1.0896
an_2_r                   1.1508     1.0051     1.0055       1.0538
an_3_r                   1.0008     1.0022     1.0015       1.0015
ma_l                     1.0014     1.0019     1.0016       1.0016
an_1_l                   1.2430     1.0258     1.0022       1.0903
an_2_l                   1.0984     1.0083     0.9964       1.0343
an_3_l                   1.0010     1.0015     1.0015       1.0013

Summary Statistics:
  Mean scale (all joints, all axes): 1.0390
  Std scale (all joints, all axes): 0.1184
  Min scale: 0.8230
  Max scale: 1.5033
  Joints with scale > 1.1: 22
  Joints with scale < 0.9: 7
======================================================================


=== Joint Scales for Multiview Sample 1 ===
Mode: separate
Joint Name              Scale X    Scale Y    Scale Z   Mean Scale
----------------------------------------------------------------------
b_t                      1.0021     1.0016     1.0022       1.0020
b_a_1                    1.0632     1.0054     0.9087       0.9924
b_a_2                    0.9821     1.0052     0.9877       0.9917
b_a_3                    0.9950     0.9968     0.9989       0.9969
b_a_4                    1.0056     1.0040     1.0000       1.0032
b_a_5                    1.0027     1.0027     1.0022       1.0025
l_1_co_r                 1.1546     1.1130     1.2250       1.1642
l_1_tr_r                 1.0053     1.1563     1.2184       1.1267
l_1_fe_r                 0.9523     1.0190     1.4674       1.1462
l_1_ti_r                 0.8958     0.9749     0.8870       0.9193
l_1_ta_r                 0.9198     0.9731     0.9785       0.9571
l_1_pt_r                 1.0019     1.0033     1.0023       1.0025
l_2_co_r                 1.0770     1.2442     1.1305       1.1506
l_2_tr_r                 0.9910     1.3095     1.1315       1.1440
l_2_fe_r                 1.0411     1.0251     1.2954       1.1205
l_2_ti_r                 1.0190     0.9471     0.9208       0.9623
l_2_ta_r                 1.0083     0.9843     0.9702       0.9876
l_2_pt_r                 1.0029     1.0038     1.0040       1.0036
l_3_co_r                 1.1960     0.8824     1.1701       1.0828
l_3_tr_r                 1.1375     1.3348     1.2407       1.2377
l_3_fe_r                 0.9888     1.0086     1.3003       1.0992
l_3_ti_r                 0.9399     0.9818     0.9035       0.9417
l_3_ta_r                 0.9898     0.9978     0.9896       0.9924
l_3_pt_r                 1.0017     1.0017     1.0029       1.0021
w_1_r                    1.0016     1.0024     1.0027       1.0022
w_2_r                    1.0018     1.0015     1.0020       1.0018
l_1_co_l                 1.0799     1.4434     1.0552       1.1928
l_1_tr_l                 0.9808     1.2564     1.0850       1.1074
l_1_fe_l                 1.0229     1.0025     1.2225       1.0826
l_1_ti_l                 0.8992     0.9577     0.9260       0.9276
l_1_ta_l                 0.9767     0.9560     0.9697       0.9675
l_1_pt_l                 1.0018     1.0034     1.0024       1.0025
l_2_co_l                 1.1000     1.3112     1.1698       1.1937
l_2_tr_l                 0.9549     1.2552     1.0577       1.0892
l_2_fe_l                 1.0013     0.9348     1.4483       1.1281
l_2_ti_l                 0.9943     0.9294     0.8366       0.9201
l_2_ta_l                 0.9956     0.8820     0.9446       0.9407
l_2_pt_l                 1.0022     0.9952     1.0003       0.9992
l_3_co_l                 1.1860     0.8116     1.0210       1.0062
l_3_tr_l                 1.0730     1.1224     1.1804       1.1253
l_3_fe_l                 0.9872     0.9497     1.3841       1.1070
l_3_ti_l                 0.9312     0.9422     0.9524       0.9419
l_3_ta_l                 1.0418     1.0104     0.9944       1.0155
l_3_pt_l                 1.0027     1.0009     1.0015       1.0017
w_1_l                    0.9355     1.0170     1.0099       0.9875
w_2_l                    1.0037     1.0032     1.0019       1.0029
b_h                      1.5167     1.2706     1.0786       1.2886
ma_r                     1.0029     1.0034     1.0005       1.0023
an_1_r                   1.2722     1.0317     0.9813       1.0951
an_2_r                   1.1157     1.0145     1.0093       1.0465
an_3_r                   1.0018     1.0026     1.0028       1.0024
ma_l                     1.0023     1.0023     1.0023       1.0023
an_1_l                   1.2385     1.0326     1.0040       1.0917
an_2_l                   1.1061     1.0140     0.9976       1.0392
an_3_l                   1.0018     1.0025     1.0027       1.0024

Summary Statistics:
  Mean scale (all joints, all axes): 1.0426
  Std scale (all joints, all axes): 0.1206
  Min scale: 0.8116
  Max scale: 1.5167
  Joints with scale > 1.1: 23
  Joints with scale < 0.9: 6
======================================================================


=== Joint Scales for Multiview Sample 2 ===
Mode: separate
Joint Name              Scale X    Scale Y    Scale Z   Mean Scale
----------------------------------------------------------------------
b_t                      1.0023     1.0018     1.0028       1.0023
b_a_1                    1.0331     1.0071     0.9020       0.9807
b_a_2                    0.9617     1.0045     0.9809       0.9824
b_a_3                    0.9783     0.9976     1.0009       0.9922
b_a_4                    1.0036     1.0033     1.0011       1.0026
b_a_5                    1.0029     1.0033     1.0026       1.0029
l_1_co_r                 1.2149     1.2400     1.1374       1.1974
l_1_tr_r                 1.0433     1.2772     1.1257       1.1487
l_1_fe_r                 0.9840     1.0387     1.4193       1.1473
l_1_ti_r                 0.8850     0.9706     0.8860       0.9139
l_1_ta_r                 0.8941     0.9669     0.9739       0.9450
l_1_pt_r                 1.0014     1.0034     1.0025       1.0024
l_2_co_r                 1.0903     1.2945     0.9921       1.1256
l_2_tr_r                 1.0136     1.3369     1.0638       1.1381
l_2_fe_r                 1.0453     1.0320     1.2143       1.0972
l_2_ti_r                 1.0202     0.9578     0.9078       0.9619
l_2_ta_r                 1.0101     0.9895     0.9705       0.9900
l_2_pt_r                 1.0021     1.0043     1.0040       1.0035
l_3_co_r                 1.1453     0.7930     1.1553       1.0312
l_3_tr_r                 1.0668     1.1951     1.2102       1.1574
l_3_fe_r                 0.9195     0.9485     1.3825       1.0835
l_3_ti_r                 0.8800     0.9822     0.9025       0.9216
l_3_ta_r                 0.9698     0.9931     0.9900       0.9843
l_3_pt_r                 1.0025     1.0017     1.0028       1.0023
w_1_r                    1.0023     1.0032     1.0027       1.0028
w_2_r                    1.0028     1.0020     1.0025       1.0024
l_1_co_l                 1.0490     1.3804     1.0549       1.1614
l_1_tr_l                 0.9879     1.2679     1.0636       1.1065
l_1_fe_l                 1.0551     1.0214     1.2449       1.1071
l_1_ti_l                 0.9109     0.9519     0.9523       0.9384
l_1_ta_l                 0.9732     0.9527     0.9777       0.9679
l_1_pt_l                 1.0027     1.0031     1.0035       1.0031
l_2_co_l                 1.0795     1.1885     1.2141       1.1607
l_2_tr_l                 0.9692     1.1495     1.1394       1.0860
l_2_fe_l                 1.0076     0.9225     1.4495       1.1265
l_2_ti_l                 1.0033     0.9304     0.8375       0.9237
l_2_ta_l                 1.0025     0.8866     0.9368       0.9420
l_2_pt_l                 1.0027     0.9962     1.0005       0.9998
l_3_co_l                 1.2587     0.8745     0.9915       1.0416
l_3_tr_l                 1.1629     1.2193     1.1782       1.1868
l_3_fe_l                 1.0718     1.0192     1.3028       1.1313
l_3_ti_l                 0.9820     0.9683     0.9577       0.9693
l_3_ta_l                 1.0623     1.0312     0.9948       1.0295
l_3_pt_l                 1.0042     1.0019     1.0017       1.0026
w_1_l                    0.9358     1.0249     1.0165       0.9924
w_2_l                    1.0040     1.0032     1.0028       1.0033
b_h                      1.3961     1.2936     1.0537       1.2478
ma_r                     1.0022     1.0034     1.0016       1.0024
an_1_r                   1.2407     1.0289     0.9878       1.0858
an_2_r                   1.1227     1.0112     1.0092       1.0477
an_3_r                   1.0026     1.0033     1.0032       1.0030
ma_l                     1.0022     1.0024     1.0032       1.0026
an_1_l                   1.2158     1.0301     1.0123       1.0861
an_2_l                   1.0918     1.0087     0.9998       1.0335
an_3_l                   1.0021     1.0026     1.0032       1.0026

Summary Statistics:
  Mean scale (all joints, all axes): 1.0402
  Std scale (all joints, all axes): 0.1149
  Min scale: 0.7930
  Max scale: 1.4495
  Joints with scale > 1.1: 22
  Joints with scale < 0.9: 7
======================================================================


=== Joint Scales for Multiview Sample 3 ===
Mode: separate
Joint Name              Scale X    Scale Y    Scale Z   Mean Scale
----------------------------------------------------------------------
b_t                      1.0025     1.0029     1.0024       1.0026
b_a_1                    1.0412     1.0012     0.8880       0.9768
b_a_2                    0.9599     1.0033     0.9898       0.9844
b_a_3                    0.9852     0.9976     1.0051       0.9960
b_a_4                    1.0041     1.0034     1.0023       1.0033
b_a_5                    1.0023     1.0033     1.0034       1.0030
l_1_co_r                 1.1624     1.2302     1.1538       1.1821
l_1_tr_r                 1.0318     1.1918     1.1653       1.1297
l_1_fe_r                 0.9807     1.0461     1.4501       1.1589
l_1_ti_r                 0.8605     0.9738     0.9097       0.9147
l_1_ta_r                 0.8923     0.9871     0.9888       0.9561
l_1_pt_r                 1.0008     1.0039     1.0034       1.0027
l_2_co_r                 1.1429     1.2069     1.0582       1.1360
l_2_tr_r                 1.0156     1.2834     1.0867       1.1286
l_2_fe_r                 1.0607     0.9948     1.2756       1.1104
l_2_ti_r                 1.0275     0.9439     0.9120       0.9611
l_2_ta_r                 1.0100     0.9877     0.9617       0.9865
l_2_pt_r                 1.0031     1.0060     1.0044       1.0045
l_3_co_r                 1.1485     0.8390     1.1828       1.0568
l_3_tr_r                 1.0892     1.2526     1.2137       1.1852
l_3_fe_r                 0.9474     0.9839     1.3938       1.1084
l_3_ti_r                 0.9120     0.9907     0.9070       0.9366
l_3_ta_r                 0.9795     0.9910     0.9942       0.9882
l_3_pt_r                 1.0026     1.0027     1.0037       1.0030
w_1_r                    1.0028     1.0031     1.0037       1.0032
w_2_r                    1.0024     1.0026     1.0041       1.0030
l_1_co_l                 1.0514     1.3945     1.0792       1.1750
l_1_tr_l                 0.9633     1.2553     1.0617       1.0934
l_1_fe_l                 1.0443     1.0150     1.2273       1.0955
l_1_ti_l                 0.8954     0.9720     0.9298       0.9324
l_1_ta_l                 0.9695     0.9661     0.9679       0.9678
l_1_pt_l                 1.0019     1.0048     1.0030       1.0032
l_2_co_l                 1.0935     1.2632     1.2032       1.1866
l_2_tr_l                 0.9764     1.2088     1.0899       1.0917
l_2_fe_l                 1.0044     0.9353     1.4309       1.1235
l_2_ti_l                 0.9920     0.9362     0.8348       0.9210
l_2_ta_l                 1.0008     0.8961     0.9410       0.9460
l_2_pt_l                 1.0029     0.9971     1.0007       1.0002
l_3_co_l                 1.2700     0.8305     1.0089       1.0365
l_3_tr_l                 1.1554     1.2181     1.1550       1.1762
l_3_fe_l                 1.0760     1.0325     1.4109       1.1732
l_3_ti_l                 0.9503     0.9842     0.9417       0.9587
l_3_ta_l                 1.0475     1.0293     0.9905       1.0224
l_3_pt_l                 1.0047     1.0029     1.0027       1.0034
w_1_l                    0.9597     1.0226     1.0230       1.0018
w_2_l                    1.0040     1.0030     1.0027       1.0032
b_h                      1.4350     1.2504     1.0603       1.2486
ma_r                     1.0026     1.0037     1.0023       1.0029
an_1_r                   1.2614     1.0312     0.9932       1.0952
an_2_r                   1.1362     1.0124     0.9995       1.0494
an_3_r                   1.0023     1.0028     1.0031       1.0028
ma_l                     1.0031     1.0024     1.0034       1.0030
an_1_l                   1.2377     1.0290     1.0057       1.0908
an_2_l                   1.1072     1.0145     0.9997       1.0405
an_3_l                   1.0021     1.0033     1.0027       1.0027

Summary Statistics:
  Mean scale (all joints, all axes): 1.0431
  Std scale (all joints, all axes): 0.1170
  Min scale: 0.8305
  Max scale: 1.4501
  Joints with scale > 1.1: 23
  Joints with scale < 0.9: 8
======================================================================


=== Joint Scales for Multiview Sample 4 ===
Mode: separate
Joint Name              Scale X    Scale Y    Scale Z   Mean Scale
----------------------------------------------------------------------
b_t                      1.0026     1.0011     1.0019       1.0019
b_a_1                    1.2321     1.0031     0.9575       1.0643
b_a_2                    1.1148     0.9996     0.9925       1.0356
b_a_3                    1.0468     1.0004     1.0085       1.0186
b_a_4                    1.0036     1.0014     1.0034       1.0028
b_a_5                    1.0022     1.0018     1.0010       1.0017
l_1_co_r                 1.1548     1.1159     0.9904       1.0870
l_1_tr_r                 0.9945     1.1813     1.2279       1.1346
l_1_fe_r                 0.9708     0.8862     1.4361       1.0977
l_1_ti_r                 0.8458     0.9495     0.7836       0.8596
l_1_ta_r                 0.8690     0.9266     0.9453       0.9136
l_1_pt_r                 1.0000     1.0008     1.0000       1.0003
l_2_co_r                 1.0810     0.9947     0.9961       1.0240
l_2_tr_r                 0.9818     1.4426     1.0863       1.1703
l_2_fe_r                 0.9985     0.8505     1.3105       1.0532
l_2_ti_r                 1.0116     0.8519     0.7377       0.8671
l_2_ta_r                 1.0054     0.8466     0.9422       0.9314
l_2_pt_r                 1.0015     0.9986     1.0008       1.0003
l_3_co_r                 1.1192     0.9142     1.4667       1.1667
l_3_tr_r                 1.0085     1.3382     1.2411       1.1959
l_3_fe_r                 0.8030     0.9394     1.2177       0.9867
l_3_ti_r                 0.8207     0.8668     0.8020       0.8298
l_3_ta_r                 0.9364     0.9211     1.0041       0.9539
l_3_pt_r                 1.0028     1.0015     1.0014       1.0019
w_1_r                    1.0006     1.0023     1.0010       1.0013
w_2_r                    1.0013     1.0012     1.0012       1.0012
l_1_co_l                 1.0773     1.3092     1.0596       1.1487
l_1_tr_l                 0.9578     1.2856     1.0937       1.1123
l_1_fe_l                 0.9952     0.8529     1.2072       1.0184
l_1_ti_l                 0.8977     0.8644     0.8083       0.8568
l_1_ta_l                 0.9186     0.8960     0.9374       0.9173
l_1_pt_l                 0.9989     0.9975     1.0028       0.9997
l_2_co_l                 1.0945     1.1126     1.1867       1.1313
l_2_tr_l                 0.9764     1.2817     1.0712       1.1098
l_2_fe_l                 0.9797     0.8377     1.4705       1.0960
l_2_ti_l                 0.9965     0.8391     0.6813       0.8390
l_2_ta_l                 0.9959     0.8084     0.9208       0.9084
l_2_pt_l                 1.0017     0.9980     1.0012       1.0003
l_3_co_l                 1.3110     0.8637     1.1575       1.1107
l_3_tr_l                 1.1529     1.3832     1.2129       1.2497
l_3_fe_l                 0.8641     0.9224     1.2145       1.0003
l_3_ti_l                 0.8106     0.8856     0.8178       0.8380
l_3_ta_l                 0.9815     0.9654     0.9992       0.9820
l_3_pt_l                 1.0027     1.0011     1.0014       1.0017
w_1_l                    0.9549     1.0109     1.0141       0.9933
w_2_l                    1.0018     1.0013     1.0031       1.0021
b_h                      1.2030     1.2424     1.0185       1.1546
ma_r                     1.0015     1.0019     1.0017       1.0017
an_1_r                   1.2742     1.0132     0.9967       1.0947
an_2_r                   1.1332     1.0077     1.0106       1.0505
an_3_r                   1.0025     1.0016     1.0029       1.0023
ma_l                     1.0003     1.0023     1.0022       1.0016
an_1_l                   1.4423     1.0352     0.9783       1.1519
an_2_l                   1.2039     1.0216     1.0028       1.0761
an_3_l                   1.0008     1.0012     1.0017       1.0012

Summary Statistics:
  Mean scale (all joints, all axes): 1.0228
  Std scale (all joints, all axes): 0.1417
  Min scale: 0.6813
  Max scale: 1.4705
  Joints with scale > 1.1: 24
  Joints with scale < 0.9: 17
======================================================================

Generated 5 multi-view visualizations for epoch 349 in /hpcwork/mkd34160/smilify_runs/multiview_lam1e-3/visualizations/epoch_349

=== Joint Scales for Sample 0 (Single-View Renders) ===
Mode: separate
Joint Name              Scale X    Scale Y    Scale Z   Mean Scale
----------------------------------------------------------------------
b_t                      1.0010     1.0010     1.0009       1.0010
b_a_1                    1.0320     0.9991     0.9008       0.9773
b_a_2                    0.9522     1.0018     0.9944       0.9828
b_a_3                    0.9791     0.9982     0.9947       0.9906
b_a_4                    1.0039     1.0026     0.9986       1.0017
b_a_5                    1.0008     1.0016     1.0019       1.0014
l_1_co_r                 1.2549     1.2474     1.1347       1.2123
l_1_tr_r                 1.0249     1.3466     1.0852       1.1523
l_1_fe_r                 0.9730     1.0087     1.4327       1.1382
l_1_ti_r                 0.8865     0.9670     0.8624       0.9053
l_1_ta_r                 0.9018     0.9613     0.9595       0.9409
l_1_pt_r                 1.0004     1.0012     1.0016       1.0011
l_2_co_r                 1.0877     1.2529     1.0778       1.1395
l_2_tr_r                 1.0131     1.3026     1.1335       1.1497
l_2_fe_r                 1.0268     1.0001     1.2606       1.0958
l_2_ti_r                 1.0144     0.9492     0.9014       0.9550
l_2_ta_r                 1.0087     0.9732     0.9676       0.9832
l_2_pt_r                 1.0014     1.0035     1.0031       1.0027
l_3_co_r                 1.2179     0.8792     1.1431       1.0801
l_3_tr_r                 1.1269     1.3845     1.2213       1.2442
l_3_fe_r                 0.9781     1.0281     1.2635       1.0899
l_3_ti_r                 0.9141     0.9814     0.8907       0.9287
l_3_ta_r                 0.9935     0.9941     0.9888       0.9921
l_3_pt_r                 1.0013     1.0004     1.0012       1.0010
w_1_r                    1.0011     1.0012     1.0021       1.0015
w_2_r                    1.0011     1.0000     1.0014       1.0008
l_1_co_l                 1.0593     1.3236     1.0927       1.1585
l_1_tr_l                 0.9557     1.1956     1.1265       1.0926
l_1_fe_l                 1.0697     0.9959     1.2980       1.1212
l_1_ti_l                 0.8940     0.9634     0.9310       0.9295
l_1_ta_l                 0.9652     0.9653     0.9640       0.9648
l_1_pt_l                 1.0025     1.0029     1.0011       1.0021
l_2_co_l                 1.1050     1.2344     1.1834       1.1743
l_2_tr_l                 0.9769     1.2142     1.0995       1.0969
l_2_fe_l                 1.0147     0.9316     1.5033       1.1499
l_2_ti_l                 1.0057     0.9285     0.8287       0.9210
l_2_ta_l                 1.0002     0.8885     0.9369       0.9419
l_2_pt_l                 1.0011     0.9948     0.9991       0.9983
l_3_co_l                 1.1313     0.8230     0.9879       0.9807
l_3_tr_l                 1.0179     1.1107     1.1806       1.1031
l_3_fe_l                 0.9400     0.9295     1.3922       1.0872
l_3_ti_l                 0.9237     0.9545     0.9406       0.9396
l_3_ta_l                 1.0297     1.0141     0.9941       1.0126
l_3_pt_l                 1.0027     1.0010     1.0005       1.0014
w_1_l                    0.9474     1.0172     1.0196       0.9947
w_2_l                    1.0024     1.0022     1.0011       1.0019
b_h                      1.3820     1.2375     1.0754       1.2316
ma_r                     1.0010     1.0028     0.9999       1.0013
an_1_r                   1.2519     1.0188     0.9982       1.0896
an_2_r                   1.1508     1.0051     1.0055       1.0538
an_3_r                   1.0008     1.0022     1.0015       1.0015
ma_l                     1.0014     1.0019     1.0016       1.0016
an_1_l                   1.2430     1.0258     1.0022       1.0903
an_2_l                   1.0984     1.0083     0.9964       1.0343
an_3_l                   1.0010     1.0015     1.0015       1.0013

Summary Statistics:
  Mean scale (all joints, all axes): 1.0390
  Std scale (all joints, all axes): 0.1184
  Min scale: 0.8230
  Max scale: 1.5033
  Joints with scale > 1.1: 22
  Joints with scale < 0.9: 7
======================================================================


[Visualization] Using model renderer image size: 224
  Original image size: (512, 512, 3)
  Model renderer size: 224
  This ensures keypoint normalization matches training

[Sample 0] Input fingerprint (img patch mean): 0.598290
  trans: [0.0041, 0.0139, 0.3254]
  global_rot[0:3]: [-0.1045, -0.6777, 0.1588]
  fov_per_view[0]: 35.6991
  mesh_scale: 0.0401

[Camera Debug] View 0:
  FOV: 35.70 degrees
  cam_trans: [-0.01403006  0.23938061 -0.06719193]
  cam_rot (first row): [-0.03401148  0.76293856  0.6453087 ]
  Renderer image size: 224
  Body trans: [0.00407553 0.01393371 0.32537064]
  Betas (first 3): [3.6332054  0.64676553 0.8612224 ]
  Camera R shape: torch.Size([1, 3, 3])
  Camera T shape: torch.Size([1, 3])
  Camera fov shape: torch.Size([1])

[GT Cam+3D Sanity] view 0:
  GT fov_y: 35.67 deg
  ||GT cam_T||: 0.249  (should be O(0.1-10) after scaling, not O(100-1000))
  max|GT kp3d|: 0.345 (same unit scale as SMAL verts/joints)
  mean reproj err (GT 3D + GT cam -> 2D): 0.13 px @ 224px
  Exported mesh to: /hpcwork/mkd34160/smilify_runs/multiview_lam1e-3/singleview_renders/epoch_349/sample_000_view_00_epoch_349.obj
  Mesh vertices: torch.Size([1, 3020, 3]), range: [-0.035, 0.345]
  Mesh faces: torch.Size([6019, 3])
  Mean pred 3D: [0.0033, 0.0131, 0.3308]
  Mean GT 3D:  [0.0026, 0.0098, 0.2538]
  Root rot magnitude: 169.16°
  Generated 3D keypoint visualization: /hpcwork/mkd34160/smilify_runs/multiview_lam1e-3/singleview_renders/epoch_349/sample_000_epoch_349_3d_keypoints.png
  Mean 3D error: 0.0014, Max error: 0.0044
  Plotted joints: 42, Suppressed: 13

=== Joint Scales for Sample 1 (Single-View Renders) ===
Mode: separate
Joint Name              Scale X    Scale Y    Scale Z   Mean Scale
----------------------------------------------------------------------
b_t                      1.0021     1.0016     1.0022       1.0020
b_a_1                    1.0632     1.0054     0.9087       0.9924
b_a_2                    0.9821     1.0052     0.9877       0.9917
b_a_3                    0.9950     0.9968     0.9989       0.9969
b_a_4                    1.0056     1.0040     1.0000       1.0032
b_a_5                    1.0027     1.0027     1.0022       1.0025
l_1_co_r                 1.1546     1.1130     1.2250       1.1642
l_1_tr_r                 1.0053     1.1563     1.2184       1.1267
l_1_fe_r                 0.9523     1.0190     1.4674       1.1462
l_1_ti_r                 0.8958     0.9749     0.8870       0.9193
l_1_ta_r                 0.9198     0.9731     0.9785       0.9571
l_1_pt_r                 1.0019     1.0033     1.0023       1.0025
l_2_co_r                 1.0770     1.2442     1.1305       1.1506
l_2_tr_r                 0.9910     1.3095     1.1315       1.1440
l_2_fe_r                 1.0411     1.0251     1.2954       1.1205
l_2_ti_r                 1.0190     0.9471     0.9208       0.9623
l_2_ta_r                 1.0083     0.9843     0.9702       0.9876
l_2_pt_r                 1.0029     1.0038     1.0040       1.0036
l_3_co_r                 1.1960     0.8824     1.1701       1.0828
l_3_tr_r                 1.1375     1.3348     1.2407       1.2377
l_3_fe_r                 0.9888     1.0086     1.3003       1.0992
l_3_ti_r                 0.9399     0.9818     0.9035       0.9417
l_3_ta_r                 0.9898     0.9978     0.9896       0.9924
l_3_pt_r                 1.0017     1.0017     1.0029       1.0021
w_1_r                    1.0016     1.0024     1.0027       1.0022
w_2_r                    1.0018     1.0015     1.0020       1.0018
l_1_co_l                 1.0799     1.4434     1.0552       1.1928
l_1_tr_l                 0.9808     1.2564     1.0850       1.1074
l_1_fe_l                 1.0229     1.0025     1.2225       1.0826
l_1_ti_l                 0.8992     0.9577     0.9260       0.9276
l_1_ta_l                 0.9767     0.9560     0.9697       0.9675
l_1_pt_l                 1.0018     1.0034     1.0024       1.0025
l_2_co_l                 1.1000     1.3112     1.1698       1.1937
l_2_tr_l                 0.9549     1.2552     1.0577       1.0892
l_2_fe_l                 1.0013     0.9348     1.4483       1.1281
l_2_ti_l                 0.9943     0.9294     0.8366       0.9201
l_2_ta_l                 0.9956     0.8820     0.9446       0.9407
l_2_pt_l                 1.0022     0.9952     1.0003       0.9992
l_3_co_l                 1.1860     0.8116     1.0210       1.0062
l_3_tr_l                 1.0730     1.1224     1.1804       1.1253
l_3_fe_l                 0.9872     0.9497     1.3841       1.1070
l_3_ti_l                 0.9312     0.9422     0.9524       0.9419
l_3_ta_l                 1.0418     1.0104     0.9944       1.0155
l_3_pt_l                 1.0027     1.0009     1.0015       1.0017
w_1_l                    0.9355     1.0170     1.0099       0.9875
w_2_l                    1.0037     1.0032     1.0019       1.0029
b_h                      1.5167     1.2706     1.0786       1.2886
ma_r                     1.0029     1.0034     1.0005       1.0023
an_1_r                   1.2722     1.0317     0.9813       1.0951
an_2_r                   1.1157     1.0145     1.0093       1.0465
an_3_r                   1.0018     1.0026     1.0028       1.0024
ma_l                     1.0023     1.0023     1.0023       1.0023
an_1_l                   1.2385     1.0326     1.0040       1.0917
an_2_l                   1.1061     1.0140     0.9976       1.0392
an_3_l                   1.0018     1.0025     1.0027       1.0024

Summary Statistics:
  Mean scale (all joints, all axes): 1.0426
  Std scale (all joints, all axes): 0.1206
  Min scale: 0.8116
  Max scale: 1.5167
  Joints with scale > 1.1: 23
  Joints with scale < 0.9: 6
======================================================================


[Sample 1] Input fingerprint (img patch mean): 0.354034
  trans: [0.0033, 0.0072, 0.3266]
  global_rot[0:3]: [-0.6746, -0.0720, 0.1849]
  fov_per_view[0]: 35.6989
  mesh_scale: 0.0394
  Mean pred 3D: [0.0031, 0.0062, 0.3323]
  Mean GT 3D:  [0.0020, 0.0047, 0.2424]
  Root rot magnitude: 165.04°

=== Joint Scales for Sample 2 (Single-View Renders) ===
Mode: separate
Joint Name              Scale X    Scale Y    Scale Z   Mean Scale
----------------------------------------------------------------------
b_t                      1.0023     1.0018     1.0028       1.0023
b_a_1                    1.0331     1.0071     0.9020       0.9807
b_a_2                    0.9617     1.0045     0.9809       0.9824
b_a_3                    0.9783     0.9976     1.0009       0.9922
b_a_4                    1.0036     1.0033     1.0011       1.0026
b_a_5                    1.0029     1.0033     1.0026       1.0029
l_1_co_r                 1.2149     1.2400     1.1374       1.1974
l_1_tr_r                 1.0433     1.2772     1.1257       1.1487
l_1_fe_r                 0.9840     1.0387     1.4193       1.1473
l_1_ti_r                 0.8850     0.9706     0.8860       0.9139
l_1_ta_r                 0.8941     0.9669     0.9739       0.9450
l_1_pt_r                 1.0014     1.0034     1.0025       1.0024
l_2_co_r                 1.0903     1.2945     0.9921       1.1256
l_2_tr_r                 1.0136     1.3369     1.0638       1.1381
l_2_fe_r                 1.0453     1.0320     1.2143       1.0972
l_2_ti_r                 1.0202     0.9578     0.9078       0.9619
l_2_ta_r                 1.0101     0.9895     0.9705       0.9900
l_2_pt_r                 1.0021     1.0043     1.0040       1.0035
l_3_co_r                 1.1453     0.7930     1.1553       1.0312
l_3_tr_r                 1.0668     1.1951     1.2102       1.1574
l_3_fe_r                 0.9195     0.9485     1.3825       1.0835
l_3_ti_r                 0.8800     0.9822     0.9025       0.9216
l_3_ta_r                 0.9698     0.9931     0.9900       0.9843
l_3_pt_r                 1.0025     1.0017     1.0028       1.0023
w_1_r                    1.0023     1.0032     1.0027       1.0028
w_2_r                    1.0028     1.0020     1.0025       1.0024
l_1_co_l                 1.0490     1.3804     1.0549       1.1614
l_1_tr_l                 0.9879     1.2679     1.0636       1.1065
l_1_fe_l                 1.0551     1.0214     1.2449       1.1071
l_1_ti_l                 0.9109     0.9519     0.9523       0.9384
l_1_ta_l                 0.9732     0.9527     0.9777       0.9679
l_1_pt_l                 1.0027     1.0031     1.0035       1.0031
l_2_co_l                 1.0795     1.1885     1.2141       1.1607
l_2_tr_l                 0.9692     1.1495     1.1394       1.0860
l_2_fe_l                 1.0076     0.9225     1.4495       1.1265
l_2_ti_l                 1.0033     0.9304     0.8375       0.9237
l_2_ta_l                 1.0025     0.8866     0.9368       0.9420
l_2_pt_l                 1.0027     0.9962     1.0005       0.9998
l_3_co_l                 1.2587     0.8745     0.9915       1.0416
l_3_tr_l                 1.1629     1.2193     1.1782       1.1868
l_3_fe_l                 1.0718     1.0192     1.3028       1.1313
l_3_ti_l                 0.9820     0.9683     0.9577       0.9693
l_3_ta_l                 1.0623     1.0312     0.9948       1.0295
l_3_pt_l                 1.0042     1.0019     1.0017       1.0026
w_1_l                    0.9358     1.0249     1.0165       0.9924
w_2_l                    1.0040     1.0032     1.0028       1.0033
b_h                      1.3961     1.2936     1.0537       1.2478
ma_r                     1.0022     1.0034     1.0016       1.0024
an_1_r                   1.2407     1.0289     0.9878       1.0858
an_2_r                   1.1227     1.0112     1.0092       1.0477
an_3_r                   1.0026     1.0033     1.0032       1.0030
ma_l                     1.0022     1.0024     1.0032       1.0026
an_1_l                   1.2158     1.0301     1.0123       1.0861
an_2_l                   1.0918     1.0087     0.9998       1.0335
an_3_l                   1.0021     1.0026     1.0032       1.0026

Summary Statistics:
  Mean scale (all joints, all axes): 1.0402
  Std scale (all joints, all axes): 0.1149
  Min scale: 0.7930
  Max scale: 1.4495
  Joints with scale > 1.1: 22
  Joints with scale < 0.9: 7
======================================================================


[Sample 2] Input fingerprint (img patch mean): 0.592601
  trans: [0.0067, 0.0107, 0.3270]
  global_rot[0:3]: [-0.6511, -0.0478, 0.1757]
  fov_per_view[0]: 35.6992
  mesh_scale: 0.0407
  Mean pred 3D: [0.0054, 0.0099, 0.3319]
  Mean GT 3D:  [0.0038, 0.0074, 0.2543]
  Root rot magnitude: 165.15°

=== Joint Scales for Sample 3 (Single-View Renders) ===
Mode: separate
Joint Name              Scale X    Scale Y    Scale Z   Mean Scale
----------------------------------------------------------------------
b_t                      1.0025     1.0029     1.0024       1.0026
b_a_1                    1.0412     1.0012     0.8880       0.9768
b_a_2                    0.9599     1.0033     0.9898       0.9844
b_a_3                    0.9852     0.9976     1.0051       0.9960
b_a_4                    1.0041     1.0034     1.0023       1.0033
b_a_5                    1.0023     1.0033     1.0034       1.0030
l_1_co_r                 1.1624     1.2302     1.1538       1.1821
l_1_tr_r                 1.0318     1.1918     1.1653       1.1297
l_1_fe_r                 0.9807     1.0461     1.4501       1.1589
l_1_ti_r                 0.8605     0.9738     0.9097       0.9147
l_1_ta_r                 0.8923     0.9871     0.9888       0.9561
l_1_pt_r                 1.0008     1.0039     1.0034       1.0027
l_2_co_r                 1.1429     1.2069     1.0582       1.1360
l_2_tr_r                 1.0156     1.2834     1.0867       1.1286
l_2_fe_r                 1.0607     0.9948     1.2756       1.1104
l_2_ti_r                 1.0275     0.9439     0.9120       0.9611
l_2_ta_r                 1.0100     0.9877     0.9617       0.9865
l_2_pt_r                 1.0031     1.0060     1.0044       1.0045
l_3_co_r                 1.1485     0.8390     1.1828       1.0568
l_3_tr_r                 1.0892     1.2526     1.2137       1.1852
l_3_fe_r                 0.9474     0.9839     1.3938       1.1084
l_3_ti_r                 0.9120     0.9907     0.9070       0.9366
l_3_ta_r                 0.9795     0.9910     0.9942       0.9882
l_3_pt_r                 1.0026     1.0027     1.0037       1.0030
w_1_r                    1.0028     1.0031     1.0037       1.0032
w_2_r                    1.0024     1.0026     1.0041       1.0030
l_1_co_l                 1.0514     1.3945     1.0792       1.1750
l_1_tr_l                 0.9633     1.2553     1.0617       1.0934
l_1_fe_l                 1.0443     1.0150     1.2273       1.0955
l_1_ti_l                 0.8954     0.9720     0.9298       0.9324
l_1_ta_l                 0.9695     0.9661     0.9679       0.9678
l_1_pt_l                 1.0019     1.0048     1.0030       1.0032
l_2_co_l                 1.0935     1.2632     1.2032       1.1866
l_2_tr_l                 0.9764     1.2088     1.0899       1.0917
l_2_fe_l                 1.0044     0.9353     1.4309       1.1235
l_2_ti_l                 0.9920     0.9362     0.8348       0.9210
l_2_ta_l                 1.0008     0.8961     0.9410       0.9460
l_2_pt_l                 1.0029     0.9971     1.0007       1.0002
l_3_co_l                 1.2700     0.8305     1.0089       1.0365
l_3_tr_l                 1.1554     1.2181     1.1550       1.1762
l_3_fe_l                 1.0760     1.0325     1.4109       1.1732
l_3_ti_l                 0.9503     0.9842     0.9417       0.9587
l_3_ta_l                 1.0475     1.0293     0.9905       1.0224
l_3_pt_l                 1.0047     1.0029     1.0027       1.0034
w_1_l                    0.9597     1.0226     1.0230       1.0018
w_2_l                    1.0040     1.0030     1.0027       1.0032
b_h                      1.4350     1.2504     1.0603       1.2486
ma_r                     1.0026     1.0037     1.0023       1.0029
an_1_r                   1.2614     1.0312     0.9932       1.0952
an_2_r                   1.1362     1.0124     0.9995       1.0494
an_3_r                   1.0023     1.0028     1.0031       1.0028
ma_l                     1.0031     1.0024     1.0034       1.0030
an_1_l                   1.2377     1.0290     1.0057       1.0908
an_2_l                   1.1072     1.0145     0.9997       1.0405
an_3_l                   1.0021     1.0033     1.0027       1.0027

Summary Statistics:
  Mean scale (all joints, all axes): 1.0431
  Std scale (all joints, all axes): 0.1170
  Min scale: 0.8305
  Max scale: 1.4501
  Joints with scale > 1.1: 23
  Joints with scale < 0.9: 8
======================================================================


[Sample 3] Input fingerprint (img patch mean): 0.594096
  trans: [0.0057, 0.0094, 0.3283]
  global_rot[0:3]: [0.6888, 0.1811, 0.1048]
  fov_per_view[0]: 35.6990
  mesh_scale: 0.0393
  Mean pred 3D: [0.0040, 0.0115, 0.3328]
  Mean GT 3D:  [0.0029, 0.0077, 0.2369]
  Root rot magnitude: 176.93°

=== Joint Scales for Sample 4 (Single-View Renders) ===
Mode: separate
Joint Name              Scale X    Scale Y    Scale Z   Mean Scale
----------------------------------------------------------------------
b_t                      1.0026     1.0011     1.0019       1.0019
b_a_1                    1.2321     1.0031     0.9575       1.0643
b_a_2                    1.1148     0.9996     0.9925       1.0356
b_a_3                    1.0468     1.0004     1.0085       1.0186
b_a_4                    1.0036     1.0014     1.0034       1.0028
b_a_5                    1.0022     1.0018     1.0010       1.0017
l_1_co_r                 1.1548     1.1159     0.9904       1.0870
l_1_tr_r                 0.9945     1.1813     1.2279       1.1346
l_1_fe_r                 0.9708     0.8862     1.4361       1.0977
l_1_ti_r                 0.8458     0.9495     0.7836       0.8596
l_1_ta_r                 0.8690     0.9266     0.9453       0.9136
l_1_pt_r                 1.0000     1.0008     1.0000       1.0003
l_2_co_r                 1.0810     0.9947     0.9961       1.0240
l_2_tr_r                 0.9818     1.4426     1.0863       1.1703
l_2_fe_r                 0.9985     0.8505     1.3105       1.0532
l_2_ti_r                 1.0116     0.8519     0.7377       0.8671
l_2_ta_r                 1.0054     0.8466     0.9422       0.9314
l_2_pt_r                 1.0015     0.9986     1.0008       1.0003
l_3_co_r                 1.1192     0.9142     1.4667       1.1667
l_3_tr_r                 1.0085     1.3382     1.2411       1.1959
l_3_fe_r                 0.8030     0.9394     1.2177       0.9867
l_3_ti_r                 0.8207     0.8668     0.8020       0.8298
l_3_ta_r                 0.9364     0.9211     1.0041       0.9539
l_3_pt_r                 1.0028     1.0015     1.0014       1.0019
w_1_r                    1.0006     1.0023     1.0010       1.0013
w_2_r                    1.0013     1.0012     1.0012       1.0012
l_1_co_l                 1.0773     1.3092     1.0596       1.1487
l_1_tr_l                 0.9578     1.2856     1.0937       1.1123
l_1_fe_l                 0.9952     0.8529     1.2072       1.0184
l_1_ti_l                 0.8977     0.8644     0.8083       0.8568
l_1_ta_l                 0.9186     0.8960     0.9374       0.9173
l_1_pt_l                 0.9989     0.9975     1.0028       0.9997
l_2_co_l                 1.0945     1.1126     1.1867       1.1313
l_2_tr_l                 0.9764     1.2817     1.0712       1.1098
l_2_fe_l                 0.9797     0.8377     1.4705       1.0960
l_2_ti_l                 0.9965     0.8391     0.6813       0.8390
l_2_ta_l                 0.9959     0.8084     0.9208       0.9084
l_2_pt_l                 1.0017     0.9980     1.0012       1.0003
l_3_co_l                 1.3110     0.8637     1.1575       1.1107
l_3_tr_l                 1.1529     1.3832     1.2129       1.2497
l_3_fe_l                 0.8641     0.9224     1.2145       1.0003
l_3_ti_l                 0.8106     0.8856     0.8178       0.8380
l_3_ta_l                 0.9815     0.9654     0.9992       0.9820
l_3_pt_l                 1.0027     1.0011     1.0014       1.0017
w_1_l                    0.9549     1.0109     1.0141       0.9933
w_2_l                    1.0018     1.0013     1.0031       1.0021
b_h                      1.2030     1.2424     1.0185       1.1546
ma_r                     1.0015     1.0019     1.0017       1.0017
an_1_r                   1.2742     1.0132     0.9967       1.0947
an_2_r                   1.1332     1.0077     1.0106       1.0505
an_3_r                   1.0025     1.0016     1.0029       1.0023
ma_l                     1.0003     1.0023     1.0022       1.0016
an_1_l                   1.4423     1.0352     0.9783       1.1519
an_2_l                   1.2039     1.0216     1.0028       1.0761
an_3_l                   1.0008     1.0012     1.0017       1.0012

Summary Statistics:
  Mean scale (all joints, all axes): 1.0228
  Std scale (all joints, all axes): 0.1417
  Min scale: 0.6813
  Max scale: 1.4705
  Joints with scale > 1.1: 24
  Joints with scale < 0.9: 17
======================================================================


[Sample 4] Input fingerprint (img patch mean): 0.564680
  trans: [-0.0027, -0.0051, 0.3172]
  global_rot[0:3]: [-0.6786, -0.7157, 0.2266]
  fov_per_view[0]: 35.4989
  mesh_scale: 0.0556
  Mean pred 3D: [-0.0022, -0.0072, 0.3230]
  Mean GT 3D:  [-0.0026, -0.0059, 0.2474]
  Root rot magnitude: 170.09°
Generated single-view renders for 5 samples (epoch 349) in /hpcwork/mkd34160/smilify_runs/multiview_lam1e-3/singleview_renders/epoch_349

Epoch 350 Summary:
  Train Loss: 0.0000
  Val Loss: 0.0000
  Loss Components (Train / Val):
    betas               : 0.000081 / 0.000016
    cam_rot             : 0.000000 / 0.000000
    cam_trans           : 0.000000 / 0.000000
    fov                 : 0.000359 / 0.000370
    ief_pose_delta_1    : 7.687159 / 7.687884
    ief_pose_delta_2    : 12.429179 / 12.413955
    joint_angle_regularization: 0.094071 / 0.094863
    joint_limit_regularization: 0.000402 / 0.000374
    joint_rot           : 0.000000 / 0.000000
    keypoint_2d         : 0.000024 / 0.000023
    keypoint_3d         : 0.000000 / 0.000000
    limb_scale_regularization: 0.009431 / 0.009536
    limb_trans_regularization: 0.000000 / 0.000000
    trans               : 0.000000 / 0.000000
  LR (curriculum): 1.00e-05
  Key loss weights: kp2d=0.1000, joint_rot=0.0010, limb_scale_reg=0.000050, limb_trans_reg=0.500000

Epoch 351 Summary:
  Train Loss: 0.0000
  Val Loss: 0.0000
  Loss Components (Train / Val):
    betas               : 0.000078 / 0.000014
    cam_rot             : 0.000000 / 0.000000
    cam_trans           : 0.000000 / 0.000000
    fov                 : 0.000358 / 0.000370
    ief_pose_delta_1    : 7.683686 / 7.681803
    ief_pose_delta_2    : 12.424119 / 12.412228
    joint_angle_regularization: 0.095999 / 0.095780
    joint_limit_regularization: 0.000367 / 0.000317
    joint_rot           : 0.000000 / 0.000000
    keypoint_2d         : 0.000024 / 0.000022
    keypoint_3d         : 0.000000 / 0.000000
    limb_scale_regularization: 0.009500 / 0.009451
    limb_trans_regularization: 0.000000 / 0.000000
    trans               : 0.000000 / 0.000000
  LR (curriculum): 1.00e-05
  Key loss weights: kp2d=0.1000, joint_rot=0.0010, limb_scale_reg=0.000050, limb_trans_reg=0.500000
Checkpoint saved: /hpcwork/mkd34160/smilify_runs/multiview_lam1e-3/checkpoints/checkpoint_epoch_0351.pth

Epoch 352 Summary:
  Train Loss: 0.0000
  Val Loss: 0.0000
  Loss Components (Train / Val):
    betas               : 0.000076 / 0.000017
    cam_rot             : 0.000000 / 0.000000
    cam_trans           : 0.000000 / 0.000000
    fov                 : 0.000358 / 0.000369
    ief_pose_delta_1    : 7.680447 / 7.674012
    ief_pose_delta_2    : 12.440650 / 12.418753
    joint_angle_regularization: 0.097143 / 0.096800
    joint_limit_regularization: 0.000306 / 0.000271
    joint_rot           : 0.000000 / 0.000000
    keypoint_2d         : 0.000023 / 0.000021
    keypoint_3d         : 0.000000 / 0.000000
    limb_scale_regularization: 0.009490 / 0.009423
    limb_trans_regularization: 0.000000 / 0.000000
    trans               : 0.000000 / 0.000000
  LR (curriculum): 1.00e-05
  Key loss weights: kp2d=0.1000, joint_rot=0.0010, limb_scale_reg=0.000050, limb_trans_reg=0.500000

Epoch 353 Summary:
  Train Loss: 0.0000
  Val Loss: 0.0000
  Loss Components (Train / Val):
    betas               : 0.000074 / 0.000015
    cam_rot             : 0.000000 / 0.000000
    cam_trans           : 0.000000 / 0.000000
    fov                 : 0.000360 / 0.000369
    ief_pose_delta_1    : 7.663088 / 7.668696
    ief_pose_delta_2    : 12.428852 / 12.419242
    joint_angle_regularization: 0.097557 / 0.097666
    joint_limit_regularization: 0.000277 / 0.000242
    joint_rot           : 0.000000 / 0.000000
    keypoint_2d         : 0.000025 / 0.000022
    keypoint_3d         : 0.000000 / 0.000000
    limb_scale_regularization: 0.009373 / 0.009356
    limb_trans_regularization: 0.000000 / 0.000000
    trans               : 0.000000 / 0.000000
  LR (curriculum): 1.00e-05
  Key loss weights: kp2d=0.1000, joint_rot=0.0010, limb_scale_reg=0.000050, limb_trans_reg=0.500000
Checkpoint saved: /hpcwork/mkd34160/smilify_runs/multiview_lam1e-3/checkpoints/checkpoint_epoch_0353.pth

Epoch 354 Summary:
  Train Loss: 0.0000
  Val Loss: 0.0000
  Loss Components (Train / Val):
    betas               : 0.000075 / 0.000025
    cam_rot             : 0.000000 / 0.000000
    cam_trans           : 0.000000 / 0.000000
    fov                 : 0.000360 / 0.000370
    ief_pose_delta_1    : 7.680358 / 7.667778
    ief_pose_delta_2    : 12.438659 / 12.425386
    joint_angle_regularization: 0.098420 / 0.098657
    joint_limit_regularization: 0.000250 / 0.000207
    joint_rot           : 0.000000 / 0.000000
    keypoint_2d         : 0.000024 / 0.000022
    keypoint_3d         : 0.000000 / 0.000000
    limb_scale_regularization: 0.009319 / 0.009312
    limb_trans_regularization: 0.000000 / 0.000000
    trans               : 0.000000 / 0.000000
  LR (curriculum): 1.00e-05
  Key loss weights: kp2d=0.1000, joint_rot=0.0010, limb_scale_reg=0.000050, limb_trans_reg=0.500000

Epoch 355 Summary:
  Train Loss: 0.0000
  Val Loss: 0.0000
  Loss Components (Train / Val):
    betas               : 0.000071 / 0.000017
    cam_rot             : 0.000000 / 0.000000
    cam_trans           : 0.000000 / 0.000000
    fov                 : 0.000359 / 0.000370
    ief_pose_delta_1    : 7.668207 / 7.665678
    ief_pose_delta_2    : 12.437937 / 12.428861
    joint_angle_regularization: 0.097620 / 0.099323
    joint_limit_regularization: 0.000209 / 0.000195
    joint_rot           : 0.000000 / 0.000000
    keypoint_2d         : 0.000023 / 0.000021
    keypoint_3d         : 0.000000 / 0.000000
    limb_scale_regularization: 0.009034 / 0.009256
    limb_trans_regularization: 0.000000 / 0.000000
    trans               : 0.000000 / 0.000000
  LR (curriculum): 1.00e-05
  Key loss weights: kp2d=0.1000, joint_rot=0.0010, limb_scale_reg=0.000050, limb_trans_reg=0.500000
Checkpoint saved: /hpcwork/mkd34160/smilify_runs/multiview_lam1e-3/checkpoints/checkpoint_epoch_0355.pth

Epoch 356 Summary:
  Train Loss: 0.0000
  Val Loss: 0.0000
  Loss Components (Train / Val):
    betas               : 0.000073 / 0.000016
    cam_rot             : 0.000000 / 0.000000
    cam_trans           : 0.000000 / 0.000000
    fov                 : 0.000361 / 0.000370
    ief_pose_delta_1    : 7.675673 / 7.670637
    ief_pose_delta_2    : 12.430211 / 12.431280
    joint_angle_regularization: 0.099631 / 0.100035
    joint_limit_regularization: 0.000200 / 0.000188
    joint_rot           : 0.000000 / 0.000000
    keypoint_2d         : 0.000023 / 0.000021
    keypoint_3d         : 0.000000 / 0.000000
    limb_scale_regularization: 0.009019 / 0.009212
    limb_trans_regularization: 0.000000 / 0.000000
    trans               : 0.000000 / 0.000000
  LR (curriculum): 1.00e-05
  Key loss weights: kp2d=0.1000, joint_rot=0.0010, limb_scale_reg=0.000050, limb_trans_reg=0.500000

Epoch 357 Summary:
  Train Loss: 0.0000
  Val Loss: 0.0000
  Loss Components (Train / Val):
    betas               : 0.000069 / 0.000017
    cam_rot             : 0.000000 / 0.000000
    cam_trans           : 0.000000 / 0.000000
    fov                 : 0.000360 / 0.000371
    ief_pose_delta_1    : 7.665106 / 7.662136
    ief_pose_delta_2    : 12.426790 / 12.427320
    joint_angle_regularization: 0.101093 / 0.100469
    joint_limit_regularization: 0.000189 / 0.000168
    joint_rot           : 0.000000 / 0.000000
    keypoint_2d         : 0.000024 / 0.000021
    keypoint_3d         : 0.000000 / 0.000000
    limb_scale_regularization: 0.009306 / 0.009149
    limb_trans_regularization: 0.000000 / 0.000000
    trans               : 0.000000 / 0.000000
  LR (curriculum): 1.00e-05
  Key loss weights: kp2d=0.1000, joint_rot=0.0010, limb_scale_reg=0.000050, limb_trans_reg=0.500000
Checkpoint saved: /hpcwork/mkd34160/smilify_runs/multiview_lam1e-3/checkpoints/checkpoint_epoch_0357.pth

Epoch 358 Summary:
  Train Loss: 0.0000
  Val Loss: 0.0000
  Loss Components (Train / Val):
    betas               : 0.000075 / 0.000015
    cam_rot             : 0.000000 / 0.000000
    cam_trans           : 0.000000 / 0.000000
    fov                 : 0.000358 / 0.000371
    ief_pose_delta_1    : 7.663426 / 7.654087
    ief_pose_delta_2    : 12.431875 / 12.425106
    joint_angle_regularization: 0.100182 / 0.101115
    joint_limit_regularization: 0.000172 / 0.000160
    joint_rot           : 0.000000 / 0.000000
    keypoint_2d         : 0.000023 / 0.000020
    keypoint_3d         : 0.000000 / 0.000000
    limb_scale_regularization: 0.008991 / 0.009088
    limb_trans_regularization: 0.000000 / 0.000000
    trans               : 0.000000 / 0.000000
  LR (curriculum): 1.00e-05
  Key loss weights: kp2d=0.1000, joint_rot=0.0010, limb_scale_reg=0.000050, limb_trans_reg=0.500000

Epoch 359 Summary:
  Train Loss: 0.0000
  Val Loss: 0.0000
  Loss Components (Train / Val):
    betas               : 0.000074 / 0.000013
    cam_rot             : 0.000000 / 0.000000
    cam_trans           : 0.000000 / 0.000000
    fov                 : 0.000362 / 0.000371
    ief_pose_delta_1    : 7.654371 / 7.652673
    ief_pose_delta_2    : 12.414132 / 12.429672
    joint_angle_regularization: 0.101314 / 0.101661
    joint_limit_regularization: 0.000162 / 0.000147
    joint_rot           : 0.000000 / 0.000000
    keypoint_2d         : 0.000023 / 0.000020
    keypoint_3d         : 0.000000 / 0.000000
    limb_scale_regularization: 0.009048 / 0.009034
    limb_trans_regularization: 0.000000 / 0.000000
    trans               : 0.000000 / 0.000000
  LR (curriculum): 1.00e-05
  Key loss weights: kp2d=0.1000, joint_rot=0.0010, limb_scale_reg=0.000050, limb_trans_reg=0.500000
Checkpoint saved: /hpcwork/mkd34160/smilify_runs/multiview_lam1e-3/checkpoints/checkpoint_epoch_0359.pth

=== Joint Scales for Multiview Sample 0 ===
Mode: separate
Joint Name              Scale X    Scale Y    Scale Z   Mean Scale
----------------------------------------------------------------------
b_t                      1.0001     0.9999     0.9999       0.9999
b_a_1                    1.0221     0.9975     0.9000       0.9732
b_a_2                    0.9451     1.0009     0.9973       0.9811
b_a_3                    0.9744     1.0007     0.9951       0.9901
b_a_4                    1.0030     1.0008     0.9991       1.0009
b_a_5                    0.9996     1.0004     1.0006       1.0002
l_1_co_r                 1.1870     1.2866     1.1267       1.2001
l_1_tr_r                 1.0124     1.3345     1.0895       1.1455
l_1_fe_r                 1.0006     0.9865     1.4340       1.1404
l_1_ti_r                 0.8969     0.9636     0.8361       0.8989
l_1_ta_r                 0.9167     0.9558     0.9703       0.9476
l_1_pt_r                 0.9994     0.9999     1.0005       1.0000
l_2_co_r                 1.0957     1.2254     1.0693       1.1302
l_2_tr_r                 1.0282     1.3258     1.0912       1.1484
l_2_fe_r                 1.0485     0.9704     1.3114       1.1101
l_2_ti_r                 1.0345     0.9262     0.9016       0.9541
l_2_ta_r                 1.0144     0.9797     0.9844       0.9929
l_2_pt_r                 0.9999     1.0016     1.0008       1.0008
l_3_co_r                 1.2008     0.8891     1.1645       1.0848
l_3_tr_r                 1.1501     1.3463     1.2774       1.2579
l_3_fe_r                 0.9663     1.0221     1.2116       1.0667
l_3_ti_r                 0.9164     0.9599     0.9019       0.9261
l_3_ta_r                 0.9878     0.9937     0.9895       0.9903
l_3_pt_r                 0.9995     0.9999     1.0002       0.9999
w_1_r                    0.9998     1.0002     1.0009       1.0003
w_2_r                    0.9997     0.9993     1.0004       0.9998
l_1_co_l                 1.0594     1.3027     1.0947       1.1523
l_1_tr_l                 0.9964     1.1750     1.1528       1.1081
l_1_fe_l                 1.0291     0.9927     1.2960       1.1059
l_1_ti_l                 0.9209     0.9627     0.9269       0.9368
l_1_ta_l                 0.9738     0.9642     0.9728       0.9703
l_1_pt_l                 1.0020     1.0013     0.9994       1.0009
l_2_co_l                 1.0764     1.1920     1.2110       1.1598
l_2_tr_l                 0.9939     1.2339     1.1164       1.1147
l_2_fe_l                 1.0256     0.9345     1.4492       1.1364
l_2_ti_l                 1.0195     0.8814     0.8128       0.9046
l_2_ta_l                 1.0012     0.8755     0.9488       0.9418
l_2_pt_l                 1.0000     0.9934     0.9981       0.9972
l_3_co_l                 1.0920     0.8055     1.0321       0.9765
l_3_tr_l                 0.9940     1.0549     1.2436       1.0975
l_3_fe_l                 0.8825     0.8930     1.3435       1.0397
l_3_ti_l                 0.9351     0.9464     0.9508       0.9441
l_3_ta_l                 1.0469     1.0177     0.9979       1.0208
l_3_pt_l                 1.0021     1.0006     0.9995       1.0007
w_1_l                    0.9712     1.0147     1.0186       1.0015
w_2_l                    1.0004     1.0012     0.9999       1.0005
b_h                      1.3974     1.2191     1.1035       1.2400
ma_r                     0.9997     1.0013     0.9990       1.0000
an_1_r                   1.2595     1.0115     1.0040       1.0917
an_2_r                   1.1366     1.0019     1.0117       1.0501
an_3_r                   1.0002     1.0006     1.0001       1.0003
ma_l                     1.0004     1.0006     1.0000       1.0004
an_1_l                   1.2299     1.0255     1.0112       1.0889
an_2_l                   1.1005     1.0111     0.9985       1.0367
an_3_l                   1.0010     1.0003     1.0004       1.0005

Summary Statistics:
  Mean scale (all joints, all axes): 1.0374
  Std scale (all joints, all axes): 0.1170
  Min scale: 0.8055
  Max scale: 1.4492
  Joints with scale > 1.1: 22
  Joints with scale < 0.9: 6
======================================================================


=== Joint Scales for Multiview Sample 1 ===
Mode: separate
Joint Name              Scale X    Scale Y    Scale Z   Mean Scale
----------------------------------------------------------------------
b_t                      1.0005     1.0001     1.0002       1.0003
b_a_1                    1.0384     1.0057     0.9035       0.9825
b_a_2                    0.9676     1.0051     0.9865       0.9864
b_a_3                    0.9859     0.9971     0.9995       0.9942
b_a_4                    1.0028     1.0010     0.9999       1.0013
b_a_5                    1.0002     1.0004     0.9998       1.0001
l_1_co_r                 1.0655     1.0885     1.2326       1.1289
l_1_tr_r                 0.9928     1.1067     1.2374       1.1123
l_1_fe_r                 0.9442     0.9545     1.4684       1.1224
l_1_ti_r                 0.9245     0.9485     0.8614       0.9115
l_1_ta_r                 0.9518     0.9527     0.9808       0.9618
l_1_pt_r                 1.0005     1.0009     1.0001       1.0005
l_2_co_r                 1.0888     1.2167     1.1112       1.1389
l_2_tr_r                 1.0034     1.3263     1.0917       1.1405
l_2_fe_r                 1.0644     0.9927     1.3434       1.1335
l_2_ti_r                 1.0425     0.9240     0.9249       0.9638
l_2_ta_r                 1.0165     0.9955     0.9887       1.0002
l_2_pt_r                 1.0008     1.0009     1.0008       1.0008
l_3_co_r                 1.1600     0.8873     1.2256       1.0910
l_3_tr_r                 1.1492     1.2954     1.3253       1.2567
l_3_fe_r                 0.9605     1.0020     1.2554       1.0726
l_3_ti_r                 0.9539     0.9753     0.9279       0.9524
l_3_ta_r                 1.0003     1.0191     0.9905       1.0033
l_3_pt_r                 0.9995     1.0003     1.0008       1.0002
w_1_r                    0.9996     1.0006     1.0003       1.0002
w_2_r                    0.9995     1.0001     1.0003       1.0000
l_1_co_l                 1.0957     1.4370     1.0456       1.1928
l_1_tr_l                 1.0158     1.2391     1.0961       1.1170
l_1_fe_l                 0.9873     1.0076     1.1930       1.0626
l_1_ti_l                 0.9251     0.9673     0.9089       0.9338
l_1_ta_l                 0.9840     0.9611     0.9759       0.9737
l_1_pt_l                 1.0001     1.0010     1.0002       1.0004
l_2_co_l                 1.0754     1.2797     1.1842       1.1797
l_2_tr_l                 0.9616     1.2763     1.0593       1.0991
l_2_fe_l                 1.0156     0.9419     1.3681       1.1086
l_2_ti_l                 1.0084     0.8969     0.8148       0.9067
l_2_ta_l                 0.9973     0.8798     0.9561       0.9444
l_2_pt_l                 1.0000     0.9937     0.9986       0.9974
l_3_co_l                 1.1472     0.7959     1.0576       1.0002
l_3_tr_l                 1.0530     1.0713     1.2373       1.1205
l_3_fe_l                 0.9404     0.9124     1.3371       1.0633
l_3_ti_l                 0.9508     0.9366     0.9658       0.9511
l_3_ta_l                 1.0657     1.0178     0.9976       1.0270
l_3_pt_l                 1.0016     0.9999     0.9998       1.0004
w_1_l                    0.9578     1.0140     1.0105       0.9941
w_2_l                    1.0005     1.0012     0.9999       1.0006
b_h                      1.5435     1.2383     1.1023       1.2947
ma_r                     1.0007     1.0008     0.9988       1.0001
an_1_r                   1.2664     1.0309     0.9802       1.0925
an_2_r                   1.0954     1.0148     1.0114       1.0405
an_3_r                   1.0004     1.0002     1.0006       1.0004
ma_l                     1.0006     1.0004     0.9998       1.0003
an_1_l                   1.1976     1.0217     1.0063       1.0752
an_2_l                   1.0907     1.0099     0.9968       1.0324
an_3_l                   1.0006     1.0003     1.0009       1.0006

Summary Statistics:
  Mean scale (all joints, all axes): 1.0394
  Std scale (all joints, all axes): 0.1189
  Min scale: 0.7959
  Max scale: 1.5435
  Joints with scale > 1.1: 21
  Joints with scale < 0.9: 5
======================================================================


=== Joint Scales for Multiview Sample 2 ===
Mode: separate
Joint Name              Scale X    Scale Y    Scale Z   Mean Scale
----------------------------------------------------------------------
b_t                      1.0011     1.0007     1.0014       1.0011
b_a_1                    1.0141     1.0040     0.9041       0.9741
b_a_2                    0.9507     1.0034     0.9816       0.9786
b_a_3                    0.9715     0.9987     1.0019       0.9907
b_a_4                    1.0012     1.0014     1.0018       1.0015
b_a_5                    1.0011     1.0017     1.0009       1.0013
l_1_co_r                 1.1536     1.2684     1.1282       1.1834
l_1_tr_r                 1.0489     1.2661     1.1350       1.1500
l_1_fe_r                 1.0017     1.0161     1.4060       1.1413
l_1_ti_r                 0.9061     0.9686     0.8584       0.9110
l_1_ta_r                 0.9293     0.9644     0.9853       0.9597
l_1_pt_r                 1.0007     1.0019     1.0011       1.0012
l_2_co_r                 1.1110     1.2614     0.9766       1.1163
l_2_tr_r                 1.0367     1.3557     1.0180       1.1368
l_2_fe_r                 1.0790     1.0020     1.2373       1.1061
l_2_ti_r                 1.0524     0.9378     0.8990       0.9631
l_2_ta_r                 1.0214     1.0021     0.9882       1.0039
l_2_pt_r                 1.0003     1.0020     1.0015       1.0013
l_3_co_r                 1.0919     0.7812     1.2153       1.0295
l_3_tr_r                 1.0514     1.1505     1.2719       1.1579
l_3_fe_r                 0.8812     0.9331     1.3658       1.0600
l_3_ti_r                 0.9059     0.9739     0.9304       0.9367
l_3_ta_r                 0.9947     1.0073     0.9902       0.9974
l_3_pt_r                 1.0010     1.0006     1.0014       1.0010
w_1_r                    1.0010     1.0022     1.0009       1.0014
w_2_r                    1.0012     1.0011     1.0014       1.0013
l_1_co_l                 1.0546     1.3842     1.0423       1.1604
l_1_tr_l                 1.0304     1.2613     1.0646       1.1188
l_1_fe_l                 1.0224     1.0219     1.2272       1.0905
l_1_ti_l                 0.9297     0.9532     0.9395       0.9408
l_1_ta_l                 0.9763     0.9549     0.9839       0.9717
l_1_pt_l                 1.0018     1.0010     1.0018       1.0015
l_2_co_l                 1.0580     1.1375     1.2378       1.1444
l_2_tr_l                 0.9838     1.1511     1.1500       1.0950
l_2_fe_l                 1.0176     0.9293     1.3909       1.1126
l_2_ti_l                 1.0168     0.8944     0.8228       0.9113
l_2_ta_l                 1.0043     0.8819     0.9514       0.9458
l_2_pt_l                 1.0014     0.9953     0.9997       0.9988
l_3_co_l                 1.2481     0.8980     0.9853       1.0438
l_3_tr_l                 1.1752     1.1987     1.2151       1.1963
l_3_fe_l                 1.0329     1.0158     1.2386       1.0958
l_3_ti_l                 0.9880     0.9810     0.9468       0.9719
l_3_ta_l                 1.0695     1.0466     0.9972       1.0378
l_3_pt_l                 1.0034     1.0021     1.0005       1.0020
w_1_l                    0.9446     1.0296     1.0158       0.9967
w_2_l                    1.0016     1.0016     1.0018       1.0017
b_h                      1.4068     1.2560     1.0729       1.2453
ma_r                     1.0007     1.0017     1.0005       1.0010
an_1_r                   1.2343     1.0265     0.9867       1.0825
an_2_r                   1.1060     1.0094     1.0128       1.0427
an_3_r                   1.0018     1.0017     1.0018       1.0018
ma_l                     1.0011     1.0013     1.0015       1.0013
an_1_l                   1.1924     1.0195     1.0167       1.0762
an_2_l                   1.0867     1.0028     1.0004       1.0300
an_3_l                   1.0014     1.0009     1.0018       1.0014

Summary Statistics:
  Mean scale (all joints, all axes): 1.0387
  Std scale (all joints, all axes): 0.1121
  Min scale: 0.7812
  Max scale: 1.4068
  Joints with scale > 1.1: 22
  Joints with scale < 0.9: 7
======================================================================


=== Joint Scales for Multiview Sample 3 ===
Mode: separate
Joint Name              Scale X    Scale Y    Scale Z   Mean Scale
----------------------------------------------------------------------
b_t                      1.0009     1.0016     1.0010       1.0012
b_a_1                    1.0296     0.9963     0.8810       0.9689
b_a_2                    0.9473     1.0001     0.9890       0.9788
b_a_3                    0.9755     0.9986     1.0037       0.9926
b_a_4                    1.0029     1.0014     1.0015       1.0019
b_a_5                    1.0010     1.0018     1.0016       1.0015
l_1_co_r                 1.1040     1.2464     1.1625       1.1710
l_1_tr_r                 1.0400     1.1677     1.1837       1.1305
l_1_fe_r                 0.9910     1.0118     1.4537       1.1522
l_1_ti_r                 0.8876     0.9691     0.8860       0.9142
l_1_ta_r                 0.9260     0.9814     1.0030       0.9701
l_1_pt_r                 0.9998     1.0023     1.0018       1.0013
l_2_co_r                 1.1560     1.1624     1.0378       1.1187
l_2_tr_r                 1.0259     1.2910     1.0360       1.1176
l_2_fe_r                 1.0816     0.9477     1.3168       1.1153
l_2_ti_r                 1.0528     0.9016     0.9081       0.9542
l_2_ta_r                 1.0172     0.9868     0.9753       0.9931
l_2_pt_r                 1.0011     1.0035     1.0019       1.0022
l_3_co_r                 1.0897     0.8311     1.2318       1.0509
l_3_tr_r                 1.0724     1.2090     1.2770       1.1861
l_3_fe_r                 0.9021     0.9712     1.3782       1.0838
l_3_ti_r                 0.9316     0.9866     0.9354       0.9512
l_3_ta_r                 0.9973     1.0098     0.9885       0.9985
l_3_pt_r                 1.0003     1.0016     1.0018       1.0012
w_1_r                    1.0009     1.0019     1.0021       1.0016
w_2_r                    1.0004     1.0013     1.0028       1.0015
l_1_co_l                 1.0600     1.4019     1.0578       1.1732
l_1_tr_l                 0.9993     1.2486     1.0659       1.1046
l_1_fe_l                 1.0174     1.0188     1.2055       1.0806
l_1_ti_l                 0.9047     0.9761     0.9139       0.9316
l_1_ta_l                 0.9685     0.9672     0.9735       0.9697
l_1_pt_l                 1.0005     1.0031     1.0006       1.0014
l_2_co_l                 1.0715     1.2179     1.2245       1.1713
l_2_tr_l                 0.9886     1.2221     1.1067       1.1058
l_2_fe_l                 1.0122     0.9448     1.3750       1.1107
l_2_ti_l                 1.0006     0.9018     0.8216       0.9080
l_2_ta_l                 1.0026     0.8917     0.9560       0.9501
l_2_pt_l                 1.0012     0.9959     0.9994       0.9989
l_3_co_l                 1.2651     0.8517     1.0005       1.0391
l_3_tr_l                 1.1650     1.1940     1.1920       1.1837
l_3_fe_l                 1.0348     1.0164     1.3468       1.1327
l_3_ti_l                 0.9553     0.9895     0.9279       0.9576
l_3_ta_l                 1.0534     1.0365     0.9924       1.0274
l_3_pt_l                 1.0033     1.0018     1.0009       1.0020
w_1_l                    0.9513     1.0266     1.0214       0.9998
w_2_l                    1.0023     1.0014     1.0010       1.0016
b_h                      1.4568     1.2223     1.0693       1.2495
ma_r                     1.0011     1.0019     1.0006       1.0012
an_1_r                   1.2614     1.0307     0.9984       1.0968
an_2_r                   1.1229     1.0120     1.0092       1.0481
an_3_r                   1.0010     1.0012     1.0015       1.0012
ma_l                     1.0019     1.0006     1.0014       1.0013
an_1_l                   1.2175     1.0169     1.0123       1.0822
an_2_l                   1.1087     1.0066     0.9991       1.0381
an_3_l                   1.0010     1.0014     1.0011       1.0012

Summary Statistics:
  Mean scale (all joints, all axes): 1.0405
  Std scale (all joints, all axes): 0.1153
  Min scale: 0.8216
  Max scale: 1.4568
  Joints with scale > 1.1: 23
  Joints with scale < 0.9: 6
======================================================================


=== Joint Scales for Multiview Sample 4 ===
Mode: separate
Joint Name              Scale X    Scale Y    Scale Z   Mean Scale
----------------------------------------------------------------------
b_t                      1.0008     0.9999     1.0003       1.0003
b_a_1                    1.2299     0.9991     0.9695       1.0662
b_a_2                    1.1212     0.9991     0.9940       1.0381
b_a_3                    1.0510     0.9997     1.0094       1.0200
b_a_4                    1.0021     0.9990     1.0026       1.0013
b_a_5                    0.9999     0.9999     0.9991       0.9996
l_1_co_r                 1.1194     1.1456     0.9605       1.0751
l_1_tr_r                 1.0059     1.1687     1.2234       1.1327
l_1_fe_r                 0.9800     0.8612     1.4093       1.0835
l_1_ti_r                 0.8470     0.9398     0.7600       0.8490
l_1_ta_r                 0.8805     0.9198     0.9613       0.9205
l_1_pt_r                 0.9988     0.9988     0.9982       0.9986
l_2_co_r                 1.0892     0.9701     0.9715       1.0103
l_2_tr_r                 1.0040     1.4535     1.0462       1.1679
l_2_fe_r                 1.0131     0.8375     1.3274       1.0593
l_2_ti_r                 1.0190     0.8216     0.7411       0.8606
l_2_ta_r                 1.0038     0.8431     0.9538       0.9336
l_2_pt_r                 0.9997     0.9973     0.9984       0.9985
l_3_co_r                 1.0806     0.9532     1.5018       1.1785
l_3_tr_r                 1.0150     1.3243     1.2870       1.2088
l_3_fe_r                 0.8055     0.9416     1.1663       0.9711
l_3_ti_r                 0.8431     0.8440     0.8179       0.8350
l_3_ta_r                 0.9462     0.9161     1.0056       0.9559
l_3_pt_r                 1.0004     1.0001     0.9993       0.9999
w_1_r                    0.9986     1.0003     0.9989       0.9993
w_2_r                    0.9989     0.9997     0.9990       0.9992
l_1_co_l                 1.0926     1.3370     1.0390       1.1562
l_1_tr_l                 0.9909     1.2943     1.0825       1.1226
l_1_fe_l                 0.9766     0.8605     1.1862       1.0078
l_1_ti_l                 0.8987     0.8658     0.7994       0.8546
l_1_ta_l                 0.9102     0.8987     0.9444       0.9178
l_1_pt_l                 0.9980     0.9966     1.0009       0.9985
l_2_co_l                 1.0457     1.0807     1.1915       1.1059
l_2_tr_l                 0.9795     1.2965     1.0531       1.1097
l_2_fe_l                 0.9814     0.8607     1.3938       1.0786
l_2_ti_l                 0.9977     0.8074     0.6785       0.8279
l_2_ta_l                 0.9953     0.8014     0.9299       0.9089
l_2_pt_l                 0.9996     0.9969     0.9992       0.9985
l_3_co_l                 1.2964     0.9091     1.1287       1.1114
l_3_tr_l                 1.1759     1.3782     1.2294       1.2612
l_3_fe_l                 0.8536     0.9436     1.1400       0.9791
l_3_ti_l                 0.8221     0.9001     0.8024       0.8415
l_3_ta_l                 0.9944     0.9758     0.9970       0.9891
l_3_pt_l                 1.0009     1.0005     0.9996       1.0003
w_1_l                    0.9732     1.0078     1.0091       0.9967
w_2_l                    0.9995     0.9992     1.0011       0.9999
b_h                      1.2065     1.2258     1.0190       1.1505
ma_r                     0.9994     1.0000     0.9996       0.9996
an_1_r                   1.2798     1.0142     0.9986       1.0975
an_2_r                   1.1312     1.0116     1.0120       1.0516
an_3_r                   1.0009     0.9998     1.0010       1.0006
ma_l                     0.9990     1.0005     0.9995       0.9997
an_1_l                   1.4373     1.0242     0.9774       1.1463
an_2_l                   1.2080     1.0148     1.0047       1.0758
an_3_l                   0.9995     0.9991     0.9995       0.9994

Summary Statistics:
  Mean scale (all joints, all axes): 1.0209
  Std scale (all joints, all axes): 0.1402
  Min scale: 0.6785
  Max scale: 1.5018
  Joints with scale > 1.1: 24
  Joints with scale < 0.9: 16
======================================================================

Generated 5 multi-view visualizations for epoch 359 in /hpcwork/mkd34160/smilify_runs/multiview_lam1e-3/visualizations/epoch_359

=== Joint Scales for Sample 0 (Single-View Renders) ===
Mode: separate
Joint Name              Scale X    Scale Y    Scale Z   Mean Scale
----------------------------------------------------------------------
b_t                      1.0001     0.9999     0.9999       0.9999
b_a_1                    1.0221     0.9975     0.9000       0.9732
b_a_2                    0.9451     1.0009     0.9973       0.9811
b_a_3                    0.9744     1.0007     0.9951       0.9901
b_a_4                    1.0030     1.0008     0.9991       1.0009
b_a_5                    0.9996     1.0004     1.0006       1.0002
l_1_co_r                 1.1870     1.2866     1.1267       1.2001
l_1_tr_r                 1.0124     1.3345     1.0895       1.1455
l_1_fe_r                 1.0006     0.9865     1.4340       1.1404
l_1_ti_r                 0.8969     0.9636     0.8361       0.8989
l_1_ta_r                 0.9167     0.9558     0.9703       0.9476
l_1_pt_r                 0.9994     0.9999     1.0005       1.0000
l_2_co_r                 1.0957     1.2254     1.0693       1.1302
l_2_tr_r                 1.0282     1.3258     1.0912       1.1484
l_2_fe_r                 1.0485     0.9704     1.3114       1.1101
l_2_ti_r                 1.0345     0.9262     0.9016       0.9541
l_2_ta_r                 1.0144     0.9797     0.9844       0.9929
l_2_pt_r                 0.9999     1.0016     1.0008       1.0008
l_3_co_r                 1.2008     0.8891     1.1645       1.0848
l_3_tr_r                 1.1501     1.3463     1.2774       1.2579
l_3_fe_r                 0.9663     1.0221     1.2116       1.0667
l_3_ti_r                 0.9164     0.9599     0.9019       0.9261
l_3_ta_r                 0.9878     0.9937     0.9895       0.9903
l_3_pt_r                 0.9995     0.9999     1.0002       0.9999
w_1_r                    0.9998     1.0002     1.0009       1.0003
w_2_r                    0.9997     0.9993     1.0004       0.9998
l_1_co_l                 1.0594     1.3027     1.0947       1.1523
l_1_tr_l                 0.9964     1.1750     1.1528       1.1081
l_1_fe_l                 1.0291     0.9927     1.2960       1.1059
l_1_ti_l                 0.9209     0.9627     0.9269       0.9368
l_1_ta_l                 0.9738     0.9642     0.9728       0.9703
l_1_pt_l                 1.0020     1.0013     0.9994       1.0009
l_2_co_l                 1.0764     1.1920     1.2110       1.1598
l_2_tr_l                 0.9939     1.2339     1.1164       1.1147
l_2_fe_l                 1.0256     0.9345     1.4492       1.1364
l_2_ti_l                 1.0195     0.8814     0.8128       0.9046
l_2_ta_l                 1.0012     0.8755     0.9488       0.9418
l_2_pt_l                 1.0000     0.9934     0.9981       0.9972
l_3_co_l                 1.0920     0.8055     1.0321       0.9765
l_3_tr_l                 0.9940     1.0549     1.2436       1.0975
l_3_fe_l                 0.8825     0.8930     1.3435       1.0397
l_3_ti_l                 0.9351     0.9464     0.9508       0.9441
l_3_ta_l                 1.0469     1.0177     0.9979       1.0208
l_3_pt_l                 1.0021     1.0006     0.9995       1.0007
w_1_l                    0.9712     1.0147     1.0186       1.0015
w_2_l                    1.0004     1.0012     0.9999       1.0005
b_h                      1.3974     1.2191     1.1035       1.2400
ma_r                     0.9997     1.0013     0.9990       1.0000
an_1_r                   1.2595     1.0115     1.0040       1.0917
an_2_r                   1.1366     1.0019     1.0117       1.0501
an_3_r                   1.0002     1.0006     1.0001       1.0003
ma_l                     1.0004     1.0006     1.0000       1.0004
an_1_l                   1.2299     1.0255     1.0112       1.0889
an_2_l                   1.1005     1.0111     0.9985       1.0367
an_3_l                   1.0010     1.0003     1.0004       1.0005

Summary Statistics:
  Mean scale (all joints, all axes): 1.0374
  Std scale (all joints, all axes): 0.1170
  Min scale: 0.8055
  Max scale: 1.4492
  Joints with scale > 1.1: 22
  Joints with scale < 0.9: 6
======================================================================


[Visualization] Using model renderer image size: 224
  Original image size: (512, 512, 3)
  Model renderer size: 224
  This ensures keypoint normalization matches training

[Sample 0] Input fingerprint (img patch mean): 0.598290
  trans: [0.0042, 0.0141, 0.3250]
  global_rot[0:3]: [-0.0988, -0.6670, 0.1679]
  fov_per_view[0]: 35.6993
  mesh_scale: 0.0408

[Camera Debug] View 0:
  FOV: 35.70 degrees
  cam_trans: [-0.01402584  0.2393863  -0.06719039]
  cam_rot (first row): [-0.03397018  0.7629386   0.64531076]
  Renderer image size: 224
  Body trans: [0.00424974 0.01408897 0.32499367]
  Betas (first 3): [3.6392415  0.64434355 0.8618499 ]
  Camera R shape: torch.Size([1, 3, 3])
  Camera T shape: torch.Size([1, 3])
  Camera fov shape: torch.Size([1])

[GT Cam+3D Sanity] view 0:
  GT fov_y: 35.67 deg
  ||GT cam_T||: 0.249  (should be O(0.1-10) after scaling, not O(100-1000))
  max|GT kp3d|: 0.345 (same unit scale as SMAL verts/joints)
  mean reproj err (GT 3D + GT cam -> 2D): 0.13 px @ 224px
  Exported mesh to: /hpcwork/mkd34160/smilify_runs/multiview_lam1e-3/singleview_renders/epoch_359/sample_000_view_00_epoch_359.obj
  Mesh vertices: torch.Size([1, 3020, 3]), range: [-0.035, 0.345]
  Mesh faces: torch.Size([6019, 3])
  Mean pred 3D: [0.0035, 0.0130, 0.3307]
  Mean GT 3D:  [0.0026, 0.0098, 0.2538]
  Root rot magnitude: 168.40°
  Generated 3D keypoint visualization: /hpcwork/mkd34160/smilify_runs/multiview_lam1e-3/singleview_renders/epoch_359/sample_000_epoch_359_3d_keypoints.png
  Mean 3D error: 0.0014, Max error: 0.0041
  Plotted joints: 42, Suppressed: 13

=== Joint Scales for Sample 1 (Single-View Renders) ===
Mode: separate
Joint Name              Scale X    Scale Y    Scale Z   Mean Scale
----------------------------------------------------------------------
b_t                      1.0005     1.0001     1.0002       1.0003
b_a_1                    1.0384     1.0057     0.9035       0.9825
b_a_2                    0.9676     1.0051     0.9865       0.9864
b_a_3                    0.9859     0.9971     0.9995       0.9942
b_a_4                    1.0028     1.0010     0.9999       1.0013
b_a_5                    1.0002     1.0004     0.9998       1.0001
l_1_co_r                 1.0655     1.0885     1.2326       1.1289
l_1_tr_r                 0.9928     1.1067     1.2374       1.1123
l_1_fe_r                 0.9442     0.9545     1.4684       1.1224
l_1_ti_r                 0.9245     0.9485     0.8614       0.9115
l_1_ta_r                 0.9518     0.9527     0.9808       0.9618
l_1_pt_r                 1.0005     1.0009     1.0001       1.0005
l_2_co_r                 1.0888     1.2167     1.1112       1.1389
l_2_tr_r                 1.0034     1.3263     1.0917       1.1405
l_2_fe_r                 1.0644     0.9927     1.3434       1.1335
l_2_ti_r                 1.0425     0.9240     0.9249       0.9638
l_2_ta_r                 1.0165     0.9955     0.9887       1.0002
l_2_pt_r                 1.0008     1.0009     1.0008       1.0008
l_3_co_r                 1.1600     0.8873     1.2256       1.0910
l_3_tr_r                 1.1492     1.2954     1.3253       1.2567
l_3_fe_r                 0.9605     1.0020     1.2554       1.0726
l_3_ti_r                 0.9539     0.9753     0.9279       0.9524
l_3_ta_r                 1.0003     1.0191     0.9905       1.0033
l_3_pt_r                 0.9995     1.0003     1.0008       1.0002
w_1_r                    0.9996     1.0006     1.0003       1.0002
w_2_r                    0.9995     1.0001     1.0003       1.0000
l_1_co_l                 1.0957     1.4370     1.0456       1.1928
l_1_tr_l                 1.0158     1.2391     1.0961       1.1170
l_1_fe_l                 0.9873     1.0076     1.1930       1.0626
l_1_ti_l                 0.9251     0.9673     0.9089       0.9338
l_1_ta_l                 0.9840     0.9611     0.9759       0.9737
l_1_pt_l                 1.0001     1.0010     1.0002       1.0004
l_2_co_l                 1.0754     1.2797     1.1842       1.1797
l_2_tr_l                 0.9616     1.2763     1.0593       1.0991
l_2_fe_l                 1.0156     0.9419     1.3681       1.1086
l_2_ti_l                 1.0084     0.8969     0.8148       0.9067
l_2_ta_l                 0.9973     0.8798     0.9561       0.9444
l_2_pt_l                 1.0000     0.9937     0.9986       0.9974
l_3_co_l                 1.1472     0.7959     1.0576       1.0002
l_3_tr_l                 1.0530     1.0713     1.2373       1.1205
l_3_fe_l                 0.9404     0.9124     1.3371       1.0633
l_3_ti_l                 0.9508     0.9366     0.9658       0.9511
l_3_ta_l                 1.0657     1.0178     0.9976       1.0270
l_3_pt_l                 1.0016     0.9999     0.9998       1.0004
w_1_l                    0.9578     1.0140     1.0105       0.9941
w_2_l                    1.0005     1.0012     0.9999       1.0006
b_h                      1.5435     1.2383     1.1023       1.2947
ma_r                     1.0007     1.0008     0.9988       1.0001
an_1_r                   1.2664     1.0309     0.9802       1.0925
an_2_r                   1.0954     1.0148     1.0114       1.0405
an_3_r                   1.0004     1.0002     1.0006       1.0004
ma_l                     1.0006     1.0004     0.9998       1.0003
an_1_l                   1.1976     1.0217     1.0063       1.0752
an_2_l                   1.0907     1.0099     0.9968       1.0324
an_3_l                   1.0006     1.0003     1.0009       1.0006

Summary Statistics:
  Mean scale (all joints, all axes): 1.0394
  Std scale (all joints, all axes): 0.1189
  Min scale: 0.7959
  Max scale: 1.5435
  Joints with scale > 1.1: 21
  Joints with scale < 0.9: 5
======================================================================


[Sample 1] Input fingerprint (img patch mean): 0.354034
  trans: [0.0036, 0.0074, 0.3261]
  global_rot[0:3]: [-0.6657, -0.0730, 0.1853]
  fov_per_view[0]: 35.6991
  mesh_scale: 0.0406
  Mean pred 3D: [0.0032, 0.0063, 0.3319]
  Mean GT 3D:  [0.0020, 0.0047, 0.2424]
  Root rot magnitude: 164.88°

=== Joint Scales for Sample 2 (Single-View Renders) ===
Mode: separate
Joint Name              Scale X    Scale Y    Scale Z   Mean Scale
----------------------------------------------------------------------
b_t                      1.0011     1.0007     1.0014       1.0011
b_a_1                    1.0141     1.0040     0.9041       0.9741
b_a_2                    0.9507     1.0034     0.9816       0.9786
b_a_3                    0.9715     0.9987     1.0019       0.9907
b_a_4                    1.0012     1.0014     1.0018       1.0015
b_a_5                    1.0011     1.0017     1.0009       1.0013
l_1_co_r                 1.1536     1.2684     1.1282       1.1834
l_1_tr_r                 1.0489     1.2661     1.1350       1.1500
l_1_fe_r                 1.0017     1.0161     1.4060       1.1413
l_1_ti_r                 0.9061     0.9686     0.8584       0.9110
l_1_ta_r                 0.9293     0.9644     0.9853       0.9597
l_1_pt_r                 1.0007     1.0019     1.0011       1.0012
l_2_co_r                 1.1110     1.2614     0.9766       1.1163
l_2_tr_r                 1.0367     1.3557     1.0180       1.1368
l_2_fe_r                 1.0790     1.0020     1.2373       1.1061
l_2_ti_r                 1.0524     0.9378     0.8990       0.9631
l_2_ta_r                 1.0214     1.0021     0.9882       1.0039
l_2_pt_r                 1.0003     1.0020     1.0015       1.0013
l_3_co_r                 1.0919     0.7812     1.2153       1.0295
l_3_tr_r                 1.0514     1.1505     1.2719       1.1579
l_3_fe_r                 0.8812     0.9331     1.3658       1.0600
l_3_ti_r                 0.9059     0.9739     0.9304       0.9367
l_3_ta_r                 0.9947     1.0073     0.9902       0.9974
l_3_pt_r                 1.0010     1.0006     1.0014       1.0010
w_1_r                    1.0010     1.0022     1.0009       1.0014
w_2_r                    1.0012     1.0011     1.0014       1.0013
l_1_co_l                 1.0546     1.3842     1.0423       1.1604
l_1_tr_l                 1.0304     1.2613     1.0646       1.1188
l_1_fe_l                 1.0224     1.0219     1.2272       1.0905
l_1_ti_l                 0.9297     0.9532     0.9395       0.9408
l_1_ta_l                 0.9763     0.9549     0.9839       0.9717
l_1_pt_l                 1.0018     1.0010     1.0018       1.0015
l_2_co_l                 1.0580     1.1375     1.2378       1.1444
l_2_tr_l                 0.9838     1.1511     1.1500       1.0950
l_2_fe_l                 1.0176     0.9293     1.3909       1.1126
l_2_ti_l                 1.0168     0.8944     0.8228       0.9113
l_2_ta_l                 1.0043     0.8819     0.9514       0.9458
l_2_pt_l                 1.0014     0.9953     0.9997       0.9988
l_3_co_l                 1.2481     0.8980     0.9853       1.0438
l_3_tr_l                 1.1752     1.1987     1.2151       1.1963
l_3_fe_l                 1.0329     1.0158     1.2386       1.0958
l_3_ti_l                 0.9880     0.9810     0.9468       0.9719
l_3_ta_l                 1.0695     1.0466     0.9972       1.0378
l_3_pt_l                 1.0034     1.0021     1.0005       1.0020
w_1_l                    0.9446     1.0296     1.0158       0.9967
w_2_l                    1.0016     1.0016     1.0018       1.0017
b_h                      1.4068     1.2560     1.0729       1.2453
ma_r                     1.0007     1.0017     1.0005       1.0010
an_1_r                   1.2343     1.0265     0.9867       1.0825
an_2_r                   1.1060     1.0094     1.0128       1.0427
an_3_r                   1.0018     1.0017     1.0018       1.0018
ma_l                     1.0011     1.0013     1.0015       1.0013
an_1_l                   1.1924     1.0195     1.0167       1.0762
an_2_l                   1.0867     1.0028     1.0004       1.0300
an_3_l                   1.0014     1.0009     1.0018       1.0014

Summary Statistics:
  Mean scale (all joints, all axes): 1.0387
  Std scale (all joints, all axes): 0.1121
  Min scale: 0.7812
  Max scale: 1.4068
  Joints with scale > 1.1: 22
  Joints with scale < 0.9: 7
======================================================================


[Sample 2] Input fingerprint (img patch mean): 0.592601
  trans: [0.0069, 0.0106, 0.3266]
  global_rot[0:3]: [-0.6440, -0.0544, 0.1780]
  fov_per_view[0]: 35.6993
  mesh_scale: 0.0415
  Mean pred 3D: [0.0054, 0.0097, 0.3317]
  Mean GT 3D:  [0.0038, 0.0074, 0.2543]
  Root rot magnitude: 164.87°

=== Joint Scales for Sample 3 (Single-View Renders) ===
Mode: separate
Joint Name              Scale X    Scale Y    Scale Z   Mean Scale
----------------------------------------------------------------------
b_t                      1.0009     1.0016     1.0010       1.0012
b_a_1                    1.0296     0.9963     0.8810       0.9689
b_a_2                    0.9473     1.0001     0.9890       0.9788
b_a_3                    0.9755     0.9986     1.0037       0.9926
b_a_4                    1.0029     1.0014     1.0015       1.0019
b_a_5                    1.0010     1.0018     1.0016       1.0015
l_1_co_r                 1.1040     1.2464     1.1625       1.1710
l_1_tr_r                 1.0400     1.1677     1.1837       1.1305
l_1_fe_r                 0.9910     1.0118     1.4537       1.1522
l_1_ti_r                 0.8876     0.9691     0.8860       0.9142
l_1_ta_r                 0.9260     0.9814     1.0030       0.9701
l_1_pt_r                 0.9998     1.0023     1.0018       1.0013
l_2_co_r                 1.1560     1.1624     1.0378       1.1187
l_2_tr_r                 1.0259     1.2910     1.0360       1.1176
l_2_fe_r                 1.0816     0.9477     1.3168       1.1153
l_2_ti_r                 1.0528     0.9016     0.9081       0.9542
l_2_ta_r                 1.0172     0.9868     0.9753       0.9931
l_2_pt_r                 1.0011     1.0035     1.0019       1.0022
l_3_co_r                 1.0897     0.8311     1.2318       1.0509
l_3_tr_r                 1.0724     1.2090     1.2770       1.1861
l_3_fe_r                 0.9021     0.9712     1.3782       1.0838
l_3_ti_r                 0.9316     0.9866     0.9354       0.9512
l_3_ta_r                 0.9973     1.0098     0.9885       0.9985
l_3_pt_r                 1.0003     1.0016     1.0018       1.0012
w_1_r                    1.0009     1.0019     1.0021       1.0016
w_2_r                    1.0004     1.0013     1.0028       1.0015
l_1_co_l                 1.0600     1.4019     1.0578       1.1732
l_1_tr_l                 0.9993     1.2486     1.0659       1.1046
l_1_fe_l                 1.0174     1.0188     1.2055       1.0806
l_1_ti_l                 0.9047     0.9761     0.9139       0.9316
l_1_ta_l                 0.9685     0.9672     0.9735       0.9697
l_1_pt_l                 1.0005     1.0031     1.0006       1.0014
l_2_co_l                 1.0715     1.2179     1.2245       1.1713
l_2_tr_l                 0.9886     1.2221     1.1067       1.1058
l_2_fe_l                 1.0122     0.9448     1.3750       1.1107
l_2_ti_l                 1.0006     0.9018     0.8216       0.9080
l_2_ta_l                 1.0026     0.8917     0.9560       0.9501
l_2_pt_l                 1.0012     0.9959     0.9994       0.9989
l_3_co_l                 1.2651     0.8517     1.0005       1.0391
l_3_tr_l                 1.1650     1.1940     1.1920       1.1837
l_3_fe_l                 1.0348     1.0164     1.3468       1.1327
l_3_ti_l                 0.9553     0.9895     0.9279       0.9576
l_3_ta_l                 1.0534     1.0365     0.9924       1.0274
l_3_pt_l                 1.0033     1.0018     1.0009       1.0020
w_1_l                    0.9513     1.0266     1.0214       0.9998
w_2_l                    1.0023     1.0014     1.0010       1.0016
b_h                      1.4568     1.2223     1.0693       1.2495
ma_r                     1.0011     1.0019     1.0006       1.0012
an_1_r                   1.2614     1.0307     0.9984       1.0968
an_2_r                   1.1229     1.0120     1.0092       1.0481
an_3_r                   1.0010     1.0012     1.0015       1.0012
ma_l                     1.0019     1.0006     1.0014       1.0013
an_1_l                   1.2175     1.0169     1.0123       1.0822
an_2_l                   1.1087     1.0066     0.9991       1.0381
an_3_l                   1.0010     1.0014     1.0011       1.0012

Summary Statistics:
  Mean scale (all joints, all axes): 1.0405
  Std scale (all joints, all axes): 0.1153
  Min scale: 0.8216
  Max scale: 1.4568
  Joints with scale > 1.1: 23
  Joints with scale < 0.9: 6
======================================================================


[Sample 3] Input fingerprint (img patch mean): 0.594096
  trans: [0.0061, 0.0092, 0.3277]
  global_rot[0:3]: [0.6931, 0.1832, 0.1057]
  fov_per_view[0]: 35.6992
  mesh_scale: 0.0399
  Mean pred 3D: [0.0044, 0.0114, 0.3325]
  Mean GT 3D:  [0.0029, 0.0077, 0.2369]
  Root rot magnitude: 177.63°

=== Joint Scales for Sample 4 (Single-View Renders) ===
Mode: separate
Joint Name              Scale X    Scale Y    Scale Z   Mean Scale
----------------------------------------------------------------------
b_t                      1.0008     0.9999     1.0003       1.0003
b_a_1                    1.2299     0.9991     0.9695       1.0662
b_a_2                    1.1212     0.9991     0.9940       1.0381
b_a_3                    1.0510     0.9997     1.0094       1.0200
b_a_4                    1.0021     0.9990     1.0026       1.0013
b_a_5                    0.9999     0.9999     0.9991       0.9996
l_1_co_r                 1.1194     1.1456     0.9605       1.0751
l_1_tr_r                 1.0059     1.1687     1.2234       1.1327
l_1_fe_r                 0.9800     0.8612     1.4093       1.0835
l_1_ti_r                 0.8470     0.9398     0.7600       0.8490
l_1_ta_r                 0.8805     0.9198     0.9613       0.9205
l_1_pt_r                 0.9988     0.9988     0.9982       0.9986
l_2_co_r                 1.0892     0.9701     0.9715       1.0103
l_2_tr_r                 1.0040     1.4535     1.0462       1.1679
l_2_fe_r                 1.0131     0.8375     1.3274       1.0593
l_2_ti_r                 1.0190     0.8216     0.7411       0.8606
l_2_ta_r                 1.0038     0.8431     0.9538       0.9336
l_2_pt_r                 0.9997     0.9973     0.9984       0.9985
l_3_co_r                 1.0806     0.9532     1.5018       1.1785
l_3_tr_r                 1.0150     1.3243     1.2870       1.2088
l_3_fe_r                 0.8055     0.9416     1.1663       0.9711
l_3_ti_r                 0.8431     0.8440     0.8179       0.8350
l_3_ta_r                 0.9462     0.9161     1.0056       0.9559
l_3_pt_r                 1.0004     1.0001     0.9993       0.9999
w_1_r                    0.9986     1.0003     0.9989       0.9993
w_2_r                    0.9989     0.9997     0.9990       0.9992
l_1_co_l                 1.0926     1.3370     1.0390       1.1562
l_1_tr_l                 0.9909     1.2943     1.0825       1.1226
l_1_fe_l                 0.9766     0.8605     1.1862       1.0078
l_1_ti_l                 0.8987     0.8658     0.7994       0.8546
l_1_ta_l                 0.9102     0.8987     0.9444       0.9178
l_1_pt_l                 0.9980     0.9966     1.0009       0.9985
l_2_co_l                 1.0457     1.0807     1.1915       1.1059
l_2_tr_l                 0.9795     1.2965     1.0531       1.1097
l_2_fe_l                 0.9814     0.8607     1.3938       1.0786
l_2_ti_l                 0.9977     0.8074     0.6785       0.8279
l_2_ta_l                 0.9953     0.8014     0.9299       0.9089
l_2_pt_l                 0.9996     0.9969     0.9992       0.9985
l_3_co_l                 1.2964     0.9091     1.1287       1.1114
l_3_tr_l                 1.1759     1.3782     1.2294       1.2612
l_3_fe_l                 0.8536     0.9436     1.1400       0.9791
l_3_ti_l                 0.8221     0.9001     0.8024       0.8415
l_3_ta_l                 0.9944     0.9758     0.9970       0.9891
l_3_pt_l                 1.0009     1.0005     0.9996       1.0003
w_1_l                    0.9732     1.0078     1.0091       0.9967
w_2_l                    0.9995     0.9992     1.0011       0.9999
b_h                      1.2065     1.2258     1.0190       1.1505
ma_r                     0.9994     1.0000     0.9996       0.9996
an_1_r                   1.2798     1.0142     0.9986       1.0975
an_2_r                   1.1312     1.0116     1.0120       1.0516
an_3_r                   1.0009     0.9998     1.0010       1.0006
ma_l                     0.9990     1.0005     0.9995       0.9997
an_1_l                   1.4373     1.0242     0.9774       1.1463
an_2_l                   1.2080     1.0148     1.0047       1.0758
an_3_l                   0.9995     0.9991     0.9995       0.9994

Summary Statistics:
  Mean scale (all joints, all axes): 1.0209
  Std scale (all joints, all axes): 0.1402
  Min scale: 0.6785
  Max scale: 1.5018
  Joints with scale > 1.1: 24
  Joints with scale < 0.9: 16
======================================================================


[Sample 4] Input fingerprint (img patch mean): 0.564680
  trans: [-0.0027, -0.0051, 0.3168]
  global_rot[0:3]: [-0.6721, -0.7259, 0.2315]
  fov_per_view[0]: 35.4988
  mesh_scale: 0.0556
  Mean pred 3D: [-0.0022, -0.0073, 0.3229]
  Mean GT 3D:  [-0.0026, -0.0059, 0.2474]
  Root rot magnitude: 170.02°
Generated single-view renders for 5 samples (epoch 359) in /hpcwork/mkd34160/smilify_runs/multiview_lam1e-3/singleview_renders/epoch_359

Epoch 360 Summary:
  Train Loss: 0.0000
  Val Loss: 0.0000
  Loss Components (Train / Val):
    betas               : 0.000073 / 0.000011
    cam_rot             : 0.000000 / 0.000000
    cam_trans           : 0.000000 / 0.000000
    fov                 : 0.000358 / 0.000371
    ief_pose_delta_1    : 7.663229 / 7.649984
    ief_pose_delta_2    : 12.443986 / 12.426300
    joint_angle_regularization: 0.102021 / 0.102163
    joint_limit_regularization: 0.000153 / 0.000132
    joint_rot           : 0.000000 / 0.000000
    keypoint_2d         : 0.000023 / 0.000021
    keypoint_3d         : 0.000000 / 0.000000
    limb_scale_regularization: 0.008955 / 0.008984
    limb_trans_regularization: 0.000000 / 0.000000
    trans               : 0.000000 / 0.000000
  LR (curriculum): 1.00e-05
  Key loss weights: kp2d=0.1000, joint_rot=0.0010, limb_scale_reg=0.000050, limb_trans_reg=0.500000

Epoch 361 Summary:
  Train Loss: 0.0000
  Val Loss: 0.0000
  Loss Components (Train / Val):
    betas               : 0.000069 / 0.000016
    cam_rot             : 0.000000 / 0.000000
    cam_trans           : 0.000000 / 0.000000
    fov                 : 0.000357 / 0.000371
    ief_pose_delta_1    : 7.660475 / 7.648699
    ief_pose_delta_2    : 12.444304 / 12.427117
    joint_angle_regularization: 0.101734 / 0.102575
    joint_limit_regularization: 0.000147 / 0.000130
    joint_rot           : 0.000000 / 0.000000
    keypoint_2d         : 0.000022 / 0.000021
    keypoint_3d         : 0.000000 / 0.000000
    limb_scale_regularization: 0.008917 / 0.008985
    limb_trans_regularization: 0.000000 / 0.000000
    trans               : 0.000000 / 0.000000
  LR (curriculum): 1.00e-05
  Key loss weights: kp2d=0.1000, joint_rot=0.0010, limb_scale_reg=0.000050, limb_trans_reg=0.500000
Checkpoint saved: /hpcwork/mkd34160/smilify_runs/multiview_lam1e-3/checkpoints/checkpoint_epoch_0361.pth

Epoch 362 Summary:
  Train Loss: 0.0000
  Val Loss: 0.0000
  Loss Components (Train / Val):
    betas               : 0.000073 / 0.000014
    cam_rot             : 0.000000 / 0.000000
    cam_trans           : 0.000000 / 0.000000
    fov                 : 0.000355 / 0.000372
    ief_pose_delta_1    : 7.668394 / 7.647604
    ief_pose_delta_2    : 12.447643 / 12.436316
    joint_angle_regularization: 0.102817 / 0.103253
    joint_limit_regularization: 0.000148 / 0.000120
    joint_rot           : 0.000000 / 0.000000
    keypoint_2d         : 0.000023 / 0.000021
    keypoint_3d         : 0.000000 / 0.000000
    limb_scale_regularization: 0.008751 / 0.008959
    limb_trans_regularization: 0.000000 / 0.000000
    trans               : 0.000000 / 0.000000
  LR (curriculum): 1.00e-05
  Key loss weights: kp2d=0.1000, joint_rot=0.0010, limb_scale_reg=0.000050, limb_trans_reg=0.500000

Epoch 363 Summary:
  Train Loss: 0.0000
  Val Loss: 0.0000
  Loss Components (Train / Val):
    betas               : 0.000070 / 0.000014
    cam_rot             : 0.000000 / 0.000000
    cam_trans           : 0.000000 / 0.000000
    fov                 : 0.000358 / 0.000372
    ief_pose_delta_1    : 7.650518 / 7.645013
    ief_pose_delta_2    : 12.440702 / 12.433965
    joint_angle_regularization: 0.103039 / 0.103690
    joint_limit_regularization: 0.000123 / 0.000122
    joint_rot           : 0.000000 / 0.000000
    keypoint_2d         : 0.000022 / 0.000022
    keypoint_3d         : 0.000000 / 0.000000
    limb_scale_regularization: 0.008808 / 0.008904
    limb_trans_regularization: 0.000000 / 0.000000
    trans               : 0.000000 / 0.000000
  LR (curriculum): 1.00e-05
  Key loss weights: kp2d=0.1000, joint_rot=0.0010, limb_scale_reg=0.000050, limb_trans_reg=0.500000
Checkpoint saved: /hpcwork/mkd34160/smilify_runs/multiview_lam1e-3/checkpoints/checkpoint_epoch_0363.pth

Epoch 364 Summary:
  Train Loss: 0.0000
  Val Loss: 0.0000
  Loss Components (Train / Val):
    betas               : 0.000071 / 0.000015
    cam_rot             : 0.000000 / 0.000000
    cam_trans           : 0.000000 / 0.000000
    fov                 : 0.000356 / 0.000372
    ief_pose_delta_1    : 7.648665 / 7.645704
    ief_pose_delta_2    : 12.448507 / 12.433304
    joint_angle_regularization: 0.103805 / 0.104065
    joint_limit_regularization: 0.000140 / 0.000110
    joint_rot           : 0.000000 / 0.000000
    keypoint_2d         : 0.000022 / 0.000020
    keypoint_3d         : 0.000000 / 0.000000
    limb_scale_regularization: 0.008836 / 0.008887
    limb_trans_regularization: 0.000000 / 0.000000
    trans               : 0.000000 / 0.000000
  LR (curriculum): 1.00e-05
  Key loss weights: kp2d=0.1000, joint_rot=0.0010, limb_scale_reg=0.000050, limb_trans_reg=0.500000

Epoch 365 Summary:
  Train Loss: 0.0000
  Val Loss: 0.0000
  Loss Components (Train / Val):
    betas               : 0.000070 / 0.000013
    cam_rot             : 0.000000 / 0.000000
    cam_trans           : 0.000000 / 0.000000
    fov                 : 0.000355 / 0.000372
    ief_pose_delta_1    : 7.666789 / 7.648643
    ief_pose_delta_2    : 12.460890 / 12.427988
    joint_angle_regularization: 0.103611 / 0.104575
    joint_limit_regularization: 0.000122 / 0.000110
    joint_rot           : 0.000000 / 0.000000
    keypoint_2d         : 0.000022 / 0.000021
    keypoint_3d         : 0.000000 / 0.000000
    limb_scale_regularization: 0.008622 / 0.008843
    limb_trans_regularization: 0.000000 / 0.000000
    trans               : 0.000000 / 0.000000
  LR (curriculum): 1.00e-05
  Key loss weights: kp2d=0.1000, joint_rot=0.0010, limb_scale_reg=0.000050, limb_trans_reg=0.500000
Checkpoint saved: /hpcwork/mkd34160/smilify_runs/multiview_lam1e-3/checkpoints/checkpoint_epoch_0365.pth

Epoch 366 Summary:
  Train Loss: 0.0000
  Val Loss: 0.0000
  Loss Components (Train / Val):
    betas               : 0.000068 / 0.000013
    cam_rot             : 0.000000 / 0.000000
    cam_trans           : 0.000000 / 0.000000
    fov                 : 0.000359 / 0.000372
    ief_pose_delta_1    : 7.650476 / 7.654978
    ief_pose_delta_2    : 12.443164 / 12.435548
    joint_angle_regularization: 0.104740 / 0.104542
    joint_limit_regularization: 0.000115 / 0.000113
    joint_rot           : 0.000000 / 0.000000
    keypoint_2d         : 0.000022 / 0.000020
    keypoint_3d         : 0.000000 / 0.000000
    limb_scale_regularization: 0.008809 / 0.008811
    limb_trans_regularization: 0.000000 / 0.000000
    trans               : 0.000000 / 0.000000
  LR (curriculum): 1.00e-05
  Key loss weights: kp2d=0.1000, joint_rot=0.0010, limb_scale_reg=0.000050, limb_trans_reg=0.500000

Epoch 367 Summary:
  Train Loss: 0.0000
  Val Loss: 0.0000
  Loss Components (Train / Val):
    betas               : 0.000069 / 0.000013
    cam_rot             : 0.000000 / 0.000000
    cam_trans           : 0.000000 / 0.000000
    fov                 : 0.000357 / 0.000372
    ief_pose_delta_1    : 7.659328 / 7.655614
    ief_pose_delta_2    : 12.446664 / 12.430692
    joint_angle_regularization: 0.104622 / 0.104979
    joint_limit_regularization: 0.000108 / 0.000100
    joint_rot           : 0.000000 / 0.000000
    keypoint_2d         : 0.000022 / 0.000020
    keypoint_3d         : 0.000000 / 0.000000
    limb_scale_regularization: 0.008525 / 0.008816
    limb_trans_regularization: 0.000000 / 0.000000
    trans               : 0.000000 / 0.000000
  LR (curriculum): 1.00e-05
  Key loss weights: kp2d=0.1000, joint_rot=0.0010, limb_scale_reg=0.000050, limb_trans_reg=0.500000
Checkpoint saved: /hpcwork/mkd34160/smilify_runs/multiview_lam1e-3/checkpoints/checkpoint_epoch_0367.pth

Epoch 368 Summary:
  Train Loss: 0.0000
  Val Loss: 0.0000
  Loss Components (Train / Val):
    betas               : 0.000066 / 0.000020
    cam_rot             : 0.000000 / 0.000000
    cam_trans           : 0.000000 / 0.000000
    fov                 : 0.000357 / 0.000372
    ief_pose_delta_1    : 7.658344 / 7.647972
    ief_pose_delta_2    : 12.437539 / 12.425345
    joint_angle_regularization: 0.105337 / 0.105721
    joint_limit_regularization: 0.000106 / 0.000098
    joint_rot           : 0.000000 / 0.000000
    keypoint_2d         : 0.000022 / 0.000021
    keypoint_3d         : 0.000000 / 0.000000
    limb_scale_regularization: 0.008810 / 0.008816
    limb_trans_regularization: 0.000000 / 0.000000
    trans               : 0.000000 / 0.000000
  LR (curriculum): 1.00e-05
  Key loss weights: kp2d=0.1000, joint_rot=0.0010, limb_scale_reg=0.000050, limb_trans_reg=0.500000

Epoch 369 Summary:
  Train Loss: 0.0000
  Val Loss: 0.0000
  Loss Components (Train / Val):
    betas               : 0.000070 / 0.000014
    cam_rot             : 0.000000 / 0.000000
    cam_trans           : 0.000000 / 0.000000
    fov                 : 0.000358 / 0.000373
    ief_pose_delta_1    : 7.661450 / 7.645124
    ief_pose_delta_2    : 12.440061 / 12.431876
    joint_angle_regularization: 0.106112 / 0.105861
    joint_limit_regularization: 0.000111 / 0.000093
    joint_rot           : 0.000000 / 0.000000
    keypoint_2d         : 0.000022 / 0.000020
    keypoint_3d         : 0.000000 / 0.000000
    limb_scale_regularization: 0.008711 / 0.008797
    limb_trans_regularization: 0.000000 / 0.000000
    trans               : 0.000000 / 0.000000
  LR (curriculum): 1.00e-05
  Key loss weights: kp2d=0.1000, joint_rot=0.0010, limb_scale_reg=0.000050, limb_trans_reg=0.500000
Checkpoint saved: /hpcwork/mkd34160/smilify_runs/multiview_lam1e-3/checkpoints/checkpoint_epoch_0369.pth

=== Joint Scales for Multiview Sample 0 ===
Mode: separate
Joint Name              Scale X    Scale Y    Scale Z   Mean Scale
----------------------------------------------------------------------
b_t                      0.9999     0.9992     0.9996       0.9996
b_a_1                    1.0203     0.9998     0.9037       0.9746
b_a_2                    0.9458     1.0005     1.0017       0.9826
b_a_3                    0.9756     1.0011     0.9959       0.9909
b_a_4                    1.0025     0.9999     0.9998       1.0007
b_a_5                    0.9995     0.9994     1.0003       0.9997
l_1_co_r                 1.1532     1.3027     1.1404       1.1988
l_1_tr_r                 1.0167     1.3190     1.0881       1.1412
l_1_fe_r                 1.0200     0.9736     1.4281       1.1406
l_1_ti_r                 0.9202     0.9628     0.8262       0.9031
l_1_ta_r                 0.9323     0.9535     0.9636       0.9498
l_1_pt_r                 0.9993     0.9996     0.9997       0.9995
l_2_co_r                 1.1016     1.2185     1.0740       1.1313
l_2_tr_r                 1.0336     1.3435     1.0906       1.1559
l_2_fe_r                 1.0594     0.9588     1.3020       1.1067
l_2_ti_r                 1.0414     0.9360     0.8933       0.9569
l_2_ta_r                 1.0146     0.9886     0.9896       0.9976
l_2_pt_r                 0.9994     1.0005     1.0000       1.0000
l_3_co_r                 1.1842     0.8971     1.1743       1.0852
l_3_tr_r                 1.1522     1.3415     1.2916       1.2617
l_3_fe_r                 0.9619     1.0112     1.1862       1.0531
l_3_ti_r                 0.9226     0.9551     0.9103       0.9293
l_3_ta_r                 0.9968     0.9983     0.9925       0.9958
l_3_pt_r                 0.9998     1.0002     0.9996       0.9999
w_1_r                    0.9998     0.9998     1.0001       0.9999
w_2_r                    0.9996     0.9991     0.9999       0.9995
l_1_co_l                 1.0620     1.3035     1.1050       1.1568
l_1_tr_l                 1.0135     1.1653     1.1835       1.1208
l_1_fe_l                 1.0227     0.9858     1.2907       1.0998
l_1_ti_l                 0.9445     0.9652     0.9229       0.9442
l_1_ta_l                 0.9836     0.9627     0.9769       0.9744
l_1_pt_l                 1.0017     1.0000     0.9994       1.0004
l_2_co_l                 1.0832     1.1755     1.2243       1.1610
l_2_tr_l                 1.0074     1.2407     1.1441       1.1307
l_2_fe_l                 1.0302     0.9259     1.4187       1.1249
l_2_ti_l                 1.0257     0.8647     0.8042       0.8982
l_2_ta_l                 1.0031     0.8710     0.9507       0.9416
l_2_pt_l                 0.9999     0.9935     0.9983       0.9972
l_3_co_l                 1.0731     0.7983     1.0598       0.9771
l_3_tr_l                 0.9799     1.0415     1.2825       1.1013
l_3_fe_l                 0.8689     0.8807     1.3074       1.0190
l_3_ti_l                 0.9462     0.9498     0.9619       0.9526
l_3_ta_l                 1.0590     1.0291     0.9994       1.0291
l_3_pt_l                 1.0026     1.0013     0.9992       1.0010
w_1_l                    0.9748     1.0133     1.0171       1.0018
w_2_l                    0.9999     1.0007     0.9991       0.9999
b_h                      1.3959     1.2130     1.0985       1.2358
ma_r                     0.9994     1.0007     0.9991       0.9997
an_1_r                   1.2518     1.0097     1.0040       1.0885
an_2_r                   1.1278     0.9993     1.0119       1.0464
an_3_r                   0.9996     1.0000     0.9999       0.9998
ma_l                     0.9997     1.0003     0.9996       0.9999
an_1_l                   1.2217     1.0271     1.0177       1.0888
an_2_l                   1.0990     1.0098     1.0002       1.0363
an_3_l                   1.0006     1.0000     1.0002       1.0003

Summary Statistics:
  Mean scale (all joints, all axes): 1.0378
  Std scale (all joints, all axes): 0.1160
  Min scale: 0.7983
  Max scale: 1.4281
  Joints with scale > 1.1: 21
  Joints with scale < 0.9: 7
======================================================================


=== Joint Scales for Multiview Sample 1 ===
Mode: separate
Joint Name              Scale X    Scale Y    Scale Z   Mean Scale
----------------------------------------------------------------------
b_t                      1.0001     0.9993     0.9996       0.9996
b_a_1                    1.0345     1.0058     0.9098       0.9834
b_a_2                    0.9690     1.0031     0.9900       0.9874
b_a_3                    0.9866     0.9971     1.0014       0.9950
b_a_4                    1.0017     0.9998     1.0005       1.0007
b_a_5                    0.9996     0.9990     0.9992       0.9993
l_1_co_r                 1.0151     1.0869     1.2608       1.1209
l_1_tr_r                 0.9824     1.0773     1.2509       1.1036
l_1_fe_r                 0.9480     0.9281     1.4646       1.1135
l_1_ti_r                 0.9594     0.9420     0.8489       0.9168
l_1_ta_r                 0.9793     0.9474     0.9691       0.9653
l_1_pt_r                 1.0000     0.9998     0.9991       0.9996
l_2_co_r                 1.0887     1.2092     1.1099       1.1359
l_2_tr_r                 1.0134     1.3413     1.0930       1.1493
l_2_fe_r                 1.0740     0.9817     1.3321       1.1293
l_2_ti_r                 1.0501     0.9332     0.9191       0.9675
l_2_ta_r                 1.0171     1.0067     0.9953       1.0064
l_2_pt_r                 0.9999     0.9995     0.9996       0.9997
l_3_co_r                 1.1309     0.8970     1.2393       1.0891
l_3_tr_r                 1.1422     1.2901     1.3444       1.2589
l_3_fe_r                 0.9498     0.9972     1.2317       1.0596
l_3_ti_r                 0.9735     0.9877     0.9432       0.9681
l_3_ta_r                 1.0237     1.0428     0.9947       1.0204
l_3_pt_r                 0.9994     1.0001     0.9997       0.9997
w_1_r                    0.9993     0.9997     0.9991       0.9994
w_2_r                    0.9992     0.9996     0.9994       0.9994
l_1_co_l                 1.0994     1.4382     1.0490       1.1955
l_1_tr_l                 1.0322     1.2278     1.1181       1.1260
l_1_fe_l                 0.9844     1.0030     1.1798       1.0557
l_1_ti_l                 0.9451     0.9702     0.8996       0.9383
l_1_ta_l                 0.9890     0.9587     0.9780       0.9752
l_1_pt_l                 0.9993     0.9993     0.9998       0.9995
l_2_co_l                 1.0874     1.2669     1.1865       1.1803
l_2_tr_l                 0.9766     1.2867     1.0742       1.1125
l_2_fe_l                 1.0214     0.9349     1.3250       1.0937
l_2_ti_l                 1.0153     0.8900     0.7989       0.9014
l_2_ta_l                 0.9980     0.8812     0.9581       0.9458
l_2_pt_l                 0.9992     0.9936     0.9985       0.9971
l_3_co_l                 1.1376     0.7977     1.0780       1.0044
l_3_tr_l                 1.0452     1.0665     1.2767       1.1295
l_3_fe_l                 0.9322     0.9007     1.3011       1.0447
l_3_ti_l                 0.9667     0.9405     0.9742       0.9605
l_3_ta_l                 1.0830     1.0305     0.9978       1.0371
l_3_pt_l                 1.0020     1.0005     0.9993       1.0006
w_1_l                    0.9523     1.0124     1.0096       0.9914
w_2_l                    0.9996     1.0001     0.9990       0.9996
b_h                      1.5508     1.2313     1.0885       1.2902
ma_r                     1.0002     1.0000     0.9987       0.9996
an_1_r                   1.2509     1.0310     0.9800       1.0873
an_2_r                   1.0879     1.0136     1.0102       1.0372
an_3_r                   0.9994     0.9993     0.9997       0.9995
ma_l                     0.9998     0.9999     0.9990       0.9996
an_1_l                   1.1800     1.0178     1.0125       1.0701
an_2_l                   1.0842     1.0058     1.0011       1.0303
an_3_l                   0.9999     0.9996     1.0001       0.9999

Summary Statistics:
  Mean scale (all joints, all axes): 1.0395
  Std scale (all joints, all axes): 0.1179
  Min scale: 0.7977
  Max scale: 1.5508
  Joints with scale > 1.1: 21
  Joints with scale < 0.9: 6
======================================================================


=== Joint Scales for Multiview Sample 2 ===
Mode: separate
Joint Name              Scale X    Scale Y    Scale Z   Mean Scale
----------------------------------------------------------------------
b_t                      1.0008     1.0001     1.0010       1.0007
b_a_1                    1.0141     1.0051     0.9085       0.9759
b_a_2                    0.9527     1.0011     0.9857       0.9798
b_a_3                    0.9736     0.9984     1.0028       0.9916
b_a_4                    1.0006     1.0006     1.0022       1.0011
b_a_5                    1.0008     1.0005     1.0007       1.0007
l_1_co_r                 1.1221     1.2829     1.1519       1.1856
l_1_tr_r                 1.0559     1.2549     1.1395       1.1501
l_1_fe_r                 1.0167     1.0053     1.3973       1.1398
l_1_ti_r                 0.9387     0.9700     0.8475       0.9187
l_1_ta_r                 0.9555     0.9638     0.9769       0.9654
l_1_pt_r                 1.0005     1.0010     1.0004       1.0006
l_2_co_r                 1.1248     1.2578     0.9783       1.1203
l_2_tr_r                 1.0482     1.3714     1.0182       1.1460
l_2_fe_r                 1.0921     0.9909     1.2188       1.1006
l_2_ti_r                 1.0639     0.9432     0.8895       0.9655
l_2_ta_r                 1.0233     1.0103     0.9943       1.0093
l_2_pt_r                 0.9998     1.0008     1.0005       1.0004
l_3_co_r                 1.0634     0.7738     1.2564       1.0312
l_3_tr_r                 1.0356     1.1419     1.2939       1.1571
l_3_fe_r                 0.8677     0.9243     1.3576       1.0498
l_3_ti_r                 0.9338     0.9861     0.9501       0.9567
l_3_ta_r                 1.0285     1.0298     0.9924       1.0169
l_3_pt_r                 1.0010     1.0006     1.0005       1.0007
w_1_r                    1.0010     1.0015     1.0001       1.0009
w_2_r                    1.0009     1.0008     1.0006       1.0008
l_1_co_l                 1.0550     1.3922     1.0407       1.1626
l_1_tr_l                 1.0387     1.2530     1.0775       1.1231
l_1_fe_l                 1.0208     1.0171     1.2138       1.0839
l_1_ti_l                 0.9428     0.9547     0.9295       0.9423
l_1_ta_l                 0.9809     0.9522     0.9853       0.9728
l_1_pt_l                 1.0012     0.9998     1.0014       1.0008
l_2_co_l                 1.0615     1.1222     1.2402       1.1413
l_2_tr_l                 0.9966     1.1524     1.1743       1.1078
l_2_fe_l                 1.0252     0.9195     1.3565       1.1004
l_2_ti_l                 1.0239     0.8839     0.8133       0.9070
l_2_ta_l                 1.0047     0.8828     0.9553       0.9476
l_2_pt_l                 1.0010     0.9954     0.9997       0.9987
l_3_co_l                 1.2413     0.9098     0.9889       1.0467
l_3_tr_l                 1.1780     1.1993     1.2349       1.2041
l_3_fe_l                 1.0303     1.0111     1.2025       1.0813
l_3_ti_l                 0.9862     0.9813     0.9465       0.9713
l_3_ta_l                 1.0673     1.0557     0.9959       1.0396
l_3_pt_l                 1.0034     1.0029     0.9999       1.0021
w_1_l                    0.9305     1.0305     1.0121       0.9910
w_2_l                    1.0010     1.0007     1.0009       1.0009
b_h                      1.4101     1.2478     1.0576       1.2385
ma_r                     1.0003     1.0011     1.0002       1.0005
an_1_r                   1.2282     1.0245     0.9863       1.0797
an_2_r                   1.1024     1.0074     1.0121       1.0407
an_3_r                   1.0008     1.0010     1.0011       1.0010
ma_l                     1.0005     1.0008     1.0008       1.0007
an_1_l                   1.1876     1.0173     1.0220       1.0756
an_2_l                   1.0873     1.0003     1.0033       1.0303
an_3_l                   1.0009     1.0004     1.0012       1.0008

Summary Statistics:
  Mean scale (all joints, all axes): 1.0393
  Std scale (all joints, all axes): 0.1115
  Min scale: 0.7738
  Max scale: 1.4101
  Joints with scale > 1.1: 22
  Joints with scale < 0.9: 6
======================================================================


=== Joint Scales for Multiview Sample 3 ===
Mode: separate
Joint Name              Scale X    Scale Y    Scale Z   Mean Scale
----------------------------------------------------------------------
b_t                      1.0011     1.0011     1.0009       1.0010
b_a_1                    1.0307     0.9978     0.8822       0.9702
b_a_2                    0.9465     0.9979     0.9934       0.9793
b_a_3                    0.9745     0.9997     1.0052       0.9932
b_a_4                    1.0029     1.0014     1.0020       1.0021
b_a_5                    1.0010     1.0013     1.0013       1.0012
l_1_co_r                 1.0691     1.2532     1.1911       1.1711
l_1_tr_r                 1.0433     1.1545     1.1845       1.1274
l_1_fe_r                 0.9965     0.9945     1.4472       1.1461
l_1_ti_r                 0.9181     0.9692     0.8775       0.9216
l_1_ta_r                 0.9513     0.9831     0.9956       0.9767
l_1_pt_r                 1.0001     1.0020     1.0013       1.0011
l_2_co_r                 1.1674     1.1417     1.0448       1.1179
l_2_tr_r                 1.0286     1.2918     1.0356       1.1187
l_2_fe_r                 1.0893     0.9252     1.3116       1.1087
l_2_ti_r                 1.0626     0.8966     0.9022       0.9538
l_2_ta_r                 1.0183     0.9885     0.9806       0.9958
l_2_pt_r                 1.0006     1.0023     1.0011       1.0013
l_3_co_r                 1.0601     0.8300     1.2716       1.0539
l_3_tr_r                 1.0562     1.1986     1.3082       1.1876
l_3_fe_r                 0.8877     0.9601     1.3548       1.0675
l_3_ti_r                 0.9533     0.9858     0.9505       0.9632
l_3_ta_r                 1.0177     1.0170     0.9885       1.0077
l_3_pt_r                 1.0006     1.0015     1.0013       1.0012
w_1_r                    1.0012     1.0016     1.0013       1.0014
w_2_r                    1.0003     1.0013     1.0026       1.0014
l_1_co_l                 1.0652     1.4078     1.0576       1.1769
l_1_tr_l                 1.0093     1.2352     1.0819       1.1088
l_1_fe_l                 1.0194     1.0160     1.1888       1.0747
l_1_ti_l                 0.9157     0.9803     0.9027       0.9329
l_1_ta_l                 0.9699     0.9653     0.9755       0.9703
l_1_pt_l                 1.0004     1.0023     1.0007       1.0011
l_2_co_l                 1.0763     1.2006     1.2342       1.1704
l_2_tr_l                 0.9971     1.2233     1.1348       1.1184
l_2_fe_l                 1.0186     0.9361     1.3420       1.0989
l_2_ti_l                 1.0065     0.8917     0.8141       0.9041
l_2_ta_l                 1.0037     0.8935     0.9597       0.9523
l_2_pt_l                 1.0010     0.9966     0.9997       0.9991
l_3_co_l                 1.2639     0.8659     1.0020       1.0439
l_3_tr_l                 1.1747     1.2032     1.2104       1.1961
l_3_fe_l                 1.0415     1.0138     1.3082       1.1211
l_3_ti_l                 0.9609     0.9895     0.9289       0.9598
l_3_ta_l                 1.0550     1.0437     0.9936       1.0307
l_3_pt_l                 1.0035     1.0027     1.0007       1.0023
w_1_l                    0.9459     1.0300     1.0169       0.9976
w_2_l                    1.0020     1.0008     1.0008       1.0012
b_h                      1.4618     1.2260     1.0586       1.2488
ma_r                     1.0005     1.0016     1.0010       1.0011
an_1_r                   1.2648     1.0329     0.9976       1.0984
an_2_r                   1.1214     1.0136     1.0123       1.0491
an_3_r                   1.0006     1.0008     1.0010       1.0008
ma_l                     1.0015     1.0006     1.0010       1.0010
an_1_l                   1.2098     1.0133     1.0189       1.0807
an_2_l                   1.1084     1.0031     0.9998       1.0371
an_3_l                   1.0009     1.0008     1.0011       1.0010

Summary Statistics:
  Mean scale (all joints, all axes): 1.0409
  Std scale (all joints, all axes): 0.1145
  Min scale: 0.8141
  Max scale: 1.4618
  Joints with scale > 1.1: 23
  Joints with scale < 0.9: 8
======================================================================


=== Joint Scales for Multiview Sample 4 ===
Mode: separate
Joint Name              Scale X    Scale Y    Scale Z   Mean Scale
----------------------------------------------------------------------
b_t                      1.0000     0.9989     0.9995       0.9995
b_a_1                    1.2397     1.0010     0.9787       1.0732
b_a_2                    1.1341     0.9979     0.9978       1.0433
b_a_3                    1.0586     0.9990     1.0085       1.0220
b_a_4                    1.0017     0.9982     1.0021       1.0007
b_a_5                    0.9992     0.9989     0.9985       0.9989
l_1_co_r                 1.0972     1.1612     0.9726       1.0770
l_1_tr_r                 1.0151     1.1578     1.2330       1.1353
l_1_fe_r                 0.9973     0.8496     1.4051       1.0840
l_1_ti_r                 0.8625     0.9382     0.7524       0.8510
l_1_ta_r                 0.8912     0.9176     0.9620       0.9236
l_1_pt_r                 0.9981     0.9978     0.9975       0.9978
l_2_co_r                 1.0972     0.9562     0.9703       1.0079
l_2_tr_r                 1.0090     1.4592     1.0416       1.1699
l_2_fe_r                 1.0196     0.8267     1.3118       1.0527
l_2_ti_r                 1.0198     0.8097     0.7361       0.8552
l_2_ta_r                 0.9999     0.8362     0.9517       0.9293
l_2_pt_r                 0.9989     0.9966     0.9977       0.9977
l_3_co_r                 1.0549     0.9752     1.5146       1.1816
l_3_tr_r                 1.0158     1.3305     1.3002       1.2155
l_3_fe_r                 0.8077     0.9403     1.1451       0.9644
l_3_ti_r                 0.8554     0.8423     0.8240       0.8405
l_3_ta_r                 0.9554     0.9206     1.0068       0.9610
l_3_pt_r                 1.0000     0.9997     0.9982       0.9993
w_1_r                    0.9985     0.9992     0.9981       0.9986
w_2_r                    0.9982     0.9989     0.9978       0.9983
l_1_co_l                 1.1020     1.3551     1.0344       1.1638
l_1_tr_l                 0.9991     1.2957     1.0860       1.1270
l_1_fe_l                 0.9799     0.8581     1.1718       1.0033
l_1_ti_l                 0.8969     0.8679     0.7883       0.8510
l_1_ta_l                 0.9058     0.8972     0.9442       0.9157
l_1_pt_l                 0.9975     0.9960     1.0001       0.9979
l_2_co_l                 1.0382     1.0677     1.1962       1.1007
l_2_tr_l                 0.9842     1.3034     1.0608       1.1161
l_2_fe_l                 0.9840     0.8628     1.3612       1.0693
l_2_ti_l                 0.9959     0.7899     0.6765       0.8208
l_2_ta_l                 0.9941     0.7934     0.9276       0.9050
l_2_pt_l                 0.9991     0.9962     0.9983       0.9979
l_3_co_l                 1.2907     0.9291     1.1110       1.1102
l_3_tr_l                 1.1858     1.3856     1.2309       1.2674
l_3_fe_l                 0.8583     0.9430     1.1077       0.9697
l_3_ti_l                 0.8201     0.8870     0.7910       0.8327
l_3_ta_l                 0.9912     0.9658     0.9927       0.9832
l_3_pt_l                 1.0002     1.0006     0.9986       0.9998
w_1_l                    0.9856     1.0052     1.0056       0.9988
w_2_l                    0.9987     0.9984     0.9999       0.9990
b_h                      1.2021     1.2184     0.9945       1.1383
ma_r                     0.9985     0.9992     0.9988       0.9988
an_1_r                   1.2877     1.0153     1.0017       1.1016
an_2_r                   1.1368     1.0124     1.0117       1.0536
an_3_r                   0.9994     0.9990     1.0001       0.9995
ma_l                     0.9983     0.9996     0.9983       0.9988
an_1_l                   1.4430     1.0212     0.9848       1.1497
an_2_l                   1.2128     1.0113     1.0083       1.0774
an_3_l                   0.9988     0.9984     0.9990       0.9987

Summary Statistics:
  Mean scale (all joints, all axes): 1.0204
  Std scale (all joints, all axes): 0.1410
  Min scale: 0.6765
  Max scale: 1.5146
  Joints with scale > 1.1: 24
  Joints with scale < 0.9: 16
======================================================================

Generated 5 multi-view visualizations for epoch 369 in /hpcwork/mkd34160/smilify_runs/multiview_lam1e-3/visualizations/epoch_369

=== Joint Scales for Sample 0 (Single-View Renders) ===
Mode: separate
Joint Name              Scale X    Scale Y    Scale Z   Mean Scale
----------------------------------------------------------------------
b_t                      0.9999     0.9992     0.9996       0.9996
b_a_1                    1.0203     0.9998     0.9037       0.9746
b_a_2                    0.9458     1.0005     1.0017       0.9826
b_a_3                    0.9756     1.0011     0.9959       0.9909
b_a_4                    1.0025     0.9999     0.9998       1.0007
b_a_5                    0.9995     0.9994     1.0003       0.9997
l_1_co_r                 1.1532     1.3027     1.1404       1.1988
l_1_tr_r                 1.0167     1.3190     1.0881       1.1412
l_1_fe_r                 1.0200     0.9736     1.4281       1.1406
l_1_ti_r                 0.9202     0.9628     0.8262       0.9031
l_1_ta_r                 0.9323     0.9535     0.9636       0.9498
l_1_pt_r                 0.9993     0.9996     0.9997       0.9995
l_2_co_r                 1.1016     1.2185     1.0740       1.1313
l_2_tr_r                 1.0336     1.3435     1.0906       1.1559
l_2_fe_r                 1.0594     0.9588     1.3020       1.1067
l_2_ti_r                 1.0414     0.9360     0.8933       0.9569
l_2_ta_r                 1.0146     0.9886     0.9896       0.9976
l_2_pt_r                 0.9994     1.0005     1.0000       1.0000
l_3_co_r                 1.1842     0.8971     1.1743       1.0852
l_3_tr_r                 1.1522     1.3415     1.2916       1.2617
l_3_fe_r                 0.9619     1.0112     1.1862       1.0531
l_3_ti_r                 0.9226     0.9551     0.9103       0.9293
l_3_ta_r                 0.9968     0.9983     0.9925       0.9958
l_3_pt_r                 0.9998     1.0002     0.9996       0.9999
w_1_r                    0.9998     0.9998     1.0001       0.9999
w_2_r                    0.9996     0.9991     0.9999       0.9995
l_1_co_l                 1.0620     1.3035     1.1050       1.1568
l_1_tr_l                 1.0135     1.1653     1.1835       1.1208
l_1_fe_l                 1.0227     0.9858     1.2907       1.0998
l_1_ti_l                 0.9445     0.9652     0.9229       0.9442
l_1_ta_l                 0.9836     0.9627     0.9769       0.9744
l_1_pt_l                 1.0017     1.0000     0.9994       1.0004
l_2_co_l                 1.0832     1.1755     1.2243       1.1610
l_2_tr_l                 1.0074     1.2407     1.1441       1.1307
l_2_fe_l                 1.0302     0.9259     1.4187       1.1249
l_2_ti_l                 1.0257     0.8647     0.8042       0.8982
l_2_ta_l                 1.0031     0.8710     0.9507       0.9416
l_2_pt_l                 0.9999     0.9935     0.9983       0.9972
l_3_co_l                 1.0731     0.7983     1.0598       0.9771
l_3_tr_l                 0.9799     1.0415     1.2825       1.1013
l_3_fe_l                 0.8689     0.8807     1.3074       1.0190
l_3_ti_l                 0.9462     0.9498     0.9619       0.9526
l_3_ta_l                 1.0590     1.0291     0.9994       1.0291
l_3_pt_l                 1.0026     1.0013     0.9992       1.0010
w_1_l                    0.9748     1.0133     1.0171       1.0018
w_2_l                    0.9999     1.0007     0.9991       0.9999
b_h                      1.3959     1.2130     1.0985       1.2358
ma_r                     0.9994     1.0007     0.9991       0.9997
an_1_r                   1.2518     1.0097     1.0040       1.0885
an_2_r                   1.1278     0.9993     1.0119       1.0464
an_3_r                   0.9996     1.0000     0.9999       0.9998
ma_l                     0.9997     1.0003     0.9996       0.9999
an_1_l                   1.2217     1.0271     1.0177       1.0888
an_2_l                   1.0990     1.0098     1.0002       1.0363
an_3_l                   1.0006     1.0000     1.0002       1.0003

Summary Statistics:
  Mean scale (all joints, all axes): 1.0378
  Std scale (all joints, all axes): 0.1160
  Min scale: 0.7983
  Max scale: 1.4281
  Joints with scale > 1.1: 21
  Joints with scale < 0.9: 7
======================================================================


[Visualization] Using model renderer image size: 224
  Original image size: (512, 512, 3)
  Model renderer size: 224
  This ensures keypoint normalization matches training

[Sample 0] Input fingerprint (img patch mean): 0.598290
  trans: [0.0044, 0.0139, 0.3250]
  global_rot[0:3]: [-0.1046, -0.6525, 0.1735]
  fov_per_view[0]: 35.6993
  mesh_scale: 0.0408

[Camera Debug] View 0:
  FOV: 35.70 degrees
  cam_trans: [-0.01402467  0.23937929 -0.06719947]
  cam_rot (first row): [-0.03393127  0.76293725  0.64531446]
  Renderer image size: 224
  Body trans: [0.00438968 0.01390795 0.32501373]
  Betas (first 3): [3.633581  0.6406739 0.8648415]
  Camera R shape: torch.Size([1, 3, 3])
  Camera T shape: torch.Size([1, 3])
  Camera fov shape: torch.Size([1])

[GT Cam+3D Sanity] view 0:
  GT fov_y: 35.67 deg
  ||GT cam_T||: 0.249  (should be O(0.1-10) after scaling, not O(100-1000))
  max|GT kp3d|: 0.345 (same unit scale as SMAL verts/joints)
  mean reproj err (GT 3D + GT cam -> 2D): 0.13 px @ 224px
  Exported mesh to: /hpcwork/mkd34160/smilify_runs/multiview_lam1e-3/singleview_renders/epoch_369/sample_000_view_00_epoch_369.obj
  Mesh vertices: torch.Size([1, 3020, 3]), range: [-0.035, 0.346]
  Mesh faces: torch.Size([6019, 3])
  Mean pred 3D: [0.0036, 0.0130, 0.3306]
  Mean GT 3D:  [0.0026, 0.0098, 0.2538]
  Root rot magnitude: 168.06°
  Generated 3D keypoint visualization: /hpcwork/mkd34160/smilify_runs/multiview_lam1e-3/singleview_renders/epoch_369/sample_000_epoch_369_3d_keypoints.png
  Mean 3D error: 0.0013, Max error: 0.0042
  Plotted joints: 42, Suppressed: 13

=== Joint Scales for Sample 1 (Single-View Renders) ===
Mode: separate
Joint Name              Scale X    Scale Y    Scale Z   Mean Scale
----------------------------------------------------------------------
b_t                      1.0001     0.9993     0.9996       0.9996
b_a_1                    1.0345     1.0058     0.9098       0.9834
b_a_2                    0.9690     1.0031     0.9900       0.9874
b_a_3                    0.9866     0.9971     1.0014       0.9950
b_a_4                    1.0017     0.9998     1.0005       1.0007
b_a_5                    0.9996     0.9990     0.9992       0.9993
l_1_co_r                 1.0151     1.0869     1.2608       1.1209
l_1_tr_r                 0.9824     1.0773     1.2509       1.1036
l_1_fe_r                 0.9480     0.9281     1.4646       1.1135
l_1_ti_r                 0.9594     0.9420     0.8489       0.9168
l_1_ta_r                 0.9793     0.9474     0.9691       0.9653
l_1_pt_r                 1.0000     0.9998     0.9991       0.9996
l_2_co_r                 1.0887     1.2092     1.1099       1.1359
l_2_tr_r                 1.0134     1.3413     1.0930       1.1493
l_2_fe_r                 1.0740     0.9817     1.3321       1.1293
l_2_ti_r                 1.0501     0.9332     0.9191       0.9675
l_2_ta_r                 1.0171     1.0067     0.9953       1.0064
l_2_pt_r                 0.9999     0.9995     0.9996       0.9997
l_3_co_r                 1.1309     0.8970     1.2393       1.0891
l_3_tr_r                 1.1422     1.2901     1.3444       1.2589
l_3_fe_r                 0.9498     0.9972     1.2317       1.0596
l_3_ti_r                 0.9735     0.9877     0.9432       0.9681
l_3_ta_r                 1.0237     1.0428     0.9947       1.0204
l_3_pt_r                 0.9994     1.0001     0.9997       0.9997
w_1_r                    0.9993     0.9997     0.9991       0.9994
w_2_r                    0.9992     0.9996     0.9994       0.9994
l_1_co_l                 1.0994     1.4382     1.0490       1.1955
l_1_tr_l                 1.0322     1.2278     1.1181       1.1260
l_1_fe_l                 0.9844     1.0030     1.1798       1.0557
l_1_ti_l                 0.9451     0.9702     0.8996       0.9383
l_1_ta_l                 0.9890     0.9587     0.9780       0.9752
l_1_pt_l                 0.9993     0.9993     0.9998       0.9995
l_2_co_l                 1.0874     1.2669     1.1865       1.1803
l_2_tr_l                 0.9766     1.2867     1.0742       1.1125
l_2_fe_l                 1.0214     0.9349     1.3250       1.0937
l_2_ti_l                 1.0153     0.8900     0.7989       0.9014
l_2_ta_l                 0.9980     0.8812     0.9581       0.9458
l_2_pt_l                 0.9992     0.9936     0.9985       0.9971
l_3_co_l                 1.1376     0.7977     1.0780       1.0044
l_3_tr_l                 1.0452     1.0665     1.2767       1.1295
l_3_fe_l                 0.9322     0.9007     1.3011       1.0447
l_3_ti_l                 0.9667     0.9405     0.9742       0.9605
l_3_ta_l                 1.0830     1.0305     0.9978       1.0371
l_3_pt_l                 1.0020     1.0005     0.9993       1.0006
w_1_l                    0.9523     1.0124     1.0096       0.9914
w_2_l                    0.9996     1.0001     0.9990       0.9996
b_h                      1.5508     1.2313     1.0885       1.2902
ma_r                     1.0002     1.0000     0.9987       0.9996
an_1_r                   1.2509     1.0310     0.9800       1.0873
an_2_r                   1.0879     1.0136     1.0102       1.0372
an_3_r                   0.9994     0.9993     0.9997       0.9995
ma_l                     0.9998     0.9999     0.9990       0.9996
an_1_l                   1.1800     1.0178     1.0125       1.0701
an_2_l                   1.0842     1.0058     1.0011       1.0303
an_3_l                   0.9999     0.9996     1.0001       0.9999

Summary Statistics:
  Mean scale (all joints, all axes): 1.0395
  Std scale (all joints, all axes): 0.1179
  Min scale: 0.7977
  Max scale: 1.5508
  Joints with scale > 1.1: 21
  Joints with scale < 0.9: 6
======================================================================


[Sample 1] Input fingerprint (img patch mean): 0.354034
  trans: [0.0039, 0.0072, 0.3264]
  global_rot[0:3]: [-0.6747, -0.0681, 0.1859]
  fov_per_view[0]: 35.6991
  mesh_scale: 0.0406
  Mean pred 3D: [0.0035, 0.0061, 0.3322]
  Mean GT 3D:  [0.0020, 0.0047, 0.2424]
  Root rot magnitude: 165.02°

=== Joint Scales for Sample 2 (Single-View Renders) ===
Mode: separate
Joint Name              Scale X    Scale Y    Scale Z   Mean Scale
----------------------------------------------------------------------
b_t                      1.0008     1.0001     1.0010       1.0007
b_a_1                    1.0141     1.0051     0.9085       0.9759
b_a_2                    0.9527     1.0011     0.9857       0.9798
b_a_3                    0.9736     0.9984     1.0028       0.9916
b_a_4                    1.0006     1.0006     1.0022       1.0011
b_a_5                    1.0008     1.0005     1.0007       1.0007
l_1_co_r                 1.1221     1.2829     1.1519       1.1856
l_1_tr_r                 1.0559     1.2549     1.1395       1.1501
l_1_fe_r                 1.0167     1.0053     1.3973       1.1398
l_1_ti_r                 0.9387     0.9700     0.8475       0.9187
l_1_ta_r                 0.9555     0.9638     0.9769       0.9654
l_1_pt_r                 1.0005     1.0010     1.0004       1.0006
l_2_co_r                 1.1248     1.2578     0.9783       1.1203
l_2_tr_r                 1.0482     1.3714     1.0182       1.1460
l_2_fe_r                 1.0921     0.9909     1.2188       1.1006
l_2_ti_r                 1.0639     0.9432     0.8895       0.9655
l_2_ta_r                 1.0233     1.0103     0.9943       1.0093
l_2_pt_r                 0.9998     1.0008     1.0005       1.0004
l_3_co_r                 1.0634     0.7738     1.2564       1.0312
l_3_tr_r                 1.0356     1.1419     1.2939       1.1571
l_3_fe_r                 0.8677     0.9243     1.3576       1.0498
l_3_ti_r                 0.9338     0.9861     0.9501       0.9567
l_3_ta_r                 1.0285     1.0298     0.9924       1.0169
l_3_pt_r                 1.0010     1.0006     1.0005       1.0007
w_1_r                    1.0010     1.0015     1.0001       1.0009
w_2_r                    1.0009     1.0008     1.0006       1.0008
l_1_co_l                 1.0550     1.3922     1.0407       1.1626
l_1_tr_l                 1.0387     1.2530     1.0775       1.1231
l_1_fe_l                 1.0208     1.0171     1.2138       1.0839
l_1_ti_l                 0.9428     0.9547     0.9295       0.9423
l_1_ta_l                 0.9809     0.9522     0.9853       0.9728
l_1_pt_l                 1.0012     0.9998     1.0014       1.0008
l_2_co_l                 1.0615     1.1222     1.2402       1.1413
l_2_tr_l                 0.9966     1.1524     1.1743       1.1078
l_2_fe_l                 1.0252     0.9195     1.3565       1.1004
l_2_ti_l                 1.0239     0.8839     0.8133       0.9070
l_2_ta_l                 1.0047     0.8828     0.9553       0.9476
l_2_pt_l                 1.0010     0.9954     0.9997       0.9987
l_3_co_l                 1.2413     0.9098     0.9889       1.0467
l_3_tr_l                 1.1780     1.1993     1.2349       1.2041
l_3_fe_l                 1.0303     1.0111     1.2025       1.0813
l_3_ti_l                 0.9862     0.9813     0.9465       0.9713
l_3_ta_l                 1.0673     1.0557     0.9959       1.0396
l_3_pt_l                 1.0034     1.0029     0.9999       1.0021
w_1_l                    0.9305     1.0305     1.0121       0.9910
w_2_l                    1.0010     1.0007     1.0009       1.0009
b_h                      1.4101     1.2478     1.0576       1.2385
ma_r                     1.0003     1.0011     1.0002       1.0005
an_1_r                   1.2282     1.0245     0.9863       1.0797
an_2_r                   1.1024     1.0074     1.0121       1.0407
an_3_r                   1.0008     1.0010     1.0011       1.0010
ma_l                     1.0005     1.0008     1.0008       1.0007
an_1_l                   1.1876     1.0173     1.0220       1.0756
an_2_l                   1.0873     1.0003     1.0033       1.0303
an_3_l                   1.0009     1.0004     1.0012       1.0008

Summary Statistics:
  Mean scale (all joints, all axes): 1.0393
  Std scale (all joints, all axes): 0.1115
  Min scale: 0.7738
  Max scale: 1.4101
  Joints with scale > 1.1: 22
  Joints with scale < 0.9: 6
======================================================================


[Sample 2] Input fingerprint (img patch mean): 0.592601
  trans: [0.0074, 0.0104, 0.3265]
  global_rot[0:3]: [-0.6533, -0.0446, 0.1806]
  fov_per_view[0]: 35.6994
  mesh_scale: 0.0414
  Mean pred 3D: [0.0060, 0.0095, 0.3317]
  Mean GT 3D:  [0.0038, 0.0074, 0.2543]
  Root rot magnitude: 164.82°

=== Joint Scales for Sample 3 (Single-View Renders) ===
Mode: separate
Joint Name              Scale X    Scale Y    Scale Z   Mean Scale
----------------------------------------------------------------------
b_t                      1.0011     1.0011     1.0009       1.0010
b_a_1                    1.0307     0.9978     0.8822       0.9702
b_a_2                    0.9465     0.9979     0.9934       0.9793
b_a_3                    0.9745     0.9997     1.0052       0.9932
b_a_4                    1.0029     1.0014     1.0020       1.0021
b_a_5                    1.0010     1.0013     1.0013       1.0012
l_1_co_r                 1.0691     1.2532     1.1911       1.1711
l_1_tr_r                 1.0433     1.1545     1.1845       1.1274
l_1_fe_r                 0.9965     0.9945     1.4472       1.1461
l_1_ti_r                 0.9181     0.9692     0.8775       0.9216
l_1_ta_r                 0.9513     0.9831     0.9956       0.9767
l_1_pt_r                 1.0001     1.0020     1.0013       1.0011
l_2_co_r                 1.1674     1.1417     1.0448       1.1179
l_2_tr_r                 1.0286     1.2918     1.0356       1.1187
l_2_fe_r                 1.0893     0.9252     1.3116       1.1087
l_2_ti_r                 1.0626     0.8966     0.9022       0.9538
l_2_ta_r                 1.0183     0.9885     0.9806       0.9958
l_2_pt_r                 1.0006     1.0023     1.0011       1.0013
l_3_co_r                 1.0601     0.8300     1.2716       1.0539
l_3_tr_r                 1.0562     1.1986     1.3082       1.1876
l_3_fe_r                 0.8877     0.9601     1.3548       1.0675
l_3_ti_r                 0.9533     0.9858     0.9505       0.9632
l_3_ta_r                 1.0177     1.0170     0.9885       1.0077
l_3_pt_r                 1.0006     1.0015     1.0013       1.0012
w_1_r                    1.0012     1.0016     1.0013       1.0014
w_2_r                    1.0003     1.0013     1.0026       1.0014
l_1_co_l                 1.0652     1.4078     1.0576       1.1769
l_1_tr_l                 1.0093     1.2352     1.0819       1.1088
l_1_fe_l                 1.0194     1.0160     1.1888       1.0747
l_1_ti_l                 0.9157     0.9803     0.9027       0.9329
l_1_ta_l                 0.9699     0.9653     0.9755       0.9703
l_1_pt_l                 1.0004     1.0023     1.0007       1.0011
l_2_co_l                 1.0763     1.2006     1.2342       1.1704
l_2_tr_l                 0.9971     1.2233     1.1348       1.1184
l_2_fe_l                 1.0186     0.9361     1.3420       1.0989
l_2_ti_l                 1.0065     0.8917     0.8141       0.9041
l_2_ta_l                 1.0037     0.8935     0.9597       0.9523
l_2_pt_l                 1.0010     0.9966     0.9997       0.9991
l_3_co_l                 1.2639     0.8659     1.0020       1.0439
l_3_tr_l                 1.1747     1.2032     1.2104       1.1961
l_3_fe_l                 1.0415     1.0138     1.3082       1.1211
l_3_ti_l                 0.9609     0.9895     0.9289       0.9598
l_3_ta_l                 1.0550     1.0437     0.9936       1.0307
l_3_pt_l                 1.0035     1.0027     1.0007       1.0023
w_1_l                    0.9459     1.0300     1.0169       0.9976
w_2_l                    1.0020     1.0008     1.0008       1.0012
b_h                      1.4618     1.2260     1.0586       1.2488
ma_r                     1.0005     1.0016     1.0010       1.0011
an_1_r                   1.2648     1.0329     0.9976       1.0984
an_2_r                   1.1214     1.0136     1.0123       1.0491
an_3_r                   1.0006     1.0008     1.0010       1.0008
ma_l                     1.0015     1.0006     1.0010       1.0010
an_1_l                   1.2098     1.0133     1.0189       1.0807
an_2_l                   1.1084     1.0031     0.9998       1.0371
an_3_l                   1.0009     1.0008     1.0011       1.0010

Summary Statistics:
  Mean scale (all joints, all axes): 1.0409
  Std scale (all joints, all axes): 0.1145
  Min scale: 0.8141
  Max scale: 1.4618
  Joints with scale > 1.1: 23
  Joints with scale < 0.9: 8
======================================================================


[Sample 3] Input fingerprint (img patch mean): 0.594096
  trans: [0.0055, 0.0092, 0.3278]
  global_rot[0:3]: [0.6808, 0.1909, 0.1007]
  fov_per_view[0]: 35.6992
  mesh_scale: 0.0399
  Mean pred 3D: [0.0037, 0.0114, 0.3326]
  Mean GT 3D:  [0.0029, 0.0077, 0.2369]
  Root rot magnitude: 178.02°

=== Joint Scales for Sample 4 (Single-View Renders) ===
Mode: separate
Joint Name              Scale X    Scale Y    Scale Z   Mean Scale
----------------------------------------------------------------------
b_t                      1.0000     0.9989     0.9995       0.9995
b_a_1                    1.2397     1.0010     0.9787       1.0732
b_a_2                    1.1341     0.9979     0.9978       1.0433
b_a_3                    1.0586     0.9990     1.0085       1.0220
b_a_4                    1.0017     0.9982     1.0021       1.0007
b_a_5                    0.9992     0.9989     0.9985       0.9989
l_1_co_r                 1.0972     1.1612     0.9726       1.0770
l_1_tr_r                 1.0151     1.1578     1.2330       1.1353
l_1_fe_r                 0.9973     0.8496     1.4051       1.0840
l_1_ti_r                 0.8625     0.9382     0.7524       0.8510
l_1_ta_r                 0.8912     0.9176     0.9620       0.9236
l_1_pt_r                 0.9981     0.9978     0.9975       0.9978
l_2_co_r                 1.0972     0.9562     0.9703       1.0079
l_2_tr_r                 1.0090     1.4592     1.0416       1.1699
l_2_fe_r                 1.0196     0.8267     1.3118       1.0527
l_2_ti_r                 1.0198     0.8097     0.7361       0.8552
l_2_ta_r                 0.9999     0.8362     0.9517       0.9293
l_2_pt_r                 0.9989     0.9966     0.9977       0.9977
l_3_co_r                 1.0549     0.9752     1.5146       1.1816
l_3_tr_r                 1.0158     1.3305     1.3002       1.2155
l_3_fe_r                 0.8077     0.9403     1.1451       0.9644
l_3_ti_r                 0.8554     0.8423     0.8240       0.8405
l_3_ta_r                 0.9554     0.9206     1.0068       0.9610
l_3_pt_r                 1.0000     0.9997     0.9982       0.9993
w_1_r                    0.9985     0.9992     0.9981       0.9986
w_2_r                    0.9982     0.9989     0.9978       0.9983
l_1_co_l                 1.1020     1.3551     1.0344       1.1638
l_1_tr_l                 0.9991     1.2957     1.0860       1.1270
l_1_fe_l                 0.9799     0.8581     1.1718       1.0033
l_1_ti_l                 0.8969     0.8679     0.7883       0.8510
l_1_ta_l                 0.9058     0.8972     0.9442       0.9157
l_1_pt_l                 0.9975     0.9960     1.0001       0.9979
l_2_co_l                 1.0382     1.0677     1.1962       1.1007
l_2_tr_l                 0.9842     1.3034     1.0608       1.1161
l_2_fe_l                 0.9840     0.8628     1.3612       1.0693
l_2_ti_l                 0.9959     0.7899     0.6765       0.8208
l_2_ta_l                 0.9941     0.7934     0.9276       0.9050
l_2_pt_l                 0.9991     0.9962     0.9983       0.9979
l_3_co_l                 1.2907     0.9291     1.1110       1.1102
l_3_tr_l                 1.1858     1.3856     1.2309       1.2674
l_3_fe_l                 0.8583     0.9430     1.1077       0.9697
l_3_ti_l                 0.8201     0.8870     0.7910       0.8327
l_3_ta_l                 0.9912     0.9658     0.9927       0.9832
l_3_pt_l                 1.0002     1.0006     0.9986       0.9998
w_1_l                    0.9856     1.0052     1.0056       0.9988
w_2_l                    0.9987     0.9984     0.9999       0.9990
b_h                      1.2021     1.2184     0.9945       1.1383
ma_r                     0.9985     0.9992     0.9988       0.9988
an_1_r                   1.2877     1.0153     1.0017       1.1016
an_2_r                   1.1368     1.0124     1.0117       1.0536
an_3_r                   0.9994     0.9990     1.0001       0.9995
ma_l                     0.9983     0.9996     0.9983       0.9988
an_1_l                   1.4430     1.0212     0.9848       1.1497
an_2_l                   1.2128     1.0113     1.0083       1.0774
an_3_l                   0.9988     0.9984     0.9990       0.9987

Summary Statistics:
  Mean scale (all joints, all axes): 1.0204
  Std scale (all joints, all axes): 0.1410
  Min scale: 0.6765
  Max scale: 1.5146
  Joints with scale > 1.1: 24
  Joints with scale < 0.9: 16
======================================================================


[Sample 4] Input fingerprint (img patch mean): 0.564680
  trans: [-0.0026, -0.0056, 0.3167]
  global_rot[0:3]: [-0.6921, -0.7262, 0.2374]
  fov_per_view[0]: 35.4987
  mesh_scale: 0.0553
  Mean pred 3D: [-0.0021, -0.0078, 0.3227]
  Mean GT 3D:  [-0.0026, -0.0059, 0.2474]
  Root rot magnitude: 169.91°
Generated single-view renders for 5 samples (epoch 369) in /hpcwork/mkd34160/smilify_runs/multiview_lam1e-3/singleview_renders/epoch_369

Epoch 370 Summary:
  Train Loss: 0.0000
  Val Loss: 0.0000
  Loss Components (Train / Val):
    betas               : 0.000067 / 0.000015
    cam_rot             : 0.000000 / 0.000000
    cam_trans           : 0.000000 / 0.000000
    fov                 : 0.000359 / 0.000373
    ief_pose_delta_1    : 7.641050 / 7.646888
    ief_pose_delta_2    : 12.429110 / 12.431038
    joint_angle_regularization: 0.107026 / 0.106086
    joint_limit_regularization: 0.000107 / 0.000089
    joint_rot           : 0.000000 / 0.000000
    keypoint_2d         : 0.000022 / 0.000020
    keypoint_3d         : 0.000000 / 0.000000
    limb_scale_regularization: 0.008873 / 0.008787
    limb_trans_regularization: 0.000000 / 0.000000
    trans               : 0.000000 / 0.000000
  LR (curriculum): 1.00e-05
  Key loss weights: kp2d=0.1000, joint_rot=0.0010, limb_scale_reg=0.000050, limb_trans_reg=0.500000
Checkpoint saved: /hpcwork/mkd34160/smilify_runs/multiview_lam1e-3/checkpoints/final_model.pth

Training completed!
Best validation loss: 0.0000
Checkpoints saved to: /hpcwork/mkd34160/smilify_runs/multiview_lam1e-3/checkpoints
Training plots saved to: /hpcwork/mkd34160/smilify_runs/multiview_lam1e-3/plots
Done (multiview, lambda=1e-3, 8 rank(s)) — Tue Sep  8 19:31:53 CEST 2026
