==================================================================
Job 3414558 task 2 on n25g0005.hpc.itc.rwth-aachen.de — Wed Sep  2 01:57:22 CEST 2026
  arm    : CONSTRAINED / singleview / lambda=1e-2
  cluster: RWTH CLAIX-2023 | partition c25g | account rwth2151
  wall   : ends Thu Sep  3 01:56:37 CEST 2026
  repo   : /rwthfs/rz/cluster/home/mkd34160/test/SMILify
  env    : /hpcwork/mkd34160/conda_envs/pytorch3d
  config : configs_runs/singleview_lam1e-2.json
  gpus   : 4 per node x 1 node(s) = 4 rank(s)  [from SLURM_GPUS_ON_NODE]
==================================================================
  torch  : 2.3.1, CUDA 11.8, 4 GPU(s) visible
  resume checkpoint : /home/mkd34160/test/SMILify/singleview_SMILySTICKS_3D_ViT_checkpoints/best_model.pth (epoch 386)
  start epoch       : 387
  num_epochs (end)  : 437
  -> will train 50 epoch(s)
  SWEEP INVARIANT   : this arm trains 50 epochs — every other lambda MUST match.
  joint_limit_regularization: 0.01  (array task expects 0.01)
  smal_file         : 3D_model_prep/SMILy_STICK_limits_authored.pkl
  authored limits   : 129/162 non-root axes constrained (80%), across 43 joints
  NOTE: the penalty is a mean over ALL 162 non-root axes, so the effective
        prior strength is w x 0.80. At w=0.01 that is an effective 0.007963.
  peer weights      : keypoint_2d=0.1, keypoint_3d=0.25, joint_angle_regularization=0.001
  -> effective limit weight is 0.0319x the keypoint weight.
     If the ratio is <<1 the hinge cannot move the pose; that is a RESULT for this
     lambda, not a bug — it is what the sweep is measuring.
  batch_size 16 per rank x 4 rank(s) -> effective 64 (batch_size is PER PROCESS under DDP)
  SWEEP INVARIANT   : effective batch 64 — every other lambda MUST match.
  save_checkpoint_every: 2 (a wall-clock timeout costs at most this many epochs)
  checkpoints -> /hpcwork/mkd34160/smilify_runs/singleview_lam1e-2/checkpoints
  generate_visualizations_every: 10  plot_history_every: 10  samples: 5
  free space on /hpcwork/mkd34160/smilify_runs/singleview_lam1e-2/checkpoints: 667 GB (advisory — statvfs shows the FILESYSTEM, not your quota)
  lr source         : config optimizer.lr_schedule
  lr                : constant 1e-05 across [387, 437)

=== /rwthfs/rz/cluster/home/mkd34160/test/SMILify/configs_runs/singleview_lam1e-2.json ===
  mode: singleview
  resume checkpoint: /home/mkd34160/test/SMILify/singleview_SMILySTICKS_3D_ViT_checkpoints/best_model.pth (epoch 386)
  inferred from tensors: {'hidden_dim': 1024}
  note: config declares hidden_dim=512 but backbone 'vit_large_patch16_224' forces 1024 via get_adjusted_hidden_dim() — the declared value is unused
  architecture: consistent with the checkpoint

Pre-flight OK — safe to submit.
  launch : torchrun on this node, rendezvous on localhost:29402
[config] SMAL_FILE overridden to: 3D_model_prep/SMILy_STICK_limits_authored.pkl
[config] SMAL_FILE overridden to: 3D_model_prep/SMILy_STICK_limits_authored.pkl[config] N_POSE=54, N_BETAS=5, joints=55

[config] SMAL_FILE overridden to: 3D_model_prep/SMILy_STICK_limits_authored.pkl[config] N_POSE=54, N_BETAS=5, joints=55

[config] SMAL_FILE overridden to: 3D_model_prep/SMILy_STICK_limits_authored.pkl[config] N_POSE=54, N_BETAS=5, joints=55

[config] N_POSE=54, N_BETAS=5, joints=55
Loaded config from: configs_runs/singleview_lam1e-2.json
Resolved config saved to: /hpcwork/mkd34160/smilify_runs/singleview_lam1e-2/checkpoints/config.json
Loaded config from: configs_runs/singleview_lam1e-2.json
Resolved config saved to: /hpcwork/mkd34160/smilify_runs/singleview_lam1e-2/checkpoints/config.json
Loaded config from: configs_runs/singleview_lam1e-2.json
Resolved config saved to: /hpcwork/mkd34160/smilify_runs/singleview_lam1e-2/checkpoints/config.json
Detected torchrun/HPC launch environment:
  Global rank: 0
  Local rank (GPU): 0
  World size: 4
  MASTER_ADDR: n25g0005.hpc.itc.rwth-aachen.de
  MASTER_PORT: 53951
Loaded config from: configs_runs/singleview_lam1e-2.json
Resolved config saved to: /hpcwork/mkd34160/smilify_runs/singleview_lam1e-2/checkpoints/config.json
[config] SMAL_FILE overridden to: 3D_model_prep/SMILy_STICK_limits_authored.pkl
[config] N_POSE=54, N_BETAS=5, joints=55
[config] SMAL_FILE overridden to: 3D_model_prep/SMILy_STICK_limits_authored.pkl
[config] N_POSE=54, N_BETAS=5, joints=55
[config] SMAL_FILE overridden to: 3D_model_prep/SMILy_STICK_limits_authored.pkl
[config] N_POSE=54, N_BETAS=5, joints=55
[config] SMAL_FILE overridden to: 3D_model_prep/SMILy_STICK_limits_authored.pkl
[config] N_POSE=54, N_BETAS=5, joints=55
============================================================
SMIL Training Configuration Summary
============================================================
Dataset: RealSMILyMouseFalknerFROM3D_no_crop
Data Path: RealSMILyMouseFalknerFROM3D_no_crop.h5
Train/Val/Test Split: 85.0%/5.0%/10.0%

Training Parameters:
  batch_size: 16
  num_epochs: 437
  learning_rate: 0.0001
  weight_decay: 0.0001
  seed: 42
  rotation_representation: 6d
  resume_checkpoint: /home/mkd34160/test/SMILify/singleview_SMILySTICKS_3D_ViT_checkpoints/best_model.pth
  num_workers: 8
  pin_memory: True
  prefetch_factor: 16

Model Configuration:
  backbone_name: vit_large_patch16_224
  freeze_backbone: True
  hidden_dim: 1024
  rgb_only: False
  use_unity_prior: False
  head_type: transformer_decoder
  Backbone type: Vision Transformer
  Feature dimension: 1024
  Regression head: transformer_decoder
  Transformer decoder config:
    hidden_dim: 1024
    depth: 6
    heads: 8
    dim_head: 64
    mlp_dim: 1024
    dropout: 0.1
    ief_iters: 3
    trans_scale_factor: 1

Loss Curriculum:
  Base weights:
    global_rot: 0.0
    joint_rot: 0.001
    betas: 0.0005
    trans: 0.0005
    fov: 0.0
    cam_rot: 0.0
    cam_trans: 0.0
    log_beta_scales: 0.0005
    betas_trans: 0.0005
    keypoint_2d: 0.1
    keypoint_3d: 0.25
    silhouette: 0.0
    joint_angle_regularization: 0.001
    limb_scale_regularization: 0.1
    limb_trans_regularization: 1
    joint_limit_regularization: 0.01
  Curriculum stages:
    Epoch 20+: {'keypoint_3d': 0.5, 'joint_angle_regularization': 0.0001}
    Epoch 50+: {'keypoint_3d': 1, 'joint_angle_regularization': 1e-05}
    Epoch 60+: {'keypoint_3d': 2, 'joint_angle_regularization': 1e-06, 'limb_scale_regularization': 0.001, 'limb_trans_regularization': 0.5}
    Epoch 120+: {'keypoint_3d': 2, 'joint_angle_regularization': 1e-06, 'limb_scale_regularization': 0.0005, 'limb_trans_regularization': 0.5}
    Epoch 200+: {'keypoint_3d': 2, 'joint_angle_regularization': 1e-06, 'limb_scale_regularization': 0.0001, 'limb_trans_regularization': 0.5}
    Epoch 250+: {'keypoint_3d': 2, 'joint_angle_regularization': 1e-06, 'limb_scale_regularization': 5e-05, 'limb_trans_regularization': 0.5}
    Epoch 300+: {'keypoint_3d': 2, 'joint_angle_regularization': 5e-07, 'limb_scale_regularization': 5e-05, 'limb_trans_regularization': 0.5}
    Epoch 400+: {'keypoint_3d': 2, 'joint_angle_regularization': 2e-07, 'limb_scale_regularization': 1e-05, 'limb_trans_regularization': 0.5}

Learning Rate Curriculum:
  Base learning rate: 0.0001
  Learning rate stages:
    Epoch 0+: 0.0001
    Epoch 120+: 5e-05
    Epoch 200+: 1e-05

Output Configuration:
  checkpoint_dir: /hpcwork/mkd34160/smilify_runs/singleview_lam1e-2/checkpoints
  plots_dir: /hpcwork/mkd34160/smilify_runs/singleview_lam1e-2/plots
  visualizations_dir: /hpcwork/mkd34160/smilify_runs/singleview_lam1e-2/visualizations
  train_visualizations_dir: /hpcwork/mkd34160/smilify_runs/singleview_lam1e-2/visualizations_train
  save_checkpoint_every: 2
  generate_visualizations_every: 10
  plot_history_every: 10
  num_visualization_samples: 5
============================================================
Random seed set to: 42
Using device override: cuda:0
Loading dataset...
Using rotation representation: 6d
Using backbone: vit_large_patch16_224

======================================================================
SINGLE DATASET TRAINING MODE (Legacy)
======================================================================
SLEAP dataset support: enabled
Dataset size: 506250
Original resolution: 512
Target resolution: 512
Single-view-from-multiview split (sample-grouped, seed=42): 86062/5062/10126 samples -> 430310/25310/50630 view-items
Train set: 430310 samples
Validation set: 25310 samples
Test set: 50630 samples
Data loading configuration:
  Workers: 8
  Pin memory: True
  Prefetch factor: 16
  Matplotlib backend: Agg
Using distributed samplers for 4 GPUs
Effective batch size per GPU: 16
Total effective batch size: 64
Rank 0: Train sampler size: 107578, Val sampler size: 6328
Successfully created data loaders with 8 workers
Memory Status Before model initialization:
  GPU: 0.0MB / 81079.0MB (0.0%)
  System: 20945.1MB / 772998.7MB (2.7%)
Memory recommendations for vit_large_patch16_224:
  backbone_name: vit_large_patch16_224
  freeze_backbone: True
  use_mixed_precision: True
  use_gradient_checkpointing: True
  target_memory_gb: 19.200000000000003
  estimated_batch_size: 16
  hidden_dim: 1024
Initializing model...
Using backbone: vit_large_patch16_224
Using input resolution: 224x224 (backbone: vit_large_patch16_224)
[ViTBackbone:vit_large_patch16_224] input normalization: mean=[0.5, 0.5, 0.5], std=[0.5, 0.5, 0.5]
[ViTBackbone:vit_large_patch16_224] input normalization: mean=[0.5, 0.5, 0.5], std=[0.5, 0.5, 0.5]
[ViTBackbone:vit_large_patch16_224] input normalization: mean=[0.5, 0.5, 0.5], std=[0.5, 0.5, 0.5]
[ViTBackbone:vit_large_patch16_224] input normalization: mean=[0.5, 0.5, 0.5], std=[0.5, 0.5, 0.5]
Model created with head type: transformer_decoder
Scale/Translation mode: separate
Transformer decoder config: {'hidden_dim': 1024, 'depth': 6, 'heads': 8, 'dim_head': 64, 'mlp_dim': 1024, 'dropout': 0.1, 'ief_iters': 3, 'trans_scale_factor': 1}
  Trans scale factor: 1
Memory Status After model initialization:
  GPU: 1310.2MB / 81079.0MB (1.6%)
  System: 26052.4MB / 772998.7MB (3.4%)
Model wrapped with DistributedDataParallel on 4 GPUs
Model parameters: 329,919,097
  Backbone parameters: 303,301,632
  Transformer decoder parameters: 26,614,771
Using conservative learning rate for transformer decoder: 1.0000000000000002e-06
Optimizer parameter groups created:
  Backbone/other groups: 2
    -  (lr=0.0001)
    -  (lr=0.0001)
  Transformer groups: 0
  Total groups: 2

Optimizer configuration:
  Type: AdamW
  Initial learning rate: 0.0001
  Weight decay: 0.0001
  Number of parameter groups: 2
  Group 0: 294 tensors, 303,301,632 total parameters, lr=0.0001
  Group 1: 107 tensors, 26,614,771 total parameters, lr=0.0001
Loading checkpoint from: /home/mkd34160/test/SMILify/singleview_SMILySTICKS_3D_ViT_checkpoints/best_model.pth
Converting non-DDP checkpoint to DDP model...
Model state loaded successfully

Optimizer parameter group comparison:
  Current optimizer has 2 parameter group(s)
  Checkpoint has 2 parameter group(s)
  Group 0:
    Current: 294 parameters, lr=0.0001
    Checkpoint: 294 parameters, lr=1.0000000000000002e-06
  Group 1:
    Current: 107 parameters, lr=0.0001
    Checkpoint: 107 parameters, lr=1.0000000000000002e-06

Optimizer state loaded successfully
Learning rate updated to 1e-05 for resumed epoch 387
Loaded training history with 387 epochs
Loaded validation history with 387 epochs
Loaded training parameter error history with 387 epochs
Loaded validation parameter error history with 387 epochs
Resuming training from epoch 387
Best validation loss so far: 0.000002
Starting training...
Resuming from epoch 387
Learning rate updated to 1.0000000000000002e-06 (group '') at epoch 387
Learning rate updated to 1.0000000000000002e-06 (group '') at epoch 387
Joint importance: 6/6 joints matched, multiplier=10.0
Joint importance: 6/6 joints matched, multiplier=10.0Joint importance: 6/6 joints matched, multiplier=10.0Joint importance: 6/6 joints matched, multiplier=10.0



Epoch 387:
  Train Loss = 0.000015, Val Loss = 0.000006, LR = 1.00e-05
  Parameter Errors (Train / Val):
    betas          : 0.000563 / 0.000051
    betas_trans    : 0.000000 / 0.000000
    cam_rot        : 0.000000 / 0.000000
    cam_trans      : 0.000000 / 0.000000
    fov            : 0.000000 / 0.000000
    global_rot     : 0.000000 / 0.000000
    joint_angle_regularization: 0.078231 / 0.078381
    joint_limit_regularization: 0.000599 / 0.000076
    joint_rot      : 0.000000 / 0.000000
    keypoint_2d    : 0.000054 / 0.000032
    keypoint_3d    : 0.000001 / 0.000001
    limb_scale_regularization: 0.007251 / 0.008994
    limb_trans_regularization: 0.000001 / 0.000001
    log_beta_scales: 0.000000 / 0.000000
    silhouette     : 0.000000 / 0.000000
    trans          : 0.000000 / 0.000000
  Checkpoint saved at epoch 387

Epoch 388:
  Train Loss = 0.000006, Val Loss = 0.000005, LR = 1.00e-05
  Parameter Errors (Train / Val):
    betas          : 0.000223 / 0.000033
    betas_trans    : 0.000000 / 0.000000
    cam_rot        : 0.000000 / 0.000000
    cam_trans      : 0.000000 / 0.000000
    fov            : 0.000000 / 0.000000
    global_rot     : 0.000000 / 0.000000
    joint_angle_regularization: 0.080526 / 0.082535
    joint_limit_regularization: 0.000061 / 0.000036
    joint_rot      : 0.000000 / 0.000000
    keypoint_2d    : 0.000033 / 0.000026
    keypoint_3d    : 0.000001 / 0.000001
    limb_scale_regularization: 0.009489 / 0.009751
    limb_trans_regularization: 0.000001 / 0.000000
    log_beta_scales: 0.000000 / 0.000000
    silhouette     : 0.000000 / 0.000000
    trans          : 0.000000 / 0.000000

Epoch 389:
  Train Loss = 0.000005, Val Loss = 0.000004, LR = 1.00e-05
  Parameter Errors (Train / Val):
    betas          : 0.000158 / 0.000025
    betas_trans    : 0.000000 / 0.000000
    cam_rot        : 0.000000 / 0.000000
    cam_trans      : 0.000000 / 0.000000
    fov            : 0.000000 / 0.000000
    global_rot     : 0.000000 / 0.000000
    joint_angle_regularization: 0.084155 / 0.085428
    joint_limit_regularization: 0.000036 / 0.000023
    joint_rot      : 0.000000 / 0.000000
    keypoint_2d    : 0.000028 / 0.000023
    keypoint_3d    : 0.000001 / 0.000001
    limb_scale_regularization: 0.009734 / 0.009638
    limb_trans_regularization: 0.000000 / 0.000000
    log_beta_scales: 0.000000 / 0.000000
    silhouette     : 0.000000 / 0.000000
    trans          : 0.000000 / 0.000000
  Checkpoint saved at epoch 389
Visualizing 5 samples from dataset: unknown
Generated 5 visualization images for epoch 389 in /hpcwork/mkd34160/smilify_runs/singleview_lam1e-2/visualizations/epoch_389
Visualizing 5 samples from dataset: unknown
Generated 5 visualization images for epoch 389 in /hpcwork/mkd34160/smilify_runs/singleview_lam1e-2/visualizations_train/epoch_389

Epoch 390:
  Train Loss = 0.000005, Val Loss = 0.000004, LR = 1.00e-05
  Parameter Errors (Train / Val):
    betas          : 0.000125 / 0.000020
    betas_trans    : 0.000000 / 0.000000
    cam_rot        : 0.000000 / 0.000000
    cam_trans      : 0.000000 / 0.000000
    fov            : 0.000000 / 0.000000
    global_rot     : 0.000000 / 0.000000
    joint_angle_regularization: 0.086636 / 0.087504
    joint_limit_regularization: 0.000025 / 0.000017
    joint_rot      : 0.000000 / 0.000000
    keypoint_2d    : 0.000026 / 0.000022
    keypoint_3d    : 0.000001 / 0.000001
    limb_scale_regularization: 0.009517 / 0.009367
    limb_trans_regularization: 0.000000 / 0.000000
    log_beta_scales: 0.000000 / 0.000000
    silhouette     : 0.000000 / 0.000000
    trans          : 0.000000 / 0.000000

Epoch 391:
  Train Loss = 0.000005, Val Loss = 0.000004, LR = 1.00e-05
  Parameter Errors (Train / Val):
    betas          : 0.000116 / 0.000018
    betas_trans    : 0.000000 / 0.000000
    cam_rot        : 0.000000 / 0.000000
    cam_trans      : 0.000000 / 0.000000
    fov            : 0.000000 / 0.000000
    global_rot     : 0.000000 / 0.000000
    joint_angle_regularization: 0.088472 / 0.089264
    joint_limit_regularization: 0.000018 / 0.000013
    joint_rot      : 0.000000 / 0.000000
    keypoint_2d    : 0.000025 / 0.000021
    keypoint_3d    : 0.000001 / 0.000001
    limb_scale_regularization: 0.009235 / 0.009134
    limb_trans_regularization: 0.000000 / 0.000000
    log_beta_scales: 0.000000 / 0.000000
    silhouette     : 0.000000 / 0.000000
    trans          : 0.000000 / 0.000000
  Checkpoint saved at epoch 391

Epoch 392:
  Train Loss = 0.000004, Val Loss = 0.000004, LR = 1.00e-05
  Parameter Errors (Train / Val):
    betas          : 0.000094 / 0.000018
    betas_trans    : 0.000000 / 0.000000
    cam_rot        : 0.000000 / 0.000000
    cam_trans      : 0.000000 / 0.000000
    fov            : 0.000000 / 0.000000
    global_rot     : 0.000000 / 0.000000
    joint_angle_regularization: 0.089700 / 0.091122
    joint_limit_regularization: 0.000016 / 0.000011
    joint_rot      : 0.000000 / 0.000000
    keypoint_2d    : 0.000024 / 0.000020
    keypoint_3d    : 0.000001 / 0.000001
    limb_scale_regularization: 0.009036 / 0.008947
    limb_trans_regularization: 0.000000 / 0.000000
    log_beta_scales: 0.000000 / 0.000000
    silhouette     : 0.000000 / 0.000000
    trans          : 0.000000 / 0.000000

Epoch 393:
  Train Loss = 0.000004, Val Loss = 0.000004, LR = 1.00e-05
  Parameter Errors (Train / Val):
    betas          : 0.000097 / 0.000015
    betas_trans    : 0.000000 / 0.000000
    cam_rot        : 0.000000 / 0.000000
    cam_trans      : 0.000000 / 0.000000
    fov            : 0.000000 / 0.000000
    global_rot     : 0.000000 / 0.000000
    joint_angle_regularization: 0.091568 / 0.092446
    joint_limit_regularization: 0.000013 / 0.000010
    joint_rot      : 0.000000 / 0.000000
    keypoint_2d    : 0.000023 / 0.000020
    keypoint_3d    : 0.000001 / 0.000001
    limb_scale_regularization: 0.008756 / 0.008760
    limb_trans_regularization: 0.000000 / 0.000000
    log_beta_scales: 0.000000 / 0.000000
    silhouette     : 0.000000 / 0.000000
    trans          : 0.000000 / 0.000000
  Checkpoint saved at epoch 393

Epoch 394:
  Train Loss = 0.000004, Val Loss = 0.000004, LR = 1.00e-05
  Parameter Errors (Train / Val):
    betas          : 0.000079 / 0.000014
    betas_trans    : 0.000000 / 0.000000
    cam_rot        : 0.000000 / 0.000000
    cam_trans      : 0.000000 / 0.000000
    fov            : 0.000000 / 0.000000
    global_rot     : 0.000000 / 0.000000
    joint_angle_regularization: 0.092440 / 0.093649
    joint_limit_regularization: 0.000011 / 0.000008
    joint_rot      : 0.000000 / 0.000000
    keypoint_2d    : 0.000022 / 0.000019
    keypoint_3d    : 0.000001 / 0.000000
    limb_scale_regularization: 0.008624 / 0.008646
    limb_trans_regularization: 0.000000 / 0.000000
    log_beta_scales: 0.000000 / 0.000000
    silhouette     : 0.000000 / 0.000000
    trans          : 0.000000 / 0.000000

Epoch 395:
  Train Loss = 0.000004, Val Loss = 0.000003, LR = 1.00e-05
  Parameter Errors (Train / Val):
    betas          : 0.000114 / 0.000013
    betas_trans    : 0.000000 / 0.000000
    cam_rot        : 0.000000 / 0.000000
    cam_trans      : 0.000000 / 0.000000
    fov            : 0.000000 / 0.000000
    global_rot     : 0.000000 / 0.000000
    joint_angle_regularization: 0.093759 / 0.094491
    joint_limit_regularization: 0.000011 / 0.000007
    joint_rot      : 0.000000 / 0.000000
    keypoint_2d    : 0.000022 / 0.000019
    keypoint_3d    : 0.000001 / 0.000000
    limb_scale_regularization: 0.008558 / 0.008539
    limb_trans_regularization: 0.000000 / 0.000000
    log_beta_scales: 0.000000 / 0.000000
    silhouette     : 0.000000 / 0.000000
    trans          : 0.000000 / 0.000000
  Checkpoint saved at epoch 395

Epoch 396:
  Train Loss = 0.000004, Val Loss = 0.000003, LR = 1.00e-05
  Parameter Errors (Train / Val):
    betas          : 0.000077 / 0.000014
    betas_trans    : 0.000000 / 0.000000
    cam_rot        : 0.000000 / 0.000000
    cam_trans      : 0.000000 / 0.000000
    fov            : 0.000000 / 0.000000
    global_rot     : 0.000000 / 0.000000
    joint_angle_regularization: 0.095136 / 0.095781
    joint_limit_regularization: 0.000009 / 0.000007
    joint_rot      : 0.000000 / 0.000000
    keypoint_2d    : 0.000021 / 0.000018
    keypoint_3d    : 0.000001 / 0.000000
    limb_scale_regularization: 0.008433 / 0.008424
    limb_trans_regularization: 0.000000 / 0.000000
    log_beta_scales: 0.000000 / 0.000000
    silhouette     : 0.000000 / 0.000000
    trans          : 0.000000 / 0.000000

Epoch 397:
  Train Loss = 0.000004, Val Loss = 0.000003, LR = 1.00e-05
  Parameter Errors (Train / Val):
    betas          : 0.000068 / 0.000013
    betas_trans    : 0.000000 / 0.000000
    cam_rot        : 0.000000 / 0.000000
    cam_trans      : 0.000000 / 0.000000
    fov            : 0.000000 / 0.000000
    global_rot     : 0.000000 / 0.000000
    joint_angle_regularization: 0.095769 / 0.096768
    joint_limit_regularization: 0.000009 / 0.000006
    joint_rot      : 0.000000 / 0.000000
    keypoint_2d    : 0.000021 / 0.000018
    keypoint_3d    : 0.000001 / 0.000000
    limb_scale_regularization: 0.008377 / 0.008378
    limb_trans_regularization: 0.000000 / 0.000000
    log_beta_scales: 0.000000 / 0.000000
    silhouette     : 0.000000 / 0.000000
    trans          : 0.000000 / 0.000000
  Checkpoint saved at epoch 397

Epoch 398:
  Train Loss = 0.000004, Val Loss = 0.000003, LR = 1.00e-05
  Parameter Errors (Train / Val):
    betas          : 0.000067 / 0.000013
    betas_trans    : 0.000000 / 0.000000
    cam_rot        : 0.000000 / 0.000000
    cam_trans      : 0.000000 / 0.000000
    fov            : 0.000000 / 0.000000
    global_rot     : 0.000000 / 0.000000
    joint_angle_regularization: 0.096873 / 0.097693
    joint_limit_regularization: 0.000008 / 0.000006
    joint_rot      : 0.000000 / 0.000000
    keypoint_2d    : 0.000021 / 0.000018
    keypoint_3d    : 0.000001 / 0.000000
    limb_scale_regularization: 0.008246 / 0.008297
    limb_trans_regularization: 0.000000 / 0.000000
    log_beta_scales: 0.000000 / 0.000000
    silhouette     : 0.000000 / 0.000000
    trans          : 0.000000 / 0.000000

Epoch 399:
  Train Loss = 0.000004, Val Loss = 0.000003, LR = 1.00e-05
  Parameter Errors (Train / Val):
    betas          : 0.000112 / 0.000012
    betas_trans    : 0.000000 / 0.000000
    cam_rot        : 0.000000 / 0.000000
    cam_trans      : 0.000000 / 0.000000
    fov            : 0.000000 / 0.000000
    global_rot     : 0.000000 / 0.000000
    joint_angle_regularization: 0.097453 / 0.098493
    joint_limit_regularization: 0.000007 / 0.000005
    joint_rot      : 0.000000 / 0.000000
    keypoint_2d    : 0.000021 / 0.000018
    keypoint_3d    : 0.000001 / 0.000000
    limb_scale_regularization: 0.008232 / 0.008276
    limb_trans_regularization: 0.000000 / 0.000000
    log_beta_scales: 0.000000 / 0.000000
    silhouette     : 0.000000 / 0.000000
    trans          : 0.000000 / 0.000000
  Checkpoint saved at epoch 399
Visualizing 5 samples from dataset: unknown
Generated 5 visualization images for epoch 399 in /hpcwork/mkd34160/smilify_runs/singleview_lam1e-2/visualizations/epoch_399
Visualizing 5 samples from dataset: unknown
Generated 5 visualization images for epoch 399 in /hpcwork/mkd34160/smilify_runs/singleview_lam1e-2/visualizations_train/epoch_399

Epoch 400:
  Train Loss = 0.000003, Val Loss = 0.000003, LR = 1.00e-05
  Parameter Errors (Train / Val):
    betas          : 0.000064 / 0.000012
    betas_trans    : 0.000000 / 0.000000
    cam_rot        : 0.000000 / 0.000000
    cam_trans      : 0.000000 / 0.000000
    fov            : 0.000000 / 0.000000
    global_rot     : 0.000000 / 0.000000
    joint_angle_regularization: 0.099151 / 0.100251
    joint_limit_regularization: 0.000006 / 0.000004
    joint_rot      : 0.000000 / 0.000000
    keypoint_2d    : 0.000020 / 0.000017
    keypoint_3d    : 0.000001 / 0.000000
    limb_scale_regularization: 0.010305 / 0.011770
    limb_trans_regularization: 0.000000 / 0.000000
    log_beta_scales: 0.000000 / 0.000000
    silhouette     : 0.000000 / 0.000000
    trans          : 0.000000 / 0.000000

WARNING: Near-zero total loss detected: 9.81e-07
  Valid samples: 16/16
  Dataset composition: {'unknown': 16}
  Availability masks present: True
  Availability summary:
    global_rot: 0/16 samples have real data
    joint_rot: 0/16 samples have real data
    betas: 16/16 samples have real data
    trans: 0/16 samples have real data
    fov: 0/16 samples have real data
    cam_rot: 0/16 samples have real data
    cam_trans: 0/16 samples have real data
    log_beta_scales: 0/16 samples have real data
    betas_trans: 0/16 samples have real data
    keypoint_2d: 16/16 samples have real data
    keypoint_3d: 16/16 samples have real data
    silhouette: 0/16 samples have real data
  Loss weights: keypoint_2d=0.1, betas=0.0005
  need_keypoint_loss=True, need_silhouette_loss=False
  Loss components (non-zero only):
    betas: 0.000005 (weight=0.0005)
    limb_scale_regularization: 0.009973 (weight=1e-05)
    limb_trans_regularization: 0.000000 (weight=0.5)
    joint_angle_regularization: 0.116565 (weight=2e-07)
    keypoint_2d: 0.000005 (weight=0.1)
    keypoint_3d: 0.000000 (weight=2)

Epoch 401:
  Train Loss = 0.000003, Val Loss = 0.000003, LR = 1.00e-05
  Parameter Errors (Train / Val):
    betas          : 0.000081 / 0.000012
    betas_trans    : 0.000000 / 0.000000
    cam_rot        : 0.000000 / 0.000000
    cam_trans      : 0.000000 / 0.000000
    fov            : 0.000000 / 0.000000
    global_rot     : 0.000000 / 0.000000
    joint_angle_regularization: 0.099755 / 0.100510
    joint_limit_regularization: 0.000006 / 0.000004
    joint_rot      : 0.000000 / 0.000000
    keypoint_2d    : 0.000020 / 0.000016
    keypoint_3d    : 0.000000 / 0.000000
    limb_scale_regularization: 0.012581 / 0.013459
    limb_trans_regularization: 0.000000 / 0.000000
    log_beta_scales: 0.000000 / 0.000000
    silhouette     : 0.000000 / 0.000000
    trans          : 0.000000 / 0.000000
  Checkpoint saved at epoch 401

WARNING: Near-zero total loss detected: 9.89e-07
  Valid samples: 16/16
  Dataset composition: {'unknown': 16}
  Availability masks present: True
  Availability summary:
    global_rot: 0/16 samples have real data
    joint_rot: 0/16 samples have real data
    betas: 16/16 samples have real data
    trans: 0/16 samples have real data
    fov: 0/16 samples have real data
    cam_rot: 0/16 samples have real data
    cam_trans: 0/16 samples have real data
    log_beta_scales: 0/16 samples have real data
    betas_trans: 0/16 samples have real data
    keypoint_2d: 16/16 samples have real data
    keypoint_3d: 16/16 samples have real data
    silhouette: 0/16 samples have real data
  Loss weights: keypoint_2d=0.1, betas=0.0005
  need_keypoint_loss=True, need_silhouette_loss=False
  Loss components (non-zero only):
    betas: 0.000004 (weight=0.0005)
    limb_scale_regularization: 0.010893 (weight=1e-05)
    limb_trans_regularization: 0.000000 (weight=0.5)
    joint_angle_regularization: 0.116886 (weight=2e-07)
    keypoint_2d: 0.000005 (weight=0.1)
    keypoint_3d: 0.000000 (weight=2)

Epoch 402:
  Train Loss = 0.000003, Val Loss = 0.000003, LR = 1.00e-05
  Parameter Errors (Train / Val):
    betas          : 0.000064 / 0.000011
    betas_trans    : 0.000000 / 0.000000
    cam_rot        : 0.000000 / 0.000000
    cam_trans      : 0.000000 / 0.000000
    fov            : 0.000000 / 0.000000
    global_rot     : 0.000000 / 0.000000
    joint_angle_regularization: 0.100449 / 0.101056
    joint_limit_regularization: 0.000005 / 0.000004
    joint_rot      : 0.000000 / 0.000000
    keypoint_2d    : 0.000019 / 0.000016
    keypoint_3d    : 0.000000 / 0.000000
    limb_scale_regularization: 0.013829 / 0.014544
    limb_trans_regularization: 0.000000 / 0.000000
    log_beta_scales: 0.000000 / 0.000000
    silhouette     : 0.000000 / 0.000000
    trans          : 0.000000 / 0.000000

WARNING: Near-zero total loss detected: 9.57e-07
  Valid samples: 16/16
  Dataset composition: {'unknown': 16}
  Availability masks present: True
  Availability summary:
    global_rot: 0/16 samples have real data
    joint_rot: 0/16 samples have real data
    betas: 16/16 samples have real data
    trans: 0/16 samples have real data
    fov: 0/16 samples have real data
    cam_rot: 0/16 samples have real data
    cam_trans: 0/16 samples have real data
    log_beta_scales: 0/16 samples have real data
    betas_trans: 0/16 samples have real data
    keypoint_2d: 16/16 samples have real data
    keypoint_3d: 16/16 samples have real data
    silhouette: 0/16 samples have real data
  Loss weights: keypoint_2d=0.1, betas=0.0005
  need_keypoint_loss=True, need_silhouette_loss=False
  Loss components (non-zero only):
    betas: 0.000004 (weight=0.0005)
    limb_scale_regularization: 0.011679 (weight=1e-05)
    limb_trans_regularization: 0.000000 (weight=0.5)
    joint_angle_regularization: 0.117263 (weight=2e-07)
    keypoint_2d: 0.000005 (weight=0.1)
    keypoint_3d: 0.000000 (weight=2)

Epoch 403:
  Train Loss = 0.000003, Val Loss = 0.000003, LR = 1.00e-05
  Parameter Errors (Train / Val):
    betas          : 0.000061 / 0.000011
    betas_trans    : 0.000000 / 0.000000
    cam_rot        : 0.000000 / 0.000000
    cam_trans      : 0.000000 / 0.000000
    fov            : 0.000000 / 0.000000
    global_rot     : 0.000000 / 0.000000
    joint_angle_regularization: 0.100534 / 0.101486
    joint_limit_regularization: 0.000005 / 0.000004
    joint_rot      : 0.000000 / 0.000000
    keypoint_2d    : 0.000019 / 0.000016
    keypoint_3d    : 0.000000 / 0.000000
    limb_scale_regularization: 0.014850 / 0.015445
    limb_trans_regularization: 0.000000 / 0.000000
    log_beta_scales: 0.000000 / 0.000000
    silhouette     : 0.000000 / 0.000000
    trans          : 0.000000 / 0.000000
  Checkpoint saved at epoch 403

WARNING: Near-zero total loss detected: 9.78e-07
  Valid samples: 16/16
  Dataset composition: {'unknown': 16}
  Availability masks present: True
  Availability summary:
    global_rot: 0/16 samples have real data
    joint_rot: 0/16 samples have real data
    betas: 16/16 samples have real data
    trans: 0/16 samples have real data
    fov: 0/16 samples have real data
    cam_rot: 0/16 samples have real data
    cam_trans: 0/16 samples have real data
    log_beta_scales: 0/16 samples have real data
    betas_trans: 0/16 samples have real data
    keypoint_2d: 16/16 samples have real data
    keypoint_3d: 16/16 samples have real data
    silhouette: 0/16 samples have real data
  Loss weights: keypoint_2d=0.1, betas=0.0005
  need_keypoint_loss=True, need_silhouette_loss=False
  Loss components (non-zero only):
    betas: 0.000005 (weight=0.0005)
    limb_scale_regularization: 0.012291 (weight=1e-05)
    limb_trans_regularization: 0.000000 (weight=0.5)
    joint_angle_regularization: 0.118992 (weight=2e-07)
    keypoint_2d: 0.000005 (weight=0.1)
    keypoint_3d: 0.000000 (weight=2)

Epoch 404:
  Train Loss = 0.000003, Val Loss = 0.000003, LR = 1.00e-05
  Parameter Errors (Train / Val):
    betas          : 0.000097 / 0.000011
    betas_trans    : 0.000000 / 0.000000
    cam_rot        : 0.000000 / 0.000000
    cam_trans      : 0.000000 / 0.000000
    fov            : 0.000000 / 0.000000
    global_rot     : 0.000000 / 0.000000
    joint_angle_regularization: 0.101393 / 0.101878
    joint_limit_regularization: 0.000005 / 0.000003
    joint_rot      : 0.000000 / 0.000000
    keypoint_2d    : 0.000018 / 0.000016
    keypoint_3d    : 0.000000 / 0.000000
    limb_scale_regularization: 0.015623 / 0.016111
    limb_trans_regularization: 0.000000 / 0.000000
    log_beta_scales: 0.000000 / 0.000000
    silhouette     : 0.000000 / 0.000000
    trans          : 0.000000 / 0.000000

WARNING: Near-zero total loss detected: 9.71e-07
  Valid samples: 16/16
  Dataset composition: {'unknown': 16}
  Availability masks present: True
  Availability summary:
    global_rot: 0/16 samples have real data
    joint_rot: 0/16 samples have real data
    betas: 16/16 samples have real data
    trans: 0/16 samples have real data
    fov: 0/16 samples have real data
    cam_rot: 0/16 samples have real data
    cam_trans: 0/16 samples have real data
    log_beta_scales: 0/16 samples have real data
    betas_trans: 0/16 samples have real data
    keypoint_2d: 16/16 samples have real data
    keypoint_3d: 16/16 samples have real data
    silhouette: 0/16 samples have real data
  Loss weights: keypoint_2d=0.1, betas=0.0005
  need_keypoint_loss=True, need_silhouette_loss=False
  Loss components (non-zero only):
    betas: 0.000008 (weight=0.0005)
    limb_scale_regularization: 0.013033 (weight=1e-05)
    limb_trans_regularization: 0.000000 (weight=0.5)
    joint_angle_regularization: 0.120063 (weight=2e-07)
    keypoint_2d: 0.000005 (weight=0.1)
    keypoint_3d: 0.000000 (weight=2)

WARNING: Near-zero total loss detected: 9.93e-07
  Valid samples: 16/16
  Dataset composition: {'unknown': 16}
  Availability masks present: True
  Availability summary:
    global_rot: 0/16 samples have real data
    joint_rot: 0/16 samples have real data
    betas: 16/16 samples have real data
    trans: 0/16 samples have real data
    fov: 0/16 samples have real data
    cam_rot: 0/16 samples have real data
    cam_trans: 0/16 samples have real data
    log_beta_scales: 0/16 samples have real data
    betas_trans: 0/16 samples have real data
    keypoint_2d: 16/16 samples have real data
    keypoint_3d: 16/16 samples have real data
    silhouette: 0/16 samples have real data
  Loss weights: keypoint_2d=0.1, betas=0.0005
  need_keypoint_loss=True, need_silhouette_loss=False
  Loss components (non-zero only):
    betas: 0.000002 (weight=0.0005)
    limb_scale_regularization: 0.012796 (weight=1e-05)
    limb_trans_regularization: 0.000000 (weight=0.5)
    joint_angle_regularization: 0.117110 (weight=2e-07)
    keypoint_2d: 0.000005 (weight=0.1)
    keypoint_3d: 0.000000 (weight=2)

Epoch 405:
  Train Loss = 0.000003, Val Loss = 0.000003, LR = 1.00e-05
  Parameter Errors (Train / Val):
    betas          : 0.000058 / 0.000011
    betas_trans    : 0.000000 / 0.000000
    cam_rot        : 0.000000 / 0.000000
    cam_trans      : 0.000000 / 0.000000
    fov            : 0.000000 / 0.000000
    global_rot     : 0.000000 / 0.000000
    joint_angle_regularization: 0.101877 / 0.102090
    joint_limit_regularization: 0.000005 / 0.000003
    joint_rot      : 0.000000 / 0.000000
    keypoint_2d    : 0.000018 / 0.000016
    keypoint_3d    : 0.000000 / 0.000000
    limb_scale_regularization: 0.016204 / 0.016654
    limb_trans_regularization: 0.000000 / 0.000000
    log_beta_scales: 0.000000 / 0.000000
    silhouette     : 0.000000 / 0.000000
    trans          : 0.000000 / 0.000000
  Checkpoint saved at epoch 405

WARNING: Near-zero total loss detected: 9.60e-07
  Valid samples: 16/16
  Dataset composition: {'unknown': 16}
  Availability masks present: True
  Availability summary:
    global_rot: 0/16 samples have real data
    joint_rot: 0/16 samples have real data
    betas: 16/16 samples have real data
    trans: 0/16 samples have real data
    fov: 0/16 samples have real data
    cam_rot: 0/16 samples have real data
    cam_trans: 0/16 samples have real data
    log_beta_scales: 0/16 samples have real data
    betas_trans: 0/16 samples have real data
    keypoint_2d: 16/16 samples have real data
    keypoint_3d: 16/16 samples have real data
    silhouette: 0/16 samples have real data
  Loss weights: keypoint_2d=0.1, betas=0.0005
  need_keypoint_loss=True, need_silhouette_loss=False
  Loss components (non-zero only):
    betas: 0.000004 (weight=0.0005)
    limb_scale_regularization: 0.013369 (weight=1e-05)
    limb_trans_regularization: 0.000000 (weight=0.5)
    joint_angle_regularization: 0.119639 (weight=2e-07)
    keypoint_2d: 0.000005 (weight=0.1)
    keypoint_3d: 0.000000 (weight=2)

WARNING: Near-zero total loss detected: 9.05e-07
  Valid samples: 16/16
  Dataset composition: {'unknown': 16}
  Availability masks present: True
  Availability summary:
    global_rot: 0/16 samples have real data
    joint_rot: 0/16 samples have real data
    betas: 16/16 samples have real data
    trans: 0/16 samples have real data
    fov: 0/16 samples have real data
    cam_rot: 0/16 samples have real data
    cam_trans: 0/16 samples have real data
    log_beta_scales: 0/16 samples have real data
    betas_trans: 0/16 samples have real data
    keypoint_2d: 16/16 samples have real data
    keypoint_3d: 16/16 samples have real data
    silhouette: 0/16 samples have real data
  Loss weights: keypoint_2d=0.1, betas=0.0005
  need_keypoint_loss=True, need_silhouette_loss=False
  Loss components (non-zero only):
    betas: 0.000003 (weight=0.0005)
    limb_scale_regularization: 0.013247 (weight=1e-05)
    limb_trans_regularization: 0.000000 (weight=0.5)
    joint_angle_regularization: 0.117292 (weight=2e-07)
    keypoint_2d: 0.000005 (weight=0.1)
    keypoint_3d: 0.000000 (weight=2)

Epoch 406:
  Train Loss = 0.000003, Val Loss = 0.000003, LR = 1.00e-05
  Parameter Errors (Train / Val):
    betas          : 0.000070 / 0.000010
    betas_trans    : 0.000000 / 0.000000
    cam_rot        : 0.000000 / 0.000000
    cam_trans      : 0.000000 / 0.000000
    fov            : 0.000000 / 0.000000
    global_rot     : 0.000000 / 0.000000
    joint_angle_regularization: 0.102274 / 0.102337
    joint_limit_regularization: 0.000004 / 0.000003
    joint_rot      : 0.000000 / 0.000000
    keypoint_2d    : 0.000018 / 0.000016
    keypoint_3d    : 0.000000 / 0.000000
    limb_scale_regularization: 0.016812 / 0.017097
    limb_trans_regularization: 0.000000 / 0.000000
    log_beta_scales: 0.000000 / 0.000000
    silhouette     : 0.000000 / 0.000000
    trans          : 0.000000 / 0.000000

WARNING: Near-zero total loss detected: 9.79e-07
  Valid samples: 16/16
  Dataset composition: {'unknown': 16}
  Availability masks present: True
  Availability summary:
    global_rot: 0/16 samples have real data
    joint_rot: 0/16 samples have real data
    betas: 16/16 samples have real data
    trans: 0/16 samples have real data
    fov: 0/16 samples have real data
    cam_rot: 0/16 samples have real data
    cam_trans: 0/16 samples have real data
    log_beta_scales: 0/16 samples have real data
    betas_trans: 0/16 samples have real data
    keypoint_2d: 16/16 samples have real data
    keypoint_3d: 16/16 samples have real data
    silhouette: 0/16 samples have real data
  Loss weights: keypoint_2d=0.1, betas=0.0005
  need_keypoint_loss=True, need_silhouette_loss=False
  Loss components (non-zero only):
    betas: 0.000001 (weight=0.0005)
    limb_scale_regularization: 0.013682 (weight=1e-05)
    limb_trans_regularization: 0.000000 (weight=0.5)
    joint_angle_regularization: 0.118113 (weight=2e-07)
    keypoint_2d: 0.000005 (weight=0.1)
    keypoint_3d: 0.000000 (weight=2)

WARNING: Near-zero total loss detected: 9.47e-07
  Valid samples: 16/16
  Dataset composition: {'unknown': 16}
  Availability masks present: True
  Availability summary:
    global_rot: 0/16 samples have real data
    joint_rot: 0/16 samples have real data
    betas: 16/16 samples have real data
    trans: 0/16 samples have real data
    fov: 0/16 samples have real data
    cam_rot: 0/16 samples have real data
    cam_trans: 0/16 samples have real data
    log_beta_scales: 0/16 samples have real data
    betas_trans: 0/16 samples have real data
    keypoint_2d: 16/16 samples have real data
    keypoint_3d: 16/16 samples have real data
    silhouette: 0/16 samples have real data
  Loss weights: keypoint_2d=0.1, betas=0.0005
  need_keypoint_loss=True, need_silhouette_loss=False
  Loss components (non-zero only):
    betas: 0.000008 (weight=0.0005)
    limb_scale_regularization: 0.013765 (weight=1e-05)
    limb_trans_regularization: 0.000000 (weight=0.5)
    joint_angle_regularization: 0.117818 (weight=2e-07)
    keypoint_2d: 0.000005 (weight=0.1)
    keypoint_3d: 0.000000 (weight=2)

WARNING: Near-zero total loss detected: 9.82e-07
  Valid samples: 16/16
  Dataset composition: {'unknown': 16}
  Availability masks present: True
  Availability summary:
    global_rot: 0/16 samples have real data
    joint_rot: 0/16 samples have real data
    betas: 16/16 samples have real data
    trans: 0/16 samples have real data
    fov: 0/16 samples have real data
    cam_rot: 0/16 samples have real data
    cam_trans: 0/16 samples have real data
    log_beta_scales: 0/16 samples have real data
    betas_trans: 0/16 samples have real data
    keypoint_2d: 16/16 samples have real data
    keypoint_3d: 16/16 samples have real data
    silhouette: 0/16 samples have real data
  Loss weights: keypoint_2d=0.1, betas=0.0005
  need_keypoint_loss=True, need_silhouette_loss=False
  Loss components (non-zero only):
    betas: 0.000008 (weight=0.0005)
    limb_scale_regularization: 0.013555 (weight=1e-05)
    limb_trans_regularization: 0.000000 (weight=0.5)
    joint_angle_regularization: 0.115736 (weight=2e-07)
    keypoint_2d: 0.000005 (weight=0.1)
    keypoint_3d: 0.000000 (weight=2)

WARNING: Near-zero total loss detected: 9.96e-07
  Valid samples: 16/16
  Dataset composition: {'unknown': 16}
  Availability masks present: True
  Availability summary:
    global_rot: 0/16 samples have real data
    joint_rot: 0/16 samples have real data
    betas: 16/16 samples have real data
    trans: 0/16 samples have real data
    fov: 0/16 samples have real data
    cam_rot: 0/16 samples have real data
    cam_trans: 0/16 samples have real data
    log_beta_scales: 0/16 samples have real data
    betas_trans: 0/16 samples have real data
    keypoint_2d: 16/16 samples have real data
    keypoint_3d: 16/16 samples have real data
    silhouette: 0/16 samples have real data
  Loss weights: keypoint_2d=0.1, betas=0.0005
  need_keypoint_loss=True, need_silhouette_loss=False
  Loss components (non-zero only):
    betas: 0.000002 (weight=0.0005)
    limb_scale_regularization: 0.013557 (weight=1e-05)
    limb_trans_regularization: 0.000000 (weight=0.5)
    joint_angle_regularization: 0.118184 (weight=2e-07)
    keypoint_2d: 0.000005 (weight=0.1)
    keypoint_3d: 0.000000 (weight=2)

Epoch 407:
  Train Loss = 0.000003, Val Loss = 0.000003, LR = 1.00e-05
  Parameter Errors (Train / Val):
    betas          : 0.000058 / 0.000010
    betas_trans    : 0.000000 / 0.000000
    cam_rot        : 0.000000 / 0.000000
    cam_trans      : 0.000000 / 0.000000
    fov            : 0.000000 / 0.000000
    global_rot     : 0.000000 / 0.000000
    joint_angle_regularization: 0.102219 / 0.102667
    joint_limit_regularization: 0.000004 / 0.000003
    joint_rot      : 0.000000 / 0.000000
    keypoint_2d    : 0.000018 / 0.000015
    keypoint_3d    : 0.000000 / 0.000000
    limb_scale_regularization: 0.017144 / 0.017493
    limb_trans_regularization: 0.000000 / 0.000000
    log_beta_scales: 0.000000 / 0.000000
    silhouette     : 0.000000 / 0.000000
    trans          : 0.000000 / 0.000000
  Checkpoint saved at epoch 407

WARNING: Near-zero total loss detected: 9.42e-07
  Valid samples: 16/16
  Dataset composition: {'unknown': 16}
  Availability masks present: True
  Availability summary:
    global_rot: 0/16 samples have real data
    joint_rot: 0/16 samples have real data
    betas: 16/16 samples have real data
    trans: 0/16 samples have real data
    fov: 0/16 samples have real data
    cam_rot: 0/16 samples have real data
    cam_trans: 0/16 samples have real data
    log_beta_scales: 0/16 samples have real data
    betas_trans: 0/16 samples have real data
    keypoint_2d: 16/16 samples have real data
    keypoint_3d: 16/16 samples have real data
    silhouette: 0/16 samples have real data
  Loss weights: keypoint_2d=0.1, betas=0.0005
  need_keypoint_loss=True, need_silhouette_loss=False
  Loss components (non-zero only):
    betas: 0.000001 (weight=0.0005)
    limb_scale_regularization: 0.014055 (weight=1e-05)
    limb_trans_regularization: 0.000000 (weight=0.5)
    joint_angle_regularization: 0.120695 (weight=2e-07)
    keypoint_2d: 0.000005 (weight=0.1)
    keypoint_3d: 0.000000 (weight=2)

WARNING: Near-zero total loss detected: 9.74e-07
  Valid samples: 16/16
  Dataset composition: {'unknown': 16}
  Availability masks present: True
  Availability summary:
    global_rot: 0/16 samples have real data
    joint_rot: 0/16 samples have real data
    betas: 16/16 samples have real data
    trans: 0/16 samples have real data
    fov: 0/16 samples have real data
    cam_rot: 0/16 samples have real data
    cam_trans: 0/16 samples have real data
    log_beta_scales: 0/16 samples have real data
    betas_trans: 0/16 samples have real data
    keypoint_2d: 16/16 samples have real data
    keypoint_3d: 16/16 samples have real data
    silhouette: 0/16 samples have real data
  Loss weights: keypoint_2d=0.1, betas=0.0005
  need_keypoint_loss=True, need_silhouette_loss=False
  Loss components (non-zero only):
    betas: 0.000002 (weight=0.0005)
    limb_scale_regularization: 0.013958 (weight=1e-05)
    limb_trans_regularization: 0.000000 (weight=0.5)
    joint_angle_regularization: 0.118481 (weight=2e-07)
    keypoint_2d: 0.000005 (weight=0.1)
    keypoint_3d: 0.000000 (weight=2)

WARNING: Near-zero total loss detected: 9.10e-07
  Valid samples: 16/16
  Dataset composition: {'unknown': 16}
  Availability masks present: True
  Availability summary:
    global_rot: 0/16 samples have real data
    joint_rot: 0/16 samples have real data
    betas: 16/16 samples have real data
    trans: 0/16 samples have real data
    fov: 0/16 samples have real data
    cam_rot: 0/16 samples have real data
    cam_trans: 0/16 samples have real data
    log_beta_scales: 0/16 samples have real data
    betas_trans: 0/16 samples have real data
    keypoint_2d: 16/16 samples have real data
    keypoint_3d: 16/16 samples have real data
    silhouette: 0/16 samples have real data
  Loss weights: keypoint_2d=0.1, betas=0.0005
  need_keypoint_loss=True, need_silhouette_loss=False
  Loss components (non-zero only):
    betas: 0.000004 (weight=0.0005)
    limb_scale_regularization: 0.013794 (weight=1e-05)
    limb_trans_regularization: 0.000000 (weight=0.5)
    joint_angle_regularization: 0.119291 (weight=2e-07)
    keypoint_2d: 0.000004 (weight=0.1)
    keypoint_3d: 0.000000 (weight=2)

Epoch 408:
  Train Loss = 0.000003, Val Loss = 0.000003, LR = 1.00e-05
  Parameter Errors (Train / Val):
    betas          : 0.000057 / 0.000010
    betas_trans    : 0.000000 / 0.000000
    cam_rot        : 0.000000 / 0.000000
    cam_trans      : 0.000000 / 0.000000
    fov            : 0.000000 / 0.000000
    global_rot     : 0.000000 / 0.000000
    joint_angle_regularization: 0.102462 / 0.103241
    joint_limit_regularization: 0.000004 / 0.000003
    joint_rot      : 0.000000 / 0.000000
    keypoint_2d    : 0.000018 / 0.000015
    keypoint_3d    : 0.000000 / 0.000000
    limb_scale_regularization: 0.017560 / 0.017851
    limb_trans_regularization: 0.000000 / 0.000000
    log_beta_scales: 0.000000 / 0.000000
    silhouette     : 0.000000 / 0.000000
    trans          : 0.000000 / 0.000000

WARNING: Near-zero total loss detected: 9.86e-07
  Valid samples: 16/16
  Dataset composition: {'unknown': 16}
  Availability masks present: True
  Availability summary:
    global_rot: 0/16 samples have real data
    joint_rot: 0/16 samples have real data
    betas: 16/16 samples have real data
    trans: 0/16 samples have real data
    fov: 0/16 samples have real data
    cam_rot: 0/16 samples have real data
    cam_trans: 0/16 samples have real data
    log_beta_scales: 0/16 samples have real data
    betas_trans: 0/16 samples have real data
    keypoint_2d: 16/16 samples have real data
    keypoint_3d: 16/16 samples have real data
    silhouette: 0/16 samples have real data
  Loss weights: keypoint_2d=0.1, betas=0.0005
  need_keypoint_loss=True, need_silhouette_loss=False
  Loss components (non-zero only):
    betas: 0.000005 (weight=0.0005)
    limb_scale_regularization: 0.014326 (weight=1e-05)
    limb_trans_regularization: 0.000000 (weight=0.5)
    joint_angle_regularization: 0.119187 (weight=2e-07)
    keypoint_2d: 0.000005 (weight=0.1)
    keypoint_3d: 0.000000 (weight=2)

WARNING: Near-zero total loss detected: 9.85e-07
  Valid samples: 16/16
  Dataset composition: {'unknown': 16}
  Availability masks present: True
  Availability summary:
    global_rot: 0/16 samples have real data
    joint_rot: 0/16 samples have real data
    betas: 16/16 samples have real data
    trans: 0/16 samples have real data
    fov: 0/16 samples have real data
    cam_rot: 0/16 samples have real data
    cam_trans: 0/16 samples have real data
    log_beta_scales: 0/16 samples have real data
    betas_trans: 0/16 samples have real data
    keypoint_2d: 16/16 samples have real data
    keypoint_3d: 16/16 samples have real data
    silhouette: 0/16 samples have real data
  Loss weights: keypoint_2d=0.1, betas=0.0005
  need_keypoint_loss=True, need_silhouette_loss=False
  Loss components (non-zero only):
    betas: 0.000004 (weight=0.0005)
    limb_scale_regularization: 0.014253 (weight=1e-05)
    limb_trans_regularization: 0.000000 (weight=0.5)
    joint_angle_regularization: 0.120021 (weight=2e-07)
    keypoint_2d: 0.000005 (weight=0.1)
    keypoint_3d: 0.000000 (weight=2)

WARNING: Near-zero total loss detected: 8.99e-07
  Valid samples: 16/16
  Dataset composition: {'unknown': 16}
  Availability masks present: True
  Availability summary:
    global_rot: 0/16 samples have real data
    joint_rot: 0/16 samples have real data
    betas: 16/16 samples have real data
    trans: 0/16 samples have real data
    fov: 0/16 samples have real data
    cam_rot: 0/16 samples have real data
    cam_trans: 0/16 samples have real data
    log_beta_scales: 0/16 samples have real data
    betas_trans: 0/16 samples have real data
    keypoint_2d: 16/16 samples have real data
    keypoint_3d: 16/16 samples have real data
    silhouette: 0/16 samples have real data
  Loss weights: keypoint_2d=0.1, betas=0.0005
  need_keypoint_loss=True, need_silhouette_loss=False
  Loss components (non-zero only):
    betas: 0.000002 (weight=0.0005)
    limb_scale_regularization: 0.014005 (weight=1e-05)
    limb_trans_regularization: 0.000000 (weight=0.5)
    joint_angle_regularization: 0.120069 (weight=2e-07)
    keypoint_2d: 0.000004 (weight=0.1)
    keypoint_3d: 0.000000 (weight=2)

Epoch 409:
  Train Loss = 0.000003, Val Loss = 0.000003, LR = 1.00e-05
  Parameter Errors (Train / Val):
    betas          : 0.000056 / 0.000010
    betas_trans    : 0.000000 / 0.000000
    cam_rot        : 0.000000 / 0.000000
    cam_trans      : 0.000000 / 0.000000
    fov            : 0.000000 / 0.000000
    global_rot     : 0.000000 / 0.000000
    joint_angle_regularization: 0.103187 / 0.103570
    joint_limit_regularization: 0.000004 / 0.000003
    joint_rot      : 0.000000 / 0.000000
    keypoint_2d    : 0.000018 / 0.000015
    keypoint_3d    : 0.000000 / 0.000000
    limb_scale_regularization: 0.017864 / 0.018125
    limb_trans_regularization: 0.000000 / 0.000000
    log_beta_scales: 0.000000 / 0.000000
    silhouette     : 0.000000 / 0.000000
    trans          : 0.000000 / 0.000000
  Checkpoint saved at epoch 409
Visualizing 5 samples from dataset: unknown
Generated 5 visualization images for epoch 409 in /hpcwork/mkd34160/smilify_runs/singleview_lam1e-2/visualizations/epoch_409
Visualizing 5 samples from dataset: unknown
Generated 5 visualization images for epoch 409 in /hpcwork/mkd34160/smilify_runs/singleview_lam1e-2/visualizations_train/epoch_409

WARNING: Near-zero total loss detected: 9.82e-07
  Valid samples: 16/16
  Dataset composition: {'unknown': 16}
  Availability masks present: True
  Availability summary:
    global_rot: 0/16 samples have real data
    joint_rot: 0/16 samples have real data
    betas: 16/16 samples have real data
    trans: 0/16 samples have real data
    fov: 0/16 samples have real data
    cam_rot: 0/16 samples have real data
    cam_trans: 0/16 samples have real data
    log_beta_scales: 0/16 samples have real data
    betas_trans: 0/16 samples have real data
    keypoint_2d: 16/16 samples have real data
    keypoint_3d: 16/16 samples have real data
    silhouette: 0/16 samples have real data
  Loss weights: keypoint_2d=0.1, betas=0.0005
  need_keypoint_loss=True, need_silhouette_loss=False
  Loss components (non-zero only):
    betas: 0.000005 (weight=0.0005)
    limb_scale_regularization: 0.014582 (weight=1e-05)
    limb_trans_regularization: 0.000000 (weight=0.5)
    joint_angle_regularization: 0.120813 (weight=2e-07)
    keypoint_2d: 0.000005 (weight=0.1)
    keypoint_3d: 0.000000 (weight=2)

WARNING: Near-zero total loss detected: 9.99e-07
  Valid samples: 16/16
  Dataset composition: {'unknown': 16}
  Availability masks present: True
  Availability summary:
    global_rot: 0/16 samples have real data
    joint_rot: 0/16 samples have real data
    betas: 16/16 samples have real data
    trans: 0/16 samples have real data
    fov: 0/16 samples have real data
    cam_rot: 0/16 samples have real data
    cam_trans: 0/16 samples have real data
    log_beta_scales: 0/16 samples have real data
    betas_trans: 0/16 samples have real data
    keypoint_2d: 16/16 samples have real data
    keypoint_3d: 16/16 samples have real data
    silhouette: 0/16 samples have real data
  Loss weights: keypoint_2d=0.1, betas=0.0005
  need_keypoint_loss=True, need_silhouette_loss=False
  Loss components (non-zero only):
    betas: 0.000005 (weight=0.0005)
    limb_scale_regularization: 0.014481 (weight=1e-05)
    limb_trans_regularization: 0.000000 (weight=0.5)
    joint_angle_regularization: 0.118490 (weight=2e-07)
    keypoint_2d: 0.000005 (weight=0.1)
    keypoint_3d: 0.000000 (weight=2)

WARNING: Near-zero total loss detected: 9.27e-07
  Valid samples: 16/16
  Dataset composition: {'unknown': 16}
  Availability masks present: True
  Availability summary:
    global_rot: 0/16 samples have real data
    joint_rot: 0/16 samples have real data
    betas: 16/16 samples have real data
    trans: 0/16 samples have real data
    fov: 0/16 samples have real data
    cam_rot: 0/16 samples have real data
    cam_trans: 0/16 samples have real data
    log_beta_scales: 0/16 samples have real data
    betas_trans: 0/16 samples have real data
    keypoint_2d: 16/16 samples have real data
    keypoint_3d: 16/16 samples have real data
    silhouette: 0/16 samples have real data
  Loss weights: keypoint_2d=0.1, betas=0.0005
  need_keypoint_loss=True, need_silhouette_loss=False
  Loss components (non-zero only):
    betas: 0.000003 (weight=0.0005)
    limb_scale_regularization: 0.014577 (weight=1e-05)
    limb_trans_regularization: 0.000000 (weight=0.5)
    joint_angle_regularization: 0.118991 (weight=2e-07)
    keypoint_2d: 0.000005 (weight=0.1)
    keypoint_3d: 0.000000 (weight=2)

WARNING: Near-zero total loss detected: 9.90e-07
  Valid samples: 16/16
  Dataset composition: {'unknown': 16}
  Availability masks present: True
  Availability summary:
    global_rot: 0/16 samples have real data
    joint_rot: 0/16 samples have real data
    betas: 16/16 samples have real data
    trans: 0/16 samples have real data
    fov: 0/16 samples have real data
    cam_rot: 0/16 samples have real data
    cam_trans: 0/16 samples have real data
    log_beta_scales: 0/16 samples have real data
    betas_trans: 0/16 samples have real data
    keypoint_2d: 16/16 samples have real data
    keypoint_3d: 16/16 samples have real data
    silhouette: 0/16 samples have real data
  Loss weights: keypoint_2d=0.1, betas=0.0005
  need_keypoint_loss=True, need_silhouette_loss=False
  Loss components (non-zero only):
    betas: 0.000004 (weight=0.0005)
    limb_scale_regularization: 0.014365 (weight=1e-05)
    limb_trans_regularization: 0.000000 (weight=0.5)
    joint_angle_regularization: 0.116964 (weight=2e-07)
    keypoint_2d: 0.000005 (weight=0.1)
    keypoint_3d: 0.000000 (weight=2)

WARNING: Near-zero total loss detected: 8.73e-07
  Valid samples: 16/16
  Dataset composition: {'unknown': 16}
  Availability masks present: True
  Availability summary:
    global_rot: 0/16 samples have real data
    joint_rot: 0/16 samples have real data
    betas: 16/16 samples have real data
    trans: 0/16 samples have real data
    fov: 0/16 samples have real data
    cam_rot: 0/16 samples have real data
    cam_trans: 0/16 samples have real data
    log_beta_scales: 0/16 samples have real data
    betas_trans: 0/16 samples have real data
    keypoint_2d: 16/16 samples have real data
    keypoint_3d: 16/16 samples have real data
    silhouette: 0/16 samples have real data
  Loss weights: keypoint_2d=0.1, betas=0.0005
  need_keypoint_loss=True, need_silhouette_loss=False
  Loss components (non-zero only):
    betas: 0.000002 (weight=0.0005)
    limb_scale_regularization: 0.014255 (weight=1e-05)
    limb_trans_regularization: 0.000000 (weight=0.5)
    joint_angle_regularization: 0.117568 (weight=2e-07)
    keypoint_2d: 0.000004 (weight=0.1)
    keypoint_3d: 0.000000 (weight=2)

Epoch 410:
  Train Loss = 0.000003, Val Loss = 0.000003, LR = 1.00e-05
  Parameter Errors (Train / Val):
    betas          : 0.000133 / 0.000010
    betas_trans    : 0.000000 / 0.000000
    cam_rot        : 0.000000 / 0.000000
    cam_trans      : 0.000000 / 0.000000
    fov            : 0.000000 / 0.000000
    global_rot     : 0.000000 / 0.000000
    joint_angle_regularization: 0.103291 / 0.103651
    joint_limit_regularization: 0.000004 / 0.000003
    joint_rot      : 0.000000 / 0.000000
    keypoint_2d    : 0.000018 / 0.000015
    keypoint_3d    : 0.000000 / 0.000000
    limb_scale_regularization: 0.018165 / 0.018407
    limb_trans_regularization: 0.000000 / 0.000000
    log_beta_scales: 0.000000 / 0.000000
    silhouette     : 0.000000 / 0.000000
    trans          : 0.000000 / 0.000000

WARNING: Near-zero total loss detected: 9.69e-07
  Valid samples: 16/16
  Dataset composition: {'unknown': 16}
  Availability masks present: True
  Availability summary:
    global_rot: 0/16 samples have real data
    joint_rot: 0/16 samples have real data
    betas: 16/16 samples have real data
    trans: 0/16 samples have real data
    fov: 0/16 samples have real data
    cam_rot: 0/16 samples have real data
    cam_trans: 0/16 samples have real data
    log_beta_scales: 0/16 samples have real data
    betas_trans: 0/16 samples have real data
    keypoint_2d: 16/16 samples have real data
    keypoint_3d: 16/16 samples have real data
    silhouette: 0/16 samples have real data
  Loss weights: keypoint_2d=0.1, betas=0.0005
  need_keypoint_loss=True, need_silhouette_loss=False
  Loss components (non-zero only):
    betas: 0.000003 (weight=0.0005)
    limb_scale_regularization: 0.014658 (weight=1e-05)
    limb_trans_regularization: 0.000000 (weight=0.5)
    joint_angle_regularization: 0.120177 (weight=2e-07)
    keypoint_2d: 0.000005 (weight=0.1)
    keypoint_3d: 0.000000 (weight=2)

WARNING: Near-zero total loss detected: 1.00e-06
  Valid samples: 16/16
  Dataset composition: {'unknown': 16}
  Availability masks present: True
  Availability summary:
    global_rot: 0/16 samples have real data
    joint_rot: 0/16 samples have real data
    betas: 16/16 samples have real data
    trans: 0/16 samples have real data
    fov: 0/16 samples have real data
    cam_rot: 0/16 samples have real data
    cam_trans: 0/16 samples have real data
    log_beta_scales: 0/16 samples have real data
    betas_trans: 0/16 samples have real data
    keypoint_2d: 16/16 samples have real data
    keypoint_3d: 16/16 samples have real data
    silhouette: 0/16 samples have real data
  Loss weights: keypoint_2d=0.1, betas=0.0005
  need_keypoint_loss=True, need_silhouette_loss=False
  Loss components (non-zero only):
    betas: 0.000005 (weight=0.0005)
    limb_scale_regularization: 0.014683 (weight=1e-05)
    limb_trans_regularization: 0.000000 (weight=0.5)
    joint_angle_regularization: 0.119443 (weight=2e-07)
    keypoint_2d: 0.000005 (weight=0.1)
    keypoint_3d: 0.000000 (weight=2)

WARNING: Near-zero total loss detected: 9.84e-07
  Valid samples: 16/16
  Dataset composition: {'unknown': 16}
  Availability masks present: True
  Availability summary:
    global_rot: 0/16 samples have real data
    joint_rot: 0/16 samples have real data
    betas: 16/16 samples have real data
    trans: 0/16 samples have real data
    fov: 0/16 samples have real data
    cam_rot: 0/16 samples have real data
    cam_trans: 0/16 samples have real data
    log_beta_scales: 0/16 samples have real data
    betas_trans: 0/16 samples have real data
    keypoint_2d: 16/16 samples have real data
    keypoint_3d: 16/16 samples have real data
    silhouette: 0/16 samples have real data
  Loss weights: keypoint_2d=0.1, betas=0.0005
  need_keypoint_loss=True, need_silhouette_loss=False
  Loss components (non-zero only):
    betas: 0.000002 (weight=0.0005)
    limb_scale_regularization: 0.014748 (weight=1e-05)
    limb_trans_regularization: 0.000000 (weight=0.5)
    joint_angle_regularization: 0.120896 (weight=2e-07)
    keypoint_2d: 0.000005 (weight=0.1)
    keypoint_3d: 0.000000 (weight=2)

WARNING: Near-zero total loss detected: 9.15e-07
  Valid samples: 16/16
  Dataset composition: {'unknown': 16}
  Availability masks present: True
  Availability summary:
    global_rot: 0/16 samples have real data
    joint_rot: 0/16 samples have real data
    betas: 16/16 samples have real data
    trans: 0/16 samples have real data
    fov: 0/16 samples have real data
    cam_rot: 0/16 samples have real data
    cam_trans: 0/16 samples have real data
    log_beta_scales: 0/16 samples have real data
    betas_trans: 0/16 samples have real data
    keypoint_2d: 16/16 samples have real data
    keypoint_3d: 16/16 samples have real data
    silhouette: 0/16 samples have real data
  Loss weights: keypoint_2d=0.1, betas=0.0005
  need_keypoint_loss=True, need_silhouette_loss=False
  Loss components (non-zero only):
    betas: 0.000002 (weight=0.0005)
    limb_scale_regularization: 0.014354 (weight=1e-05)
    limb_trans_regularization: 0.000000 (weight=0.5)
    joint_angle_regularization: 0.120596 (weight=2e-07)
    keypoint_2d: 0.000005 (weight=0.1)
    keypoint_3d: 0.000000 (weight=2)

Epoch 411:
  Train Loss = 0.000003, Val Loss = 0.000003, LR = 1.00e-05
  Parameter Errors (Train / Val):
    betas          : 0.000054 / 0.000010
    betas_trans    : 0.000000 / 0.000000
    cam_rot        : 0.000000 / 0.000000
    cam_trans      : 0.000000 / 0.000000
    fov            : 0.000000 / 0.000000
    global_rot     : 0.000000 / 0.000000
    joint_angle_regularization: 0.103841 / 0.104332
    joint_limit_regularization: 0.000004 / 0.000003
    joint_rot      : 0.000000 / 0.000000
    keypoint_2d    : 0.000017 / 0.000015
    keypoint_3d    : 0.000000 / 0.000000
    limb_scale_regularization: 0.018434 / 0.018586
    limb_trans_regularization: 0.000000 / 0.000000
    log_beta_scales: 0.000000 / 0.000000
    silhouette     : 0.000000 / 0.000000
    trans          : 0.000000 / 0.000000
  Checkpoint saved at epoch 411

WARNING: Near-zero total loss detected: 9.65e-07
  Valid samples: 16/16
  Dataset composition: {'unknown': 16}
  Availability masks present: True
  Availability summary:
    global_rot: 0/16 samples have real data
    joint_rot: 0/16 samples have real data
    betas: 16/16 samples have real data
    trans: 0/16 samples have real data
    fov: 0/16 samples have real data
    cam_rot: 0/16 samples have real data
    cam_trans: 0/16 samples have real data
    log_beta_scales: 0/16 samples have real data
    betas_trans: 0/16 samples have real data
    keypoint_2d: 16/16 samples have real data
    keypoint_3d: 16/16 samples have real data
    silhouette: 0/16 samples have real data
  Loss weights: keypoint_2d=0.1, betas=0.0005
  need_keypoint_loss=True, need_silhouette_loss=False
  Loss components (non-zero only):
    betas: 0.000003 (weight=0.0005)
    limb_scale_regularization: 0.014761 (weight=1e-05)
    limb_trans_regularization: 0.000000 (weight=0.5)
    joint_angle_regularization: 0.118934 (weight=2e-07)
    keypoint_2d: 0.000005 (weight=0.1)
    keypoint_3d: 0.000000 (weight=2)

WARNING: Near-zero total loss detected: 9.77e-07
  Valid samples: 16/16
  Dataset composition: {'unknown': 16}
  Availability masks present: True
  Availability summary:
    global_rot: 0/16 samples have real data
    joint_rot: 0/16 samples have real data
    betas: 16/16 samples have real data
    trans: 0/16 samples have real data
    fov: 0/16 samples have real data
    cam_rot: 0/16 samples have real data
    cam_trans: 0/16 samples have real data
    log_beta_scales: 0/16 samples have real data
    betas_trans: 0/16 samples have real data
    keypoint_2d: 16/16 samples have real data
    keypoint_3d: 16/16 samples have real data
    silhouette: 0/16 samples have real data
  Loss weights: keypoint_2d=0.1, betas=0.0005
  need_keypoint_loss=True, need_silhouette_loss=False
  Loss components (non-zero only):
    betas: 0.000004 (weight=0.0005)
    limb_scale_regularization: 0.014781 (weight=1e-05)
    limb_trans_regularization: 0.000000 (weight=0.5)
    joint_angle_regularization: 0.118117 (weight=2e-07)
    keypoint_2d: 0.000005 (weight=0.1)
    keypoint_3d: 0.000000 (weight=2)

WARNING: Near-zero total loss detected: 9.73e-07
  Valid samples: 16/16
  Dataset composition: {'unknown': 16}
  Availability masks present: True
  Availability summary:
    global_rot: 0/16 samples have real data
    joint_rot: 0/16 samples have real data
    betas: 16/16 samples have real data
    trans: 0/16 samples have real data
    fov: 0/16 samples have real data
    cam_rot: 0/16 samples have real data
    cam_trans: 0/16 samples have real data
    log_beta_scales: 0/16 samples have real data
    betas_trans: 0/16 samples have real data
    keypoint_2d: 16/16 samples have real data
    keypoint_3d: 16/16 samples have real data
    silhouette: 0/16 samples have real data
  Loss weights: keypoint_2d=0.1, betas=0.0005
  need_keypoint_loss=True, need_silhouette_loss=False
  Loss components (non-zero only):
    betas: 0.000003 (weight=0.0005)
    limb_scale_regularization: 0.014817 (weight=1e-05)
    limb_trans_regularization: 0.000000 (weight=0.5)
    joint_angle_regularization: 0.119726 (weight=2e-07)
    keypoint_2d: 0.000005 (weight=0.1)
    keypoint_3d: 0.000000 (weight=2)

WARNING: Near-zero total loss detected: 9.78e-07
  Valid samples: 16/16
  Dataset composition: {'unknown': 16}
  Availability masks present: True
  Availability summary:
    global_rot: 0/16 samples have real data
    joint_rot: 0/16 samples have real data
    betas: 16/16 samples have real data
    trans: 0/16 samples have real data
    fov: 0/16 samples have real data
    cam_rot: 0/16 samples have real data
    cam_trans: 0/16 samples have real data
    log_beta_scales: 0/16 samples have real data
    betas_trans: 0/16 samples have real data
    keypoint_2d: 16/16 samples have real data
    keypoint_3d: 16/16 samples have real data
    silhouette: 0/16 samples have real data
  Loss weights: keypoint_2d=0.1, betas=0.0005
  need_keypoint_loss=True, need_silhouette_loss=False
  Loss components (non-zero only):
    betas: 0.000004 (weight=0.0005)
    limb_scale_regularization: 0.014727 (weight=1e-05)
    limb_trans_regularization: 0.000000 (weight=0.5)
    joint_angle_regularization: 0.117565 (weight=2e-07)
    keypoint_2d: 0.000005 (weight=0.1)
    keypoint_3d: 0.000000 (weight=2)

WARNING: Near-zero total loss detected: 9.34e-07
  Valid samples: 16/16
  Dataset composition: {'unknown': 16}
  Availability masks present: True
  Availability summary:
    global_rot: 0/16 samples have real data
    joint_rot: 0/16 samples have real data
    betas: 16/16 samples have real data
    trans: 0/16 samples have real data
    fov: 0/16 samples have real data
    cam_rot: 0/16 samples have real data
    cam_trans: 0/16 samples have real data
    log_beta_scales: 0/16 samples have real data
    betas_trans: 0/16 samples have real data
    keypoint_2d: 16/16 samples have real data
    keypoint_3d: 16/16 samples have real data
    silhouette: 0/16 samples have real data
  Loss weights: keypoint_2d=0.1, betas=0.0005
  need_keypoint_loss=True, need_silhouette_loss=False
  Loss components (non-zero only):
    betas: 0.000009 (weight=0.0005)
    limb_scale_regularization: 0.014840 (weight=1e-05)
    limb_trans_regularization: 0.000000 (weight=0.5)
    joint_angle_regularization: 0.119788 (weight=2e-07)
    keypoint_2d: 0.000005 (weight=0.1)
    keypoint_3d: 0.000000 (weight=2)

WARNING: Near-zero total loss detected: 9.74e-07
  Valid samples: 16/16
  Dataset composition: {'unknown': 16}
  Availability masks present: True
  Availability summary:
    global_rot: 0/16 samples have real data
    joint_rot: 0/16 samples have real data
    betas: 16/16 samples have real data
    trans: 0/16 samples have real data
    fov: 0/16 samples have real data
    cam_rot: 0/16 samples have real data
    cam_trans: 0/16 samples have real data
    log_beta_scales: 0/16 samples have real data
    betas_trans: 0/16 samples have real data
    keypoint_2d: 16/16 samples have real data
    keypoint_3d: 16/16 samples have real data
    silhouette: 0/16 samples have real data
  Loss weights: keypoint_2d=0.1, betas=0.0005
  need_keypoint_loss=True, need_silhouette_loss=False
  Loss components (non-zero only):
    betas: 0.000008 (weight=0.0005)
    limb_scale_regularization: 0.014640 (weight=1e-05)
    limb_trans_regularization: 0.000000 (weight=0.5)
    joint_angle_regularization: 0.117534 (weight=2e-07)
    keypoint_2d: 0.000005 (weight=0.1)
    keypoint_3d: 0.000000 (weight=2)

WARNING: Near-zero total loss detected: 9.06e-07
  Valid samples: 16/16
  Dataset composition: {'unknown': 16}
  Availability masks present: True
  Availability summary:
    global_rot: 0/16 samples have real data
    joint_rot: 0/16 samples have real data
    betas: 16/16 samples have real data
    trans: 0/16 samples have real data
    fov: 0/16 samples have real data
    cam_rot: 0/16 samples have real data
    cam_trans: 0/16 samples have real data
    log_beta_scales: 0/16 samples have real data
    betas_trans: 0/16 samples have real data
    keypoint_2d: 16/16 samples have real data
    keypoint_3d: 16/16 samples have real data
    silhouette: 0/16 samples have real data
  Loss weights: keypoint_2d=0.1, betas=0.0005
  need_keypoint_loss=True, need_silhouette_loss=False
  Loss components (non-zero only):
    betas: 0.000004 (weight=0.0005)
    limb_scale_regularization: 0.014605 (weight=1e-05)
    limb_trans_regularization: 0.000000 (weight=0.5)
    joint_angle_regularization: 0.118189 (weight=2e-07)
    keypoint_2d: 0.000004 (weight=0.1)
    keypoint_3d: 0.000000 (weight=2)

Epoch 412:
  Train Loss = 0.000003, Val Loss = 0.000002, LR = 1.00e-05
  Parameter Errors (Train / Val):
    betas          : 0.000056 / 0.000011
    betas_trans    : 0.000000 / 0.000000
    cam_rot        : 0.000000 / 0.000000
    cam_trans      : 0.000000 / 0.000000
    fov            : 0.000000 / 0.000000
    global_rot     : 0.000000 / 0.000000
    joint_angle_regularization: 0.104172 / 0.104185
    joint_limit_regularization: 0.000004 / 0.000002
    joint_rot      : 0.000000 / 0.000000
    keypoint_2d    : 0.000017 / 0.000015
    keypoint_3d    : 0.000000 / 0.000000
    limb_scale_regularization: 0.018598 / 0.018769
    limb_trans_regularization: 0.000000 / 0.000000
    log_beta_scales: 0.000000 / 0.000000
    silhouette     : 0.000000 / 0.000000
    trans          : 0.000000 / 0.000000

WARNING: Near-zero total loss detected: 9.55e-07
  Valid samples: 16/16
  Dataset composition: {'unknown': 16}
  Availability masks present: True
  Availability summary:
    global_rot: 0/16 samples have real data
    joint_rot: 0/16 samples have real data
    betas: 16/16 samples have real data
    trans: 0/16 samples have real data
    fov: 0/16 samples have real data
    cam_rot: 0/16 samples have real data
    cam_trans: 0/16 samples have real data
    log_beta_scales: 0/16 samples have real data
    betas_trans: 0/16 samples have real data
    keypoint_2d: 16/16 samples have real data
    keypoint_3d: 16/16 samples have real data
    silhouette: 0/16 samples have real data
  Loss weights: keypoint_2d=0.1, betas=0.0005
  need_keypoint_loss=True, need_silhouette_loss=False
  Loss components (non-zero only):
    betas: 0.000005 (weight=0.0005)
    limb_scale_regularization: 0.015012 (weight=1e-05)
    limb_trans_regularization: 0.000000 (weight=0.5)
    joint_angle_regularization: 0.120607 (weight=2e-07)
    keypoint_2d: 0.000005 (weight=0.1)
    keypoint_3d: 0.000000 (weight=2)

WARNING: Near-zero total loss detected: 9.85e-07
  Valid samples: 16/16
  Dataset composition: {'unknown': 16}
  Availability masks present: True
  Availability summary:
    global_rot: 0/16 samples have real data
    joint_rot: 0/16 samples have real data
    betas: 16/16 samples have real data
    trans: 0/16 samples have real data
    fov: 0/16 samples have real data
    cam_rot: 0/16 samples have real data
    cam_trans: 0/16 samples have real data
    log_beta_scales: 0/16 samples have real data
    betas_trans: 0/16 samples have real data
    keypoint_2d: 16/16 samples have real data
    keypoint_3d: 16/16 samples have real data
    silhouette: 0/16 samples have real data
  Loss weights: keypoint_2d=0.1, betas=0.0005
  need_keypoint_loss=True, need_silhouette_loss=False
  Loss components (non-zero only):
    betas: 0.000006 (weight=0.0005)
    limb_scale_regularization: 0.014922 (weight=1e-05)
    limb_trans_regularization: 0.000000 (weight=0.5)
    joint_angle_regularization: 0.118368 (weight=2e-07)
    keypoint_2d: 0.000005 (weight=0.1)
    keypoint_3d: 0.000000 (weight=2)

WARNING: Near-zero total loss detected: 9.92e-07
  Valid samples: 16/16
  Dataset composition: {'unknown': 16}
  Availability masks present: True
  Availability summary:
    global_rot: 0/16 samples have real data
    joint_rot: 0/16 samples have real data
    betas: 16/16 samples have real data
    trans: 0/16 samples have real data
    fov: 0/16 samples have real data
    cam_rot: 0/16 samples have real data
    cam_trans: 0/16 samples have real data
    log_beta_scales: 0/16 samples have real data
    betas_trans: 0/16 samples have real data
    keypoint_2d: 16/16 samples have real data
    keypoint_3d: 16/16 samples have real data
    silhouette: 0/16 samples have real data
  Loss weights: keypoint_2d=0.1, betas=0.0005
  need_keypoint_loss=True, need_silhouette_loss=False
  Loss components (non-zero only):
    betas: 0.000003 (weight=0.0005)
    limb_scale_regularization: 0.014852 (weight=1e-05)
    limb_trans_regularization: 0.000000 (weight=0.5)
    joint_angle_regularization: 0.120726 (weight=2e-07)
    keypoint_2d: 0.000005 (weight=0.1)
    keypoint_3d: 0.000000 (weight=2)

WARNING: Near-zero total loss detected: 8.97e-07
  Valid samples: 16/16
  Dataset composition: {'unknown': 16}
  Availability masks present: True
  Availability summary:
    global_rot: 0/16 samples have real data
    joint_rot: 0/16 samples have real data
    betas: 16/16 samples have real data
    trans: 0/16 samples have real data
    fov: 0/16 samples have real data
    cam_rot: 0/16 samples have real data
    cam_trans: 0/16 samples have real data
    log_beta_scales: 0/16 samples have real data
    betas_trans: 0/16 samples have real data
    keypoint_2d: 16/16 samples have real data
    keypoint_3d: 16/16 samples have real data
    silhouette: 0/16 samples have real data
  Loss weights: keypoint_2d=0.1, betas=0.0005
  need_keypoint_loss=True, need_silhouette_loss=False
  Loss components (non-zero only):
    betas: 0.000005 (weight=0.0005)
    limb_scale_regularization: 0.014970 (weight=1e-05)
    limb_trans_regularization: 0.000000 (weight=0.5)
    joint_angle_regularization: 0.118840 (weight=2e-07)
    keypoint_2d: 0.000005 (weight=0.1)
    keypoint_3d: 0.000000 (weight=2)

WARNING: Near-zero total loss detected: 9.48e-07
  Valid samples: 16/16
  Dataset composition: {'unknown': 16}
  Availability masks present: True
  Availability summary:
    global_rot: 0/16 samples have real data
    joint_rot: 0/16 samples have real data
    betas: 16/16 samples have real data
    trans: 0/16 samples have real data
    fov: 0/16 samples have real data
    cam_rot: 0/16 samples have real data
    cam_trans: 0/16 samples have real data
    log_beta_scales: 0/16 samples have real data
    betas_trans: 0/16 samples have real data
    keypoint_2d: 16/16 samples have real data
    keypoint_3d: 16/16 samples have real data
    silhouette: 0/16 samples have real data
  Loss weights: keypoint_2d=0.1, betas=0.0005
  need_keypoint_loss=True, need_silhouette_loss=False
  Loss components (non-zero only):
    betas: 0.000006 (weight=0.0005)
    limb_scale_regularization: 0.014771 (weight=1e-05)
    limb_trans_regularization: 0.000000 (weight=0.5)
    joint_angle_regularization: 0.116875 (weight=2e-07)
    keypoint_2d: 0.000005 (weight=0.1)
    keypoint_3d: 0.000000 (weight=2)

WARNING: Near-zero total loss detected: 8.75e-07
  Valid samples: 16/16
  Dataset composition: {'unknown': 16}
  Availability masks present: True
  Availability summary:
    global_rot: 0/16 samples have real data
    joint_rot: 0/16 samples have real data
    betas: 16/16 samples have real data
    trans: 0/16 samples have real data
    fov: 0/16 samples have real data
    cam_rot: 0/16 samples have real data
    cam_trans: 0/16 samples have real data
    log_beta_scales: 0/16 samples have real data
    betas_trans: 0/16 samples have real data
    keypoint_2d: 16/16 samples have real data
    keypoint_3d: 16/16 samples have real data
    silhouette: 0/16 samples have real data
  Loss weights: keypoint_2d=0.1, betas=0.0005
  need_keypoint_loss=True, need_silhouette_loss=False
  Loss components (non-zero only):
    betas: 0.000002 (weight=0.0005)
    limb_scale_regularization: 0.014691 (weight=1e-05)
    limb_trans_regularization: 0.000000 (weight=0.5)
    joint_angle_regularization: 0.120563 (weight=2e-07)
    keypoint_2d: 0.000004 (weight=0.1)
    keypoint_3d: 0.000000 (weight=2)

Epoch 413:
  Train Loss = 0.000003, Val Loss = 0.000002, LR = 1.00e-05
  Parameter Errors (Train / Val):
    betas          : 0.000056 / 0.000010
    betas_trans    : 0.000000 / 0.000000
    cam_rot        : 0.000000 / 0.000000
    cam_trans      : 0.000000 / 0.000000
    fov            : 0.000000 / 0.000000
    global_rot     : 0.000000 / 0.000000
    joint_angle_regularization: 0.104437 / 0.104756
    joint_limit_regularization: 0.000004 / 0.000002
    joint_rot      : 0.000000 / 0.000000
    keypoint_2d    : 0.000017 / 0.000015
    keypoint_3d    : 0.000000 / 0.000000
    limb_scale_regularization: 0.018776 / 0.018948
    limb_trans_regularization: 0.000000 / 0.000000
    log_beta_scales: 0.000000 / 0.000000
    silhouette     : 0.000000 / 0.000000
    trans          : 0.000000 / 0.000000
  Checkpoint saved at epoch 413

WARNING: Near-zero total loss detected: 9.85e-07
  Valid samples: 16/16
  Dataset composition: {'unknown': 16}
  Availability masks present: True
  Availability summary:
    global_rot: 0/16 samples have real data
    joint_rot: 0/16 samples have real data
    betas: 16/16 samples have real data
    trans: 0/16 samples have real data
    fov: 0/16 samples have real data
    cam_rot: 0/16 samples have real data
    cam_trans: 0/16 samples have real data
    log_beta_scales: 0/16 samples have real data
    betas_trans: 0/16 samples have real data
    keypoint_2d: 16/16 samples have real data
    keypoint_3d: 16/16 samples have real data
    silhouette: 0/16 samples have real data
  Loss weights: keypoint_2d=0.1, betas=0.0005
  need_keypoint_loss=True, need_silhouette_loss=False
  Loss components (non-zero only):
    betas: 0.000002 (weight=0.0005)
    limb_scale_regularization: 0.014974 (weight=1e-05)
    limb_trans_regularization: 0.000000 (weight=0.5)
    joint_angle_regularization: 0.120093 (weight=2e-07)
    keypoint_2d: 0.000005 (weight=0.1)
    keypoint_3d: 0.000000 (weight=2)

WARNING: Near-zero total loss detected: 9.48e-07
  Valid samples: 16/16
  Dataset composition: {'unknown': 16}
  Availability masks present: True
  Availability summary:
    global_rot: 0/16 samples have real data
    joint_rot: 0/16 samples have real data
    betas: 16/16 samples have real data
    trans: 0/16 samples have real data
    fov: 0/16 samples have real data
    cam_rot: 0/16 samples have real data
    cam_trans: 0/16 samples have real data
    log_beta_scales: 0/16 samples have real data
    betas_trans: 0/16 samples have real data
    keypoint_2d: 16/16 samples have real data
    keypoint_3d: 16/16 samples have real data
    silhouette: 0/16 samples have real data
  Loss weights: keypoint_2d=0.1, betas=0.0005
  need_keypoint_loss=True, need_silhouette_loss=False
  Loss components (non-zero only):
    betas: 0.000001 (weight=0.0005)
    limb_scale_regularization: 0.015085 (weight=1e-05)
    limb_trans_regularization: 0.000000 (weight=0.5)
    joint_angle_regularization: 0.121205 (weight=2e-07)
    joint_limit_regularization: 0.000001 (weight=0.01)
    keypoint_2d: 0.000005 (weight=0.1)
    keypoint_3d: 0.000000 (weight=2)

WARNING: Near-zero total loss detected: 9.91e-07
  Valid samples: 16/16
  Dataset composition: {'unknown': 16}
  Availability masks present: True
  Availability summary:
    global_rot: 0/16 samples have real data
    joint_rot: 0/16 samples have real data
    betas: 16/16 samples have real data
    trans: 0/16 samples have real data
    fov: 0/16 samples have real data
    cam_rot: 0/16 samples have real data
    cam_trans: 0/16 samples have real data
    log_beta_scales: 0/16 samples have real data
    betas_trans: 0/16 samples have real data
    keypoint_2d: 16/16 samples have real data
    keypoint_3d: 16/16 samples have real data
    silhouette: 0/16 samples have real data
  Loss weights: keypoint_2d=0.1, betas=0.0005
  need_keypoint_loss=True, need_silhouette_loss=False
  Loss components (non-zero only):
    betas: 0.000003 (weight=0.0005)
    limb_scale_regularization: 0.014992 (weight=1e-05)
    limb_trans_regularization: 0.000000 (weight=0.5)
    joint_angle_regularization: 0.119133 (weight=2e-07)
    keypoint_2d: 0.000005 (weight=0.1)
    keypoint_3d: 0.000000 (weight=2)

WARNING: Near-zero total loss detected: 9.08e-07
  Valid samples: 16/16
  Dataset composition: {'unknown': 16}
  Availability masks present: True
  Availability summary:
    global_rot: 0/16 samples have real data
    joint_rot: 0/16 samples have real data
    betas: 16/16 samples have real data
    trans: 0/16 samples have real data
    fov: 0/16 samples have real data
    cam_rot: 0/16 samples have real data
    cam_trans: 0/16 samples have real data
    log_beta_scales: 0/16 samples have real data
    betas_trans: 0/16 samples have real data
    keypoint_2d: 16/16 samples have real data
    keypoint_3d: 16/16 samples have real data
    silhouette: 0/16 samples have real data
  Loss weights: keypoint_2d=0.1, betas=0.0005
  need_keypoint_loss=True, need_silhouette_loss=False
  Loss components (non-zero only):
    betas: 0.000003 (weight=0.0005)
    limb_scale_regularization: 0.015147 (weight=1e-05)
    limb_trans_regularization: 0.000000 (weight=0.5)
    joint_angle_regularization: 0.119871 (weight=2e-07)
    keypoint_2d: 0.000005 (weight=0.1)
    keypoint_3d: 0.000000 (weight=2)

WARNING: Near-zero total loss detected: 9.65e-07
  Valid samples: 16/16
  Dataset composition: {'unknown': 16}
  Availability masks present: True
  Availability summary:
    global_rot: 0/16 samples have real data
    joint_rot: 0/16 samples have real data
    betas: 16/16 samples have real data
    trans: 0/16 samples have real data
    fov: 0/16 samples have real data
    cam_rot: 0/16 samples have real data
    cam_trans: 0/16 samples have real data
    log_beta_scales: 0/16 samples have real data
    betas_trans: 0/16 samples have real data
    keypoint_2d: 16/16 samples have real data
    keypoint_3d: 16/16 samples have real data
    silhouette: 0/16 samples have real data
  Loss weights: keypoint_2d=0.1, betas=0.0005
  need_keypoint_loss=True, need_silhouette_loss=False
  Loss components (non-zero only):
    betas: 0.000004 (weight=0.0005)
    limb_scale_regularization: 0.014949 (weight=1e-05)
    limb_trans_regularization: 0.000000 (weight=0.5)
    joint_angle_regularization: 0.117833 (weight=2e-07)
    keypoint_2d: 0.000005 (weight=0.1)
    keypoint_3d: 0.000000 (weight=2)

WARNING: Near-zero total loss detected: 9.25e-07
  Valid samples: 16/16
  Dataset composition: {'unknown': 16}
  Availability masks present: True
  Availability summary:
    global_rot: 0/16 samples have real data
    joint_rot: 0/16 samples have real data
    betas: 16/16 samples have real data
    trans: 0/16 samples have real data
    fov: 0/16 samples have real data
    cam_rot: 0/16 samples have real data
    cam_trans: 0/16 samples have real data
    log_beta_scales: 0/16 samples have real data
    betas_trans: 0/16 samples have real data
    keypoint_2d: 16/16 samples have real data
    keypoint_3d: 16/16 samples have real data
    silhouette: 0/16 samples have real data
  Loss weights: keypoint_2d=0.1, betas=0.0005
  need_keypoint_loss=True, need_silhouette_loss=False
  Loss components (non-zero only):
    betas: 0.000002 (weight=0.0005)
    limb_scale_regularization: 0.014811 (weight=1e-05)
    limb_trans_regularization: 0.000000 (weight=0.5)
    joint_angle_regularization: 0.120204 (weight=2e-07)
    keypoint_2d: 0.000005 (weight=0.1)
    keypoint_3d: 0.000000 (weight=2)

Epoch 414:
  Train Loss = 0.000003, Val Loss = 0.000002, LR = 1.00e-05
  Parameter Errors (Train / Val):
    betas          : 0.000053 / 0.000010
    betas_trans    : 0.000000 / 0.000000
    cam_rot        : 0.000000 / 0.000000
    cam_trans      : 0.000000 / 0.000000
    fov            : 0.000000 / 0.000000
    global_rot     : 0.000000 / 0.000000
    joint_angle_regularization: 0.104836 / 0.105014
    joint_limit_regularization: 0.000004 / 0.000002
    joint_rot      : 0.000000 / 0.000000
    keypoint_2d    : 0.000017 / 0.000014
    keypoint_3d    : 0.000000 / 0.000000
    limb_scale_regularization: 0.018998 / 0.019114
    limb_trans_regularization: 0.000000 / 0.000000
    log_beta_scales: 0.000000 / 0.000000
    silhouette     : 0.000000 / 0.000000
    trans          : 0.000000 / 0.000000

WARNING: Near-zero total loss detected: 9.33e-07
  Valid samples: 16/16
  Dataset composition: {'unknown': 16}
  Availability masks present: True
  Availability summary:
    global_rot: 0/16 samples have real data
    joint_rot: 0/16 samples have real data
    betas: 16/16 samples have real data
    trans: 0/16 samples have real data
    fov: 0/16 samples have real data
    cam_rot: 0/16 samples have real data
    cam_trans: 0/16 samples have real data
    log_beta_scales: 0/16 samples have real data
    betas_trans: 0/16 samples have real data
    keypoint_2d: 16/16 samples have real data
    keypoint_3d: 16/16 samples have real data
    silhouette: 0/16 samples have real data
  Loss weights: keypoint_2d=0.1, betas=0.0005
  need_keypoint_loss=True, need_silhouette_loss=False
  Loss components (non-zero only):
    betas: 0.000002 (weight=0.0005)
    limb_scale_regularization: 0.015190 (weight=1e-05)
    limb_trans_regularization: 0.000000 (weight=0.5)
    joint_angle_regularization: 0.119987 (weight=2e-07)
    keypoint_2d: 0.000005 (weight=0.1)
    keypoint_3d: 0.000000 (weight=2)

WARNING: Near-zero total loss detected: 9.62e-07
  Valid samples: 16/16
  Dataset composition: {'unknown': 16}
  Availability masks present: True
  Availability summary:
    global_rot: 0/16 samples have real data
    joint_rot: 0/16 samples have real data
    betas: 16/16 samples have real data
    trans: 0/16 samples have real data
    fov: 0/16 samples have real data
    cam_rot: 0/16 samples have real data
    cam_trans: 0/16 samples have real data
    log_beta_scales: 0/16 samples have real data
    betas_trans: 0/16 samples have real data
    keypoint_2d: 16/16 samples have real data
    keypoint_3d: 16/16 samples have real data
    silhouette: 0/16 samples have real data
  Loss weights: keypoint_2d=0.1, betas=0.0005
  need_keypoint_loss=True, need_silhouette_loss=False
  Loss components (non-zero only):
    betas: 0.000004 (weight=0.0005)
    limb_scale_regularization: 0.015216 (weight=1e-05)
    limb_trans_regularization: 0.000000 (weight=0.5)
    joint_angle_regularization: 0.119186 (weight=2e-07)
    keypoint_2d: 0.000005 (weight=0.1)
    keypoint_3d: 0.000000 (weight=2)

WARNING: Near-zero total loss detected: 9.05e-07
  Valid samples: 16/16
  Dataset composition: {'unknown': 16}
  Availability masks present: True
  Availability summary:
    global_rot: 0/16 samples have real data
    joint_rot: 0/16 samples have real data
    betas: 16/16 samples have real data
    trans: 0/16 samples have real data
    fov: 0/16 samples have real data
    cam_rot: 0/16 samples have real data
    cam_trans: 0/16 samples have real data
    log_beta_scales: 0/16 samples have real data
    betas_trans: 0/16 samples have real data
    keypoint_2d: 16/16 samples have real data
    keypoint_3d: 16/16 samples have real data
    silhouette: 0/16 samples have real data
  Loss weights: keypoint_2d=0.1, betas=0.0005
  need_keypoint_loss=True, need_silhouette_loss=False
  Loss components (non-zero only):
    betas: 0.000001 (weight=0.0005)
    limb_scale_regularization: 0.015251 (weight=1e-05)
    limb_trans_regularization: 0.000000 (weight=0.5)
    joint_angle_regularization: 0.120348 (weight=2e-07)
    keypoint_2d: 0.000005 (weight=0.1)
    keypoint_3d: 0.000000 (weight=2)

WARNING: Near-zero total loss detected: 9.29e-07
  Valid samples: 16/16
  Dataset composition: {'unknown': 16}
  Availability masks present: True
  Availability summary:
    global_rot: 0/16 samples have real data
    joint_rot: 0/16 samples have real data
    betas: 16/16 samples have real data
    trans: 0/16 samples have real data
    fov: 0/16 samples have real data
    cam_rot: 0/16 samples have real data
    cam_trans: 0/16 samples have real data
    log_beta_scales: 0/16 samples have real data
    betas_trans: 0/16 samples have real data
    keypoint_2d: 16/16 samples have real data
    keypoint_3d: 16/16 samples have real data
    silhouette: 0/16 samples have real data
  Loss weights: keypoint_2d=0.1, betas=0.0005
  need_keypoint_loss=True, need_silhouette_loss=False
  Loss components (non-zero only):
    betas: 0.000003 (weight=0.0005)
    limb_scale_regularization: 0.015165 (weight=1e-05)
    limb_trans_regularization: 0.000000 (weight=0.5)
    joint_angle_regularization: 0.118143 (weight=2e-07)
    keypoint_2d: 0.000005 (weight=0.1)
    keypoint_3d: 0.000000 (weight=2)

WARNING: Near-zero total loss detected: 9.09e-07
  Valid samples: 16/16
  Dataset composition: {'unknown': 16}
  Availability masks present: True
  Availability summary:
    global_rot: 0/16 samples have real data
    joint_rot: 0/16 samples have real data
    betas: 16/16 samples have real data
    trans: 0/16 samples have real data
    fov: 0/16 samples have real data
    cam_rot: 0/16 samples have real data
    cam_trans: 0/16 samples have real data
    log_beta_scales: 0/16 samples have real data
    betas_trans: 0/16 samples have real data
    keypoint_2d: 16/16 samples have real data
    keypoint_3d: 16/16 samples have real data
    silhouette: 0/16 samples have real data
  Loss weights: keypoint_2d=0.1, betas=0.0005
  need_keypoint_loss=True, need_silhouette_loss=False
  Loss components (non-zero only):
    betas: 0.000008 (weight=0.0005)
    limb_scale_regularization: 0.015184 (weight=1e-05)
    limb_trans_regularization: 0.000000 (weight=0.5)
    joint_angle_regularization: 0.120854 (weight=2e-07)
    keypoint_2d: 0.000005 (weight=0.1)
    keypoint_3d: 0.000000 (weight=2)

WARNING: Near-zero total loss detected: 9.61e-07
  Valid samples: 16/16
  Dataset composition: {'unknown': 16}
  Availability masks present: True
  Availability summary:
    global_rot: 0/16 samples have real data
    joint_rot: 0/16 samples have real data
    betas: 16/16 samples have real data
    trans: 0/16 samples have real data
    fov: 0/16 samples have real data
    cam_rot: 0/16 samples have real data
    cam_trans: 0/16 samples have real data
    log_beta_scales: 0/16 samples have real data
    betas_trans: 0/16 samples have real data
    keypoint_2d: 16/16 samples have real data
    keypoint_3d: 16/16 samples have real data
    silhouette: 0/16 samples have real data
  Loss weights: keypoint_2d=0.1, betas=0.0005
  need_keypoint_loss=True, need_silhouette_loss=False
  Loss components (non-zero only):
    betas: 0.000011 (weight=0.0005)
    limb_scale_regularization: 0.014988 (weight=1e-05)
    limb_trans_regularization: 0.000000 (weight=0.5)
    joint_angle_regularization: 0.118746 (weight=2e-07)
    keypoint_2d: 0.000005 (weight=0.1)
    keypoint_3d: 0.000000 (weight=2)

WARNING: Near-zero total loss detected: 8.59e-07
  Valid samples: 16/16
  Dataset composition: {'unknown': 16}
  Availability masks present: True
  Availability summary:
    global_rot: 0/16 samples have real data
    joint_rot: 0/16 samples have real data
    betas: 16/16 samples have real data
    trans: 0/16 samples have real data
    fov: 0/16 samples have real data
    cam_rot: 0/16 samples have real data
    cam_trans: 0/16 samples have real data
    log_beta_scales: 0/16 samples have real data
    betas_trans: 0/16 samples have real data
    keypoint_2d: 16/16 samples have real data
    keypoint_3d: 16/16 samples have real data
    silhouette: 0/16 samples have real data
  Loss weights: keypoint_2d=0.1, betas=0.0005
  need_keypoint_loss=True, need_silhouette_loss=False
  Loss components (non-zero only):
    betas: 0.000003 (weight=0.0005)
    limb_scale_regularization: 0.014910 (weight=1e-05)
    limb_trans_regularization: 0.000000 (weight=0.5)
    joint_angle_regularization: 0.118534 (weight=2e-07)
    keypoint_2d: 0.000004 (weight=0.1)
    keypoint_3d: 0.000000 (weight=2)

Epoch 415:
  Train Loss = 0.000003, Val Loss = 0.000002, LR = 1.00e-05
  Parameter Errors (Train / Val):
    betas          : 0.000079 / 0.000011
    betas_trans    : 0.000000 / 0.000000
    cam_rot        : 0.000000 / 0.000000
    cam_trans      : 0.000000 / 0.000000
    fov            : 0.000000 / 0.000000
    global_rot     : 0.000000 / 0.000000
    joint_angle_regularization: 0.104998 / 0.104971
    joint_limit_regularization: 0.000003 / 0.000002
    joint_rot      : 0.000000 / 0.000000
    keypoint_2d    : 0.000017 / 0.000014
    keypoint_3d    : 0.000000 / 0.000000
    limb_scale_regularization: 0.019060 / 0.019269
    limb_trans_regularization: 0.000000 / 0.000000
    log_beta_scales: 0.000000 / 0.000000
    silhouette     : 0.000000 / 0.000000
    trans          : 0.000000 / 0.000000
  Checkpoint saved at epoch 415

WARNING: Near-zero total loss detected: 9.75e-07
  Valid samples: 16/16
  Dataset composition: {'unknown': 16}
  Availability masks present: True
  Availability summary:
    global_rot: 0/16 samples have real data
    joint_rot: 0/16 samples have real data
    betas: 16/16 samples have real data
    trans: 0/16 samples have real data
    fov: 0/16 samples have real data
    cam_rot: 0/16 samples have real data
    cam_trans: 0/16 samples have real data
    log_beta_scales: 0/16 samples have real data
    betas_trans: 0/16 samples have real data
    keypoint_2d: 16/16 samples have real data
    keypoint_3d: 16/16 samples have real data
    silhouette: 0/16 samples have real data
  Loss weights: keypoint_2d=0.1, betas=0.0005
  need_keypoint_loss=True, need_silhouette_loss=False
  Loss components (non-zero only):
    betas: 0.000002 (weight=0.0005)
    limb_scale_regularization: 0.015333 (weight=1e-05)
    limb_trans_regularization: 0.000000 (weight=0.5)
    joint_angle_regularization: 0.118831 (weight=2e-07)
    keypoint_2d: 0.000005 (weight=0.1)
    keypoint_3d: 0.000000 (weight=2)

WARNING: Near-zero total loss detected: 9.97e-07
  Valid samples: 16/16
  Dataset composition: {'unknown': 16}
  Availability masks present: True
  Availability summary:
    global_rot: 0/16 samples have real data
    joint_rot: 0/16 samples have real data
    betas: 16/16 samples have real data
    trans: 0/16 samples have real data
    fov: 0/16 samples have real data
    cam_rot: 0/16 samples have real data
    cam_trans: 0/16 samples have real data
    log_beta_scales: 0/16 samples have real data
    betas_trans: 0/16 samples have real data
    keypoint_2d: 16/16 samples have real data
    keypoint_3d: 16/16 samples have real data
    silhouette: 0/16 samples have real data
  Loss weights: keypoint_2d=0.1, betas=0.0005
  need_keypoint_loss=True, need_silhouette_loss=False
  Loss components (non-zero only):
    betas: 0.000004 (weight=0.0005)
    limb_scale_regularization: 0.015243 (weight=1e-05)
    limb_trans_regularization: 0.000000 (weight=0.5)
    joint_angle_regularization: 0.116649 (weight=2e-07)
    keypoint_2d: 0.000005 (weight=0.1)
    keypoint_3d: 0.000000 (weight=2)

WARNING: Near-zero total loss detected: 9.38e-07
  Valid samples: 16/16
  Dataset composition: {'unknown': 16}
  Availability masks present: True
  Availability summary:
    global_rot: 0/16 samples have real data
    joint_rot: 0/16 samples have real data
    betas: 16/16 samples have real data
    trans: 0/16 samples have real data
    fov: 0/16 samples have real data
    cam_rot: 0/16 samples have real data
    cam_trans: 0/16 samples have real data
    log_beta_scales: 0/16 samples have real data
    betas_trans: 0/16 samples have real data
    keypoint_2d: 16/16 samples have real data
    keypoint_3d: 16/16 samples have real data
    silhouette: 0/16 samples have real data
  Loss weights: keypoint_2d=0.1, betas=0.0005
  need_keypoint_loss=True, need_silhouette_loss=False
  Loss components (non-zero only):
    betas: 0.000002 (weight=0.0005)
    limb_scale_regularization: 0.015214 (weight=1e-05)
    limb_trans_regularization: 0.000000 (weight=0.5)
    joint_angle_regularization: 0.120725 (weight=2e-07)
    keypoint_2d: 0.000005 (weight=0.1)
    keypoint_3d: 0.000000 (weight=2)

WARNING: Near-zero total loss detected: 9.62e-07
  Valid samples: 16/16
  Dataset composition: {'unknown': 16}
  Availability masks present: True
  Availability summary:
    global_rot: 0/16 samples have real data
    joint_rot: 0/16 samples have real data
    betas: 16/16 samples have real data
    trans: 0/16 samples have real data
    fov: 0/16 samples have real data
    cam_rot: 0/16 samples have real data
    cam_trans: 0/16 samples have real data
    log_beta_scales: 0/16 samples have real data
    betas_trans: 0/16 samples have real data
    keypoint_2d: 16/16 samples have real data
    keypoint_3d: 16/16 samples have real data
    silhouette: 0/16 samples have real data
  Loss weights: keypoint_2d=0.1, betas=0.0005
  need_keypoint_loss=True, need_silhouette_loss=False
  Loss components (non-zero only):
    betas: 0.000003 (weight=0.0005)
    limb_scale_regularization: 0.015232 (weight=1e-05)
    limb_trans_regularization: 0.000000 (weight=0.5)
    joint_angle_regularization: 0.119719 (weight=2e-07)
    keypoint_2d: 0.000005 (weight=0.1)
    keypoint_3d: 0.000000 (weight=2)

WARNING: Near-zero total loss detected: 8.99e-07
  Valid samples: 16/16
  Dataset composition: {'unknown': 16}
  Availability masks present: True
  Availability summary:
    global_rot: 0/16 samples have real data
    joint_rot: 0/16 samples have real data
    betas: 16/16 samples have real data
    trans: 0/16 samples have real data
    fov: 0/16 samples have real data
    cam_rot: 0/16 samples have real data
    cam_trans: 0/16 samples have real data
    log_beta_scales: 0/16 samples have real data
    betas_trans: 0/16 samples have real data
    keypoint_2d: 16/16 samples have real data
    keypoint_3d: 16/16 samples have real data
    silhouette: 0/16 samples have real data
  Loss weights: keypoint_2d=0.1, betas=0.0005
  need_keypoint_loss=True, need_silhouette_loss=False
  Loss components (non-zero only):
    betas: 0.000002 (weight=0.0005)
    limb_scale_regularization: 0.015209 (weight=1e-05)
    limb_trans_regularization: 0.000000 (weight=0.5)
    joint_angle_regularization: 0.120984 (weight=2e-07)
    keypoint_2d: 0.000005 (weight=0.1)
    keypoint_3d: 0.000000 (weight=2)

WARNING: Near-zero total loss detected: 9.54e-07
  Valid samples: 16/16
  Dataset composition: {'unknown': 16}
  Availability masks present: True
  Availability summary:
    global_rot: 0/16 samples have real data
    joint_rot: 0/16 samples have real data
    betas: 16/16 samples have real data
    trans: 0/16 samples have real data
    fov: 0/16 samples have real data
    cam_rot: 0/16 samples have real data
    cam_trans: 0/16 samples have real data
    log_beta_scales: 0/16 samples have real data
    betas_trans: 0/16 samples have real data
    keypoint_2d: 16/16 samples have real data
    keypoint_3d: 16/16 samples have real data
    silhouette: 0/16 samples have real data
  Loss weights: keypoint_2d=0.1, betas=0.0005
  need_keypoint_loss=True, need_silhouette_loss=False
  Loss components (non-zero only):
    betas: 0.000002 (weight=0.0005)
    limb_scale_regularization: 0.015006 (weight=1e-05)
    limb_trans_regularization: 0.000000 (weight=0.5)
    joint_angle_regularization: 0.118915 (weight=2e-07)
    keypoint_2d: 0.000005 (weight=0.1)
    keypoint_3d: 0.000000 (weight=2)

WARNING: Near-zero total loss detected: 8.90e-07
  Valid samples: 16/16
  Dataset composition: {'unknown': 16}
  Availability masks present: True
  Availability summary:
    global_rot: 0/16 samples have real data
    joint_rot: 0/16 samples have real data
    betas: 16/16 samples have real data
    trans: 0/16 samples have real data
    fov: 0/16 samples have real data
    cam_rot: 0/16 samples have real data
    cam_trans: 0/16 samples have real data
    log_beta_scales: 0/16 samples have real data
    betas_trans: 0/16 samples have real data
    keypoint_2d: 16/16 samples have real data
    keypoint_3d: 16/16 samples have real data
    silhouette: 0/16 samples have real data
  Loss weights: keypoint_2d=0.1, betas=0.0005
  need_keypoint_loss=True, need_silhouette_loss=False
  Loss components (non-zero only):
    betas: 0.000003 (weight=0.0005)
    limb_scale_regularization: 0.014971 (weight=1e-05)
    limb_trans_regularization: 0.000000 (weight=0.5)
    joint_angle_regularization: 0.119902 (weight=2e-07)
    keypoint_2d: 0.000004 (weight=0.1)
    keypoint_3d: 0.000000 (weight=2)

Epoch 416:
  Train Loss = 0.000003, Val Loss = 0.000002, LR = 1.00e-05
  Parameter Errors (Train / Val):
    betas          : 0.000053 / 0.000010
    betas_trans    : 0.000000 / 0.000000
    cam_rot        : 0.000000 / 0.000000
    cam_trans      : 0.000000 / 0.000000
    fov            : 0.000000 / 0.000000
    global_rot     : 0.000000 / 0.000000
    joint_angle_regularization: 0.104492 / 0.105409
    joint_limit_regularization: 0.000003 / 0.000002
    joint_rot      : 0.000000 / 0.000000
    keypoint_2d    : 0.000017 / 0.000014
    keypoint_3d    : 0.000000 / 0.000000
    limb_scale_regularization: 0.019209 / 0.019353
    limb_trans_regularization: 0.000000 / 0.000000
    log_beta_scales: 0.000000 / 0.000000
    silhouette     : 0.000000 / 0.000000
    trans          : 0.000000 / 0.000000

WARNING: Near-zero total loss detected: 9.33e-07
  Valid samples: 16/16
  Dataset composition: {'unknown': 16}
  Availability masks present: True
  Availability summary:
    global_rot: 0/16 samples have real data
    joint_rot: 0/16 samples have real data
    betas: 16/16 samples have real data
    trans: 0/16 samples have real data
    fov: 0/16 samples have real data
    cam_rot: 0/16 samples have real data
    cam_trans: 0/16 samples have real data
    log_beta_scales: 0/16 samples have real data
    betas_trans: 0/16 samples have real data
    keypoint_2d: 16/16 samples have real data
    keypoint_3d: 16/16 samples have real data
    silhouette: 0/16 samples have real data
  Loss weights: keypoint_2d=0.1, betas=0.0005
  need_keypoint_loss=True, need_silhouette_loss=False
  Loss components (non-zero only):
    betas: 0.000002 (weight=0.0005)
    limb_scale_regularization: 0.015380 (weight=1e-05)
    limb_trans_regularization: 0.000000 (weight=0.5)
    joint_angle_regularization: 0.120168 (weight=2e-07)
    keypoint_2d: 0.000005 (weight=0.1)
    keypoint_3d: 0.000000 (weight=2)

WARNING: Near-zero total loss detected: 9.80e-07
  Valid samples: 16/16
  Dataset composition: {'unknown': 16}
  Availability masks present: True
  Availability summary:
    global_rot: 0/16 samples have real data
    joint_rot: 0/16 samples have real data
    betas: 16/16 samples have real data
    trans: 0/16 samples have real data
    fov: 0/16 samples have real data
    cam_rot: 0/16 samples have real data
    cam_trans: 0/16 samples have real data
    log_beta_scales: 0/16 samples have real data
    betas_trans: 0/16 samples have real data
    keypoint_2d: 16/16 samples have real data
    keypoint_3d: 16/16 samples have real data
    silhouette: 0/16 samples have real data
  Loss weights: keypoint_2d=0.1, betas=0.0005
  need_keypoint_loss=True, need_silhouette_loss=False
  Loss components (non-zero only):
    betas: 0.000003 (weight=0.0005)
    limb_scale_regularization: 0.015291 (weight=1e-05)
    limb_trans_regularization: 0.000000 (weight=0.5)
    joint_angle_regularization: 0.118004 (weight=2e-07)
    keypoint_2d: 0.000005 (weight=0.1)
    keypoint_3d: 0.000000 (weight=2)

WARNING: Near-zero total loss detected: 9.41e-07
  Valid samples: 16/16
  Dataset composition: {'unknown': 16}
  Availability masks present: True
  Availability summary:
    global_rot: 0/16 samples have real data
    joint_rot: 0/16 samples have real data
    betas: 16/16 samples have real data
    trans: 0/16 samples have real data
    fov: 0/16 samples have real data
    cam_rot: 0/16 samples have real data
    cam_trans: 0/16 samples have real data
    log_beta_scales: 0/16 samples have real data
    betas_trans: 0/16 samples have real data
    keypoint_2d: 16/16 samples have real data
    keypoint_3d: 16/16 samples have real data
    silhouette: 0/16 samples have real data
  Loss weights: keypoint_2d=0.1, betas=0.0005
  need_keypoint_loss=True, need_silhouette_loss=False
  Loss components (non-zero only):
    betas: 0.000005 (weight=0.0005)
    limb_scale_regularization: 0.015226 (weight=1e-05)
    limb_trans_regularization: 0.000000 (weight=0.5)
    joint_angle_regularization: 0.121067 (weight=2e-07)
    keypoint_2d: 0.000005 (weight=0.1)
    keypoint_3d: 0.000000 (weight=2)

WARNING: Near-zero total loss detected: 9.72e-07
  Valid samples: 16/16
  Dataset composition: {'unknown': 16}
  Availability masks present: True
  Availability summary:
    global_rot: 0/16 samples have real data
    joint_rot: 0/16 samples have real data
    betas: 16/16 samples have real data
    trans: 0/16 samples have real data
    fov: 0/16 samples have real data
    cam_rot: 0/16 samples have real data
    cam_trans: 0/16 samples have real data
    log_beta_scales: 0/16 samples have real data
    betas_trans: 0/16 samples have real data
    keypoint_2d: 16/16 samples have real data
    keypoint_3d: 16/16 samples have real data
    silhouette: 0/16 samples have real data
  Loss weights: keypoint_2d=0.1, betas=0.0005
  need_keypoint_loss=True, need_silhouette_loss=False
  Loss components (non-zero only):
    betas: 0.000005 (weight=0.0005)
    limb_scale_regularization: 0.015245 (weight=1e-05)
    limb_trans_regularization: 0.000000 (weight=0.5)
    joint_angle_regularization: 0.120170 (weight=2e-07)
    keypoint_2d: 0.000005 (weight=0.1)
    keypoint_3d: 0.000000 (weight=2)

WARNING: Near-zero total loss detected: 8.88e-07
  Valid samples: 16/16
  Dataset composition: {'unknown': 16}
  Availability masks present: True
  Availability summary:
    global_rot: 0/16 samples have real data
    joint_rot: 0/16 samples have real data
    betas: 16/16 samples have real data
    trans: 0/16 samples have real data
    fov: 0/16 samples have real data
    cam_rot: 0/16 samples have real data
    cam_trans: 0/16 samples have real data
    log_beta_scales: 0/16 samples have real data
    betas_trans: 0/16 samples have real data
    keypoint_2d: 16/16 samples have real data
    keypoint_3d: 16/16 samples have real data
    silhouette: 0/16 samples have real data
  Loss weights: keypoint_2d=0.1, betas=0.0005
  need_keypoint_loss=True, need_silhouette_loss=False
  Loss components (non-zero only):
    betas: 0.000002 (weight=0.0005)
    limb_scale_regularization: 0.015340 (weight=1e-05)
    limb_trans_regularization: 0.000000 (weight=0.5)
    joint_angle_regularization: 0.121612 (weight=2e-07)
    keypoint_2d: 0.000005 (weight=0.1)
    keypoint_3d: 0.000000 (weight=2)

WARNING: Near-zero total loss detected: 9.38e-07
  Valid samples: 16/16
  Dataset composition: {'unknown': 16}
  Availability masks present: True
  Availability summary:
    global_rot: 0/16 samples have real data
    joint_rot: 0/16 samples have real data
    betas: 16/16 samples have real data
    trans: 0/16 samples have real data
    fov: 0/16 samples have real data
    cam_rot: 0/16 samples have real data
    cam_trans: 0/16 samples have real data
    log_beta_scales: 0/16 samples have real data
    betas_trans: 0/16 samples have real data
    keypoint_2d: 16/16 samples have real data
    keypoint_3d: 16/16 samples have real data
    silhouette: 0/16 samples have real data
  Loss weights: keypoint_2d=0.1, betas=0.0005
  need_keypoint_loss=True, need_silhouette_loss=False
  Loss components (non-zero only):
    betas: 0.000002 (weight=0.0005)
    limb_scale_regularization: 0.015145 (weight=1e-05)
    limb_trans_regularization: 0.000000 (weight=0.5)
    joint_angle_regularization: 0.119381 (weight=2e-07)
    keypoint_2d: 0.000005 (weight=0.1)
    keypoint_3d: 0.000000 (weight=2)

WARNING: Near-zero total loss detected: 8.39e-07
  Valid samples: 16/16
  Dataset composition: {'unknown': 16}
  Availability masks present: True
  Availability summary:
    global_rot: 0/16 samples have real data
    joint_rot: 0/16 samples have real data
    betas: 16/16 samples have real data
    trans: 0/16 samples have real data
    fov: 0/16 samples have real data
    cam_rot: 0/16 samples have real data
    cam_trans: 0/16 samples have real data
    log_beta_scales: 0/16 samples have real data
    betas_trans: 0/16 samples have real data
    keypoint_2d: 16/16 samples have real data
    keypoint_3d: 16/16 samples have real data
    silhouette: 0/16 samples have real data
  Loss weights: keypoint_2d=0.1, betas=0.0005
  need_keypoint_loss=True, need_silhouette_loss=False
  Loss components (non-zero only):
    betas: 0.000003 (weight=0.0005)
    limb_scale_regularization: 0.015082 (weight=1e-05)
    limb_trans_regularization: 0.000000 (weight=0.5)
    joint_angle_regularization: 0.119557 (weight=2e-07)
    keypoint_2d: 0.000004 (weight=0.1)
    keypoint_3d: 0.000000 (weight=2)

Epoch 417:
  Train Loss = 0.000003, Val Loss = 0.000002, LR = 1.00e-05
  Parameter Errors (Train / Val):
    betas          : 0.000101 / 0.000010
    betas_trans    : 0.000000 / 0.000000
    cam_rot        : 0.000000 / 0.000000
    cam_trans      : 0.000000 / 0.000000
    fov            : 0.000000 / 0.000000
    global_rot     : 0.000000 / 0.000000
    joint_angle_regularization: 0.105196 / 0.105705
    joint_limit_regularization: 0.000003 / 0.000002
    joint_rot      : 0.000000 / 0.000000
    keypoint_2d    : 0.000017 / 0.000014
    keypoint_3d    : 0.000000 / 0.000000
    limb_scale_regularization: 0.019407 / 0.019469
    limb_trans_regularization: 0.000000 / 0.000000
    log_beta_scales: 0.000000 / 0.000000
    silhouette     : 0.000000 / 0.000000
    trans          : 0.000000 / 0.000000
  Checkpoint saved at epoch 417

WARNING: Near-zero total loss detected: 9.68e-07
  Valid samples: 16/16
  Dataset composition: {'unknown': 16}
  Availability masks present: True
  Availability summary:
    global_rot: 0/16 samples have real data
    joint_rot: 0/16 samples have real data
    betas: 16/16 samples have real data
    trans: 0/16 samples have real data
    fov: 0/16 samples have real data
    cam_rot: 0/16 samples have real data
    cam_trans: 0/16 samples have real data
    log_beta_scales: 0/16 samples have real data
    betas_trans: 0/16 samples have real data
    keypoint_2d: 16/16 samples have real data
    keypoint_3d: 16/16 samples have real data
    silhouette: 0/16 samples have real data
  Loss weights: keypoint_2d=0.1, betas=0.0005
  need_keypoint_loss=True, need_silhouette_loss=False
  Loss components (non-zero only):
    betas: 0.000003 (weight=0.0005)
    limb_scale_regularization: 0.015390 (weight=1e-05)
    limb_trans_regularization: 0.000000 (weight=0.5)
    joint_angle_regularization: 0.121663 (weight=2e-07)
    keypoint_2d: 0.000005 (weight=0.1)
    keypoint_3d: 0.000000 (weight=2)

WARNING: Near-zero total loss detected: 9.46e-07
  Valid samples: 16/16
  Dataset composition: {'unknown': 16}
  Availability masks present: True
  Availability summary:
    global_rot: 0/16 samples have real data
    joint_rot: 0/16 samples have real data
    betas: 16/16 samples have real data
    trans: 0/16 samples have real data
    fov: 0/16 samples have real data
    cam_rot: 0/16 samples have real data
    cam_trans: 0/16 samples have real data
    log_beta_scales: 0/16 samples have real data
    betas_trans: 0/16 samples have real data
    keypoint_2d: 16/16 samples have real data
    keypoint_3d: 16/16 samples have real data
    silhouette: 0/16 samples have real data
  Loss weights: keypoint_2d=0.1, betas=0.0005
  need_keypoint_loss=True, need_silhouette_loss=False
  Loss components (non-zero only):
    betas: 0.000003 (weight=0.0005)
    limb_scale_regularization: 0.015499 (weight=1e-05)
    limb_trans_regularization: 0.000000 (weight=0.5)
    joint_angle_regularization: 0.121305 (weight=2e-07)
    keypoint_2d: 0.000005 (weight=0.1)
    keypoint_3d: 0.000000 (weight=2)

WARNING: Near-zero total loss detected: 9.87e-07
  Valid samples: 16/16
  Dataset composition: {'unknown': 16}
  Availability masks present: True
  Availability summary:
    global_rot: 0/16 samples have real data
    joint_rot: 0/16 samples have real data
    betas: 16/16 samples have real data
    trans: 0/16 samples have real data
    fov: 0/16 samples have real data
    cam_rot: 0/16 samples have real data
    cam_trans: 0/16 samples have real data
    log_beta_scales: 0/16 samples have real data
    betas_trans: 0/16 samples have real data
    keypoint_2d: 16/16 samples have real data
    keypoint_3d: 16/16 samples have real data
    silhouette: 0/16 samples have real data
  Loss weights: keypoint_2d=0.1, betas=0.0005
  need_keypoint_loss=True, need_silhouette_loss=False
  Loss components (non-zero only):
    betas: 0.000004 (weight=0.0005)
    limb_scale_regularization: 0.015410 (weight=1e-05)
    limb_trans_regularization: 0.000000 (weight=0.5)
    joint_angle_regularization: 0.119063 (weight=2e-07)
    keypoint_2d: 0.000005 (weight=0.1)
    keypoint_3d: 0.000000 (weight=2)

WARNING: Near-zero total loss detected: 8.88e-07
  Valid samples: 16/16
  Dataset composition: {'unknown': 16}
  Availability masks present: True
  Availability summary:
    global_rot: 0/16 samples have real data
    joint_rot: 0/16 samples have real data
    betas: 16/16 samples have real data
    trans: 0/16 samples have real data
    fov: 0/16 samples have real data
    cam_rot: 0/16 samples have real data
    cam_trans: 0/16 samples have real data
    log_beta_scales: 0/16 samples have real data
    betas_trans: 0/16 samples have real data
    keypoint_2d: 16/16 samples have real data
    keypoint_3d: 16/16 samples have real data
    silhouette: 0/16 samples have real data
  Loss weights: keypoint_2d=0.1, betas=0.0005
  need_keypoint_loss=True, need_silhouette_loss=False
  Loss components (non-zero only):
    betas: 0.000002 (weight=0.0005)
    limb_scale_regularization: 0.015407 (weight=1e-05)
    limb_trans_regularization: 0.000000 (weight=0.5)
    joint_angle_regularization: 0.121318 (weight=2e-07)
    keypoint_2d: 0.000005 (weight=0.1)
    keypoint_3d: 0.000000 (weight=2)

WARNING: Near-zero total loss detected: 9.29e-07
  Valid samples: 16/16
  Dataset composition: {'unknown': 16}
  Availability masks present: True
  Availability summary:
    global_rot: 0/16 samples have real data
    joint_rot: 0/16 samples have real data
    betas: 16/16 samples have real data
    trans: 0/16 samples have real data
    fov: 0/16 samples have real data
    cam_rot: 0/16 samples have real data
    cam_trans: 0/16 samples have real data
    log_beta_scales: 0/16 samples have real data
    betas_trans: 0/16 samples have real data
    keypoint_2d: 16/16 samples have real data
    keypoint_3d: 16/16 samples have real data
    silhouette: 0/16 samples have real data
  Loss weights: keypoint_2d=0.1, betas=0.0005
  need_keypoint_loss=True, need_silhouette_loss=False
  Loss components (non-zero only):
    betas: 0.000003 (weight=0.0005)
    limb_scale_regularization: 0.015204 (weight=1e-05)
    limb_trans_regularization: 0.000000 (weight=0.5)
    joint_angle_regularization: 0.119169 (weight=2e-07)
    keypoint_2d: 0.000005 (weight=0.1)
    keypoint_3d: 0.000000 (weight=2)

WARNING: Near-zero total loss detected: 8.53e-07
  Valid samples: 16/16
  Dataset composition: {'unknown': 16}
  Availability masks present: True
  Availability summary:
    global_rot: 0/16 samples have real data
    joint_rot: 0/16 samples have real data
    betas: 16/16 samples have real data
    trans: 0/16 samples have real data
    fov: 0/16 samples have real data
    cam_rot: 0/16 samples have real data
    cam_trans: 0/16 samples have real data
    log_beta_scales: 0/16 samples have real data
    betas_trans: 0/16 samples have real data
    keypoint_2d: 16/16 samples have real data
    keypoint_3d: 16/16 samples have real data
    silhouette: 0/16 samples have real data
  Loss weights: keypoint_2d=0.1, betas=0.0005
  need_keypoint_loss=True, need_silhouette_loss=False
  Loss components (non-zero only):
    betas: 0.000001 (weight=0.0005)
    limb_scale_regularization: 0.015168 (weight=1e-05)
    limb_trans_regularization: 0.000000 (weight=0.5)
    joint_angle_regularization: 0.120227 (weight=2e-07)
    keypoint_2d: 0.000004 (weight=0.1)
    keypoint_3d: 0.000000 (weight=2)

Epoch 418:
  Train Loss = 0.000003, Val Loss = 0.000002, LR = 1.00e-05
  Parameter Errors (Train / Val):
    betas          : 0.000055 / 0.000010
    betas_trans    : 0.000000 / 0.000000
    cam_rot        : 0.000000 / 0.000000
    cam_trans      : 0.000000 / 0.000000
    fov            : 0.000000 / 0.000000
    global_rot     : 0.000000 / 0.000000
    joint_angle_regularization: 0.105523 / 0.105896
    joint_limit_regularization: 0.000003 / 0.000002
    joint_rot      : 0.000000 / 0.000000
    keypoint_2d    : 0.000017 / 0.000014
    keypoint_3d    : 0.000000 / 0.000000
    limb_scale_regularization: 0.019408 / 0.019590
    limb_trans_regularization: 0.000000 / 0.000000
    log_beta_scales: 0.000000 / 0.000000
    silhouette     : 0.000000 / 0.000000
    trans          : 0.000000 / 0.000000

WARNING: Near-zero total loss detected: 9.28e-07
  Valid samples: 16/16
  Dataset composition: {'unknown': 16}
  Availability masks present: True
  Availability summary:
    global_rot: 0/16 samples have real data
    joint_rot: 0/16 samples have real data
    betas: 16/16 samples have real data
    trans: 0/16 samples have real data
    fov: 0/16 samples have real data
    cam_rot: 0/16 samples have real data
    cam_trans: 0/16 samples have real data
    log_beta_scales: 0/16 samples have real data
    betas_trans: 0/16 samples have real data
    keypoint_2d: 16/16 samples have real data
    keypoint_3d: 16/16 samples have real data
    silhouette: 0/16 samples have real data
  Loss weights: keypoint_2d=0.1, betas=0.0005
  need_keypoint_loss=True, need_silhouette_loss=False
  Loss components (non-zero only):
    betas: 0.000003 (weight=0.0005)
    limb_scale_regularization: 0.015544 (weight=1e-05)
    limb_trans_regularization: 0.000000 (weight=0.5)
    joint_angle_regularization: 0.118464 (weight=2e-07)
    keypoint_2d: 0.000005 (weight=0.1)
    keypoint_3d: 0.000000 (weight=2)

WARNING: Near-zero total loss detected: 9.55e-07
  Valid samples: 16/16
  Dataset composition: {'unknown': 16}
  Availability masks present: True
  Availability summary:
    global_rot: 0/16 samples have real data
    joint_rot: 0/16 samples have real data
    betas: 16/16 samples have real data
    trans: 0/16 samples have real data
    fov: 0/16 samples have real data
    cam_rot: 0/16 samples have real data
    cam_trans: 0/16 samples have real data
    log_beta_scales: 0/16 samples have real data
    betas_trans: 0/16 samples have real data
    keypoint_2d: 16/16 samples have real data
    keypoint_3d: 16/16 samples have real data
    silhouette: 0/16 samples have real data
  Loss weights: keypoint_2d=0.1, betas=0.0005
  need_keypoint_loss=True, need_silhouette_loss=False
  Loss components (non-zero only):
    betas: 0.000004 (weight=0.0005)
    limb_scale_regularization: 0.015460 (weight=1e-05)
    limb_trans_regularization: 0.000000 (weight=0.5)
    joint_angle_regularization: 0.116247 (weight=2e-07)
    keypoint_2d: 0.000005 (weight=0.1)
    keypoint_3d: 0.000000 (weight=2)

WARNING: Near-zero total loss detected: 9.30e-07
  Valid samples: 16/16
  Dataset composition: {'unknown': 16}
  Availability masks present: True
  Availability summary:
    global_rot: 0/16 samples have real data
    joint_rot: 0/16 samples have real data
    betas: 16/16 samples have real data
    trans: 0/16 samples have real data
    fov: 0/16 samples have real data
    cam_rot: 0/16 samples have real data
    cam_trans: 0/16 samples have real data
    log_beta_scales: 0/16 samples have real data
    betas_trans: 0/16 samples have real data
    keypoint_2d: 16/16 samples have real data
    keypoint_3d: 16/16 samples have real data
    silhouette: 0/16 samples have real data
  Loss weights: keypoint_2d=0.1, betas=0.0005
  need_keypoint_loss=True, need_silhouette_loss=False
  Loss components (non-zero only):
    betas: 0.000002 (weight=0.0005)
    limb_scale_regularization: 0.015412 (weight=1e-05)
    limb_trans_regularization: 0.000000 (weight=0.5)
    joint_angle_regularization: 0.121566 (weight=2e-07)
    keypoint_2d: 0.000005 (weight=0.1)
    keypoint_3d: 0.000000 (weight=2)

WARNING: Near-zero total loss detected: 9.89e-07
  Valid samples: 16/16
  Dataset composition: {'unknown': 16}
  Availability masks present: True
  Availability summary:
    global_rot: 0/16 samples have real data
    joint_rot: 0/16 samples have real data
    betas: 16/16 samples have real data
    trans: 0/16 samples have real data
    fov: 0/16 samples have real data
    cam_rot: 0/16 samples have real data
    cam_trans: 0/16 samples have real data
    log_beta_scales: 0/16 samples have real data
    betas_trans: 0/16 samples have real data
    keypoint_2d: 16/16 samples have real data
    keypoint_3d: 16/16 samples have real data
    silhouette: 0/16 samples have real data
  Loss weights: keypoint_2d=0.1, betas=0.0005
  need_keypoint_loss=True, need_silhouette_loss=False
  Loss components (non-zero only):
    betas: 0.000003 (weight=0.0005)
    limb_scale_regularization: 0.015427 (weight=1e-05)
    limb_trans_regularization: 0.000000 (weight=0.5)
    joint_angle_regularization: 0.120692 (weight=2e-07)
    keypoint_2d: 0.000005 (weight=0.1)
    keypoint_3d: 0.000000 (weight=2)

WARNING: Near-zero total loss detected: 9.35e-07
  Valid samples: 16/16
  Dataset composition: {'unknown': 16}
  Availability masks present: True
  Availability summary:
    global_rot: 0/16 samples have real data
    joint_rot: 0/16 samples have real data
    betas: 16/16 samples have real data
    trans: 0/16 samples have real data
    fov: 0/16 samples have real data
    cam_rot: 0/16 samples have real data
    cam_trans: 0/16 samples have real data
    log_beta_scales: 0/16 samples have real data
    betas_trans: 0/16 samples have real data
    keypoint_2d: 16/16 samples have real data
    keypoint_3d: 16/16 samples have real data
    silhouette: 0/16 samples have real data
  Loss weights: keypoint_2d=0.1, betas=0.0005
  need_keypoint_loss=True, need_silhouette_loss=False
  Loss components (non-zero only):
    betas: 0.000005 (weight=0.0005)
    limb_scale_regularization: 0.015456 (weight=1e-05)
    limb_trans_regularization: 0.000000 (weight=0.5)
    joint_angle_regularization: 0.120992 (weight=2e-07)
    keypoint_2d: 0.000005 (weight=0.1)
    keypoint_3d: 0.000000 (weight=2)

WARNING: Near-zero total loss detected: 9.93e-07
  Valid samples: 16/16
  Dataset composition: {'unknown': 16}
  Availability masks present: True
  Availability summary:
    global_rot: 0/16 samples have real data
    joint_rot: 0/16 samples have real data
    betas: 16/16 samples have real data
    trans: 0/16 samples have real data
    fov: 0/16 samples have real data
    cam_rot: 0/16 samples have real data
    cam_trans: 0/16 samples have real data
    log_beta_scales: 0/16 samples have real data
    betas_trans: 0/16 samples have real data
    keypoint_2d: 16/16 samples have real data
    keypoint_3d: 16/16 samples have real data
    silhouette: 0/16 samples have real data
  Loss weights: keypoint_2d=0.1, betas=0.0005
  need_keypoint_loss=True, need_silhouette_loss=False
  Loss components (non-zero only):
    betas: 0.000002 (weight=0.0005)
    limb_scale_regularization: 0.015165 (weight=1e-05)
    limb_trans_regularization: 0.000000 (weight=0.5)
    joint_angle_regularization: 0.120576 (weight=2e-07)
    keypoint_2d: 0.000005 (weight=0.1)
    keypoint_3d: 0.000000 (weight=2)

Epoch 419:
  Train Loss = 0.000003, Val Loss = 0.000002, LR = 1.00e-05
  Parameter Errors (Train / Val):
    betas          : 0.000052 / 0.000010
    betas_trans    : 0.000000 / 0.000000
    cam_rot        : 0.000000 / 0.000000
    cam_trans      : 0.000000 / 0.000000
    fov            : 0.000000 / 0.000000
    global_rot     : 0.000000 / 0.000000
    joint_angle_regularization: 0.105747 / 0.106086
    joint_limit_regularization: 0.000003 / 0.000002
    joint_rot      : 0.000000 / 0.000000
    keypoint_2d    : 0.000017 / 0.000014
    keypoint_3d    : 0.000000 / 0.000000
    limb_scale_regularization: 0.019502 / 0.019656
    limb_trans_regularization: 0.000000 / 0.000000
    log_beta_scales: 0.000000 / 0.000000
    silhouette     : 0.000000 / 0.000000
    trans          : 0.000000 / 0.000000
  Checkpoint saved at epoch 419
Visualizing 5 samples from dataset: unknown
Generated 5 visualization images for epoch 419 in /hpcwork/mkd34160/smilify_runs/singleview_lam1e-2/visualizations/epoch_419
Visualizing 5 samples from dataset: unknown
Generated 5 visualization images for epoch 419 in /hpcwork/mkd34160/smilify_runs/singleview_lam1e-2/visualizations_train/epoch_419

WARNING: Near-zero total loss detected: 9.01e-07
  Valid samples: 16/16
  Dataset composition: {'unknown': 16}
  Availability masks present: True
  Availability summary:
    global_rot: 0/16 samples have real data
    joint_rot: 0/16 samples have real data
    betas: 16/16 samples have real data
    trans: 0/16 samples have real data
    fov: 0/16 samples have real data
    cam_rot: 0/16 samples have real data
    cam_trans: 0/16 samples have real data
    log_beta_scales: 0/16 samples have real data
    betas_trans: 0/16 samples have real data
    keypoint_2d: 16/16 samples have real data
    keypoint_3d: 16/16 samples have real data
    silhouette: 0/16 samples have real data
  Loss weights: keypoint_2d=0.1, betas=0.0005
  need_keypoint_loss=True, need_silhouette_loss=False
  Loss components (non-zero only):
    betas: 0.000002 (weight=0.0005)
    limb_scale_regularization: 0.015569 (weight=1e-05)
    limb_trans_regularization: 0.000000 (weight=0.5)
    joint_angle_regularization: 0.119484 (weight=2e-07)
    keypoint_2d: 0.000005 (weight=0.1)
    keypoint_3d: 0.000000 (weight=2)

WARNING: Near-zero total loss detected: 9.25e-07
  Valid samples: 16/16
  Dataset composition: {'unknown': 16}
  Availability masks present: True
  Availability summary:
    global_rot: 0/16 samples have real data
    joint_rot: 0/16 samples have real data
    betas: 16/16 samples have real data
    trans: 0/16 samples have real data
    fov: 0/16 samples have real data
    cam_rot: 0/16 samples have real data
    cam_trans: 0/16 samples have real data
    log_beta_scales: 0/16 samples have real data
    betas_trans: 0/16 samples have real data
    keypoint_2d: 16/16 samples have real data
    keypoint_3d: 16/16 samples have real data
    silhouette: 0/16 samples have real data
  Loss weights: keypoint_2d=0.1, betas=0.0005
  need_keypoint_loss=True, need_silhouette_loss=False
  Loss components (non-zero only):
    betas: 0.000003 (weight=0.0005)
    limb_scale_regularization: 0.015481 (weight=1e-05)
    limb_trans_regularization: 0.000000 (weight=0.5)
    joint_angle_regularization: 0.117281 (weight=2e-07)
    keypoint_2d: 0.000005 (weight=0.1)
    keypoint_3d: 0.000000 (weight=2)

WARNING: Near-zero total loss detected: 9.28e-07
  Valid samples: 16/16
  Dataset composition: {'unknown': 16}
  Availability masks present: True
  Availability summary:
    global_rot: 0/16 samples have real data
    joint_rot: 0/16 samples have real data
    betas: 16/16 samples have real data
    trans: 0/16 samples have real data
    fov: 0/16 samples have real data
    cam_rot: 0/16 samples have real data
    cam_trans: 0/16 samples have real data
    log_beta_scales: 0/16 samples have real data
    betas_trans: 0/16 samples have real data
    keypoint_2d: 16/16 samples have real data
    keypoint_3d: 16/16 samples have real data
    silhouette: 0/16 samples have real data
  Loss weights: keypoint_2d=0.1, betas=0.0005
  need_keypoint_loss=True, need_silhouette_loss=False
  Loss components (non-zero only):
    betas: 0.000002 (weight=0.0005)
    limb_scale_regularization: 0.015455 (weight=1e-05)
    limb_trans_regularization: 0.000000 (weight=0.5)
    joint_angle_regularization: 0.120593 (weight=2e-07)
    keypoint_2d: 0.000005 (weight=0.1)
    keypoint_3d: 0.000000 (weight=2)

WARNING: Near-zero total loss detected: 9.67e-07
  Valid samples: 16/16
  Dataset composition: {'unknown': 16}
  Availability masks present: True
  Availability summary:
    global_rot: 0/16 samples have real data
    joint_rot: 0/16 samples have real data
    betas: 16/16 samples have real data
    trans: 0/16 samples have real data
    fov: 0/16 samples have real data
    cam_rot: 0/16 samples have real data
    cam_trans: 0/16 samples have real data
    log_beta_scales: 0/16 samples have real data
    betas_trans: 0/16 samples have real data
    keypoint_2d: 16/16 samples have real data
    keypoint_3d: 16/16 samples have real data
    silhouette: 0/16 samples have real data
  Loss weights: keypoint_2d=0.1, betas=0.0005
  need_keypoint_loss=True, need_silhouette_loss=False
  Loss components (non-zero only):
    betas: 0.000004 (weight=0.0005)
    limb_scale_regularization: 0.015473 (weight=1e-05)
    limb_trans_regularization: 0.000000 (weight=0.5)
    joint_angle_regularization: 0.119785 (weight=2e-07)
    keypoint_2d: 0.000005 (weight=0.1)
    keypoint_3d: 0.000000 (weight=2)

WARNING: Near-zero total loss detected: 8.80e-07
  Valid samples: 16/16
  Dataset composition: {'unknown': 16}
  Availability masks present: True
  Availability summary:
    global_rot: 0/16 samples have real data
    joint_rot: 0/16 samples have real data
    betas: 16/16 samples have real data
    trans: 0/16 samples have real data
    fov: 0/16 samples have real data
    cam_rot: 0/16 samples have real data
    cam_trans: 0/16 samples have real data
    log_beta_scales: 0/16 samples have real data
    betas_trans: 0/16 samples have real data
    keypoint_2d: 16/16 samples have real data
    keypoint_3d: 16/16 samples have real data
    silhouette: 0/16 samples have real data
  Loss weights: keypoint_2d=0.1, betas=0.0005
  need_keypoint_loss=True, need_silhouette_loss=False
  Loss components (non-zero only):
    betas: 0.000003 (weight=0.0005)
    limb_scale_regularization: 0.015463 (weight=1e-05)
    limb_trans_regularization: 0.000000 (weight=0.5)
    joint_angle_regularization: 0.122158 (weight=2e-07)
    keypoint_2d: 0.000004 (weight=0.1)
    keypoint_3d: 0.000000 (weight=2)

WARNING: Near-zero total loss detected: 9.45e-07
  Valid samples: 16/16
  Dataset composition: {'unknown': 16}
  Availability masks present: True
  Availability summary:
    global_rot: 0/16 samples have real data
    joint_rot: 0/16 samples have real data
    betas: 16/16 samples have real data
    trans: 0/16 samples have real data
    fov: 0/16 samples have real data
    cam_rot: 0/16 samples have real data
    cam_trans: 0/16 samples have real data
    log_beta_scales: 0/16 samples have real data
    betas_trans: 0/16 samples have real data
    keypoint_2d: 16/16 samples have real data
    keypoint_3d: 16/16 samples have real data
    silhouette: 0/16 samples have real data
  Loss weights: keypoint_2d=0.1, betas=0.0005
  need_keypoint_loss=True, need_silhouette_loss=False
  Loss components (non-zero only):
    betas: 0.000004 (weight=0.0005)
    limb_scale_regularization: 0.015265 (weight=1e-05)
    limb_trans_regularization: 0.000000 (weight=0.5)
    joint_angle_regularization: 0.119997 (weight=2e-07)
    keypoint_2d: 0.000005 (weight=0.1)
    keypoint_3d: 0.000000 (weight=2)

WARNING: Near-zero total loss detected: 8.63e-07
  Valid samples: 16/16
  Dataset composition: {'unknown': 16}
  Availability masks present: True
  Availability summary:
    global_rot: 0/16 samples have real data
    joint_rot: 0/16 samples have real data
    betas: 16/16 samples have real data
    trans: 0/16 samples have real data
    fov: 0/16 samples have real data
    cam_rot: 0/16 samples have real data
    cam_trans: 0/16 samples have real data
    log_beta_scales: 0/16 samples have real data
    betas_trans: 0/16 samples have real data
    keypoint_2d: 16/16 samples have real data
    keypoint_3d: 16/16 samples have real data
    silhouette: 0/16 samples have real data
  Loss weights: keypoint_2d=0.1, betas=0.0005
  need_keypoint_loss=True, need_silhouette_loss=False
  Loss components (non-zero only):
    betas: 0.000002 (weight=0.0005)
    limb_scale_regularization: 0.015299 (weight=1e-05)
    limb_trans_regularization: 0.000000 (weight=0.5)
    joint_angle_regularization: 0.121610 (weight=2e-07)
    keypoint_2d: 0.000004 (weight=0.1)
    keypoint_3d: 0.000000 (weight=2)

Epoch 420:
  Train Loss = 0.000003, Val Loss = 0.000002, LR = 1.00e-05
  Parameter Errors (Train / Val):
    betas          : 0.000055 / 0.000009
    betas_trans    : 0.000000 / 0.000000
    cam_rot        : 0.000000 / 0.000000
    cam_trans      : 0.000000 / 0.000000
    fov            : 0.000000 / 0.000000
    global_rot     : 0.000000 / 0.000000
    joint_angle_regularization: 0.106098 / 0.106537
    joint_limit_regularization: 0.000003 / 0.000002
    joint_rot      : 0.000000 / 0.000000
    keypoint_2d    : 0.000017 / 0.000014
    keypoint_3d    : 0.000000 / 0.000000
    limb_scale_regularization: 0.019599 / 0.019737
    limb_trans_regularization: 0.000000 / 0.000000
    log_beta_scales: 0.000000 / 0.000000
    silhouette     : 0.000000 / 0.000000
    trans          : 0.000000 / 0.000000

WARNING: Near-zero total loss detected: 9.17e-07
  Valid samples: 16/16
  Dataset composition: {'unknown': 16}
  Availability masks present: True
  Availability summary:
    global_rot: 0/16 samples have real data
    joint_rot: 0/16 samples have real data
    betas: 16/16 samples have real data
    trans: 0/16 samples have real data
    fov: 0/16 samples have real data
    cam_rot: 0/16 samples have real data
    cam_trans: 0/16 samples have real data
    log_beta_scales: 0/16 samples have real data
    betas_trans: 0/16 samples have real data
    keypoint_2d: 16/16 samples have real data
    keypoint_3d: 16/16 samples have real data
    silhouette: 0/16 samples have real data
  Loss weights: keypoint_2d=0.1, betas=0.0005
  need_keypoint_loss=True, need_silhouette_loss=False
  Loss components (non-zero only):
    betas: 0.000005 (weight=0.0005)
    limb_scale_regularization: 0.015604 (weight=1e-05)
    limb_trans_regularization: 0.000000 (weight=0.5)
    joint_angle_regularization: 0.120068 (weight=2e-07)
    keypoint_2d: 0.000005 (weight=0.1)
    keypoint_3d: 0.000000 (weight=2)

WARNING: Near-zero total loss detected: 9.64e-07
  Valid samples: 16/16
  Dataset composition: {'unknown': 16}
  Availability masks present: True
  Availability summary:
    global_rot: 0/16 samples have real data
    joint_rot: 0/16 samples have real data
    betas: 16/16 samples have real data
    trans: 0/16 samples have real data
    fov: 0/16 samples have real data
    cam_rot: 0/16 samples have real data
    cam_trans: 0/16 samples have real data
    log_beta_scales: 0/16 samples have real data
    betas_trans: 0/16 samples have real data
    keypoint_2d: 16/16 samples have real data
    keypoint_3d: 16/16 samples have real data
    silhouette: 0/16 samples have real data
  Loss weights: keypoint_2d=0.1, betas=0.0005
  need_keypoint_loss=True, need_silhouette_loss=False
  Loss components (non-zero only):
    betas: 0.000005 (weight=0.0005)
    limb_scale_regularization: 0.015521 (weight=1e-05)
    limb_trans_regularization: 0.000000 (weight=0.5)
    joint_angle_regularization: 0.117887 (weight=2e-07)
    keypoint_2d: 0.000005 (weight=0.1)
    keypoint_3d: 0.000000 (weight=2)

WARNING: Near-zero total loss detected: 9.54e-07
  Valid samples: 16/16
  Dataset composition: {'unknown': 16}
  Availability masks present: True
  Availability summary:
    global_rot: 0/16 samples have real data
    joint_rot: 0/16 samples have real data
    betas: 16/16 samples have real data
    trans: 0/16 samples have real data
    fov: 0/16 samples have real data
    cam_rot: 0/16 samples have real data
    cam_trans: 0/16 samples have real data
    log_beta_scales: 0/16 samples have real data
    betas_trans: 0/16 samples have real data
    keypoint_2d: 16/16 samples have real data
    keypoint_3d: 16/16 samples have real data
    silhouette: 0/16 samples have real data
  Loss weights: keypoint_2d=0.1, betas=0.0005
  need_keypoint_loss=True, need_silhouette_loss=False
  Loss components (non-zero only):
    betas: 0.000002 (weight=0.0005)
    limb_scale_regularization: 0.015455 (weight=1e-05)
    limb_trans_regularization: 0.000000 (weight=0.5)
    joint_angle_regularization: 0.121056 (weight=2e-07)
    keypoint_2d: 0.000005 (weight=0.1)
    keypoint_3d: 0.000000 (weight=2)

WARNING: Near-zero total loss detected: 9.88e-07
  Valid samples: 16/16
  Dataset composition: {'unknown': 16}
  Availability masks present: True
  Availability summary:
    global_rot: 0/16 samples have real data
    joint_rot: 0/16 samples have real data
    betas: 16/16 samples have real data
    trans: 0/16 samples have real data
    fov: 0/16 samples have real data
    cam_rot: 0/16 samples have real data
    cam_trans: 0/16 samples have real data
    log_beta_scales: 0/16 samples have real data
    betas_trans: 0/16 samples have real data
    keypoint_2d: 16/16 samples have real data
    keypoint_3d: 16/16 samples have real data
    silhouette: 0/16 samples have real data
  Loss weights: keypoint_2d=0.1, betas=0.0005
  need_keypoint_loss=True, need_silhouette_loss=False
  Loss components (non-zero only):
    betas: 0.000003 (weight=0.0005)
    limb_scale_regularization: 0.015478 (weight=1e-05)
    limb_trans_regularization: 0.000000 (weight=0.5)
    joint_angle_regularization: 0.120175 (weight=2e-07)
    keypoint_2d: 0.000005 (weight=0.1)
    keypoint_3d: 0.000000 (weight=2)

WARNING: Near-zero total loss detected: 9.25e-07
  Valid samples: 16/16
  Dataset composition: {'unknown': 16}
  Availability masks present: True
  Availability summary:
    global_rot: 0/16 samples have real data
    joint_rot: 0/16 samples have real data
    betas: 16/16 samples have real data
    trans: 0/16 samples have real data
    fov: 0/16 samples have real data
    cam_rot: 0/16 samples have real data
    cam_trans: 0/16 samples have real data
    log_beta_scales: 0/16 samples have real data
    betas_trans: 0/16 samples have real data
    keypoint_2d: 16/16 samples have real data
    keypoint_3d: 16/16 samples have real data
    silhouette: 0/16 samples have real data
  Loss weights: keypoint_2d=0.1, betas=0.0005
  need_keypoint_loss=True, need_silhouette_loss=False
  Loss components (non-zero only):
    betas: 0.000003 (weight=0.0005)
    limb_scale_regularization: 0.015541 (weight=1e-05)
    limb_trans_regularization: 0.000000 (weight=0.5)
    joint_angle_regularization: 0.121254 (weight=2e-07)
    keypoint_2d: 0.000005 (weight=0.1)
    keypoint_3d: 0.000000 (weight=2)

WARNING: Near-zero total loss detected: 9.69e-07
  Valid samples: 16/16
  Dataset composition: {'unknown': 16}
  Availability masks present: True
  Availability summary:
    global_rot: 0/16 samples have real data
    joint_rot: 0/16 samples have real data
    betas: 16/16 samples have real data
    trans: 0/16 samples have real data
    fov: 0/16 samples have real data
    cam_rot: 0/16 samples have real data
    cam_trans: 0/16 samples have real data
    log_beta_scales: 0/16 samples have real data
    betas_trans: 0/16 samples have real data
    keypoint_2d: 16/16 samples have real data
    keypoint_3d: 16/16 samples have real data
    silhouette: 0/16 samples have real data
  Loss weights: keypoint_2d=0.1, betas=0.0005
  need_keypoint_loss=True, need_silhouette_loss=False
  Loss components (non-zero only):
    betas: 0.000002 (weight=0.0005)
    limb_scale_regularization: 0.015352 (weight=1e-05)
    limb_trans_regularization: 0.000000 (weight=0.5)
    joint_angle_regularization: 0.119051 (weight=2e-07)
    keypoint_2d: 0.000005 (weight=0.1)
    keypoint_3d: 0.000000 (weight=2)

WARNING: Near-zero total loss detected: 8.37e-07
  Valid samples: 16/16
  Dataset composition: {'unknown': 16}
  Availability masks present: True
  Availability summary:
    global_rot: 0/16 samples have real data
    joint_rot: 0/16 samples have real data
    betas: 16/16 samples have real data
    trans: 0/16 samples have real data
    fov: 0/16 samples have real data
    cam_rot: 0/16 samples have real data
    cam_trans: 0/16 samples have real data
    log_beta_scales: 0/16 samples have real data
    betas_trans: 0/16 samples have real data
    keypoint_2d: 16/16 samples have real data
    keypoint_3d: 16/16 samples have real data
    silhouette: 0/16 samples have real data
  Loss weights: keypoint_2d=0.1, betas=0.0005
  need_keypoint_loss=True, need_silhouette_loss=False
  Loss components (non-zero only):
    betas: 0.000003 (weight=0.0005)
    limb_scale_regularization: 0.015258 (weight=1e-05)
    limb_trans_regularization: 0.000000 (weight=0.5)
    joint_angle_regularization: 0.122360 (weight=2e-07)
    keypoint_2d: 0.000004 (weight=0.1)
    keypoint_3d: 0.000000 (weight=2)

WARNING: Near-zero total loss detected: 9.91e-07
  Valid samples: 16/16
  Dataset composition: {'unknown': 16}
  Availability masks present: True
  Availability summary:
    global_rot: 0/16 samples have real data
    joint_rot: 0/16 samples have real data
    betas: 16/16 samples have real data
    trans: 0/16 samples have real data
    fov: 0/16 samples have real data
    cam_rot: 0/16 samples have real data
    cam_trans: 0/16 samples have real data
    log_beta_scales: 0/16 samples have real data
    betas_trans: 0/16 samples have real data
    keypoint_2d: 16/16 samples have real data
    keypoint_3d: 16/16 samples have real data
    silhouette: 0/16 samples have real data
  Loss weights: keypoint_2d=0.1, betas=0.0005
  need_keypoint_loss=True, need_silhouette_loss=False
  Loss components (non-zero only):
    betas: 0.000004 (weight=0.0005)
    limb_scale_regularization: 0.015523 (weight=1e-05)
    limb_trans_regularization: 0.000000 (weight=0.5)
    joint_angle_regularization: 0.122410 (weight=2e-07)
    keypoint_2d: 0.000005 (weight=0.1)
    keypoint_3d: 0.000000 (weight=2)

Epoch 421:
  Train Loss = 0.000003, Val Loss = 0.000002, LR = 1.00e-05
  Parameter Errors (Train / Val):
    betas          : 0.000052 / 0.000010
    betas_trans    : 0.000000 / 0.000000
    cam_rot        : 0.000000 / 0.000000
    cam_trans      : 0.000000 / 0.000000
    fov            : 0.000000 / 0.000000
    global_rot     : 0.000000 / 0.000000
    joint_angle_regularization: 0.106331 / 0.106883
    joint_limit_regularization: 0.000003 / 0.000002
    joint_rot      : 0.000000 / 0.000000
    keypoint_2d    : 0.000016 / 0.000014
    keypoint_3d    : 0.000000 / 0.000000
    limb_scale_regularization: 0.019599 / 0.019802
    limb_trans_regularization: 0.000000 / 0.000000
    log_beta_scales: 0.000000 / 0.000000
    silhouette     : 0.000000 / 0.000000
    trans          : 0.000000 / 0.000000
  Checkpoint saved at epoch 421

WARNING: Near-zero total loss detected: 9.72e-07
  Valid samples: 16/16
  Dataset composition: {'unknown': 16}
  Availability masks present: True
  Availability summary:
    global_rot: 0/16 samples have real data
    joint_rot: 0/16 samples have real data
    betas: 16/16 samples have real data
    trans: 0/16 samples have real data
    fov: 0/16 samples have real data
    cam_rot: 0/16 samples have real data
    cam_trans: 0/16 samples have real data
    log_beta_scales: 0/16 samples have real data
    betas_trans: 0/16 samples have real data
    keypoint_2d: 16/16 samples have real data
    keypoint_3d: 16/16 samples have real data
    silhouette: 0/16 samples have real data
  Loss weights: keypoint_2d=0.1, betas=0.0005
  need_keypoint_loss=True, need_silhouette_loss=False
  Loss components (non-zero only):
    betas: 0.000002 (weight=0.0005)
    limb_scale_regularization: 0.015450 (weight=1e-05)
    limb_trans_regularization: 0.000000 (weight=0.5)
    joint_angle_regularization: 0.122173 (weight=2e-07)
    keypoint_2d: 0.000005 (weight=0.1)
    keypoint_3d: 0.000000 (weight=2)

WARNING: Near-zero total loss detected: 9.21e-07
  Valid samples: 16/16
  Dataset composition: {'unknown': 16}
  Availability masks present: True
  Availability summary:
    global_rot: 0/16 samples have real data
    joint_rot: 0/16 samples have real data
    betas: 16/16 samples have real data
    trans: 0/16 samples have real data
    fov: 0/16 samples have real data
    cam_rot: 0/16 samples have real data
    cam_trans: 0/16 samples have real data
    log_beta_scales: 0/16 samples have real data
    betas_trans: 0/16 samples have real data
    keypoint_2d: 16/16 samples have real data
    keypoint_3d: 16/16 samples have real data
    silhouette: 0/16 samples have real data
  Loss weights: keypoint_2d=0.1, betas=0.0005
  need_keypoint_loss=True, need_silhouette_loss=False
  Loss components (non-zero only):
    betas: 0.000003 (weight=0.0005)
    limb_scale_regularization: 0.015647 (weight=1e-05)
    limb_trans_regularization: 0.000000 (weight=0.5)
    joint_angle_regularization: 0.119639 (weight=2e-07)
    keypoint_2d: 0.000005 (weight=0.1)
    keypoint_3d: 0.000000 (weight=2)

WARNING: Near-zero total loss detected: 9.72e-07
  Valid samples: 16/16
  Dataset composition: {'unknown': 16}
  Availability masks present: True
  Availability summary:
    global_rot: 0/16 samples have real data
    joint_rot: 0/16 samples have real data
    betas: 16/16 samples have real data
    trans: 0/16 samples have real data
    fov: 0/16 samples have real data
    cam_rot: 0/16 samples have real data
    cam_trans: 0/16 samples have real data
    log_beta_scales: 0/16 samples have real data
    betas_trans: 0/16 samples have real data
    keypoint_2d: 16/16 samples have real data
    keypoint_3d: 16/16 samples have real data
    silhouette: 0/16 samples have real data
  Loss weights: keypoint_2d=0.1, betas=0.0005
  need_keypoint_loss=True, need_silhouette_loss=False
  Loss components (non-zero only):
    betas: 0.000004 (weight=0.0005)
    limb_scale_regularization: 0.015568 (weight=1e-05)
    limb_trans_regularization: 0.000000 (weight=0.5)
    joint_angle_regularization: 0.117450 (weight=2e-07)
    keypoint_2d: 0.000005 (weight=0.1)
    keypoint_3d: 0.000000 (weight=2)

WARNING: Near-zero total loss detected: 8.81e-07
  Valid samples: 16/16
  Dataset composition: {'unknown': 16}
  Availability masks present: True
  Availability summary:
    global_rot: 0/16 samples have real data
    joint_rot: 0/16 samples have real data
    betas: 16/16 samples have real data
    trans: 0/16 samples have real data
    fov: 0/16 samples have real data
    cam_rot: 0/16 samples have real data
    cam_trans: 0/16 samples have real data
    log_beta_scales: 0/16 samples have real data
    betas_trans: 0/16 samples have real data
    keypoint_2d: 16/16 samples have real data
    keypoint_3d: 16/16 samples have real data
    silhouette: 0/16 samples have real data
  Loss weights: keypoint_2d=0.1, betas=0.0005
  need_keypoint_loss=True, need_silhouette_loss=False
  Loss components (non-zero only):
    betas: 0.000002 (weight=0.0005)
    limb_scale_regularization: 0.015586 (weight=1e-05)
    limb_trans_regularization: 0.000000 (weight=0.5)
    joint_angle_regularization: 0.121425 (weight=2e-07)
    keypoint_2d: 0.000004 (weight=0.1)
    keypoint_3d: 0.000000 (weight=2)

WARNING: Near-zero total loss detected: 9.19e-07
  Valid samples: 16/16
  Dataset composition: {'unknown': 16}
  Availability masks present: True
  Availability summary:
    global_rot: 0/16 samples have real data
    joint_rot: 0/16 samples have real data
    betas: 16/16 samples have real data
    trans: 0/16 samples have real data
    fov: 0/16 samples have real data
    cam_rot: 0/16 samples have real data
    cam_trans: 0/16 samples have real data
    log_beta_scales: 0/16 samples have real data
    betas_trans: 0/16 samples have real data
    keypoint_2d: 16/16 samples have real data
    keypoint_3d: 16/16 samples have real data
    silhouette: 0/16 samples have real data
  Loss weights: keypoint_2d=0.1, betas=0.0005
  need_keypoint_loss=True, need_silhouette_loss=False
  Loss components (non-zero only):
    betas: 0.000003 (weight=0.0005)
    limb_scale_regularization: 0.015397 (weight=1e-05)
    limb_trans_regularization: 0.000000 (weight=0.5)
    joint_angle_regularization: 0.119255 (weight=2e-07)
    keypoint_2d: 0.000005 (weight=0.1)
    keypoint_3d: 0.000000 (weight=2)

WARNING: Near-zero total loss detected: 8.91e-07
  Valid samples: 16/16
  Dataset composition: {'unknown': 16}
  Availability masks present: True
  Availability summary:
    global_rot: 0/16 samples have real data
    joint_rot: 0/16 samples have real data
    betas: 16/16 samples have real data
    trans: 0/16 samples have real data
    fov: 0/16 samples have real data
    cam_rot: 0/16 samples have real data
    cam_trans: 0/16 samples have real data
    log_beta_scales: 0/16 samples have real data
    betas_trans: 0/16 samples have real data
    keypoint_2d: 16/16 samples have real data
    keypoint_3d: 16/16 samples have real data
    silhouette: 0/16 samples have real data
  Loss weights: keypoint_2d=0.1, betas=0.0005
  need_keypoint_loss=True, need_silhouette_loss=False
  Loss components (non-zero only):
    betas: 0.000008 (weight=0.0005)
    limb_scale_regularization: 0.015364 (weight=1e-05)
    limb_trans_regularization: 0.000000 (weight=0.5)
    joint_angle_regularization: 0.120455 (weight=2e-07)
    keypoint_2d: 0.000004 (weight=0.1)
    keypoint_3d: 0.000000 (weight=2)

Epoch 422:
  Train Loss = 0.000003, Val Loss = 0.000002, LR = 1.00e-05
  Parameter Errors (Train / Val):
    betas          : 0.000055 / 0.000010
    betas_trans    : 0.000000 / 0.000000
    cam_rot        : 0.000000 / 0.000000
    cam_trans      : 0.000000 / 0.000000
    fov            : 0.000000 / 0.000000
    global_rot     : 0.000000 / 0.000000
    joint_angle_regularization: 0.106816 / 0.106759
    joint_limit_regularization: 0.000003 / 0.000002
    joint_rot      : 0.000000 / 0.000000
    keypoint_2d    : 0.000017 / 0.000014
    keypoint_3d    : 0.000000 / 0.000000
    limb_scale_regularization: 0.019661 / 0.019879
    limb_trans_regularization: 0.000000 / 0.000000
    log_beta_scales: 0.000000 / 0.000000
    silhouette     : 0.000000 / 0.000000
    trans          : 0.000000 / 0.000000

WARNING: Near-zero total loss detected: 9.25e-07
  Valid samples: 16/16
  Dataset composition: {'unknown': 16}
  Availability masks present: True
  Availability summary:
    global_rot: 0/16 samples have real data
    joint_rot: 0/16 samples have real data
    betas: 16/16 samples have real data
    trans: 0/16 samples have real data
    fov: 0/16 samples have real data
    cam_rot: 0/16 samples have real data
    cam_trans: 0/16 samples have real data
    log_beta_scales: 0/16 samples have real data
    betas_trans: 0/16 samples have real data
    keypoint_2d: 16/16 samples have real data
    keypoint_3d: 16/16 samples have real data
    silhouette: 0/16 samples have real data
  Loss weights: keypoint_2d=0.1, betas=0.0005
  need_keypoint_loss=True, need_silhouette_loss=False
  Loss components (non-zero only):
    betas: 0.000002 (weight=0.0005)
    limb_scale_regularization: 0.015674 (weight=1e-05)
    limb_trans_regularization: 0.000000 (weight=0.5)
    joint_angle_regularization: 0.121465 (weight=2e-07)
    keypoint_2d: 0.000005 (weight=0.1)
    keypoint_3d: 0.000000 (weight=2)

WARNING: Near-zero total loss detected: 9.60e-07
  Valid samples: 16/16
  Dataset composition: {'unknown': 16}
  Availability masks present: True
  Availability summary:
    global_rot: 0/16 samples have real data
    joint_rot: 0/16 samples have real data
    betas: 16/16 samples have real data
    trans: 0/16 samples have real data
    fov: 0/16 samples have real data
    cam_rot: 0/16 samples have real data
    cam_trans: 0/16 samples have real data
    log_beta_scales: 0/16 samples have real data
    betas_trans: 0/16 samples have real data
    keypoint_2d: 16/16 samples have real data
    keypoint_3d: 16/16 samples have real data
    silhouette: 0/16 samples have real data
  Loss weights: keypoint_2d=0.1, betas=0.0005
  need_keypoint_loss=True, need_silhouette_loss=False
  Loss components (non-zero only):
    betas: 0.000004 (weight=0.0005)
    limb_scale_regularization: 0.015597 (weight=1e-05)
    limb_trans_regularization: 0.000000 (weight=0.5)
    joint_angle_regularization: 0.119261 (weight=2e-07)
    keypoint_2d: 0.000005 (weight=0.1)
    keypoint_3d: 0.000000 (weight=2)

WARNING: Near-zero total loss detected: 9.34e-07
  Valid samples: 16/16
  Dataset composition: {'unknown': 16}
  Availability masks present: True
  Availability summary:
    global_rot: 0/16 samples have real data
    joint_rot: 0/16 samples have real data
    betas: 16/16 samples have real data
    trans: 0/16 samples have real data
    fov: 0/16 samples have real data
    cam_rot: 0/16 samples have real data
    cam_trans: 0/16 samples have real data
    log_beta_scales: 0/16 samples have real data
    betas_trans: 0/16 samples have real data
    keypoint_2d: 16/16 samples have real data
    keypoint_3d: 16/16 samples have real data
    silhouette: 0/16 samples have real data
  Loss weights: keypoint_2d=0.1, betas=0.0005
  need_keypoint_loss=True, need_silhouette_loss=False
  Loss components (non-zero only):
    betas: 0.000002 (weight=0.0005)
    limb_scale_regularization: 0.015481 (weight=1e-05)
    limb_trans_regularization: 0.000000 (weight=0.5)
    joint_angle_regularization: 0.121076 (weight=2e-07)
    keypoint_2d: 0.000005 (weight=0.1)
    keypoint_3d: 0.000000 (weight=2)

WARNING: Near-zero total loss detected: 8.53e-07
  Valid samples: 16/16
  Dataset composition: {'unknown': 16}
  Availability masks present: True
  Availability summary:
    global_rot: 0/16 samples have real data
    joint_rot: 0/16 samples have real data
    betas: 16/16 samples have real data
    trans: 0/16 samples have real data
    fov: 0/16 samples have real data
    cam_rot: 0/16 samples have real data
    cam_trans: 0/16 samples have real data
    log_beta_scales: 0/16 samples have real data
    betas_trans: 0/16 samples have real data
    keypoint_2d: 16/16 samples have real data
    keypoint_3d: 16/16 samples have real data
    silhouette: 0/16 samples have real data
  Loss weights: keypoint_2d=0.1, betas=0.0005
  need_keypoint_loss=True, need_silhouette_loss=False
  Loss components (non-zero only):
    betas: 0.000003 (weight=0.0005)
    limb_scale_regularization: 0.015506 (weight=1e-05)
    limb_trans_regularization: 0.000000 (weight=0.5)
    joint_angle_regularization: 0.121332 (weight=2e-07)
    keypoint_2d: 0.000004 (weight=0.1)
    keypoint_3d: 0.000000 (weight=2)

WARNING: Near-zero total loss detected: 9.19e-07
  Valid samples: 16/16
  Dataset composition: {'unknown': 16}
  Availability masks present: True
  Availability summary:
    global_rot: 0/16 samples have real data
    joint_rot: 0/16 samples have real data
    betas: 16/16 samples have real data
    trans: 0/16 samples have real data
    fov: 0/16 samples have real data
    cam_rot: 0/16 samples have real data
    cam_trans: 0/16 samples have real data
    log_beta_scales: 0/16 samples have real data
    betas_trans: 0/16 samples have real data
    keypoint_2d: 16/16 samples have real data
    keypoint_3d: 16/16 samples have real data
    silhouette: 0/16 samples have real data
  Loss weights: keypoint_2d=0.1, betas=0.0005
  need_keypoint_loss=True, need_silhouette_loss=False
  Loss components (non-zero only):
    betas: 0.000004 (weight=0.0005)
    limb_scale_regularization: 0.015312 (weight=1e-05)
    limb_trans_regularization: 0.000000 (weight=0.5)
    joint_angle_regularization: 0.119123 (weight=2e-07)
    keypoint_2d: 0.000005 (weight=0.1)
    keypoint_3d: 0.000000 (weight=2)

WARNING: Near-zero total loss detected: 8.49e-07
  Valid samples: 16/16
  Dataset composition: {'unknown': 16}
  Availability masks present: True
  Availability summary:
    global_rot: 0/16 samples have real data
    joint_rot: 0/16 samples have real data
    betas: 16/16 samples have real data
    trans: 0/16 samples have real data
    fov: 0/16 samples have real data
    cam_rot: 0/16 samples have real data
    cam_trans: 0/16 samples have real data
    log_beta_scales: 0/16 samples have real data
    betas_trans: 0/16 samples have real data
    keypoint_2d: 16/16 samples have real data
    keypoint_3d: 16/16 samples have real data
    silhouette: 0/16 samples have real data
  Loss weights: keypoint_2d=0.1, betas=0.0005
  need_keypoint_loss=True, need_silhouette_loss=False
  Loss components (non-zero only):
    betas: 0.000003 (weight=0.0005)
    limb_scale_regularization: 0.015403 (weight=1e-05)
    limb_trans_regularization: 0.000000 (weight=0.5)
    joint_angle_regularization: 0.121668 (weight=2e-07)
    keypoint_2d: 0.000004 (weight=0.1)
    keypoint_3d: 0.000000 (weight=2)

WARNING: Near-zero total loss detected: 9.85e-07
  Valid samples: 16/16
  Dataset composition: {'unknown': 16}
  Availability masks present: True
  Availability summary:
    global_rot: 0/16 samples have real data
    joint_rot: 0/16 samples have real data
    betas: 16/16 samples have real data
    trans: 0/16 samples have real data
    fov: 0/16 samples have real data
    cam_rot: 0/16 samples have real data
    cam_trans: 0/16 samples have real data
    log_beta_scales: 0/16 samples have real data
    betas_trans: 0/16 samples have real data
    keypoint_2d: 16/16 samples have real data
    keypoint_3d: 16/16 samples have real data
    silhouette: 0/16 samples have real data
  Loss weights: keypoint_2d=0.1, betas=0.0005
  need_keypoint_loss=True, need_silhouette_loss=False
  Loss components (non-zero only):
    betas: 0.000005 (weight=0.0005)
    limb_scale_regularization: 0.015671 (weight=1e-05)
    limb_trans_regularization: 0.000000 (weight=0.5)
    joint_angle_regularization: 0.121651 (weight=2e-07)
    keypoint_2d: 0.000005 (weight=0.1)
    keypoint_3d: 0.000000 (weight=2)

Epoch 423:
  Train Loss = 0.000003, Val Loss = 0.000002, LR = 1.00e-05
  Parameter Errors (Train / Val):
    betas          : 0.000056 / 0.000010
    betas_trans    : 0.000000 / 0.000000
    cam_rot        : 0.000000 / 0.000000
    cam_trans      : 0.000000 / 0.000000
    fov            : 0.000000 / 0.000000
    global_rot     : 0.000000 / 0.000000
    joint_angle_regularization: 0.106904 / 0.107171
    joint_limit_regularization: 0.000003 / 0.000002
    joint_rot      : 0.000000 / 0.000000
    keypoint_2d    : 0.000016 / 0.000014
    keypoint_3d    : 0.000000 / 0.000000
    limb_scale_regularization: 0.019798 / 0.019896
    limb_trans_regularization: 0.000000 / 0.000000
    log_beta_scales: 0.000000 / 0.000000
    silhouette     : 0.000000 / 0.000000
    trans          : 0.000000 / 0.000000
  Checkpoint saved at epoch 423

WARNING: Near-zero total loss detected: 8.99e-07
  Valid samples: 16/16
  Dataset composition: {'unknown': 16}
  Availability masks present: True
  Availability summary:
    global_rot: 0/16 samples have real data
    joint_rot: 0/16 samples have real data
    betas: 16/16 samples have real data
    trans: 0/16 samples have real data
    fov: 0/16 samples have real data
    cam_rot: 0/16 samples have real data
    cam_trans: 0/16 samples have real data
    log_beta_scales: 0/16 samples have real data
    betas_trans: 0/16 samples have real data
    keypoint_2d: 16/16 samples have real data
    keypoint_3d: 16/16 samples have real data
    silhouette: 0/16 samples have real data
  Loss weights: keypoint_2d=0.1, betas=0.0005
  need_keypoint_loss=True, need_silhouette_loss=False
  Loss components (non-zero only):
    betas: 0.000003 (weight=0.0005)
    limb_scale_regularization: 0.015748 (weight=1e-05)
    limb_trans_regularization: 0.000000 (weight=0.5)
    joint_angle_regularization: 0.122455 (weight=2e-07)
    keypoint_2d: 0.000005 (weight=0.1)
    keypoint_3d: 0.000000 (weight=2)

WARNING: Near-zero total loss detected: 9.59e-07
  Valid samples: 16/16
  Dataset composition: {'unknown': 16}
  Availability masks present: True
  Availability summary:
    global_rot: 0/16 samples have real data
    joint_rot: 0/16 samples have real data
    betas: 16/16 samples have real data
    trans: 0/16 samples have real data
    fov: 0/16 samples have real data
    cam_rot: 0/16 samples have real data
    cam_trans: 0/16 samples have real data
    log_beta_scales: 0/16 samples have real data
    betas_trans: 0/16 samples have real data
    keypoint_2d: 16/16 samples have real data
    keypoint_3d: 16/16 samples have real data
    silhouette: 0/16 samples have real data
  Loss weights: keypoint_2d=0.1, betas=0.0005
  need_keypoint_loss=True, need_silhouette_loss=False
  Loss components (non-zero only):
    betas: 0.000004 (weight=0.0005)
    limb_scale_regularization: 0.015670 (weight=1e-05)
    limb_trans_regularization: 0.000000 (weight=0.5)
    joint_angle_regularization: 0.120212 (weight=2e-07)
    keypoint_2d: 0.000005 (weight=0.1)
    keypoint_3d: 0.000000 (weight=2)

WARNING: Near-zero total loss detected: 9.09e-07
  Valid samples: 16/16
  Dataset composition: {'unknown': 16}
  Availability masks present: True
  Availability summary:
    global_rot: 0/16 samples have real data
    joint_rot: 0/16 samples have real data
    betas: 16/16 samples have real data
    trans: 0/16 samples have real data
    fov: 0/16 samples have real data
    cam_rot: 0/16 samples have real data
    cam_trans: 0/16 samples have real data
    log_beta_scales: 0/16 samples have real data
    betas_trans: 0/16 samples have real data
    keypoint_2d: 16/16 samples have real data
    keypoint_3d: 16/16 samples have real data
    silhouette: 0/16 samples have real data
  Loss weights: keypoint_2d=0.1, betas=0.0005
  need_keypoint_loss=True, need_silhouette_loss=False
  Loss components (non-zero only):
    betas: 0.000005 (weight=0.0005)
    limb_scale_regularization: 0.015530 (weight=1e-05)
    limb_trans_regularization: 0.000000 (weight=0.5)
    joint_angle_regularization: 0.122424 (weight=2e-07)
    keypoint_2d: 0.000005 (weight=0.1)
    keypoint_3d: 0.000000 (weight=2)

WARNING: Near-zero total loss detected: 9.55e-07
  Valid samples: 16/16
  Dataset composition: {'unknown': 16}
  Availability masks present: True
  Availability summary:
    global_rot: 0/16 samples have real data
    joint_rot: 0/16 samples have real data
    betas: 16/16 samples have real data
    trans: 0/16 samples have real data
    fov: 0/16 samples have real data
    cam_rot: 0/16 samples have real data
    cam_trans: 0/16 samples have real data
    log_beta_scales: 0/16 samples have real data
    betas_trans: 0/16 samples have real data
    keypoint_2d: 16/16 samples have real data
    keypoint_3d: 16/16 samples have real data
    silhouette: 0/16 samples have real data
  Loss weights: keypoint_2d=0.1, betas=0.0005
  need_keypoint_loss=True, need_silhouette_loss=False
  Loss components (non-zero only):
    betas: 0.000006 (weight=0.0005)
    limb_scale_regularization: 0.015553 (weight=1e-05)
    limb_trans_regularization: 0.000000 (weight=0.5)
    joint_angle_regularization: 0.121505 (weight=2e-07)
    keypoint_2d: 0.000005 (weight=0.1)
    keypoint_3d: 0.000000 (weight=2)

WARNING: Near-zero total loss detected: 9.10e-07
  Valid samples: 16/16
  Dataset composition: {'unknown': 16}
  Availability masks present: True
  Availability summary:
    global_rot: 0/16 samples have real data
    joint_rot: 0/16 samples have real data
    betas: 16/16 samples have real data
    trans: 0/16 samples have real data
    fov: 0/16 samples have real data
    cam_rot: 0/16 samples have real data
    cam_trans: 0/16 samples have real data
    log_beta_scales: 0/16 samples have real data
    betas_trans: 0/16 samples have real data
    keypoint_2d: 16/16 samples have real data
    keypoint_3d: 16/16 samples have real data
    silhouette: 0/16 samples have real data
  Loss weights: keypoint_2d=0.1, betas=0.0005
  need_keypoint_loss=True, need_silhouette_loss=False
  Loss components (non-zero only):
    betas: 0.000004 (weight=0.0005)
    limb_scale_regularization: 0.015587 (weight=1e-05)
    limb_trans_regularization: 0.000000 (weight=0.5)
    joint_angle_regularization: 0.122048 (weight=2e-07)
    keypoint_2d: 0.000004 (weight=0.1)
    keypoint_3d: 0.000000 (weight=2)

WARNING: Near-zero total loss detected: 9.73e-07
  Valid samples: 16/16
  Dataset composition: {'unknown': 16}
  Availability masks present: True
  Availability summary:
    global_rot: 0/16 samples have real data
    joint_rot: 0/16 samples have real data
    betas: 16/16 samples have real data
    trans: 0/16 samples have real data
    fov: 0/16 samples have real data
    cam_rot: 0/16 samples have real data
    cam_trans: 0/16 samples have real data
    log_beta_scales: 0/16 samples have real data
    betas_trans: 0/16 samples have real data
    keypoint_2d: 16/16 samples have real data
    keypoint_3d: 16/16 samples have real data
    silhouette: 0/16 samples have real data
  Loss weights: keypoint_2d=0.1, betas=0.0005
  need_keypoint_loss=True, need_silhouette_loss=False
  Loss components (non-zero only):
    betas: 0.000004 (weight=0.0005)
    limb_scale_regularization: 0.015398 (weight=1e-05)
    limb_trans_regularization: 0.000000 (weight=0.5)
    joint_angle_regularization: 0.119801 (weight=2e-07)
    keypoint_2d: 0.000005 (weight=0.1)
    keypoint_3d: 0.000000 (weight=2)

WARNING: Near-zero total loss detected: 8.52e-07
  Valid samples: 16/16
  Dataset composition: {'unknown': 16}
  Availability masks present: True
  Availability summary:
    global_rot: 0/16 samples have real data
    joint_rot: 0/16 samples have real data
    betas: 16/16 samples have real data
    trans: 0/16 samples have real data
    fov: 0/16 samples have real data
    cam_rot: 0/16 samples have real data
    cam_trans: 0/16 samples have real data
    log_beta_scales: 0/16 samples have real data
    betas_trans: 0/16 samples have real data
    keypoint_2d: 16/16 samples have real data
    keypoint_3d: 16/16 samples have real data
    silhouette: 0/16 samples have real data
  Loss weights: keypoint_2d=0.1, betas=0.0005
  need_keypoint_loss=True, need_silhouette_loss=False
  Loss components (non-zero only):
    betas: 0.000003 (weight=0.0005)
    limb_scale_regularization: 0.015406 (weight=1e-05)
    limb_trans_regularization: 0.000000 (weight=0.5)
    joint_angle_regularization: 0.120404 (weight=2e-07)
    keypoint_2d: 0.000004 (weight=0.1)
    keypoint_3d: 0.000000 (weight=2)

WARNING: Near-zero total loss detected: 9.95e-07
  Valid samples: 16/16
  Dataset composition: {'unknown': 16}
  Availability masks present: True
  Availability summary:
    global_rot: 0/16 samples have real data
    joint_rot: 0/16 samples have real data
    betas: 16/16 samples have real data
    trans: 0/16 samples have real data
    fov: 0/16 samples have real data
    cam_rot: 0/16 samples have real data
    cam_trans: 0/16 samples have real data
    log_beta_scales: 0/16 samples have real data
    betas_trans: 0/16 samples have real data
    keypoint_2d: 16/16 samples have real data
    keypoint_3d: 16/16 samples have real data
    silhouette: 0/16 samples have real data
  Loss weights: keypoint_2d=0.1, betas=0.0005
  need_keypoint_loss=True, need_silhouette_loss=False
  Loss components (non-zero only):
    betas: 0.000003 (weight=0.0005)
    limb_scale_regularization: 0.015673 (weight=1e-05)
    limb_trans_regularization: 0.000000 (weight=0.5)
    joint_angle_regularization: 0.120622 (weight=2e-07)
    keypoint_2d: 0.000005 (weight=0.1)
    keypoint_3d: 0.000000 (weight=2)

Epoch 424:
  Train Loss = 0.000003, Val Loss = 0.000002, LR = 1.00e-05
  Parameter Errors (Train / Val):
    betas          : 0.000060 / 0.000010
    betas_trans    : 0.000000 / 0.000000
    cam_rot        : 0.000000 / 0.000000
    cam_trans      : 0.000000 / 0.000000
    fov            : 0.000000 / 0.000000
    global_rot     : 0.000000 / 0.000000
    joint_angle_regularization: 0.106925 / 0.107464
    joint_limit_regularization: 0.000003 / 0.000002
    joint_rot      : 0.000000 / 0.000000
    keypoint_2d    : 0.000017 / 0.000014
    keypoint_3d    : 0.000000 / 0.000000
    limb_scale_regularization: 0.019884 / 0.019994
    limb_trans_regularization: 0.000000 / 0.000000
    log_beta_scales: 0.000000 / 0.000000
    silhouette     : 0.000000 / 0.000000
    trans          : 0.000000 / 0.000000

WARNING: Near-zero total loss detected: 9.27e-07
  Valid samples: 16/16
  Dataset composition: {'unknown': 16}
  Availability masks present: True
  Availability summary:
    global_rot: 0/16 samples have real data
    joint_rot: 0/16 samples have real data
    betas: 16/16 samples have real data
    trans: 0/16 samples have real data
    fov: 0/16 samples have real data
    cam_rot: 0/16 samples have real data
    cam_trans: 0/16 samples have real data
    log_beta_scales: 0/16 samples have real data
    betas_trans: 0/16 samples have real data
    keypoint_2d: 16/16 samples have real data
    keypoint_3d: 16/16 samples have real data
    silhouette: 0/16 samples have real data
  Loss weights: keypoint_2d=0.1, betas=0.0005
  need_keypoint_loss=True, need_silhouette_loss=False
  Loss components (non-zero only):
    betas: 0.000002 (weight=0.0005)
    limb_scale_regularization: 0.015702 (weight=1e-05)
    limb_trans_regularization: 0.000000 (weight=0.5)
    joint_angle_regularization: 0.122238 (weight=2e-07)
    keypoint_2d: 0.000005 (weight=0.1)
    keypoint_3d: 0.000000 (weight=2)

WARNING: Near-zero total loss detected: 9.80e-07
  Valid samples: 16/16
  Dataset composition: {'unknown': 16}
  Availability masks present: True
  Availability summary:
    global_rot: 0/16 samples have real data
    joint_rot: 0/16 samples have real data
    betas: 16/16 samples have real data
    trans: 0/16 samples have real data
    fov: 0/16 samples have real data
    cam_rot: 0/16 samples have real data
    cam_trans: 0/16 samples have real data
    log_beta_scales: 0/16 samples have real data
    betas_trans: 0/16 samples have real data
    keypoint_2d: 16/16 samples have real data
    keypoint_3d: 16/16 samples have real data
    silhouette: 0/16 samples have real data
  Loss weights: keypoint_2d=0.1, betas=0.0005
  need_keypoint_loss=True, need_silhouette_loss=False
  Loss components (non-zero only):
    betas: 0.000004 (weight=0.0005)
    limb_scale_regularization: 0.015629 (weight=1e-05)
    limb_trans_regularization: 0.000000 (weight=0.5)
    joint_angle_regularization: 0.119916 (weight=2e-07)
    keypoint_2d: 0.000005 (weight=0.1)
    keypoint_3d: 0.000000 (weight=2)

WARNING: Near-zero total loss detected: 9.49e-07
  Valid samples: 16/16
  Dataset composition: {'unknown': 16}
  Availability masks present: True
  Availability summary:
    global_rot: 0/16 samples have real data
    joint_rot: 0/16 samples have real data
    betas: 16/16 samples have real data
    trans: 0/16 samples have real data
    fov: 0/16 samples have real data
    cam_rot: 0/16 samples have real data
    cam_trans: 0/16 samples have real data
    log_beta_scales: 0/16 samples have real data
    betas_trans: 0/16 samples have real data
    keypoint_2d: 16/16 samples have real data
    keypoint_3d: 16/16 samples have real data
    silhouette: 0/16 samples have real data
  Loss weights: keypoint_2d=0.1, betas=0.0005
  need_keypoint_loss=True, need_silhouette_loss=False
  Loss components (non-zero only):
    betas: 0.000004 (weight=0.0005)
    limb_scale_regularization: 0.015643 (weight=1e-05)
    limb_trans_regularization: 0.000000 (weight=0.5)
    joint_angle_regularization: 0.120933 (weight=2e-07)
    keypoint_2d: 0.000005 (weight=0.1)
    keypoint_3d: 0.000000 (weight=2)

WARNING: Near-zero total loss detected: 8.34e-07
  Valid samples: 16/16
  Dataset composition: {'unknown': 16}
  Availability masks present: True
  Availability summary:
    global_rot: 0/16 samples have real data
    joint_rot: 0/16 samples have real data
    betas: 16/16 samples have real data
    trans: 0/16 samples have real data
    fov: 0/16 samples have real data
    cam_rot: 0/16 samples have real data
    cam_trans: 0/16 samples have real data
    log_beta_scales: 0/16 samples have real data
    betas_trans: 0/16 samples have real data
    keypoint_2d: 16/16 samples have real data
    keypoint_3d: 16/16 samples have real data
    silhouette: 0/16 samples have real data
  Loss weights: keypoint_2d=0.1, betas=0.0005
  need_keypoint_loss=True, need_silhouette_loss=False
  Loss components (non-zero only):
    betas: 0.000002 (weight=0.0005)
    limb_scale_regularization: 0.015365 (weight=1e-05)
    limb_trans_regularization: 0.000000 (weight=0.5)
    joint_angle_regularization: 0.121637 (weight=2e-07)
    keypoint_2d: 0.000004 (weight=0.1)
    keypoint_3d: 0.000000 (weight=2)

WARNING: Near-zero total loss detected: 9.73e-07
  Valid samples: 16/16
  Dataset composition: {'unknown': 16}
  Availability masks present: True
  Availability summary:
    global_rot: 0/16 samples have real data
    joint_rot: 0/16 samples have real data
    betas: 16/16 samples have real data
    trans: 0/16 samples have real data
    fov: 0/16 samples have real data
    cam_rot: 0/16 samples have real data
    cam_trans: 0/16 samples have real data
    log_beta_scales: 0/16 samples have real data
    betas_trans: 0/16 samples have real data
    keypoint_2d: 16/16 samples have real data
    keypoint_3d: 16/16 samples have real data
    silhouette: 0/16 samples have real data
  Loss weights: keypoint_2d=0.1, betas=0.0005
  need_keypoint_loss=True, need_silhouette_loss=False
  Loss components (non-zero only):
    betas: 0.000003 (weight=0.0005)
    limb_scale_regularization: 0.015633 (weight=1e-05)
    limb_trans_regularization: 0.000000 (weight=0.5)
    joint_angle_regularization: 0.121612 (weight=2e-07)
    keypoint_2d: 0.000005 (weight=0.1)
    keypoint_3d: 0.000000 (weight=2)

Epoch 425:
  Train Loss = 0.000003, Val Loss = 0.000002, LR = 1.00e-05
  Parameter Errors (Train / Val):
    betas          : 0.000060 / 0.000011
    betas_trans    : 0.000000 / 0.000000
    cam_rot        : 0.000000 / 0.000000
    cam_trans      : 0.000000 / 0.000000
    fov            : 0.000000 / 0.000000
    global_rot     : 0.000000 / 0.000000
    joint_angle_regularization: 0.107219 / 0.107607
    joint_limit_regularization: 0.000003 / 0.000002
    joint_rot      : 0.000000 / 0.000000
    keypoint_2d    : 0.000016 / 0.000014
    keypoint_3d    : 0.000000 / 0.000000
    limb_scale_regularization: 0.019923 / 0.020024
    limb_trans_regularization: 0.000000 / 0.000000
    log_beta_scales: 0.000000 / 0.000000
    silhouette     : 0.000000 / 0.000000
    trans          : 0.000000 / 0.000000
  Checkpoint saved at epoch 425

WARNING: Near-zero total loss detected: 9.14e-07
  Valid samples: 16/16
  Dataset composition: {'unknown': 16}
  Availability masks present: True
  Availability summary:
    global_rot: 0/16 samples have real data
    joint_rot: 0/16 samples have real data
    betas: 16/16 samples have real data
    trans: 0/16 samples have real data
    fov: 0/16 samples have real data
    cam_rot: 0/16 samples have real data
    cam_trans: 0/16 samples have real data
    log_beta_scales: 0/16 samples have real data
    betas_trans: 0/16 samples have real data
    keypoint_2d: 16/16 samples have real data
    keypoint_3d: 16/16 samples have real data
    silhouette: 0/16 samples have real data
  Loss weights: keypoint_2d=0.1, betas=0.0005
  need_keypoint_loss=True, need_silhouette_loss=False
  Loss components (non-zero only):
    betas: 0.000002 (weight=0.0005)
    limb_scale_regularization: 0.015670 (weight=1e-05)
    limb_trans_regularization: 0.000000 (weight=0.5)
    joint_angle_regularization: 0.121738 (weight=2e-07)
    keypoint_2d: 0.000005 (weight=0.1)
    keypoint_3d: 0.000000 (weight=2)

WARNING: Near-zero total loss detected: 9.59e-07
  Valid samples: 16/16
  Dataset composition: {'unknown': 16}
  Availability masks present: True
  Availability summary:
    global_rot: 0/16 samples have real data
    joint_rot: 0/16 samples have real data
    betas: 16/16 samples have real data
    trans: 0/16 samples have real data
    fov: 0/16 samples have real data
    cam_rot: 0/16 samples have real data
    cam_trans: 0/16 samples have real data
    log_beta_scales: 0/16 samples have real data
    betas_trans: 0/16 samples have real data
    keypoint_2d: 16/16 samples have real data
    keypoint_3d: 16/16 samples have real data
    silhouette: 0/16 samples have real data
  Loss weights: keypoint_2d=0.1, betas=0.0005
  need_keypoint_loss=True, need_silhouette_loss=False
  Loss components (non-zero only):
    betas: 0.000003 (weight=0.0005)
    limb_scale_regularization: 0.015594 (weight=1e-05)
    limb_trans_regularization: 0.000000 (weight=0.5)
    joint_angle_regularization: 0.119509 (weight=2e-07)
    keypoint_2d: 0.000005 (weight=0.1)
    keypoint_3d: 0.000000 (weight=2)

WARNING: Near-zero total loss detected: 9.43e-07
  Valid samples: 16/16
  Dataset composition: {'unknown': 16}
  Availability masks present: True
  Availability summary:
    global_rot: 0/16 samples have real data
    joint_rot: 0/16 samples have real data
    betas: 16/16 samples have real data
    trans: 0/16 samples have real data
    fov: 0/16 samples have real data
    cam_rot: 0/16 samples have real data
    cam_trans: 0/16 samples have real data
    log_beta_scales: 0/16 samples have real data
    betas_trans: 0/16 samples have real data
    keypoint_2d: 16/16 samples have real data
    keypoint_3d: 16/16 samples have real data
    silhouette: 0/16 samples have real data
  Loss weights: keypoint_2d=0.1, betas=0.0005
  need_keypoint_loss=True, need_silhouette_loss=False
  Loss components (non-zero only):
    betas: 0.000002 (weight=0.0005)
    limb_scale_regularization: 0.015575 (weight=1e-05)
    limb_trans_regularization: 0.000000 (weight=0.5)
    joint_angle_regularization: 0.121159 (weight=2e-07)
    keypoint_2d: 0.000005 (weight=0.1)
    keypoint_3d: 0.000000 (weight=2)

WARNING: Near-zero total loss detected: 9.79e-07
  Valid samples: 16/16
  Dataset composition: {'unknown': 16}
  Availability masks present: True
  Availability summary:
    global_rot: 0/16 samples have real data
    joint_rot: 0/16 samples have real data
    betas: 16/16 samples have real data
    trans: 0/16 samples have real data
    fov: 0/16 samples have real data
    cam_rot: 0/16 samples have real data
    cam_trans: 0/16 samples have real data
    log_beta_scales: 0/16 samples have real data
    betas_trans: 0/16 samples have real data
    keypoint_2d: 16/16 samples have real data
    keypoint_3d: 16/16 samples have real data
    silhouette: 0/16 samples have real data
  Loss weights: keypoint_2d=0.1, betas=0.0005
  need_keypoint_loss=True, need_silhouette_loss=False
  Loss components (non-zero only):
    betas: 0.000004 (weight=0.0005)
    limb_scale_regularization: 0.015599 (weight=1e-05)
    limb_trans_regularization: 0.000000 (weight=0.5)
    joint_angle_regularization: 0.120097 (weight=2e-07)
    keypoint_2d: 0.000005 (weight=0.1)
    keypoint_3d: 0.000000 (weight=2)

WARNING: Near-zero total loss detected: 9.77e-07
  Valid samples: 16/16
  Dataset composition: {'unknown': 16}
  Availability masks present: True
  Availability summary:
    global_rot: 0/16 samples have real data
    joint_rot: 0/16 samples have real data
    betas: 16/16 samples have real data
    trans: 0/16 samples have real data
    fov: 0/16 samples have real data
    cam_rot: 0/16 samples have real data
    cam_trans: 0/16 samples have real data
    log_beta_scales: 0/16 samples have real data
    betas_trans: 0/16 samples have real data
    keypoint_2d: 16/16 samples have real data
    keypoint_3d: 16/16 samples have real data
    silhouette: 0/16 samples have real data
  Loss weights: keypoint_2d=0.1, betas=0.0005
  need_keypoint_loss=True, need_silhouette_loss=False
  Loss components (non-zero only):
    betas: 0.000007 (weight=0.0005)
    limb_scale_regularization: 0.015687 (weight=1e-05)
    limb_trans_regularization: 0.000000 (weight=0.5)
    joint_angle_regularization: 0.122104 (weight=2e-07)
    keypoint_2d: 0.000005 (weight=0.1)
    keypoint_3d: 0.000000 (weight=2)

WARNING: Near-zero total loss detected: 8.12e-07
  Valid samples: 16/16
  Dataset composition: {'unknown': 16}
  Availability masks present: True
  Availability summary:
    global_rot: 0/16 samples have real data
    joint_rot: 0/16 samples have real data
    betas: 16/16 samples have real data
    trans: 0/16 samples have real data
    fov: 0/16 samples have real data
    cam_rot: 0/16 samples have real data
    cam_trans: 0/16 samples have real data
    log_beta_scales: 0/16 samples have real data
    betas_trans: 0/16 samples have real data
    keypoint_2d: 16/16 samples have real data
    keypoint_3d: 16/16 samples have real data
    silhouette: 0/16 samples have real data
  Loss weights: keypoint_2d=0.1, betas=0.0005
  need_keypoint_loss=True, need_silhouette_loss=False
  Loss components (non-zero only):
    betas: 0.000003 (weight=0.0005)
    limb_scale_regularization: 0.015436 (weight=1e-05)
    limb_trans_regularization: 0.000000 (weight=0.5)
    joint_angle_regularization: 0.120973 (weight=2e-07)
    keypoint_2d: 0.000004 (weight=0.1)
    keypoint_3d: 0.000000 (weight=2)

WARNING: Near-zero total loss detected: 9.56e-07
  Valid samples: 16/16
  Dataset composition: {'unknown': 16}
  Availability masks present: True
  Availability summary:
    global_rot: 0/16 samples have real data
    joint_rot: 0/16 samples have real data
    betas: 16/16 samples have real data
    trans: 0/16 samples have real data
    fov: 0/16 samples have real data
    cam_rot: 0/16 samples have real data
    cam_trans: 0/16 samples have real data
    log_beta_scales: 0/16 samples have real data
    betas_trans: 0/16 samples have real data
    keypoint_2d: 16/16 samples have real data
    keypoint_3d: 16/16 samples have real data
    silhouette: 0/16 samples have real data
  Loss weights: keypoint_2d=0.1, betas=0.0005
  need_keypoint_loss=True, need_silhouette_loss=False
  Loss components (non-zero only):
    betas: 0.000004 (weight=0.0005)
    limb_scale_regularization: 0.015704 (weight=1e-05)
    limb_trans_regularization: 0.000000 (weight=0.5)
    joint_angle_regularization: 0.120959 (weight=2e-07)
    keypoint_2d: 0.000005 (weight=0.1)
    keypoint_3d: 0.000000 (weight=2)

Epoch 426:
  Train Loss = 0.000003, Val Loss = 0.000002, LR = 1.00e-05
  Parameter Errors (Train / Val):
    betas          : 0.000050 / 0.000010
    betas_trans    : 0.000000 / 0.000000
    cam_rot        : 0.000000 / 0.000000
    cam_trans      : 0.000000 / 0.000000
    fov            : 0.000000 / 0.000000
    global_rot     : 0.000000 / 0.000000
    joint_angle_regularization: 0.106949 / 0.107624
    joint_limit_regularization: 0.000003 / 0.000002
    joint_rot      : 0.000000 / 0.000000
    keypoint_2d    : 0.000016 / 0.000014
    keypoint_3d    : 0.000000 / 0.000000
    limb_scale_regularization: 0.019931 / 0.020094
    limb_trans_regularization: 0.000000 / 0.000000
    log_beta_scales: 0.000000 / 0.000000
    silhouette     : 0.000000 / 0.000000
    trans          : 0.000000 / 0.000000

WARNING: Near-zero total loss detected: 8.90e-07
  Valid samples: 16/16
  Dataset composition: {'unknown': 16}
  Availability masks present: True
  Availability summary:
    global_rot: 0/16 samples have real data
    joint_rot: 0/16 samples have real data
    betas: 16/16 samples have real data
    trans: 0/16 samples have real data
    fov: 0/16 samples have real data
    cam_rot: 0/16 samples have real data
    cam_trans: 0/16 samples have real data
    log_beta_scales: 0/16 samples have real data
    betas_trans: 0/16 samples have real data
    keypoint_2d: 16/16 samples have real data
    keypoint_3d: 16/16 samples have real data
    silhouette: 0/16 samples have real data
  Loss weights: keypoint_2d=0.1, betas=0.0005
  need_keypoint_loss=True, need_silhouette_loss=False
  Loss components (non-zero only):
    betas: 0.000002 (weight=0.0005)
    limb_scale_regularization: 0.015748 (weight=1e-05)
    limb_trans_regularization: 0.000000 (weight=0.5)
    joint_angle_regularization: 0.121700 (weight=2e-07)
    keypoint_2d: 0.000005 (weight=0.1)
    keypoint_3d: 0.000000 (weight=2)

WARNING: Near-zero total loss detected: 9.34e-07
  Valid samples: 16/16
  Dataset composition: {'unknown': 16}
  Availability masks present: True
  Availability summary:
    global_rot: 0/16 samples have real data
    joint_rot: 0/16 samples have real data
    betas: 16/16 samples have real data
    trans: 0/16 samples have real data
    fov: 0/16 samples have real data
    cam_rot: 0/16 samples have real data
    cam_trans: 0/16 samples have real data
    log_beta_scales: 0/16 samples have real data
    betas_trans: 0/16 samples have real data
    keypoint_2d: 16/16 samples have real data
    keypoint_3d: 16/16 samples have real data
    silhouette: 0/16 samples have real data
  Loss weights: keypoint_2d=0.1, betas=0.0005
  need_keypoint_loss=True, need_silhouette_loss=False
  Loss components (non-zero only):
    betas: 0.000002 (weight=0.0005)
    limb_scale_regularization: 0.015670 (weight=1e-05)
    limb_trans_regularization: 0.000000 (weight=0.5)
    joint_angle_regularization: 0.119509 (weight=2e-07)
    keypoint_2d: 0.000005 (weight=0.1)
    keypoint_3d: 0.000000 (weight=2)

WARNING: Near-zero total loss detected: 9.22e-07
  Valid samples: 16/16
  Dataset composition: {'unknown': 16}
  Availability masks present: True
  Availability summary:
    global_rot: 0/16 samples have real data
    joint_rot: 0/16 samples have real data
    betas: 16/16 samples have real data
    trans: 0/16 samples have real data
    fov: 0/16 samples have real data
    cam_rot: 0/16 samples have real data
    cam_trans: 0/16 samples have real data
    log_beta_scales: 0/16 samples have real data
    betas_trans: 0/16 samples have real data
    keypoint_2d: 16/16 samples have real data
    keypoint_3d: 16/16 samples have real data
    silhouette: 0/16 samples have real data
  Loss weights: keypoint_2d=0.1, betas=0.0005
  need_keypoint_loss=True, need_silhouette_loss=False
  Loss components (non-zero only):
    betas: 0.000003 (weight=0.0005)
    limb_scale_regularization: 0.015613 (weight=1e-05)
    limb_trans_regularization: 0.000000 (weight=0.5)
    joint_angle_regularization: 0.122066 (weight=2e-07)
    keypoint_2d: 0.000005 (weight=0.1)
    keypoint_3d: 0.000000 (weight=2)

WARNING: Near-zero total loss detected: 9.77e-07
  Valid samples: 16/16
  Dataset composition: {'unknown': 16}
  Availability masks present: True
  Availability summary:
    global_rot: 0/16 samples have real data
    joint_rot: 0/16 samples have real data
    betas: 16/16 samples have real data
    trans: 0/16 samples have real data
    fov: 0/16 samples have real data
    cam_rot: 0/16 samples have real data
    cam_trans: 0/16 samples have real data
    log_beta_scales: 0/16 samples have real data
    betas_trans: 0/16 samples have real data
    keypoint_2d: 16/16 samples have real data
    keypoint_3d: 16/16 samples have real data
    silhouette: 0/16 samples have real data
  Loss weights: keypoint_2d=0.1, betas=0.0005
  need_keypoint_loss=True, need_silhouette_loss=False
  Loss components (non-zero only):
    betas: 0.000005 (weight=0.0005)
    limb_scale_regularization: 0.015639 (weight=1e-05)
    limb_trans_regularization: 0.000000 (weight=0.5)
    joint_angle_regularization: 0.121033 (weight=2e-07)
    keypoint_2d: 0.000005 (weight=0.1)
    keypoint_3d: 0.000000 (weight=2)

WARNING: Near-zero total loss detected: 8.60e-07
  Valid samples: 16/16
  Dataset composition: {'unknown': 16}
  Availability masks present: True
  Availability summary:
    global_rot: 0/16 samples have real data
    joint_rot: 0/16 samples have real data
    betas: 16/16 samples have real data
    trans: 0/16 samples have real data
    fov: 0/16 samples have real data
    cam_rot: 0/16 samples have real data
    cam_trans: 0/16 samples have real data
    log_beta_scales: 0/16 samples have real data
    betas_trans: 0/16 samples have real data
    keypoint_2d: 16/16 samples have real data
    keypoint_3d: 16/16 samples have real data
    silhouette: 0/16 samples have real data
  Loss weights: keypoint_2d=0.1, betas=0.0005
  need_keypoint_loss=True, need_silhouette_loss=False
  Loss components (non-zero only):
    betas: 0.000004 (weight=0.0005)
    limb_scale_regularization: 0.015615 (weight=1e-05)
    limb_trans_regularization: 0.000000 (weight=0.5)
    joint_angle_regularization: 0.121738 (weight=2e-07)
    keypoint_2d: 0.000004 (weight=0.1)
    keypoint_3d: 0.000000 (weight=2)

WARNING: Near-zero total loss detected: 9.37e-07
  Valid samples: 16/16
  Dataset composition: {'unknown': 16}
  Availability masks present: True
  Availability summary:
    global_rot: 0/16 samples have real data
    joint_rot: 0/16 samples have real data
    betas: 16/16 samples have real data
    trans: 0/16 samples have real data
    fov: 0/16 samples have real data
    cam_rot: 0/16 samples have real data
    cam_trans: 0/16 samples have real data
    log_beta_scales: 0/16 samples have real data
    betas_trans: 0/16 samples have real data
    keypoint_2d: 16/16 samples have real data
    keypoint_3d: 16/16 samples have real data
    silhouette: 0/16 samples have real data
  Loss weights: keypoint_2d=0.1, betas=0.0005
  need_keypoint_loss=True, need_silhouette_loss=False
  Loss components (non-zero only):
    betas: 0.000004 (weight=0.0005)
    limb_scale_regularization: 0.015426 (weight=1e-05)
    limb_trans_regularization: 0.000000 (weight=0.5)
    joint_angle_regularization: 0.119523 (weight=2e-07)
    keypoint_2d: 0.000005 (weight=0.1)
    keypoint_3d: 0.000000 (weight=2)

WARNING: Near-zero total loss detected: 9.33e-07
  Valid samples: 16/16
  Dataset composition: {'unknown': 16}
  Availability masks present: True
  Availability summary:
    global_rot: 0/16 samples have real data
    joint_rot: 0/16 samples have real data
    betas: 16/16 samples have real data
    trans: 0/16 samples have real data
    fov: 0/16 samples have real data
    cam_rot: 0/16 samples have real data
    cam_trans: 0/16 samples have real data
    log_beta_scales: 0/16 samples have real data
    betas_trans: 0/16 samples have real data
    keypoint_2d: 16/16 samples have real data
    keypoint_3d: 16/16 samples have real data
    silhouette: 0/16 samples have real data
  Loss weights: keypoint_2d=0.1, betas=0.0005
  need_keypoint_loss=True, need_silhouette_loss=False
  Loss components (non-zero only):
    betas: 0.000002 (weight=0.0005)
    limb_scale_regularization: 0.015371 (weight=1e-05)
    limb_trans_regularization: 0.000000 (weight=0.5)
    joint_angle_regularization: 0.121152 (weight=2e-07)
    keypoint_2d: 0.000004 (weight=0.1)
    keypoint_3d: 0.000000 (weight=2)

Epoch 427:
  Train Loss = 0.000003, Val Loss = 0.000002, LR = 1.00e-05
  Parameter Errors (Train / Val):
    betas          : 0.000050 / 0.000010
    betas_trans    : 0.000000 / 0.000000
    cam_rot        : 0.000000 / 0.000000
    cam_trans      : 0.000000 / 0.000000
    fov            : 0.000000 / 0.000000
    global_rot     : 0.000000 / 0.000000
    joint_angle_regularization: 0.107494 / 0.107795
    joint_limit_regularization: 0.000002 / 0.000002
    joint_rot      : 0.000000 / 0.000000
    keypoint_2d    : 0.000016 / 0.000014
    keypoint_3d    : 0.000000 / 0.000000
    limb_scale_regularization: 0.019904 / 0.020132
    limb_trans_regularization: 0.000000 / 0.000000
    log_beta_scales: 0.000000 / 0.000000
    silhouette     : 0.000000 / 0.000000
    trans          : 0.000000 / 0.000000
  Checkpoint saved at epoch 427

WARNING: Near-zero total loss detected: 9.03e-07
  Valid samples: 16/16
  Dataset composition: {'unknown': 16}
  Availability masks present: True
  Availability summary:
    global_rot: 0/16 samples have real data
    joint_rot: 0/16 samples have real data
    betas: 16/16 samples have real data
    trans: 0/16 samples have real data
    fov: 0/16 samples have real data
    cam_rot: 0/16 samples have real data
    cam_trans: 0/16 samples have real data
    log_beta_scales: 0/16 samples have real data
    betas_trans: 0/16 samples have real data
    keypoint_2d: 16/16 samples have real data
    keypoint_3d: 16/16 samples have real data
    silhouette: 0/16 samples have real data
  Loss weights: keypoint_2d=0.1, betas=0.0005
  need_keypoint_loss=True, need_silhouette_loss=False
  Loss components (non-zero only):
    betas: 0.000003 (weight=0.0005)
    limb_scale_regularization: 0.015801 (weight=1e-05)
    limb_trans_regularization: 0.000000 (weight=0.5)
    joint_angle_regularization: 0.119858 (weight=2e-07)
    keypoint_2d: 0.000005 (weight=0.1)
    keypoint_3d: 0.000000 (weight=2)

WARNING: Near-zero total loss detected: 9.43e-07
  Valid samples: 16/16
  Dataset composition: {'unknown': 16}
  Availability masks present: True
  Availability summary:
    global_rot: 0/16 samples have real data
    joint_rot: 0/16 samples have real data
    betas: 16/16 samples have real data
    trans: 0/16 samples have real data
    fov: 0/16 samples have real data
    cam_rot: 0/16 samples have real data
    cam_trans: 0/16 samples have real data
    log_beta_scales: 0/16 samples have real data
    betas_trans: 0/16 samples have real data
    keypoint_2d: 16/16 samples have real data
    keypoint_3d: 16/16 samples have real data
    silhouette: 0/16 samples have real data
  Loss weights: keypoint_2d=0.1, betas=0.0005
  need_keypoint_loss=True, need_silhouette_loss=False
  Loss components (non-zero only):
    betas: 0.000004 (weight=0.0005)
    limb_scale_regularization: 0.015719 (weight=1e-05)
    limb_trans_regularization: 0.000000 (weight=0.5)
    joint_angle_regularization: 0.117597 (weight=2e-07)
    keypoint_2d: 0.000005 (weight=0.1)
    keypoint_3d: 0.000000 (weight=2)

WARNING: Near-zero total loss detected: 9.68e-07
  Valid samples: 16/16
  Dataset composition: {'unknown': 16}
  Availability masks present: True
  Availability summary:
    global_rot: 0/16 samples have real data
    joint_rot: 0/16 samples have real data
    betas: 16/16 samples have real data
    trans: 0/16 samples have real data
    fov: 0/16 samples have real data
    cam_rot: 0/16 samples have real data
    cam_trans: 0/16 samples have real data
    log_beta_scales: 0/16 samples have real data
    betas_trans: 0/16 samples have real data
    keypoint_2d: 16/16 samples have real data
    keypoint_3d: 16/16 samples have real data
    silhouette: 0/16 samples have real data
  Loss weights: keypoint_2d=0.1, betas=0.0005
  need_keypoint_loss=True, need_silhouette_loss=False
  Loss components (non-zero only):
    betas: 0.000003 (weight=0.0005)
    limb_scale_regularization: 0.015591 (weight=1e-05)
    limb_trans_regularization: 0.000000 (weight=0.5)
    joint_angle_regularization: 0.122173 (weight=2e-07)
    keypoint_2d: 0.000005 (weight=0.1)
    keypoint_3d: 0.000000 (weight=2)

WARNING: Near-zero total loss detected: 8.49e-07
  Valid samples: 16/16
  Dataset composition: {'unknown': 16}
  Availability masks present: True
  Availability summary:
    global_rot: 0/16 samples have real data
    joint_rot: 0/16 samples have real data
    betas: 16/16 samples have real data
    trans: 0/16 samples have real data
    fov: 0/16 samples have real data
    cam_rot: 0/16 samples have real data
    cam_trans: 0/16 samples have real data
    log_beta_scales: 0/16 samples have real data
    betas_trans: 0/16 samples have real data
    keypoint_2d: 16/16 samples have real data
    keypoint_3d: 16/16 samples have real data
    silhouette: 0/16 samples have real data
  Loss weights: keypoint_2d=0.1, betas=0.0005
  need_keypoint_loss=True, need_silhouette_loss=False
  Loss components (non-zero only):
    betas: 0.000005 (weight=0.0005)
    limb_scale_regularization: 0.015392 (weight=1e-05)
    limb_trans_regularization: 0.000000 (weight=0.5)
    joint_angle_regularization: 0.122084 (weight=2e-07)
    keypoint_2d: 0.000004 (weight=0.1)
    keypoint_3d: 0.000000 (weight=2)

Epoch 428:
  Train Loss = 0.000003, Val Loss = 0.000002, LR = 1.00e-05
  Parameter Errors (Train / Val):
    betas          : 0.000050 / 0.000010
    betas_trans    : 0.000000 / 0.000000
    cam_rot        : 0.000000 / 0.000000
    cam_trans      : 0.000000 / 0.000000
    fov            : 0.000000 / 0.000000
    global_rot     : 0.000000 / 0.000000
    joint_angle_regularization: 0.107567 / 0.108094
    joint_limit_regularization: 0.000003 / 0.000002
    joint_rot      : 0.000000 / 0.000000
    keypoint_2d    : 0.000016 / 0.000014
    keypoint_3d    : 0.000000 / 0.000000
    limb_scale_regularization: 0.020051 / 0.020181
    limb_trans_regularization: 0.000000 / 0.000000
    log_beta_scales: 0.000000 / 0.000000
    silhouette     : 0.000000 / 0.000000
    trans          : 0.000000 / 0.000000

WARNING: Near-zero total loss detected: 9.40e-07
  Valid samples: 16/16
  Dataset composition: {'unknown': 16}
  Availability masks present: True
  Availability summary:
    global_rot: 0/16 samples have real data
    joint_rot: 0/16 samples have real data
    betas: 16/16 samples have real data
    trans: 0/16 samples have real data
    fov: 0/16 samples have real data
    cam_rot: 0/16 samples have real data
    cam_trans: 0/16 samples have real data
    log_beta_scales: 0/16 samples have real data
    betas_trans: 0/16 samples have real data
    keypoint_2d: 16/16 samples have real data
    keypoint_3d: 16/16 samples have real data
    silhouette: 0/16 samples have real data
  Loss weights: keypoint_2d=0.1, betas=0.0005
  need_keypoint_loss=True, need_silhouette_loss=False
  Loss components (non-zero only):
    betas: 0.000003 (weight=0.0005)
    limb_scale_regularization: 0.015534 (weight=1e-05)
    limb_trans_regularization: 0.000000 (weight=0.5)
    joint_angle_regularization: 0.122606 (weight=2e-07)
    keypoint_2d: 0.000005 (weight=0.1)
    keypoint_3d: 0.000000 (weight=2)

WARNING: Near-zero total loss detected: 9.71e-07
  Valid samples: 16/16
  Dataset composition: {'unknown': 16}
  Availability masks present: True
  Availability summary:
    global_rot: 0/16 samples have real data
    joint_rot: 0/16 samples have real data
    betas: 16/16 samples have real data
    trans: 0/16 samples have real data
    fov: 0/16 samples have real data
    cam_rot: 0/16 samples have real data
    cam_trans: 0/16 samples have real data
    log_beta_scales: 0/16 samples have real data
    betas_trans: 0/16 samples have real data
    keypoint_2d: 16/16 samples have real data
    keypoint_3d: 16/16 samples have real data
    silhouette: 0/16 samples have real data
  Loss weights: keypoint_2d=0.1, betas=0.0005
  need_keypoint_loss=True, need_silhouette_loss=False
  Loss components (non-zero only):
    betas: 0.000004 (weight=0.0005)
    limb_scale_regularization: 0.015556 (weight=1e-05)
    limb_trans_regularization: 0.000000 (weight=0.5)
    joint_angle_regularization: 0.121805 (weight=2e-07)
    keypoint_2d: 0.000005 (weight=0.1)
    keypoint_3d: 0.000000 (weight=2)

WARNING: Near-zero total loss detected: 9.27e-07
  Valid samples: 16/16
  Dataset composition: {'unknown': 16}
  Availability masks present: True
  Availability summary:
    global_rot: 0/16 samples have real data
    joint_rot: 0/16 samples have real data
    betas: 16/16 samples have real data
    trans: 0/16 samples have real data
    fov: 0/16 samples have real data
    cam_rot: 0/16 samples have real data
    cam_trans: 0/16 samples have real data
    log_beta_scales: 0/16 samples have real data
    betas_trans: 0/16 samples have real data
    keypoint_2d: 16/16 samples have real data
    keypoint_3d: 16/16 samples have real data
    silhouette: 0/16 samples have real data
  Loss weights: keypoint_2d=0.1, betas=0.0005
  need_keypoint_loss=True, need_silhouette_loss=False
  Loss components (non-zero only):
    betas: 0.000003 (weight=0.0005)
    limb_scale_regularization: 0.015772 (weight=1e-05)
    limb_trans_regularization: 0.000000 (weight=0.5)
    joint_angle_regularization: 0.120637 (weight=2e-07)
    keypoint_2d: 0.000005 (weight=0.1)
    keypoint_3d: 0.000000 (weight=2)

WARNING: Near-zero total loss detected: 9.72e-07
  Valid samples: 16/16
  Dataset composition: {'unknown': 16}
  Availability masks present: True
  Availability summary:
    global_rot: 0/16 samples have real data
    joint_rot: 0/16 samples have real data
    betas: 16/16 samples have real data
    trans: 0/16 samples have real data
    fov: 0/16 samples have real data
    cam_rot: 0/16 samples have real data
    cam_trans: 0/16 samples have real data
    log_beta_scales: 0/16 samples have real data
    betas_trans: 0/16 samples have real data
    keypoint_2d: 16/16 samples have real data
    keypoint_3d: 16/16 samples have real data
    silhouette: 0/16 samples have real data
  Loss weights: keypoint_2d=0.1, betas=0.0005
  need_keypoint_loss=True, need_silhouette_loss=False
  Loss components (non-zero only):
    betas: 0.000004 (weight=0.0005)
    limb_scale_regularization: 0.015692 (weight=1e-05)
    limb_trans_regularization: 0.000000 (weight=0.5)
    joint_angle_regularization: 0.118387 (weight=2e-07)
    keypoint_2d: 0.000005 (weight=0.1)
    keypoint_3d: 0.000000 (weight=2)

WARNING: Near-zero total loss detected: 8.45e-07
  Valid samples: 16/16
  Dataset composition: {'unknown': 16}
  Availability masks present: True
  Availability summary:
    global_rot: 0/16 samples have real data
    joint_rot: 0/16 samples have real data
    betas: 16/16 samples have real data
    trans: 0/16 samples have real data
    fov: 0/16 samples have real data
    cam_rot: 0/16 samples have real data
    cam_trans: 0/16 samples have real data
    log_beta_scales: 0/16 samples have real data
    betas_trans: 0/16 samples have real data
    keypoint_2d: 16/16 samples have real data
    keypoint_3d: 16/16 samples have real data
    silhouette: 0/16 samples have real data
  Loss weights: keypoint_2d=0.1, betas=0.0005
  need_keypoint_loss=True, need_silhouette_loss=False
  Loss components (non-zero only):
    betas: 0.000002 (weight=0.0005)
    limb_scale_regularization: 0.015661 (weight=1e-05)
    limb_trans_regularization: 0.000000 (weight=0.5)
    joint_angle_regularization: 0.123327 (weight=2e-07)
    keypoint_2d: 0.000004 (weight=0.1)
    keypoint_3d: 0.000000 (weight=2)

WARNING: Near-zero total loss detected: 9.12e-07
  Valid samples: 16/16
  Dataset composition: {'unknown': 16}
  Availability masks present: True
  Availability summary:
    global_rot: 0/16 samples have real data
    joint_rot: 0/16 samples have real data
    betas: 16/16 samples have real data
    trans: 0/16 samples have real data
    fov: 0/16 samples have real data
    cam_rot: 0/16 samples have real data
    cam_trans: 0/16 samples have real data
    log_beta_scales: 0/16 samples have real data
    betas_trans: 0/16 samples have real data
    keypoint_2d: 16/16 samples have real data
    keypoint_3d: 16/16 samples have real data
    silhouette: 0/16 samples have real data
  Loss weights: keypoint_2d=0.1, betas=0.0005
  need_keypoint_loss=True, need_silhouette_loss=False
  Loss components (non-zero only):
    betas: 0.000003 (weight=0.0005)
    limb_scale_regularization: 0.015468 (weight=1e-05)
    limb_trans_regularization: 0.000000 (weight=0.5)
    joint_angle_regularization: 0.121091 (weight=2e-07)
    keypoint_2d: 0.000005 (weight=0.1)
    keypoint_3d: 0.000000 (weight=2)

WARNING: Near-zero total loss detected: 8.45e-07
  Valid samples: 16/16
  Dataset composition: {'unknown': 16}
  Availability masks present: True
  Availability summary:
    global_rot: 0/16 samples have real data
    joint_rot: 0/16 samples have real data
    betas: 16/16 samples have real data
    trans: 0/16 samples have real data
    fov: 0/16 samples have real data
    cam_rot: 0/16 samples have real data
    cam_trans: 0/16 samples have real data
    log_beta_scales: 0/16 samples have real data
    betas_trans: 0/16 samples have real data
    keypoint_2d: 16/16 samples have real data
    keypoint_3d: 16/16 samples have real data
    silhouette: 0/16 samples have real data
  Loss weights: keypoint_2d=0.1, betas=0.0005
  need_keypoint_loss=True, need_silhouette_loss=False
  Loss components (non-zero only):
    betas: 0.000002 (weight=0.0005)
    limb_scale_regularization: 0.015455 (weight=1e-05)
    limb_trans_regularization: 0.000000 (weight=0.5)
    joint_angle_regularization: 0.121349 (weight=2e-07)
    keypoint_2d: 0.000004 (weight=0.1)
    keypoint_3d: 0.000000 (weight=2)

WARNING: Near-zero total loss detected: 1.00e-06
  Valid samples: 16/16
  Dataset composition: {'unknown': 16}
  Availability masks present: True
  Availability summary:
    global_rot: 0/16 samples have real data
    joint_rot: 0/16 samples have real data
    betas: 16/16 samples have real data
    trans: 0/16 samples have real data
    fov: 0/16 samples have real data
    cam_rot: 0/16 samples have real data
    cam_trans: 0/16 samples have real data
    log_beta_scales: 0/16 samples have real data
    betas_trans: 0/16 samples have real data
    keypoint_2d: 16/16 samples have real data
    keypoint_3d: 16/16 samples have real data
    silhouette: 0/16 samples have real data
  Loss weights: keypoint_2d=0.1, betas=0.0005
  need_keypoint_loss=True, need_silhouette_loss=False
  Loss components (non-zero only):
    betas: 0.000002 (weight=0.0005)
    limb_scale_regularization: 0.015725 (weight=1e-05)
    limb_trans_regularization: 0.000000 (weight=0.5)
    joint_angle_regularization: 0.121205 (weight=2e-07)
    keypoint_2d: 0.000005 (weight=0.1)
    keypoint_3d: 0.000000 (weight=2)

Epoch 429:
  Train Loss = 0.000003, Val Loss = 0.000002, LR = 1.00e-05
  Parameter Errors (Train / Val):
    betas          : 0.000050 / 0.000010
    betas_trans    : 0.000000 / 0.000000
    cam_rot        : 0.000000 / 0.000000
    cam_trans      : 0.000000 / 0.000000
    fov            : 0.000000 / 0.000000
    global_rot     : 0.000000 / 0.000000
    joint_angle_regularization: 0.108118 / 0.108422
    joint_limit_regularization: 0.000003 / 0.000002
    joint_rot      : 0.000000 / 0.000000
    keypoint_2d    : 0.000016 / 0.000014
    keypoint_3d    : 0.000000 / 0.000000
    limb_scale_regularization: 0.020108 / 0.020184
    limb_trans_regularization: 0.000000 / 0.000000
    log_beta_scales: 0.000000 / 0.000000
    silhouette     : 0.000000 / 0.000000
    trans          : 0.000000 / 0.000000
  Checkpoint saved at epoch 429
Visualizing 5 samples from dataset: unknown
Generated 5 visualization images for epoch 429 in /hpcwork/mkd34160/smilify_runs/singleview_lam1e-2/visualizations/epoch_429
Visualizing 5 samples from dataset: unknown
Generated 5 visualization images for epoch 429 in /hpcwork/mkd34160/smilify_runs/singleview_lam1e-2/visualizations_train/epoch_429

WARNING: Near-zero total loss detected: 9.61e-07
  Valid samples: 16/16
  Dataset composition: {'unknown': 16}
  Availability masks present: True
  Availability summary:
    global_rot: 0/16 samples have real data
    joint_rot: 0/16 samples have real data
    betas: 16/16 samples have real data
    trans: 0/16 samples have real data
    fov: 0/16 samples have real data
    cam_rot: 0/16 samples have real data
    cam_trans: 0/16 samples have real data
    log_beta_scales: 0/16 samples have real data
    betas_trans: 0/16 samples have real data
    keypoint_2d: 16/16 samples have real data
    keypoint_3d: 16/16 samples have real data
    silhouette: 0/16 samples have real data
  Loss weights: keypoint_2d=0.1, betas=0.0005
  need_keypoint_loss=True, need_silhouette_loss=False
  Loss components (non-zero only):
    betas: 0.000003 (weight=0.0005)
    limb_scale_regularization: 0.015681 (weight=1e-05)
    limb_trans_regularization: 0.000000 (weight=0.5)
    joint_angle_regularization: 0.121546 (weight=2e-07)
    keypoint_2d: 0.000005 (weight=0.1)
    keypoint_3d: 0.000000 (weight=2)

WARNING: Near-zero total loss detected: 9.73e-07
  Valid samples: 16/16
  Dataset composition: {'unknown': 16}
  Availability masks present: True
  Availability summary:
    global_rot: 0/16 samples have real data
    joint_rot: 0/16 samples have real data
    betas: 16/16 samples have real data
    trans: 0/16 samples have real data
    fov: 0/16 samples have real data
    cam_rot: 0/16 samples have real data
    cam_trans: 0/16 samples have real data
    log_beta_scales: 0/16 samples have real data
    betas_trans: 0/16 samples have real data
    keypoint_2d: 16/16 samples have real data
    keypoint_3d: 16/16 samples have real data
    silhouette: 0/16 samples have real data
  Loss weights: keypoint_2d=0.1, betas=0.0005
  need_keypoint_loss=True, need_silhouette_loss=False
  Loss components (non-zero only):
    betas: 0.000002 (weight=0.0005)
    limb_scale_regularization: 0.015675 (weight=1e-05)
    limb_trans_regularization: 0.000000 (weight=0.5)
    joint_angle_regularization: 0.121173 (weight=2e-07)
    keypoint_2d: 0.000005 (weight=0.1)
    keypoint_3d: 0.000000 (weight=2)

WARNING: Near-zero total loss detected: 9.00e-07
  Valid samples: 16/16
  Dataset composition: {'unknown': 16}
  Availability masks present: True
  Availability summary:
    global_rot: 0/16 samples have real data
    joint_rot: 0/16 samples have real data
    betas: 16/16 samples have real data
    trans: 0/16 samples have real data
    fov: 0/16 samples have real data
    cam_rot: 0/16 samples have real data
    cam_trans: 0/16 samples have real data
    log_beta_scales: 0/16 samples have real data
    betas_trans: 0/16 samples have real data
    keypoint_2d: 16/16 samples have real data
    keypoint_3d: 16/16 samples have real data
    silhouette: 0/16 samples have real data
  Loss weights: keypoint_2d=0.1, betas=0.0005
  need_keypoint_loss=True, need_silhouette_loss=False
  Loss components (non-zero only):
    betas: 0.000006 (weight=0.0005)
    limb_scale_regularization: 0.015634 (weight=1e-05)
    limb_trans_regularization: 0.000000 (weight=0.5)
    joint_angle_regularization: 0.122330 (weight=2e-07)
    keypoint_2d: 0.000005 (weight=0.1)
    keypoint_3d: 0.000000 (weight=2)

WARNING: Near-zero total loss detected: 9.40e-07
  Valid samples: 16/16
  Dataset composition: {'unknown': 16}
  Availability masks present: True
  Availability summary:
    global_rot: 0/16 samples have real data
    joint_rot: 0/16 samples have real data
    betas: 16/16 samples have real data
    trans: 0/16 samples have real data
    fov: 0/16 samples have real data
    cam_rot: 0/16 samples have real data
    cam_trans: 0/16 samples have real data
    log_beta_scales: 0/16 samples have real data
    betas_trans: 0/16 samples have real data
    keypoint_2d: 16/16 samples have real data
    keypoint_3d: 16/16 samples have real data
    silhouette: 0/16 samples have real data
  Loss weights: keypoint_2d=0.1, betas=0.0005
  need_keypoint_loss=True, need_silhouette_loss=False
  Loss components (non-zero only):
    betas: 0.000007 (weight=0.0005)
    limb_scale_regularization: 0.015443 (weight=1e-05)
    limb_trans_regularization: 0.000000 (weight=0.5)
    joint_angle_regularization: 0.120192 (weight=2e-07)
    keypoint_2d: 0.000005 (weight=0.1)
    keypoint_3d: 0.000000 (weight=2)

WARNING: Near-zero total loss detected: 8.51e-07
  Valid samples: 16/16
  Dataset composition: {'unknown': 16}
  Availability masks present: True
  Availability summary:
    global_rot: 0/16 samples have real data
    joint_rot: 0/16 samples have real data
    betas: 16/16 samples have real data
    trans: 0/16 samples have real data
    fov: 0/16 samples have real data
    cam_rot: 0/16 samples have real data
    cam_trans: 0/16 samples have real data
    log_beta_scales: 0/16 samples have real data
    betas_trans: 0/16 samples have real data
    keypoint_2d: 16/16 samples have real data
    keypoint_3d: 16/16 samples have real data
    silhouette: 0/16 samples have real data
  Loss weights: keypoint_2d=0.1, betas=0.0005
  need_keypoint_loss=True, need_silhouette_loss=False
  Loss components (non-zero only):
    betas: 0.000003 (weight=0.0005)
    limb_scale_regularization: 0.015489 (weight=1e-05)
    limb_trans_regularization: 0.000000 (weight=0.5)
    joint_angle_regularization: 0.121769 (weight=2e-07)
    keypoint_2d: 0.000004 (weight=0.1)
    keypoint_3d: 0.000000 (weight=2)

WARNING: Near-zero total loss detected: 9.87e-07
  Valid samples: 16/16
  Dataset composition: {'unknown': 16}
  Availability masks present: True
  Availability summary:
    global_rot: 0/16 samples have real data
    joint_rot: 0/16 samples have real data
    betas: 16/16 samples have real data
    trans: 0/16 samples have real data
    fov: 0/16 samples have real data
    cam_rot: 0/16 samples have real data
    cam_trans: 0/16 samples have real data
    log_beta_scales: 0/16 samples have real data
    betas_trans: 0/16 samples have real data
    keypoint_2d: 16/16 samples have real data
    keypoint_3d: 16/16 samples have real data
    silhouette: 0/16 samples have real data
  Loss weights: keypoint_2d=0.1, betas=0.0005
  need_keypoint_loss=True, need_silhouette_loss=False
  Loss components (non-zero only):
    betas: 0.000002 (weight=0.0005)
    limb_scale_regularization: 0.015769 (weight=1e-05)
    limb_trans_regularization: 0.000000 (weight=0.5)
    joint_angle_regularization: 0.121643 (weight=2e-07)
    keypoint_2d: 0.000005 (weight=0.1)
    keypoint_3d: 0.000000 (weight=2)

Epoch 430:
  Train Loss = 0.000003, Val Loss = 0.000002, LR = 1.00e-05
  Parameter Errors (Train / Val):
    betas          : 0.000051 / 0.000010
    betas_trans    : 0.000000 / 0.000000
    cam_rot        : 0.000000 / 0.000000
    cam_trans      : 0.000000 / 0.000000
    fov            : 0.000000 / 0.000000
    global_rot     : 0.000000 / 0.000000
    joint_angle_regularization: 0.108363 / 0.108583
    joint_limit_regularization: 0.000002 / 0.000002
    joint_rot      : 0.000000 / 0.000000
    keypoint_2d    : 0.000016 / 0.000014
    keypoint_3d    : 0.000000 / 0.000000
    limb_scale_regularization: 0.020066 / 0.020245
    limb_trans_regularization: 0.000000 / 0.000000
    log_beta_scales: 0.000000 / 0.000000
    silhouette     : 0.000000 / 0.000000
    trans          : 0.000000 / 0.000000

WARNING: Near-zero total loss detected: 9.29e-07
  Valid samples: 16/16
  Dataset composition: {'unknown': 16}
  Availability masks present: True
  Availability summary:
    global_rot: 0/16 samples have real data
    joint_rot: 0/16 samples have real data
    betas: 16/16 samples have real data
    trans: 0/16 samples have real data
    fov: 0/16 samples have real data
    cam_rot: 0/16 samples have real data
    cam_trans: 0/16 samples have real data
    log_beta_scales: 0/16 samples have real data
    betas_trans: 0/16 samples have real data
    keypoint_2d: 16/16 samples have real data
    keypoint_3d: 16/16 samples have real data
    silhouette: 0/16 samples have real data
  Loss weights: keypoint_2d=0.1, betas=0.0005
  need_keypoint_loss=True, need_silhouette_loss=False
  Loss components (non-zero only):
    betas: 0.000005 (weight=0.0005)
    limb_scale_regularization: 0.015642 (weight=1e-05)
    limb_trans_regularization: 0.000000 (weight=0.5)
    joint_angle_regularization: 0.121290 (weight=2e-07)
    keypoint_2d: 0.000005 (weight=0.1)
    keypoint_3d: 0.000000 (weight=2)

WARNING: Near-zero total loss detected: 9.60e-07
  Valid samples: 16/16
  Dataset composition: {'unknown': 16}
  Availability masks present: True
  Availability summary:
    global_rot: 0/16 samples have real data
    joint_rot: 0/16 samples have real data
    betas: 16/16 samples have real data
    trans: 0/16 samples have real data
    fov: 0/16 samples have real data
    cam_rot: 0/16 samples have real data
    cam_trans: 0/16 samples have real data
    log_beta_scales: 0/16 samples have real data
    betas_trans: 0/16 samples have real data
    keypoint_2d: 16/16 samples have real data
    keypoint_3d: 16/16 samples have real data
    silhouette: 0/16 samples have real data
  Loss weights: keypoint_2d=0.1, betas=0.0005
  need_keypoint_loss=True, need_silhouette_loss=False
  Loss components (non-zero only):
    betas: 0.000007 (weight=0.0005)
    limb_scale_regularization: 0.015669 (weight=1e-05)
    limb_trans_regularization: 0.000000 (weight=0.5)
    joint_angle_regularization: 0.120351 (weight=2e-07)
    keypoint_2d: 0.000005 (weight=0.1)
    keypoint_3d: 0.000000 (weight=2)

WARNING: Near-zero total loss detected: 8.85e-07
  Valid samples: 16/16
  Dataset composition: {'unknown': 16}
  Availability masks present: True
  Availability summary:
    global_rot: 0/16 samples have real data
    joint_rot: 0/16 samples have real data
    betas: 16/16 samples have real data
    trans: 0/16 samples have real data
    fov: 0/16 samples have real data
    cam_rot: 0/16 samples have real data
    cam_trans: 0/16 samples have real data
    log_beta_scales: 0/16 samples have real data
    betas_trans: 0/16 samples have real data
    keypoint_2d: 16/16 samples have real data
    keypoint_3d: 16/16 samples have real data
    silhouette: 0/16 samples have real data
  Loss weights: keypoint_2d=0.1, betas=0.0005
  need_keypoint_loss=True, need_silhouette_loss=False
  Loss components (non-zero only):
    betas: 0.000002 (weight=0.0005)
    limb_scale_regularization: 0.015770 (weight=1e-05)
    limb_trans_regularization: 0.000000 (weight=0.5)
    joint_angle_regularization: 0.122423 (weight=2e-07)
    keypoint_2d: 0.000005 (weight=0.1)
    keypoint_3d: 0.000000 (weight=2)

WARNING: Near-zero total loss detected: 9.35e-07
  Valid samples: 16/16
  Dataset composition: {'unknown': 16}
  Availability masks present: True
  Availability summary:
    global_rot: 0/16 samples have real data
    joint_rot: 0/16 samples have real data
    betas: 16/16 samples have real data
    trans: 0/16 samples have real data
    fov: 0/16 samples have real data
    cam_rot: 0/16 samples have real data
    cam_trans: 0/16 samples have real data
    log_beta_scales: 0/16 samples have real data
    betas_trans: 0/16 samples have real data
    keypoint_2d: 16/16 samples have real data
    keypoint_3d: 16/16 samples have real data
    silhouette: 0/16 samples have real data
  Loss weights: keypoint_2d=0.1, betas=0.0005
  need_keypoint_loss=True, need_silhouette_loss=False
  Loss components (non-zero only):
    betas: 0.000003 (weight=0.0005)
    limb_scale_regularization: 0.015685 (weight=1e-05)
    limb_trans_regularization: 0.000000 (weight=0.5)
    joint_angle_regularization: 0.120106 (weight=2e-07)
    keypoint_2d: 0.000005 (weight=0.1)
    keypoint_3d: 0.000000 (weight=2)

WARNING: Near-zero total loss detected: 8.79e-07
  Valid samples: 16/16
  Dataset composition: {'unknown': 16}
  Availability masks present: True
  Availability summary:
    global_rot: 0/16 samples have real data
    joint_rot: 0/16 samples have real data
    betas: 16/16 samples have real data
    trans: 0/16 samples have real data
    fov: 0/16 samples have real data
    cam_rot: 0/16 samples have real data
    cam_trans: 0/16 samples have real data
    log_beta_scales: 0/16 samples have real data
    betas_trans: 0/16 samples have real data
    keypoint_2d: 16/16 samples have real data
    keypoint_3d: 16/16 samples have real data
    silhouette: 0/16 samples have real data
  Loss weights: keypoint_2d=0.1, betas=0.0005
  need_keypoint_loss=True, need_silhouette_loss=False
  Loss components (non-zero only):
    betas: 0.000003 (weight=0.0005)
    limb_scale_regularization: 0.015772 (weight=1e-05)
    limb_trans_regularization: 0.000000 (weight=0.5)
    joint_angle_regularization: 0.120459 (weight=2e-07)
    keypoint_2d: 0.000004 (weight=0.1)
    keypoint_3d: 0.000000 (weight=2)

WARNING: Near-zero total loss detected: 9.42e-07
  Valid samples: 16/16
  Dataset composition: {'unknown': 16}
  Availability masks present: True
  Availability summary:
    global_rot: 0/16 samples have real data
    joint_rot: 0/16 samples have real data
    betas: 16/16 samples have real data
    trans: 0/16 samples have real data
    fov: 0/16 samples have real data
    cam_rot: 0/16 samples have real data
    cam_trans: 0/16 samples have real data
    log_beta_scales: 0/16 samples have real data
    betas_trans: 0/16 samples have real data
    keypoint_2d: 16/16 samples have real data
    keypoint_3d: 16/16 samples have real data
    silhouette: 0/16 samples have real data
  Loss weights: keypoint_2d=0.1, betas=0.0005
  need_keypoint_loss=True, need_silhouette_loss=False
  Loss components (non-zero only):
    betas: 0.000004 (weight=0.0005)
    limb_scale_regularization: 0.015578 (weight=1e-05)
    limb_trans_regularization: 0.000000 (weight=0.5)
    joint_angle_regularization: 0.118123 (weight=2e-07)
    keypoint_2d: 0.000005 (weight=0.1)
    keypoint_3d: 0.000000 (weight=2)

WARNING: Near-zero total loss detected: 8.33e-07
  Valid samples: 16/16
  Dataset composition: {'unknown': 16}
  Availability masks present: True
  Availability summary:
    global_rot: 0/16 samples have real data
    joint_rot: 0/16 samples have real data
    betas: 16/16 samples have real data
    trans: 0/16 samples have real data
    fov: 0/16 samples have real data
    cam_rot: 0/16 samples have real data
    cam_trans: 0/16 samples have real data
    log_beta_scales: 0/16 samples have real data
    betas_trans: 0/16 samples have real data
    keypoint_2d: 16/16 samples have real data
    keypoint_3d: 16/16 samples have real data
    silhouette: 0/16 samples have real data
  Loss weights: keypoint_2d=0.1, betas=0.0005
  need_keypoint_loss=True, need_silhouette_loss=False
  Loss components (non-zero only):
    betas: 0.000003 (weight=0.0005)
    limb_scale_regularization: 0.015480 (weight=1e-05)
    limb_trans_regularization: 0.000000 (weight=0.5)
    joint_angle_regularization: 0.122466 (weight=2e-07)
    keypoint_2d: 0.000004 (weight=0.1)
    keypoint_3d: 0.000000 (weight=2)

WARNING: Near-zero total loss detected: 9.74e-07
  Valid samples: 16/16
  Dataset composition: {'unknown': 16}
  Availability masks present: True
  Availability summary:
    global_rot: 0/16 samples have real data
    joint_rot: 0/16 samples have real data
    betas: 16/16 samples have real data
    trans: 0/16 samples have real data
    fov: 0/16 samples have real data
    cam_rot: 0/16 samples have real data
    cam_trans: 0/16 samples have real data
    log_beta_scales: 0/16 samples have real data
    betas_trans: 0/16 samples have real data
    keypoint_2d: 16/16 samples have real data
    keypoint_3d: 16/16 samples have real data
    silhouette: 0/16 samples have real data
  Loss weights: keypoint_2d=0.1, betas=0.0005
  need_keypoint_loss=True, need_silhouette_loss=False
  Loss components (non-zero only):
    betas: 0.000005 (weight=0.0005)
    limb_scale_regularization: 0.015754 (weight=1e-05)
    limb_trans_regularization: 0.000000 (weight=0.5)
    joint_angle_regularization: 0.122234 (weight=2e-07)
    keypoint_2d: 0.000005 (weight=0.1)
    keypoint_3d: 0.000000 (weight=2)

Epoch 431:
  Train Loss = 0.000003, Val Loss = 0.000002, LR = 1.00e-05
  Parameter Errors (Train / Val):
    betas          : 0.000049 / 0.000010
    betas_trans    : 0.000000 / 0.000000
    cam_rot        : 0.000000 / 0.000000
    cam_trans      : 0.000000 / 0.000000
    fov            : 0.000000 / 0.000000
    global_rot     : 0.000000 / 0.000000
    joint_angle_regularization: 0.108521 / 0.108457
    joint_limit_regularization: 0.000002 / 0.000002
    joint_rot      : 0.000000 / 0.000000
    keypoint_2d    : 0.000016 / 0.000014
    keypoint_3d    : 0.000000 / 0.000000
    limb_scale_regularization: 0.020211 / 0.020298
    limb_trans_regularization: 0.000000 / 0.000000
    log_beta_scales: 0.000000 / 0.000000
    silhouette     : 0.000000 / 0.000000
    trans          : 0.000000 / 0.000000
  Checkpoint saved at epoch 431

WARNING: Near-zero total loss detected: 8.75e-07
  Valid samples: 16/16
  Dataset composition: {'unknown': 16}
  Availability masks present: True
  Availability summary:
    global_rot: 0/16 samples have real data
    joint_rot: 0/16 samples have real data
    betas: 16/16 samples have real data
    trans: 0/16 samples have real data
    fov: 0/16 samples have real data
    cam_rot: 0/16 samples have real data
    cam_trans: 0/16 samples have real data
    log_beta_scales: 0/16 samples have real data
    betas_trans: 0/16 samples have real data
    keypoint_2d: 16/16 samples have real data
    keypoint_3d: 16/16 samples have real data
    silhouette: 0/16 samples have real data
  Loss weights: keypoint_2d=0.1, betas=0.0005
  need_keypoint_loss=True, need_silhouette_loss=False
  Loss components (non-zero only):
    betas: 0.000005 (weight=0.0005)
    limb_scale_regularization: 0.015761 (weight=1e-05)
    limb_trans_regularization: 0.000000 (weight=0.5)
    joint_angle_regularization: 0.121325 (weight=2e-07)
    keypoint_2d: 0.000004 (weight=0.1)
    keypoint_3d: 0.000000 (weight=2)

WARNING: Near-zero total loss detected: 9.29e-07
  Valid samples: 16/16
  Dataset composition: {'unknown': 16}
  Availability masks present: True
  Availability summary:
    global_rot: 0/16 samples have real data
    joint_rot: 0/16 samples have real data
    betas: 16/16 samples have real data
    trans: 0/16 samples have real data
    fov: 0/16 samples have real data
    cam_rot: 0/16 samples have real data
    cam_trans: 0/16 samples have real data
    log_beta_scales: 0/16 samples have real data
    betas_trans: 0/16 samples have real data
    keypoint_2d: 16/16 samples have real data
    keypoint_3d: 16/16 samples have real data
    silhouette: 0/16 samples have real data
  Loss weights: keypoint_2d=0.1, betas=0.0005
  need_keypoint_loss=True, need_silhouette_loss=False
  Loss components (non-zero only):
    betas: 0.000005 (weight=0.0005)
    limb_scale_regularization: 0.015686 (weight=1e-05)
    limb_trans_regularization: 0.000000 (weight=0.5)
    joint_angle_regularization: 0.118976 (weight=2e-07)
    keypoint_2d: 0.000005 (weight=0.1)
    keypoint_3d: 0.000000 (weight=2)

WARNING: Near-zero total loss detected: 8.92e-07
  Valid samples: 16/16
  Dataset composition: {'unknown': 16}
  Availability masks present: True
  Availability summary:
    global_rot: 0/16 samples have real data
    joint_rot: 0/16 samples have real data
    betas: 16/16 samples have real data
    trans: 0/16 samples have real data
    fov: 0/16 samples have real data
    cam_rot: 0/16 samples have real data
    cam_trans: 0/16 samples have real data
    log_beta_scales: 0/16 samples have real data
    betas_trans: 0/16 samples have real data
    keypoint_2d: 16/16 samples have real data
    keypoint_3d: 16/16 samples have real data
    silhouette: 0/16 samples have real data
  Loss weights: keypoint_2d=0.1, betas=0.0005
  need_keypoint_loss=True, need_silhouette_loss=False
  Loss components (non-zero only):
    betas: 0.000002 (weight=0.0005)
    limb_scale_regularization: 0.015612 (weight=1e-05)
    limb_trans_regularization: 0.000000 (weight=0.5)
    joint_angle_regularization: 0.122043 (weight=2e-07)
    keypoint_2d: 0.000005 (weight=0.1)
    keypoint_3d: 0.000000 (weight=2)

WARNING: Near-zero total loss detected: 9.55e-07
  Valid samples: 16/16
  Dataset composition: {'unknown': 16}
  Availability masks present: True
  Availability summary:
    global_rot: 0/16 samples have real data
    joint_rot: 0/16 samples have real data
    betas: 16/16 samples have real data
    trans: 0/16 samples have real data
    fov: 0/16 samples have real data
    cam_rot: 0/16 samples have real data
    cam_trans: 0/16 samples have real data
    log_beta_scales: 0/16 samples have real data
    betas_trans: 0/16 samples have real data
    keypoint_2d: 16/16 samples have real data
    keypoint_3d: 16/16 samples have real data
    silhouette: 0/16 samples have real data
  Loss weights: keypoint_2d=0.1, betas=0.0005
  need_keypoint_loss=True, need_silhouette_loss=False
  Loss components (non-zero only):
    betas: 0.000003 (weight=0.0005)
    limb_scale_regularization: 0.015637 (weight=1e-05)
    limb_trans_regularization: 0.000000 (weight=0.5)
    joint_angle_regularization: 0.121182 (weight=2e-07)
    keypoint_2d: 0.000005 (weight=0.1)
    keypoint_3d: 0.000000 (weight=2)

WARNING: Near-zero total loss detected: 8.84e-07
  Valid samples: 16/16
  Dataset composition: {'unknown': 16}
  Availability masks present: True
  Availability summary:
    global_rot: 0/16 samples have real data
    joint_rot: 0/16 samples have real data
    betas: 16/16 samples have real data
    trans: 0/16 samples have real data
    fov: 0/16 samples have real data
    cam_rot: 0/16 samples have real data
    cam_trans: 0/16 samples have real data
    log_beta_scales: 0/16 samples have real data
    betas_trans: 0/16 samples have real data
    keypoint_2d: 16/16 samples have real data
    keypoint_3d: 16/16 samples have real data
    silhouette: 0/16 samples have real data
  Loss weights: keypoint_2d=0.1, betas=0.0005
  need_keypoint_loss=True, need_silhouette_loss=False
  Loss components (non-zero only):
    betas: 0.000002 (weight=0.0005)
    limb_scale_regularization: 0.015789 (weight=1e-05)
    limb_trans_regularization: 0.000000 (weight=0.5)
    joint_angle_regularization: 0.122128 (weight=2e-07)
    keypoint_2d: 0.000005 (weight=0.1)
    keypoint_3d: 0.000000 (weight=2)

WARNING: Near-zero total loss detected: 9.41e-07
  Valid samples: 16/16
  Dataset composition: {'unknown': 16}
  Availability masks present: True
  Availability summary:
    global_rot: 0/16 samples have real data
    joint_rot: 0/16 samples have real data
    betas: 16/16 samples have real data
    trans: 0/16 samples have real data
    fov: 0/16 samples have real data
    cam_rot: 0/16 samples have real data
    cam_trans: 0/16 samples have real data
    log_beta_scales: 0/16 samples have real data
    betas_trans: 0/16 samples have real data
    keypoint_2d: 16/16 samples have real data
    keypoint_3d: 16/16 samples have real data
    silhouette: 0/16 samples have real data
  Loss weights: keypoint_2d=0.1, betas=0.0005
  need_keypoint_loss=True, need_silhouette_loss=False
  Loss components (non-zero only):
    betas: 0.000003 (weight=0.0005)
    limb_scale_regularization: 0.015601 (weight=1e-05)
    limb_trans_regularization: 0.000000 (weight=0.5)
    joint_angle_regularization: 0.119765 (weight=2e-07)
    keypoint_2d: 0.000005 (weight=0.1)
    keypoint_3d: 0.000000 (weight=2)

WARNING: Near-zero total loss detected: 8.35e-07
  Valid samples: 16/16
  Dataset composition: {'unknown': 16}
  Availability masks present: True
  Availability summary:
    global_rot: 0/16 samples have real data
    joint_rot: 0/16 samples have real data
    betas: 16/16 samples have real data
    trans: 0/16 samples have real data
    fov: 0/16 samples have real data
    cam_rot: 0/16 samples have real data
    cam_trans: 0/16 samples have real data
    log_beta_scales: 0/16 samples have real data
    betas_trans: 0/16 samples have real data
    keypoint_2d: 16/16 samples have real data
    keypoint_3d: 16/16 samples have real data
    silhouette: 0/16 samples have real data
  Loss weights: keypoint_2d=0.1, betas=0.0005
  need_keypoint_loss=True, need_silhouette_loss=False
  Loss components (non-zero only):
    betas: 0.000003 (weight=0.0005)
    limb_scale_regularization: 0.015574 (weight=1e-05)
    limb_trans_regularization: 0.000000 (weight=0.5)
    joint_angle_regularization: 0.120529 (weight=2e-07)
    keypoint_2d: 0.000004 (weight=0.1)
    keypoint_3d: 0.000000 (weight=2)

WARNING: Near-zero total loss detected: 9.83e-07
  Valid samples: 16/16
  Dataset composition: {'unknown': 16}
  Availability masks present: True
  Availability summary:
    global_rot: 0/16 samples have real data
    joint_rot: 0/16 samples have real data
    betas: 16/16 samples have real data
    trans: 0/16 samples have real data
    fov: 0/16 samples have real data
    cam_rot: 0/16 samples have real data
    cam_trans: 0/16 samples have real data
    log_beta_scales: 0/16 samples have real data
    betas_trans: 0/16 samples have real data
    keypoint_2d: 16/16 samples have real data
    keypoint_3d: 16/16 samples have real data
    silhouette: 0/16 samples have real data
  Loss weights: keypoint_2d=0.1, betas=0.0005
  need_keypoint_loss=True, need_silhouette_loss=False
  Loss components (non-zero only):
    betas: 0.000004 (weight=0.0005)
    limb_scale_regularization: 0.015853 (weight=1e-05)
    limb_trans_regularization: 0.000000 (weight=0.5)
    joint_angle_regularization: 0.120461 (weight=2e-07)
    keypoint_2d: 0.000005 (weight=0.1)
    keypoint_3d: 0.000000 (weight=2)

Epoch 432:
  Train Loss = 0.000003, Val Loss = 0.000002, LR = 1.00e-05
  Parameter Errors (Train / Val):
    betas          : 0.000064 / 0.000010
    betas_trans    : 0.000000 / 0.000000
    cam_rot        : 0.000000 / 0.000000
    cam_trans      : 0.000000 / 0.000000
    fov            : 0.000000 / 0.000000
    global_rot     : 0.000000 / 0.000000
    joint_angle_regularization: 0.108543 / 0.108461
    joint_limit_regularization: 0.000003 / 0.000001
    joint_rot      : 0.000000 / 0.000000
    keypoint_2d    : 0.000016 / 0.000013
    keypoint_3d    : 0.000000 / 0.000000
    limb_scale_regularization: 0.020292 / 0.020358
    limb_trans_regularization: 0.000000 / 0.000000
    log_beta_scales: 0.000000 / 0.000000
    silhouette     : 0.000000 / 0.000000
    trans          : 0.000000 / 0.000000

WARNING: Near-zero total loss detected: 8.97e-07
  Valid samples: 16/16
  Dataset composition: {'unknown': 16}
  Availability masks present: True
  Availability summary:
    global_rot: 0/16 samples have real data
    joint_rot: 0/16 samples have real data
    betas: 16/16 samples have real data
    trans: 0/16 samples have real data
    fov: 0/16 samples have real data
    cam_rot: 0/16 samples have real data
    cam_trans: 0/16 samples have real data
    log_beta_scales: 0/16 samples have real data
    betas_trans: 0/16 samples have real data
    keypoint_2d: 16/16 samples have real data
    keypoint_3d: 16/16 samples have real data
    silhouette: 0/16 samples have real data
  Loss weights: keypoint_2d=0.1, betas=0.0005
  need_keypoint_loss=True, need_silhouette_loss=False
  Loss components (non-zero only):
    betas: 0.000003 (weight=0.0005)
    limb_scale_regularization: 0.015586 (weight=1e-05)
    limb_trans_regularization: 0.000000 (weight=0.5)
    joint_angle_regularization: 0.123211 (weight=2e-07)
    keypoint_2d: 0.000005 (weight=0.1)
    keypoint_3d: 0.000000 (weight=2)

WARNING: Near-zero total loss detected: 8.62e-07
  Valid samples: 16/16
  Dataset composition: {'unknown': 16}
  Availability masks present: True
  Availability summary:
    global_rot: 0/16 samples have real data
    joint_rot: 0/16 samples have real data
    betas: 16/16 samples have real data
    trans: 0/16 samples have real data
    fov: 0/16 samples have real data
    cam_rot: 0/16 samples have real data
    cam_trans: 0/16 samples have real data
    log_beta_scales: 0/16 samples have real data
    betas_trans: 0/16 samples have real data
    keypoint_2d: 16/16 samples have real data
    keypoint_3d: 16/16 samples have real data
    silhouette: 0/16 samples have real data
  Loss weights: keypoint_2d=0.1, betas=0.0005
  need_keypoint_loss=True, need_silhouette_loss=False
  Loss components (non-zero only):
    betas: 0.000002 (weight=0.0005)
    limb_scale_regularization: 0.015666 (weight=1e-05)
    limb_trans_regularization: 0.000000 (weight=0.5)
    joint_angle_regularization: 0.123615 (weight=2e-07)
    keypoint_2d: 0.000004 (weight=0.1)
    keypoint_3d: 0.000000 (weight=2)

WARNING: Near-zero total loss detected: 9.34e-07
  Valid samples: 16/16
  Dataset composition: {'unknown': 16}
  Availability masks present: True
  Availability summary:
    global_rot: 0/16 samples have real data
    joint_rot: 0/16 samples have real data
    betas: 16/16 samples have real data
    trans: 0/16 samples have real data
    fov: 0/16 samples have real data
    cam_rot: 0/16 samples have real data
    cam_trans: 0/16 samples have real data
    log_beta_scales: 0/16 samples have real data
    betas_trans: 0/16 samples have real data
    keypoint_2d: 16/16 samples have real data
    keypoint_3d: 16/16 samples have real data
    silhouette: 0/16 samples have real data
  Loss weights: keypoint_2d=0.1, betas=0.0005
  need_keypoint_loss=True, need_silhouette_loss=False
  Loss components (non-zero only):
    betas: 0.000005 (weight=0.0005)
    limb_scale_regularization: 0.015609 (weight=1e-05)
    limb_trans_regularization: 0.000000 (weight=0.5)
    joint_angle_regularization: 0.122488 (weight=2e-07)
    keypoint_2d: 0.000005 (weight=0.1)
    keypoint_3d: 0.000000 (weight=2)

WARNING: Near-zero total loss detected: 9.22e-07
  Valid samples: 16/16
  Dataset composition: {'unknown': 16}
  Availability masks present: True
  Availability summary:
    global_rot: 0/16 samples have real data
    joint_rot: 0/16 samples have real data
    betas: 16/16 samples have real data
    trans: 0/16 samples have real data
    fov: 0/16 samples have real data
    cam_rot: 0/16 samples have real data
    cam_trans: 0/16 samples have real data
    log_beta_scales: 0/16 samples have real data
    betas_trans: 0/16 samples have real data
    keypoint_2d: 16/16 samples have real data
    keypoint_3d: 16/16 samples have real data
    silhouette: 0/16 samples have real data
  Loss weights: keypoint_2d=0.1, betas=0.0005
  need_keypoint_loss=True, need_silhouette_loss=False
  Loss components (non-zero only):
    betas: 0.000003 (weight=0.0005)
    limb_scale_regularization: 0.015597 (weight=1e-05)
    limb_trans_regularization: 0.000000 (weight=0.5)
    joint_angle_regularization: 0.121336 (weight=2e-07)
    keypoint_2d: 0.000005 (weight=0.1)
    keypoint_3d: 0.000000 (weight=2)

WARNING: Near-zero total loss detected: 8.37e-07
  Valid samples: 16/16
  Dataset composition: {'unknown': 16}
  Availability masks present: True
  Availability summary:
    global_rot: 0/16 samples have real data
    joint_rot: 0/16 samples have real data
    betas: 16/16 samples have real data
    trans: 0/16 samples have real data
    fov: 0/16 samples have real data
    cam_rot: 0/16 samples have real data
    cam_trans: 0/16 samples have real data
    log_beta_scales: 0/16 samples have real data
    betas_trans: 0/16 samples have real data
    keypoint_2d: 16/16 samples have real data
    keypoint_3d: 16/16 samples have real data
    silhouette: 0/16 samples have real data
  Loss weights: keypoint_2d=0.1, betas=0.0005
  need_keypoint_loss=True, need_silhouette_loss=False
  Loss components (non-zero only):
    betas: 0.000003 (weight=0.0005)
    limb_scale_regularization: 0.015707 (weight=1e-05)
    limb_trans_regularization: 0.000000 (weight=0.5)
    joint_angle_regularization: 0.121937 (weight=2e-07)
    keypoint_2d: 0.000004 (weight=0.1)
    keypoint_3d: 0.000000 (weight=2)

WARNING: Near-zero total loss detected: 9.05e-07
  Valid samples: 16/16
  Dataset composition: {'unknown': 16}
  Availability masks present: True
  Availability summary:
    global_rot: 0/16 samples have real data
    joint_rot: 0/16 samples have real data
    betas: 16/16 samples have real data
    trans: 0/16 samples have real data
    fov: 0/16 samples have real data
    cam_rot: 0/16 samples have real data
    cam_trans: 0/16 samples have real data
    log_beta_scales: 0/16 samples have real data
    betas_trans: 0/16 samples have real data
    keypoint_2d: 16/16 samples have real data
    keypoint_3d: 16/16 samples have real data
    silhouette: 0/16 samples have real data
  Loss weights: keypoint_2d=0.1, betas=0.0005
  need_keypoint_loss=True, need_silhouette_loss=False
  Loss components (non-zero only):
    betas: 0.000003 (weight=0.0005)
    limb_scale_regularization: 0.015516 (weight=1e-05)
    limb_trans_regularization: 0.000000 (weight=0.5)
    joint_angle_regularization: 0.119722 (weight=2e-07)
    keypoint_2d: 0.000005 (weight=0.1)
    keypoint_3d: 0.000000 (weight=2)

WARNING: Near-zero total loss detected: 8.34e-07
  Valid samples: 16/16
  Dataset composition: {'unknown': 16}
  Availability masks present: True
  Availability summary:
    global_rot: 0/16 samples have real data
    joint_rot: 0/16 samples have real data
    betas: 16/16 samples have real data
    trans: 0/16 samples have real data
    fov: 0/16 samples have real data
    cam_rot: 0/16 samples have real data
    cam_trans: 0/16 samples have real data
    log_beta_scales: 0/16 samples have real data
    betas_trans: 0/16 samples have real data
    keypoint_2d: 16/16 samples have real data
    keypoint_3d: 16/16 samples have real data
    silhouette: 0/16 samples have real data
  Loss weights: keypoint_2d=0.1, betas=0.0005
  need_keypoint_loss=True, need_silhouette_loss=False
  Loss components (non-zero only):
    betas: 0.000002 (weight=0.0005)
    limb_scale_regularization: 0.015571 (weight=1e-05)
    limb_trans_regularization: 0.000000 (weight=0.5)
    joint_angle_regularization: 0.121649 (weight=2e-07)
    keypoint_2d: 0.000004 (weight=0.1)
    keypoint_3d: 0.000000 (weight=2)

WARNING: Near-zero total loss detected: 9.65e-07
  Valid samples: 16/16
  Dataset composition: {'unknown': 16}
  Availability masks present: True
  Availability summary:
    global_rot: 0/16 samples have real data
    joint_rot: 0/16 samples have real data
    betas: 16/16 samples have real data
    trans: 0/16 samples have real data
    fov: 0/16 samples have real data
    cam_rot: 0/16 samples have real data
    cam_trans: 0/16 samples have real data
    log_beta_scales: 0/16 samples have real data
    betas_trans: 0/16 samples have real data
    keypoint_2d: 16/16 samples have real data
    keypoint_3d: 16/16 samples have real data
    silhouette: 0/16 samples have real data
  Loss weights: keypoint_2d=0.1, betas=0.0005
  need_keypoint_loss=True, need_silhouette_loss=False
  Loss components (non-zero only):
    betas: 0.000003 (weight=0.0005)
    limb_scale_regularization: 0.015842 (weight=1e-05)
    limb_trans_regularization: 0.000000 (weight=0.5)
    joint_angle_regularization: 0.121499 (weight=2e-07)
    keypoint_2d: 0.000005 (weight=0.1)
    keypoint_3d: 0.000000 (weight=2)

Epoch 433:
  Train Loss = 0.000003, Val Loss = 0.000002, LR = 1.00e-05
  Parameter Errors (Train / Val):
    betas          : 0.000049 / 0.000009
    betas_trans    : 0.000000 / 0.000000
    cam_rot        : 0.000000 / 0.000000
    cam_trans      : 0.000000 / 0.000000
    fov            : 0.000000 / 0.000000
    global_rot     : 0.000000 / 0.000000
    joint_angle_regularization: 0.108917 / 0.109233
    joint_limit_regularization: 0.000003 / 0.000001
    joint_rot      : 0.000000 / 0.000000
    keypoint_2d    : 0.000016 / 0.000013
    keypoint_3d    : 0.000000 / 0.000000
    limb_scale_regularization: 0.020216 / 0.020350
    limb_trans_regularization: 0.000000 / 0.000000
    log_beta_scales: 0.000000 / 0.000000
    silhouette     : 0.000000 / 0.000000
    trans          : 0.000000 / 0.000000
  Checkpoint saved at epoch 433

WARNING: Near-zero total loss detected: 8.64e-07
  Valid samples: 16/16
  Dataset composition: {'unknown': 16}
  Availability masks present: True
  Availability summary:
    global_rot: 0/16 samples have real data
    joint_rot: 0/16 samples have real data
    betas: 16/16 samples have real data
    trans: 0/16 samples have real data
    fov: 0/16 samples have real data
    cam_rot: 0/16 samples have real data
    cam_trans: 0/16 samples have real data
    log_beta_scales: 0/16 samples have real data
    betas_trans: 0/16 samples have real data
    keypoint_2d: 16/16 samples have real data
    keypoint_3d: 16/16 samples have real data
    silhouette: 0/16 samples have real data
  Loss weights: keypoint_2d=0.1, betas=0.0005
  need_keypoint_loss=True, need_silhouette_loss=False
  Loss components (non-zero only):
    betas: 0.000002 (weight=0.0005)
    limb_scale_regularization: 0.015724 (weight=1e-05)
    limb_trans_regularization: 0.000000 (weight=0.5)
    joint_angle_regularization: 0.121933 (weight=2e-07)
    keypoint_2d: 0.000004 (weight=0.1)
    keypoint_3d: 0.000000 (weight=2)

WARNING: Near-zero total loss detected: 9.35e-07
  Valid samples: 16/16
  Dataset composition: {'unknown': 16}
  Availability masks present: True
  Availability summary:
    global_rot: 0/16 samples have real data
    joint_rot: 0/16 samples have real data
    betas: 16/16 samples have real data
    trans: 0/16 samples have real data
    fov: 0/16 samples have real data
    cam_rot: 0/16 samples have real data
    cam_trans: 0/16 samples have real data
    log_beta_scales: 0/16 samples have real data
    betas_trans: 0/16 samples have real data
    keypoint_2d: 16/16 samples have real data
    keypoint_3d: 16/16 samples have real data
    silhouette: 0/16 samples have real data
  Loss weights: keypoint_2d=0.1, betas=0.0005
  need_keypoint_loss=True, need_silhouette_loss=False
  Loss components (non-zero only):
    betas: 0.000003 (weight=0.0005)
    limb_scale_regularization: 0.015648 (weight=1e-05)
    limb_trans_regularization: 0.000000 (weight=0.5)
    joint_angle_regularization: 0.119775 (weight=2e-07)
    keypoint_2d: 0.000005 (weight=0.1)
    keypoint_3d: 0.000000 (weight=2)

WARNING: Near-zero total loss detected: 9.06e-07
  Valid samples: 16/16
  Dataset composition: {'unknown': 16}
  Availability masks present: True
  Availability summary:
    global_rot: 0/16 samples have real data
    joint_rot: 0/16 samples have real data
    betas: 16/16 samples have real data
    trans: 0/16 samples have real data
    fov: 0/16 samples have real data
    cam_rot: 0/16 samples have real data
    cam_trans: 0/16 samples have real data
    log_beta_scales: 0/16 samples have real data
    betas_trans: 0/16 samples have real data
    keypoint_2d: 16/16 samples have real data
    keypoint_3d: 16/16 samples have real data
    silhouette: 0/16 samples have real data
  Loss weights: keypoint_2d=0.1, betas=0.0005
  need_keypoint_loss=True, need_silhouette_loss=False
  Loss components (non-zero only):
    betas: 0.000006 (weight=0.0005)
    limb_scale_regularization: 0.015625 (weight=1e-05)
    limb_trans_regularization: 0.000000 (weight=0.5)
    joint_angle_regularization: 0.122674 (weight=2e-07)
    keypoint_2d: 0.000005 (weight=0.1)
    keypoint_3d: 0.000000 (weight=2)

WARNING: Near-zero total loss detected: 9.68e-07
  Valid samples: 16/16
  Dataset composition: {'unknown': 16}
  Availability masks present: True
  Availability summary:
    global_rot: 0/16 samples have real data
    joint_rot: 0/16 samples have real data
    betas: 16/16 samples have real data
    trans: 0/16 samples have real data
    fov: 0/16 samples have real data
    cam_rot: 0/16 samples have real data
    cam_trans: 0/16 samples have real data
    log_beta_scales: 0/16 samples have real data
    betas_trans: 0/16 samples have real data
    keypoint_2d: 16/16 samples have real data
    keypoint_3d: 16/16 samples have real data
    silhouette: 0/16 samples have real data
  Loss weights: keypoint_2d=0.1, betas=0.0005
  need_keypoint_loss=True, need_silhouette_loss=False
  Loss components (non-zero only):
    betas: 0.000006 (weight=0.0005)
    limb_scale_regularization: 0.015653 (weight=1e-05)
    limb_trans_regularization: 0.000000 (weight=0.5)
    joint_angle_regularization: 0.121818 (weight=2e-07)
    keypoint_2d: 0.000005 (weight=0.1)
    keypoint_3d: 0.000000 (weight=2)

WARNING: Near-zero total loss detected: 8.23e-07
  Valid samples: 16/16
  Dataset composition: {'unknown': 16}
  Availability masks present: True
  Availability summary:
    global_rot: 0/16 samples have real data
    joint_rot: 0/16 samples have real data
    betas: 16/16 samples have real data
    trans: 0/16 samples have real data
    fov: 0/16 samples have real data
    cam_rot: 0/16 samples have real data
    cam_trans: 0/16 samples have real data
    log_beta_scales: 0/16 samples have real data
    betas_trans: 0/16 samples have real data
    keypoint_2d: 16/16 samples have real data
    keypoint_3d: 16/16 samples have real data
    silhouette: 0/16 samples have real data
  Loss weights: keypoint_2d=0.1, betas=0.0005
  need_keypoint_loss=True, need_silhouette_loss=False
  Loss components (non-zero only):
    betas: 0.000001 (weight=0.0005)
    limb_scale_regularization: 0.015602 (weight=1e-05)
    limb_trans_regularization: 0.000000 (weight=0.5)
    joint_angle_regularization: 0.122595 (weight=2e-07)
    keypoint_2d: 0.000004 (weight=0.1)
    keypoint_3d: 0.000000 (weight=2)

WARNING: Near-zero total loss detected: 8.95e-07
  Valid samples: 16/16
  Dataset composition: {'unknown': 16}
  Availability masks present: True
  Availability summary:
    global_rot: 0/16 samples have real data
    joint_rot: 0/16 samples have real data
    betas: 16/16 samples have real data
    trans: 0/16 samples have real data
    fov: 0/16 samples have real data
    cam_rot: 0/16 samples have real data
    cam_trans: 0/16 samples have real data
    log_beta_scales: 0/16 samples have real data
    betas_trans: 0/16 samples have real data
    keypoint_2d: 16/16 samples have real data
    keypoint_3d: 16/16 samples have real data
    silhouette: 0/16 samples have real data
  Loss weights: keypoint_2d=0.1, betas=0.0005
  need_keypoint_loss=True, need_silhouette_loss=False
  Loss components (non-zero only):
    betas: 0.000002 (weight=0.0005)
    limb_scale_regularization: 0.015412 (weight=1e-05)
    limb_trans_regularization: 0.000000 (weight=0.5)
    joint_angle_regularization: 0.120090 (weight=2e-07)
    keypoint_2d: 0.000004 (weight=0.1)
    keypoint_3d: 0.000000 (weight=2)

WARNING: Near-zero total loss detected: 8.25e-07
  Valid samples: 16/16
  Dataset composition: {'unknown': 16}
  Availability masks present: True
  Availability summary:
    global_rot: 0/16 samples have real data
    joint_rot: 0/16 samples have real data
    betas: 16/16 samples have real data
    trans: 0/16 samples have real data
    fov: 0/16 samples have real data
    cam_rot: 0/16 samples have real data
    cam_trans: 0/16 samples have real data
    log_beta_scales: 0/16 samples have real data
    betas_trans: 0/16 samples have real data
    keypoint_2d: 16/16 samples have real data
    keypoint_3d: 16/16 samples have real data
    silhouette: 0/16 samples have real data
  Loss weights: keypoint_2d=0.1, betas=0.0005
  need_keypoint_loss=True, need_silhouette_loss=False
  Loss components (non-zero only):
    betas: 0.000004 (weight=0.0005)
    limb_scale_regularization: 0.015445 (weight=1e-05)
    limb_trans_regularization: 0.000000 (weight=0.5)
    joint_angle_regularization: 0.122502 (weight=2e-07)
    keypoint_2d: 0.000004 (weight=0.1)
    keypoint_3d: 0.000000 (weight=2)

WARNING: Near-zero total loss detected: 9.58e-07
  Valid samples: 16/16
  Dataset composition: {'unknown': 16}
  Availability masks present: True
  Availability summary:
    global_rot: 0/16 samples have real data
    joint_rot: 0/16 samples have real data
    betas: 16/16 samples have real data
    trans: 0/16 samples have real data
    fov: 0/16 samples have real data
    cam_rot: 0/16 samples have real data
    cam_trans: 0/16 samples have real data
    log_beta_scales: 0/16 samples have real data
    betas_trans: 0/16 samples have real data
    keypoint_2d: 16/16 samples have real data
    keypoint_3d: 16/16 samples have real data
    silhouette: 0/16 samples have real data
  Loss weights: keypoint_2d=0.1, betas=0.0005
  need_keypoint_loss=True, need_silhouette_loss=False
  Loss components (non-zero only):
    betas: 0.000003 (weight=0.0005)
    limb_scale_regularization: 0.015714 (weight=1e-05)
    limb_trans_regularization: 0.000000 (weight=0.5)
    joint_angle_regularization: 0.122383 (weight=2e-07)
    keypoint_2d: 0.000005 (weight=0.1)
    keypoint_3d: 0.000000 (weight=2)

Epoch 434:
  Train Loss = 0.000003, Val Loss = 0.000002, LR = 1.00e-05
  Parameter Errors (Train / Val):
    betas          : 0.000097 / 0.000009
    betas_trans    : 0.000000 / 0.000000
    cam_rot        : 0.000000 / 0.000000
    cam_trans      : 0.000000 / 0.000000
    fov            : 0.000000 / 0.000000
    global_rot     : 0.000000 / 0.000000
    joint_angle_regularization: 0.108969 / 0.109212
    joint_limit_regularization: 0.000002 / 0.000001
    joint_rot      : 0.000000 / 0.000000
    keypoint_2d    : 0.000016 / 0.000013
    keypoint_3d    : 0.000000 / 0.000000
    limb_scale_regularization: 0.020329 / 0.020335
    limb_trans_regularization: 0.000000 / 0.000000
    log_beta_scales: 0.000000 / 0.000000
    silhouette     : 0.000000 / 0.000000
    trans          : 0.000000 / 0.000000
