==================================================================
Job 3414558 task 0 on s25g0003.hpc.itc.rwth-aachen.de — Tue Sep  1 21:31:09 CEST 2026
  arm    : CONSTRAINED / singleview / lambda=1e-4
  cluster: RWTH CLAIX-2023 | partition c25g | account rwth2151
  wall   : ends Wed Sep  2 21:30:33 CEST 2026
  repo   : /rwthfs/rz/cluster/home/mkd34160/test/SMILify
  env    : /hpcwork/mkd34160/conda_envs/pytorch3d
  config : configs_runs/singleview_lam1e-4.json
  gpus   : 4 per node x 1 node(s) = 4 rank(s)  [from SLURM_GPUS_ON_NODE]
==================================================================
  torch  : 2.3.1, CUDA 11.8, 4 GPU(s) visible
  resume checkpoint : /home/mkd34160/test/SMILify/singleview_SMILySTICKS_3D_ViT_checkpoints/best_model.pth (epoch 386)
  start epoch       : 387
  num_epochs (end)  : 437
  -> will train 50 epoch(s)
  SWEEP INVARIANT   : this arm trains 50 epochs — every other lambda MUST match.
  joint_limit_regularization: 0.0001  (array task expects 0.0001)
  smal_file         : 3D_model_prep/SMILy_STICK_limits_authored.pkl
  authored limits   : 129/162 non-root axes constrained (80%), across 43 joints
  NOTE: the penalty is a mean over ALL 162 non-root axes, so the effective
        prior strength is w x 0.80. At w=0.0001 that is an effective 7.963e-05.
  peer weights      : keypoint_2d=0.1, keypoint_3d=0.25, joint_angle_regularization=0.001
  -> effective limit weight is 0.000319x the keypoint weight.
     If the ratio is <<1 the hinge cannot move the pose; that is a RESULT for this
     lambda, not a bug — it is what the sweep is measuring.
  batch_size 16 per rank x 4 rank(s) -> effective 64 (batch_size is PER PROCESS under DDP)
  SWEEP INVARIANT   : effective batch 64 — every other lambda MUST match.
  save_checkpoint_every: 2 (a wall-clock timeout costs at most this many epochs)
  checkpoints -> /hpcwork/mkd34160/smilify_runs/singleview_lam1e-4/checkpoints
  generate_visualizations_every: 10  plot_history_every: 10  samples: 5
  free space on /hpcwork/mkd34160/smilify_runs: 704 GB (advisory — statvfs shows the FILESYSTEM, not your quota)
  lr source         : config optimizer.lr_schedule
  lr                : constant 1e-05 across [387, 437)

=== /rwthfs/rz/cluster/home/mkd34160/test/SMILify/configs_runs/singleview_lam1e-4.json ===
  mode: singleview
  resume checkpoint: /home/mkd34160/test/SMILify/singleview_SMILySTICKS_3D_ViT_checkpoints/best_model.pth (epoch 386)
  inferred from tensors: {'hidden_dim': 1024}
  note: config declares hidden_dim=512 but backbone 'vit_large_patch16_224' forces 1024 via get_adjusted_hidden_dim() — the declared value is unused
  architecture: consistent with the checkpoint

Pre-flight OK — safe to submit.
  launch : torchrun on this node, rendezvous on localhost:29400
[config] SMAL_FILE overridden to: 3D_model_prep/SMILy_STICK_limits_authored.pkl
[config] N_POSE=54, N_BETAS=5, joints=55
[config] SMAL_FILE overridden to: 3D_model_prep/SMILy_STICK_limits_authored.pkl
[config] N_POSE=54, N_BETAS=5, joints=55
[config] SMAL_FILE overridden to: 3D_model_prep/SMILy_STICK_limits_authored.pkl
[config] N_POSE=54, N_BETAS=5, joints=55
[config] SMAL_FILE overridden to: 3D_model_prep/SMILy_STICK_limits_authored.pkl
[config] N_POSE=54, N_BETAS=5, joints=55
Loaded config from: configs_runs/singleview_lam1e-4.json
Resolved config saved to: /hpcwork/mkd34160/smilify_runs/singleview_lam1e-4/checkpoints/config.json
Detected torchrun/HPC launch environment:
  Global rank: 0
  Local rank (GPU): 0
  World size: 4
  MASTER_ADDR: s25g0003.hpc.itc.rwth-aachen.de
  MASTER_PORT: 37879
Loaded config from: configs_runs/singleview_lam1e-4.json
Resolved config saved to: /hpcwork/mkd34160/smilify_runs/singleview_lam1e-4/checkpoints/config.json
Loaded config from: configs_runs/singleview_lam1e-4.json
Resolved config saved to: /hpcwork/mkd34160/smilify_runs/singleview_lam1e-4/checkpoints/config.json
Loaded config from: configs_runs/singleview_lam1e-4.json
Resolved config saved to: /hpcwork/mkd34160/smilify_runs/singleview_lam1e-4/checkpoints/config.json
[config] SMAL_FILE overridden to: 3D_model_prep/SMILy_STICK_limits_authored.pkl
[config] N_POSE=54, N_BETAS=5, joints=55
[config] SMAL_FILE overridden to: 3D_model_prep/SMILy_STICK_limits_authored.pkl
[config] N_POSE=54, N_BETAS=5, joints=55
============================================================
SMIL Training Configuration Summary
============================================================
Dataset: RealSMILyMouseFalknerFROM3D_no_crop
Data Path: RealSMILyMouseFalknerFROM3D_no_crop.h5
Train/Val/Test Split: 85.0%/5.0%/10.0%

Training Parameters:
  batch_size: 16
  num_epochs: 437
  learning_rate: 0.0001
  weight_decay: 0.0001
  seed: 42
  rotation_representation: 6d
  resume_checkpoint: /home/mkd34160/test/SMILify/singleview_SMILySTICKS_3D_ViT_checkpoints/best_model.pth
  num_workers: 8
  pin_memory: True
  prefetch_factor: 16

Model Configuration:
  backbone_name: vit_large_patch16_224
  freeze_backbone: True
  hidden_dim: 1024
  rgb_only: False
  use_unity_prior: False
  head_type: transformer_decoder
  Backbone type: Vision Transformer
  Feature dimension: 1024
  Regression head: transformer_decoder
  Transformer decoder config:
    hidden_dim: 1024
    depth: 6
    heads: 8
    dim_head: 64
    mlp_dim: 1024
    dropout: 0.1
    ief_iters: 3
    trans_scale_factor: 1

Loss Curriculum:
  Base weights:
    global_rot: 0.0
    joint_rot: 0.001
    betas: 0.0005
    trans: 0.0005
    fov: 0.0
    cam_rot: 0.0
    cam_trans: 0.0
    log_beta_scales: 0.0005
    betas_trans: 0.0005
    keypoint_2d: 0.1
    keypoint_3d: 0.25
    silhouette: 0.0
    joint_angle_regularization: 0.001
    limb_scale_regularization: 0.1
    limb_trans_regularization: 1
    joint_limit_regularization: 0.0001
  Curriculum stages:
    Epoch 20+: {'keypoint_3d': 0.5, 'joint_angle_regularization': 0.0001}
    Epoch 50+: {'keypoint_3d': 1, 'joint_angle_regularization': 1e-05}
    Epoch 60+: {'keypoint_3d': 2, 'joint_angle_regularization': 1e-06, 'limb_scale_regularization': 0.001, 'limb_trans_regularization': 0.5}
    Epoch 120+: {'keypoint_3d': 2, 'joint_angle_regularization': 1e-06, 'limb_scale_regularization': 0.0005, 'limb_trans_regularization': 0.5}
    Epoch 200+: {'keypoint_3d': 2, 'joint_angle_regularization': 1e-06, 'limb_scale_regularization': 0.0001, 'limb_trans_regularization': 0.5}
    Epoch 250+: {'keypoint_3d': 2, 'joint_angle_regularization': 1e-06, 'limb_scale_regularization': 5e-05, 'limb_trans_regularization': 0.5}
    Epoch 300+: {'keypoint_3d': 2, 'joint_angle_regularization': 5e-07, 'limb_scale_regularization': 5e-05, 'limb_trans_regularization': 0.5}
    Epoch 400+: {'keypoint_3d': 2, 'joint_angle_regularization': 2e-07, 'limb_scale_regularization': 1e-05, 'limb_trans_regularization': 0.5}

Learning Rate Curriculum:
  Base learning rate: 0.0001
  Learning rate stages:
    Epoch 0+: 0.0001
    Epoch 120+: 5e-05
    Epoch 200+: 1e-05

Output Configuration:
  checkpoint_dir: /hpcwork/mkd34160/smilify_runs/singleview_lam1e-4/checkpoints
  plots_dir: /hpcwork/mkd34160/smilify_runs/singleview_lam1e-4/plots
  visualizations_dir: /hpcwork/mkd34160/smilify_runs/singleview_lam1e-4/visualizations
  train_visualizations_dir: /hpcwork/mkd34160/smilify_runs/singleview_lam1e-4/visualizations_train
  save_checkpoint_every: 2
  generate_visualizations_every: 10
  plot_history_every: 10
  num_visualization_samples: 5
============================================================
[config] SMAL_FILE overridden to: 3D_model_prep/SMILy_STICK_limits_authored.pkl
[config] N_POSE=54, N_BETAS=5, joints=55
[config] SMAL_FILE overridden to: 3D_model_prep/SMILy_STICK_limits_authored.pkl
[config] N_POSE=54, N_BETAS=5, joints=55
Random seed set to: 42
Using device override: cuda:0
Loading dataset...
Using rotation representation: 6d
Using backbone: vit_large_patch16_224

======================================================================
SINGLE DATASET TRAINING MODE (Legacy)
======================================================================
SLEAP dataset support: enabled
Dataset size: 506250
Original resolution: 512
Target resolution: 512
Single-view-from-multiview split (sample-grouped, seed=42): 86062/5062/10126 samples -> 430310/25310/50630 view-items
Train set: 430310 samples
Validation set: 25310 samples
Test set: 50630 samples
Data loading configuration:
  Workers: 8
  Pin memory: True
  Prefetch factor: 16
  Matplotlib backend: Agg
Using distributed samplers for 4 GPUs
Effective batch size per GPU: 16
Total effective batch size: 64
Rank 0: Train sampler size: 107578, Val sampler size: 6328
Successfully created data loaders with 8 workers
Memory Status Before model initialization:
  GPU: 0.0MB / 81079.0MB (0.0%)
  System: 20631.0MB / 772998.7MB (2.7%)
Memory recommendations for vit_large_patch16_224:
  backbone_name: vit_large_patch16_224
  freeze_backbone: True
  use_mixed_precision: True
  use_gradient_checkpointing: True
  target_memory_gb: 19.200000000000003
  estimated_batch_size: 16
  hidden_dim: 1024
Initializing model...
Using backbone: vit_large_patch16_224
Using input resolution: 224x224 (backbone: vit_large_patch16_224)
[ViTBackbone:vit_large_patch16_224] input normalization: mean=[0.5, 0.5, 0.5], std=[0.5, 0.5, 0.5]
[ViTBackbone:vit_large_patch16_224] input normalization: mean=[0.5, 0.5, 0.5], std=[0.5, 0.5, 0.5][ViTBackbone:vit_large_patch16_224] input normalization: mean=[0.5, 0.5, 0.5], std=[0.5, 0.5, 0.5]

[ViTBackbone:vit_large_patch16_224] input normalization: mean=[0.5, 0.5, 0.5], std=[0.5, 0.5, 0.5]
Model created with head type: transformer_decoder
Scale/Translation mode: separate
Transformer decoder config: {'hidden_dim': 1024, 'depth': 6, 'heads': 8, 'dim_head': 64, 'mlp_dim': 1024, 'dropout': 0.1, 'ief_iters': 3, 'trans_scale_factor': 1}
  Trans scale factor: 1
Memory Status After model initialization:
  GPU: 1310.2MB / 81079.0MB (1.6%)
  System: 25974.2MB / 772998.7MB (3.4%)
Model wrapped with DistributedDataParallel on 4 GPUs
Model parameters: 329,919,097
  Backbone parameters: 303,301,632
  Transformer decoder parameters: 26,614,771
Using conservative learning rate for transformer decoder: 1.0000000000000002e-06
Optimizer parameter groups created:
  Backbone/other groups: 2
    -  (lr=0.0001)
    -  (lr=0.0001)
  Transformer groups: 0
  Total groups: 2

Optimizer configuration:
  Type: AdamW
  Initial learning rate: 0.0001
  Weight decay: 0.0001
  Number of parameter groups: 2
  Group 0: 294 tensors, 303,301,632 total parameters, lr=0.0001
  Group 1: 107 tensors, 26,614,771 total parameters, lr=0.0001
Loading checkpoint from: /home/mkd34160/test/SMILify/singleview_SMILySTICKS_3D_ViT_checkpoints/best_model.pth
Converting non-DDP checkpoint to DDP model...
Model state loaded successfully

Optimizer parameter group comparison:
  Current optimizer has 2 parameter group(s)
  Checkpoint has 2 parameter group(s)
  Group 0:
    Current: 294 parameters, lr=0.0001
    Checkpoint: 294 parameters, lr=1.0000000000000002e-06
  Group 1:
    Current: 107 parameters, lr=0.0001
    Checkpoint: 107 parameters, lr=1.0000000000000002e-06

Optimizer state loaded successfully
Learning rate updated to 1e-05 for resumed epoch 387
Loaded training history with 387 epochs
Loaded validation history with 387 epochs
Loaded training parameter error history with 387 epochs
Loaded validation parameter error history with 387 epochs
Resuming training from epoch 387
Best validation loss so far: 0.000002
Starting training...
Resuming from epoch 387
Learning rate updated to 1.0000000000000002e-06 (group '') at epoch 387
Learning rate updated to 1.0000000000000002e-06 (group '') at epoch 387
Joint importance: 6/6 joints matched, multiplier=10.0Joint importance: 6/6 joints matched, multiplier=10.0

Joint importance: 6/6 joints matched, multiplier=10.0
Joint importance: 6/6 joints matched, multiplier=10.0

Epoch 387:
  Train Loss = 0.000004, Val Loss = 0.000004, LR = 1.00e-05
  Parameter Errors (Train / Val):
    betas          : 0.000048 / 0.000011
    betas_trans    : 0.000000 / 0.000000
    cam_rot        : 0.000000 / 0.000000
    cam_trans      : 0.000000 / 0.000000
    fov            : 0.000000 / 0.000000
    global_rot     : 0.000000 / 0.000000
    joint_angle_regularization: 0.145364 / 0.133054
    joint_limit_regularization: 0.015198 / 0.011528
    joint_rot      : 0.000000 / 0.000000
    keypoint_2d    : 0.000016 / 0.000014
    keypoint_3d    : 0.000000 / 0.000000
    limb_scale_regularization: 0.005224 / 0.005429
    limb_trans_regularization: 0.000000 / 0.000000
    log_beta_scales: 0.000000 / 0.000000
    silhouette     : 0.000000 / 0.000000
    trans          : 0.000000 / 0.000000
  Checkpoint saved at epoch 387

Epoch 388:
  Train Loss = 0.000004, Val Loss = 0.000003, LR = 1.00e-05
  Parameter Errors (Train / Val):
    betas          : 0.000052 / 0.000009
    betas_trans    : 0.000000 / 0.000000
    cam_rot        : 0.000000 / 0.000000
    cam_trans      : 0.000000 / 0.000000
    fov            : 0.000000 / 0.000000
    global_rot     : 0.000000 / 0.000000
    joint_angle_regularization: 0.127746 / 0.125237
    joint_limit_regularization: 0.009855 / 0.008674
    joint_rot      : 0.000000 / 0.000000
    keypoint_2d    : 0.000016 / 0.000014
    keypoint_3d    : 0.000000 / 0.000000
    limb_scale_regularization: 0.005578 / 0.005865
    limb_trans_regularization: 0.000000 / 0.000000
    log_beta_scales: 0.000000 / 0.000000
    silhouette     : 0.000000 / 0.000000
    trans          : 0.000000 / 0.000000

Epoch 389:
  Train Loss = 0.000004, Val Loss = 0.000003, LR = 1.00e-05
  Parameter Errors (Train / Val):
    betas          : 0.000051 / 0.000009
    betas_trans    : 0.000000 / 0.000000
    cam_rot        : 0.000000 / 0.000000
    cam_trans      : 0.000000 / 0.000000
    fov            : 0.000000 / 0.000000
    global_rot     : 0.000000 / 0.000000
    joint_angle_regularization: 0.122860 / 0.122022
    joint_limit_regularization: 0.007822 / 0.007195
    joint_rot      : 0.000000 / 0.000000
    keypoint_2d    : 0.000016 / 0.000014
    keypoint_3d    : 0.000000 / 0.000000
    limb_scale_regularization: 0.005996 / 0.006177
    limb_trans_regularization: 0.000000 / 0.000000
    log_beta_scales: 0.000000 / 0.000000
    silhouette     : 0.000000 / 0.000000
    trans          : 0.000000 / 0.000000
  Checkpoint saved at epoch 389
Visualizing 5 samples from dataset: unknown
Generated 5 visualization images for epoch 389 in /hpcwork/mkd34160/smilify_runs/singleview_lam1e-4/visualizations/epoch_389
Visualizing 5 samples from dataset: unknown
Generated 5 visualization images for epoch 389 in /hpcwork/mkd34160/smilify_runs/singleview_lam1e-4/visualizations_train/epoch_389

Epoch 390:
  Train Loss = 0.000004, Val Loss = 0.000003, LR = 1.00e-05
  Parameter Errors (Train / Val):
    betas          : 0.000051 / 0.000009
    betas_trans    : 0.000000 / 0.000000
    cam_rot        : 0.000000 / 0.000000
    cam_trans      : 0.000000 / 0.000000
    fov            : 0.000000 / 0.000000
    global_rot     : 0.000000 / 0.000000
    joint_angle_regularization: 0.120816 / 0.120158
    joint_limit_regularization: 0.006659 / 0.006222
    joint_rot      : 0.000000 / 0.000000
    keypoint_2d    : 0.000016 / 0.000014
    keypoint_3d    : 0.000000 / 0.000000
    limb_scale_regularization: 0.006254 / 0.006368
    limb_trans_regularization: 0.000000 / 0.000000
    log_beta_scales: 0.000000 / 0.000000
    silhouette     : 0.000000 / 0.000000
    trans          : 0.000000 / 0.000000

Epoch 391:
  Train Loss = 0.000004, Val Loss = 0.000003, LR = 1.00e-05
  Parameter Errors (Train / Val):
    betas          : 0.000058 / 0.000009
    betas_trans    : 0.000000 / 0.000000
    cam_rot        : 0.000000 / 0.000000
    cam_trans      : 0.000000 / 0.000000
    fov            : 0.000000 / 0.000000
    global_rot     : 0.000000 / 0.000000
    joint_angle_regularization: 0.119116 / 0.119206
    joint_limit_regularization: 0.005846 / 0.005550
    joint_rot      : 0.000000 / 0.000000
    keypoint_2d    : 0.000016 / 0.000014
    keypoint_3d    : 0.000000 / 0.000000
    limb_scale_regularization: 0.006403 / 0.006520
    limb_trans_regularization: 0.000000 / 0.000000
    log_beta_scales: 0.000000 / 0.000000
    silhouette     : 0.000000 / 0.000000
    trans          : 0.000000 / 0.000000
  Checkpoint saved at epoch 391

Epoch 392:
  Train Loss = 0.000003, Val Loss = 0.000003, LR = 1.00e-05
  Parameter Errors (Train / Val):
    betas          : 0.000049 / 0.000010
    betas_trans    : 0.000000 / 0.000000
    cam_rot        : 0.000000 / 0.000000
    cam_trans      : 0.000000 / 0.000000
    fov            : 0.000000 / 0.000000
    global_rot     : 0.000000 / 0.000000
    joint_angle_regularization: 0.118056 / 0.118679
    joint_limit_regularization: 0.005263 / 0.005070
    joint_rot      : 0.000000 / 0.000000
    keypoint_2d    : 0.000016 / 0.000014
    keypoint_3d    : 0.000000 / 0.000000
    limb_scale_regularization: 0.006561 / 0.006639
    limb_trans_regularization: 0.000000 / 0.000000
    log_beta_scales: 0.000000 / 0.000000
    silhouette     : 0.000000 / 0.000000
    trans          : 0.000000 / 0.000000

Epoch 393:
  Train Loss = 0.000003, Val Loss = 0.000003, LR = 1.00e-05
  Parameter Errors (Train / Val):
    betas          : 0.000061 / 0.000009
    betas_trans    : 0.000000 / 0.000000
    cam_rot        : 0.000000 / 0.000000
    cam_trans      : 0.000000 / 0.000000
    fov            : 0.000000 / 0.000000
    global_rot     : 0.000000 / 0.000000
    joint_angle_regularization: 0.117870 / 0.118316
    joint_limit_regularization: 0.004860 / 0.004684
    joint_rot      : 0.000000 / 0.000000
    keypoint_2d    : 0.000016 / 0.000014
    keypoint_3d    : 0.000000 / 0.000000
    limb_scale_regularization: 0.006544 / 0.006700
    limb_trans_regularization: 0.000000 / 0.000000
    log_beta_scales: 0.000000 / 0.000000
    silhouette     : 0.000000 / 0.000000
    trans          : 0.000000 / 0.000000
  Checkpoint saved at epoch 393

Epoch 394:
  Train Loss = 0.000003, Val Loss = 0.000003, LR = 1.00e-05
  Parameter Errors (Train / Val):
    betas          : 0.000049 / 0.000009
    betas_trans    : 0.000000 / 0.000000
    cam_rot        : 0.000000 / 0.000000
    cam_trans      : 0.000000 / 0.000000
    fov            : 0.000000 / 0.000000
    global_rot     : 0.000000 / 0.000000
    joint_angle_regularization: 0.116979 / 0.117940
    joint_limit_regularization: 0.004478 / 0.004385
    joint_rot      : 0.000000 / 0.000000
    keypoint_2d    : 0.000016 / 0.000014
    keypoint_3d    : 0.000000 / 0.000000
    limb_scale_regularization: 0.006637 / 0.006768
    limb_trans_regularization: 0.000000 / 0.000000
    log_beta_scales: 0.000000 / 0.000000
    silhouette     : 0.000000 / 0.000000
    trans          : 0.000000 / 0.000000

Epoch 395:
  Train Loss = 0.000003, Val Loss = 0.000003, LR = 1.00e-05
  Parameter Errors (Train / Val):
    betas          : 0.000076 / 0.000009
    betas_trans    : 0.000000 / 0.000000
    cam_rot        : 0.000000 / 0.000000
    cam_trans      : 0.000000 / 0.000000
    fov            : 0.000000 / 0.000000
    global_rot     : 0.000000 / 0.000000
    joint_angle_regularization: 0.117083 / 0.117759
    joint_limit_regularization: 0.004232 / 0.004118
    joint_rot      : 0.000000 / 0.000000
    keypoint_2d    : 0.000016 / 0.000014
    keypoint_3d    : 0.000000 / 0.000000
    limb_scale_regularization: 0.006743 / 0.006810
    limb_trans_regularization: 0.000000 / 0.000000
    log_beta_scales: 0.000000 / 0.000000
    silhouette     : 0.000000 / 0.000000
    trans          : 0.000000 / 0.000000
  Checkpoint saved at epoch 395

Epoch 396:
  Train Loss = 0.000003, Val Loss = 0.000003, LR = 1.00e-05
  Parameter Errors (Train / Val):
    betas          : 0.000052 / 0.000009
    betas_trans    : 0.000000 / 0.000000
    cam_rot        : 0.000000 / 0.000000
    cam_trans      : 0.000000 / 0.000000
    fov            : 0.000000 / 0.000000
    global_rot     : 0.000000 / 0.000000
    joint_angle_regularization: 0.117518 / 0.117763
    joint_limit_regularization: 0.004036 / 0.003904
    joint_rot      : 0.000000 / 0.000000
    keypoint_2d    : 0.000016 / 0.000014
    keypoint_3d    : 0.000000 / 0.000000
    limb_scale_regularization: 0.006756 / 0.006838
    limb_trans_regularization: 0.000000 / 0.000000
    log_beta_scales: 0.000000 / 0.000000
    silhouette     : 0.000000 / 0.000000
    trans          : 0.000000 / 0.000000

Epoch 397:
  Train Loss = 0.000003, Val Loss = 0.000003, LR = 1.00e-05
  Parameter Errors (Train / Val):
    betas          : 0.000047 / 0.000009
    betas_trans    : 0.000000 / 0.000000
    cam_rot        : 0.000000 / 0.000000
    cam_trans      : 0.000000 / 0.000000
    fov            : 0.000000 / 0.000000
    global_rot     : 0.000000 / 0.000000
    joint_angle_regularization: 0.117016 / 0.117810
    joint_limit_regularization: 0.003765 / 0.003724
    joint_rot      : 0.000000 / 0.000000
    keypoint_2d    : 0.000016 / 0.000014
    keypoint_3d    : 0.000000 / 0.000000
    limb_scale_regularization: 0.006845 / 0.006888
    limb_trans_regularization: 0.000000 / 0.000000
    log_beta_scales: 0.000000 / 0.000000
    silhouette     : 0.000000 / 0.000000
    trans          : 0.000000 / 0.000000
  Checkpoint saved at epoch 397

Epoch 398:
  Train Loss = 0.000003, Val Loss = 0.000003, LR = 1.00e-05
  Parameter Errors (Train / Val):
    betas          : 0.000048 / 0.000009
    betas_trans    : 0.000000 / 0.000000
    cam_rot        : 0.000000 / 0.000000
    cam_trans      : 0.000000 / 0.000000
    fov            : 0.000000 / 0.000000
    global_rot     : 0.000000 / 0.000000
    joint_angle_regularization: 0.117103 / 0.117811
    joint_limit_regularization: 0.003609 / 0.003560
    joint_rot      : 0.000000 / 0.000000
    keypoint_2d    : 0.000016 / 0.000014
    keypoint_3d    : 0.000000 / 0.000000
    limb_scale_regularization: 0.006807 / 0.006899
    limb_trans_regularization: 0.000000 / 0.000000
    log_beta_scales: 0.000000 / 0.000000
    silhouette     : 0.000000 / 0.000000
    trans          : 0.000000 / 0.000000

Epoch 399:
  Train Loss = 0.000003, Val Loss = 0.000003, LR = 1.00e-05
  Parameter Errors (Train / Val):
    betas          : 0.000091 / 0.000009
    betas_trans    : 0.000000 / 0.000000
    cam_rot        : 0.000000 / 0.000000
    cam_trans      : 0.000000 / 0.000000
    fov            : 0.000000 / 0.000000
    global_rot     : 0.000000 / 0.000000
    joint_angle_regularization: 0.116835 / 0.117760
    joint_limit_regularization: 0.003450 / 0.003416
    joint_rot      : 0.000000 / 0.000000
    keypoint_2d    : 0.000016 / 0.000014
    keypoint_3d    : 0.000000 / 0.000000
    limb_scale_regularization: 0.006853 / 0.006932
    limb_trans_regularization: 0.000000 / 0.000000
    log_beta_scales: 0.000000 / 0.000000
    silhouette     : 0.000000 / 0.000000
    trans          : 0.000000 / 0.000000
  Checkpoint saved at epoch 399
Visualizing 5 samples from dataset: unknown
Generated 5 visualization images for epoch 399 in /hpcwork/mkd34160/smilify_runs/singleview_lam1e-4/visualizations/epoch_399
Visualizing 5 samples from dataset: unknown
Generated 5 visualization images for epoch 399 in /hpcwork/mkd34160/smilify_runs/singleview_lam1e-4/visualizations_train/epoch_399

Epoch 400:
  Train Loss = 0.000003, Val Loss = 0.000003, LR = 1.00e-05
  Parameter Errors (Train / Val):
    betas          : 0.000047 / 0.000009
    betas_trans    : 0.000000 / 0.000000
    cam_rot        : 0.000000 / 0.000000
    cam_trans      : 0.000000 / 0.000000
    fov            : 0.000000 / 0.000000
    global_rot     : 0.000000 / 0.000000
    joint_angle_regularization: 0.117662 / 0.118834
    joint_limit_regularization: 0.003268 / 0.003157
    joint_rot      : 0.000000 / 0.000000
    keypoint_2d    : 0.000016 / 0.000013
    keypoint_3d    : 0.000000 / 0.000000
    limb_scale_regularization: 0.008554 / 0.009721
    limb_trans_regularization: 0.000000 / 0.000000
    log_beta_scales: 0.000000 / 0.000000
    silhouette     : 0.000000 / 0.000000
    trans          : 0.000000 / 0.000000

WARNING: Near-zero total loss detected: 9.90e-07
  Valid samples: 16/16
  Dataset composition: {'unknown': 16}
  Availability masks present: True
  Availability summary:
    global_rot: 0/16 samples have real data
    joint_rot: 0/16 samples have real data
    betas: 16/16 samples have real data
    trans: 0/16 samples have real data
    fov: 0/16 samples have real data
    cam_rot: 0/16 samples have real data
    cam_trans: 0/16 samples have real data
    log_beta_scales: 0/16 samples have real data
    betas_trans: 0/16 samples have real data
    keypoint_2d: 16/16 samples have real data
    keypoint_3d: 16/16 samples have real data
    silhouette: 0/16 samples have real data
  Loss weights: keypoint_2d=0.1, betas=0.0005
  need_keypoint_loss=True, need_silhouette_loss=False
  Loss components (non-zero only):
    betas: 0.000004 (weight=0.0005)
    limb_scale_regularization: 0.008216 (weight=1e-05)
    limb_trans_regularization: 0.000000 (weight=0.5)
    joint_angle_regularization: 0.129677 (weight=2e-07)
    joint_limit_regularization: 0.002288 (weight=0.0001)
    keypoint_2d: 0.000004 (weight=0.1)
    keypoint_3d: 0.000000 (weight=2)

Epoch 401:
  Train Loss = 0.000003, Val Loss = 0.000002, LR = 1.00e-05
  Parameter Errors (Train / Val):
    betas          : 0.000067 / 0.000010
    betas_trans    : 0.000000 / 0.000000
    cam_rot        : 0.000000 / 0.000000
    cam_trans      : 0.000000 / 0.000000
    fov            : 0.000000 / 0.000000
    global_rot     : 0.000000 / 0.000000
    joint_angle_regularization: 0.118052 / 0.118764
    joint_limit_regularization: 0.003029 / 0.002942
    joint_rot      : 0.000000 / 0.000000
    keypoint_2d    : 0.000016 / 0.000013
    keypoint_3d    : 0.000000 / 0.000000
    limb_scale_regularization: 0.010313 / 0.011015
    limb_trans_regularization: 0.000000 / 0.000000
    log_beta_scales: 0.000000 / 0.000000
    silhouette     : 0.000000 / 0.000000
    trans          : 0.000000 / 0.000000
  Checkpoint saved at epoch 401

Epoch 402:
  Train Loss = 0.000003, Val Loss = 0.000002, LR = 1.00e-05
  Parameter Errors (Train / Val):
    betas          : 0.000049 / 0.000009
    betas_trans    : 0.000000 / 0.000000
    cam_rot        : 0.000000 / 0.000000
    cam_trans      : 0.000000 / 0.000000
    fov            : 0.000000 / 0.000000
    global_rot     : 0.000000 / 0.000000
    joint_angle_regularization: 0.118153 / 0.118717
    joint_limit_regularization: 0.002844 / 0.002772
    joint_rot      : 0.000000 / 0.000000
    keypoint_2d    : 0.000015 / 0.000013
    keypoint_3d    : 0.000000 / 0.000000
    limb_scale_regularization: 0.011335 / 0.011952
    limb_trans_regularization: 0.000000 / 0.000000
    log_beta_scales: 0.000000 / 0.000000
    silhouette     : 0.000000 / 0.000000
    trans          : 0.000000 / 0.000000

Epoch 403:
  Train Loss = 0.000003, Val Loss = 0.000002, LR = 1.00e-05
  Parameter Errors (Train / Val):
    betas          : 0.000047 / 0.000009
    betas_trans    : 0.000000 / 0.000000
    cam_rot        : 0.000000 / 0.000000
    cam_trans      : 0.000000 / 0.000000
    fov            : 0.000000 / 0.000000
    global_rot     : 0.000000 / 0.000000
    joint_angle_regularization: 0.118011 / 0.118866
    joint_limit_regularization: 0.002704 / 0.002654
    joint_rot      : 0.000000 / 0.000000
    keypoint_2d    : 0.000016 / 0.000013
    keypoint_3d    : 0.000000 / 0.000000
    limb_scale_regularization: 0.012214 / 0.012739
    limb_trans_regularization: 0.000000 / 0.000000
    log_beta_scales: 0.000000 / 0.000000
    silhouette     : 0.000000 / 0.000000
    trans          : 0.000000 / 0.000000
  Checkpoint saved at epoch 403

Epoch 404:
  Train Loss = 0.000003, Val Loss = 0.000002, LR = 1.00e-05
  Parameter Errors (Train / Val):
    betas          : 0.000087 / 0.000009
    betas_trans    : 0.000000 / 0.000000
    cam_rot        : 0.000000 / 0.000000
    cam_trans      : 0.000000 / 0.000000
    fov            : 0.000000 / 0.000000
    global_rot     : 0.000000 / 0.000000
    joint_angle_regularization: 0.118128 / 0.118910
    joint_limit_regularization: 0.002577 / 0.002532
    joint_rot      : 0.000000 / 0.000000
    keypoint_2d    : 0.000015 / 0.000013
    keypoint_3d    : 0.000000 / 0.000000
    limb_scale_regularization: 0.012906 / 0.013357
    limb_trans_regularization: 0.000000 / 0.000000
    log_beta_scales: 0.000000 / 0.000000
    silhouette     : 0.000000 / 0.000000
    trans          : 0.000000 / 0.000000

WARNING: Near-zero total loss detected: 9.79e-07
  Valid samples: 16/16
  Dataset composition: {'unknown': 16}
  Availability masks present: True
  Availability summary:
    global_rot: 0/16 samples have real data
    joint_rot: 0/16 samples have real data
    betas: 16/16 samples have real data
    trans: 0/16 samples have real data
    fov: 0/16 samples have real data
    cam_rot: 0/16 samples have real data
    cam_trans: 0/16 samples have real data
    log_beta_scales: 0/16 samples have real data
    betas_trans: 0/16 samples have real data
    keypoint_2d: 16/16 samples have real data
    keypoint_3d: 16/16 samples have real data
    silhouette: 0/16 samples have real data
  Loss weights: keypoint_2d=0.1, betas=0.0005
  need_keypoint_loss=True, need_silhouette_loss=False
  Loss components (non-zero only):
    betas: 0.000006 (weight=0.0005)
    limb_scale_regularization: 0.011132 (weight=1e-05)
    limb_trans_regularization: 0.000000 (weight=0.5)
    joint_angle_regularization: 0.132629 (weight=2e-07)
    joint_limit_regularization: 0.001974 (weight=0.0001)
    keypoint_2d: 0.000004 (weight=0.1)
    keypoint_3d: 0.000000 (weight=2)

WARNING: Near-zero total loss detected: 9.76e-07
  Valid samples: 16/16
  Dataset composition: {'unknown': 16}
  Availability masks present: True
  Availability summary:
    global_rot: 0/16 samples have real data
    joint_rot: 0/16 samples have real data
    betas: 16/16 samples have real data
    trans: 0/16 samples have real data
    fov: 0/16 samples have real data
    cam_rot: 0/16 samples have real data
    cam_trans: 0/16 samples have real data
    log_beta_scales: 0/16 samples have real data
    betas_trans: 0/16 samples have real data
    keypoint_2d: 16/16 samples have real data
    keypoint_3d: 16/16 samples have real data
    silhouette: 0/16 samples have real data
  Loss weights: keypoint_2d=0.1, betas=0.0005
  need_keypoint_loss=True, need_silhouette_loss=False
  Loss components (non-zero only):
    betas: 0.000001 (weight=0.0005)
    limb_scale_regularization: 0.010958 (weight=1e-05)
    limb_trans_regularization: 0.000000 (weight=0.5)
    joint_angle_regularization: 0.129912 (weight=2e-07)
    joint_limit_regularization: 0.001899 (weight=0.0001)
    keypoint_2d: 0.000004 (weight=0.1)
    keypoint_3d: 0.000000 (weight=2)

Epoch 405:
  Train Loss = 0.000003, Val Loss = 0.000002, LR = 1.00e-05
  Parameter Errors (Train / Val):
    betas          : 0.000046 / 0.000009
    betas_trans    : 0.000000 / 0.000000
    cam_rot        : 0.000000 / 0.000000
    cam_trans      : 0.000000 / 0.000000
    fov            : 0.000000 / 0.000000
    global_rot     : 0.000000 / 0.000000
    joint_angle_regularization: 0.118360 / 0.118875
    joint_limit_regularization: 0.002476 / 0.002439
    joint_rot      : 0.000000 / 0.000000
    keypoint_2d    : 0.000015 / 0.000013
    keypoint_3d    : 0.000000 / 0.000000
    limb_scale_regularization: 0.013465 / 0.013897
    limb_trans_regularization: 0.000000 / 0.000000
    log_beta_scales: 0.000000 / 0.000000
    silhouette     : 0.000000 / 0.000000
    trans          : 0.000000 / 0.000000
  Checkpoint saved at epoch 405

WARNING: Near-zero total loss detected: 9.40e-07
  Valid samples: 16/16
  Dataset composition: {'unknown': 16}
  Availability masks present: True
  Availability summary:
    global_rot: 0/16 samples have real data
    joint_rot: 0/16 samples have real data
    betas: 16/16 samples have real data
    trans: 0/16 samples have real data
    fov: 0/16 samples have real data
    cam_rot: 0/16 samples have real data
    cam_trans: 0/16 samples have real data
    log_beta_scales: 0/16 samples have real data
    betas_trans: 0/16 samples have real data
    keypoint_2d: 16/16 samples have real data
    keypoint_3d: 16/16 samples have real data
    silhouette: 0/16 samples have real data
  Loss weights: keypoint_2d=0.1, betas=0.0005
  need_keypoint_loss=True, need_silhouette_loss=False
  Loss components (non-zero only):
    betas: 0.000002 (weight=0.0005)
    limb_scale_regularization: 0.011380 (weight=1e-05)
    limb_trans_regularization: 0.000000 (weight=0.5)
    joint_angle_regularization: 0.129246 (weight=2e-07)
    joint_limit_regularization: 0.001814 (weight=0.0001)
    keypoint_2d: 0.000004 (weight=0.1)
    keypoint_3d: 0.000000 (weight=2)

Epoch 406:
  Train Loss = 0.000003, Val Loss = 0.000002, LR = 1.00e-05
  Parameter Errors (Train / Val):
    betas          : 0.000053 / 0.000008
    betas_trans    : 0.000000 / 0.000000
    cam_rot        : 0.000000 / 0.000000
    cam_trans      : 0.000000 / 0.000000
    fov            : 0.000000 / 0.000000
    global_rot     : 0.000000 / 0.000000
    joint_angle_regularization: 0.118552 / 0.118752
    joint_limit_regularization: 0.002398 / 0.002337
    joint_rot      : 0.000000 / 0.000000
    keypoint_2d    : 0.000015 / 0.000013
    keypoint_3d    : 0.000000 / 0.000000
    limb_scale_regularization: 0.014053 / 0.014336
    limb_trans_regularization: 0.000000 / 0.000000
    log_beta_scales: 0.000000 / 0.000000
    silhouette     : 0.000000 / 0.000000
    trans          : 0.000000 / 0.000000

WARNING: Near-zero total loss detected: 1.00e-06
  Valid samples: 16/16
  Dataset composition: {'unknown': 16}
  Availability masks present: True
  Availability summary:
    global_rot: 0/16 samples have real data
    joint_rot: 0/16 samples have real data
    betas: 16/16 samples have real data
    trans: 0/16 samples have real data
    fov: 0/16 samples have real data
    cam_rot: 0/16 samples have real data
    cam_trans: 0/16 samples have real data
    log_beta_scales: 0/16 samples have real data
    betas_trans: 0/16 samples have real data
    keypoint_2d: 16/16 samples have real data
    keypoint_3d: 16/16 samples have real data
    silhouette: 0/16 samples have real data
  Loss weights: keypoint_2d=0.1, betas=0.0005
  need_keypoint_loss=True, need_silhouette_loss=False
  Loss components (non-zero only):
    betas: 0.000001 (weight=0.0005)
    limb_scale_regularization: 0.011976 (weight=1e-05)
    limb_trans_regularization: 0.000000 (weight=0.5)
    joint_angle_regularization: 0.131338 (weight=2e-07)
    joint_limit_regularization: 0.001813 (weight=0.0001)
    keypoint_2d: 0.000004 (weight=0.1)
    keypoint_3d: 0.000000 (weight=2)

WARNING: Near-zero total loss detected: 9.46e-07
  Valid samples: 16/16
  Dataset composition: {'unknown': 16}
  Availability masks present: True
  Availability summary:
    global_rot: 0/16 samples have real data
    joint_rot: 0/16 samples have real data
    betas: 16/16 samples have real data
    trans: 0/16 samples have real data
    fov: 0/16 samples have real data
    cam_rot: 0/16 samples have real data
    cam_trans: 0/16 samples have real data
    log_beta_scales: 0/16 samples have real data
    betas_trans: 0/16 samples have real data
    keypoint_2d: 16/16 samples have real data
    keypoint_3d: 16/16 samples have real data
    silhouette: 0/16 samples have real data
  Loss weights: keypoint_2d=0.1, betas=0.0005
  need_keypoint_loss=True, need_silhouette_loss=False
  Loss components (non-zero only):
    betas: 0.000005 (weight=0.0005)
    limb_scale_regularization: 0.011973 (weight=1e-05)
    limb_trans_regularization: 0.000000 (weight=0.5)
    joint_angle_regularization: 0.132284 (weight=2e-07)
    joint_limit_regularization: 0.001837 (weight=0.0001)
    keypoint_2d: 0.000004 (weight=0.1)
    keypoint_3d: 0.000000 (weight=2)

WARNING: Near-zero total loss detected: 9.86e-07
  Valid samples: 16/16
  Dataset composition: {'unknown': 16}
  Availability masks present: True
  Availability summary:
    global_rot: 0/16 samples have real data
    joint_rot: 0/16 samples have real data
    betas: 16/16 samples have real data
    trans: 0/16 samples have real data
    fov: 0/16 samples have real data
    cam_rot: 0/16 samples have real data
    cam_trans: 0/16 samples have real data
    log_beta_scales: 0/16 samples have real data
    betas_trans: 0/16 samples have real data
    keypoint_2d: 16/16 samples have real data
    keypoint_3d: 16/16 samples have real data
    silhouette: 0/16 samples have real data
  Loss weights: keypoint_2d=0.1, betas=0.0005
  need_keypoint_loss=True, need_silhouette_loss=False
  Loss components (non-zero only):
    betas: 0.000004 (weight=0.0005)
    limb_scale_regularization: 0.011772 (weight=1e-05)
    limb_trans_regularization: 0.000000 (weight=0.5)
    joint_angle_regularization: 0.129700 (weight=2e-07)
    joint_limit_regularization: 0.001749 (weight=0.0001)
    keypoint_2d: 0.000004 (weight=0.1)
    keypoint_3d: 0.000000 (weight=2)

Epoch 407:
  Train Loss = 0.000003, Val Loss = 0.000002, LR = 1.00e-05
  Parameter Errors (Train / Val):
    betas          : 0.000047 / 0.000008
    betas_trans    : 0.000000 / 0.000000
    cam_rot        : 0.000000 / 0.000000
    cam_trans      : 0.000000 / 0.000000
    fov            : 0.000000 / 0.000000
    global_rot     : 0.000000 / 0.000000
    joint_angle_regularization: 0.118154 / 0.118823
    joint_limit_regularization: 0.002291 / 0.002264
    joint_rot      : 0.000000 / 0.000000
    keypoint_2d    : 0.000015 / 0.000013
    keypoint_3d    : 0.000000 / 0.000000
    limb_scale_regularization: 0.014418 / 0.014756
    limb_trans_regularization: 0.000000 / 0.000000
    log_beta_scales: 0.000000 / 0.000000
    silhouette     : 0.000000 / 0.000000
    trans          : 0.000000 / 0.000000
  Checkpoint saved at epoch 407

WARNING: Near-zero total loss detected: 9.74e-07
  Valid samples: 16/16
  Dataset composition: {'unknown': 16}
  Availability masks present: True
  Availability summary:
    global_rot: 0/16 samples have real data
    joint_rot: 0/16 samples have real data
    betas: 16/16 samples have real data
    trans: 0/16 samples have real data
    fov: 0/16 samples have real data
    cam_rot: 0/16 samples have real data
    cam_trans: 0/16 samples have real data
    log_beta_scales: 0/16 samples have real data
    betas_trans: 0/16 samples have real data
    keypoint_2d: 16/16 samples have real data
    keypoint_3d: 16/16 samples have real data
    silhouette: 0/16 samples have real data
  Loss weights: keypoint_2d=0.1, betas=0.0005
  need_keypoint_loss=True, need_silhouette_loss=False
  Loss components (non-zero only):
    betas: 0.000001 (weight=0.0005)
    limb_scale_regularization: 0.012276 (weight=1e-05)
    limb_trans_regularization: 0.000000 (weight=0.5)
    joint_angle_regularization: 0.132429 (weight=2e-07)
    joint_limit_regularization: 0.001741 (weight=0.0001)
    keypoint_2d: 0.000004 (weight=0.1)
    keypoint_3d: 0.000000 (weight=2)

WARNING: Near-zero total loss detected: 9.80e-07
  Valid samples: 16/16
  Dataset composition: {'unknown': 16}
  Availability masks present: True
  Availability summary:
    global_rot: 0/16 samples have real data
    joint_rot: 0/16 samples have real data
    betas: 16/16 samples have real data
    trans: 0/16 samples have real data
    fov: 0/16 samples have real data
    cam_rot: 0/16 samples have real data
    cam_trans: 0/16 samples have real data
    log_beta_scales: 0/16 samples have real data
    betas_trans: 0/16 samples have real data
    keypoint_2d: 16/16 samples have real data
    keypoint_3d: 16/16 samples have real data
    silhouette: 0/16 samples have real data
  Loss weights: keypoint_2d=0.1, betas=0.0005
  need_keypoint_loss=True, need_silhouette_loss=False
  Loss components (non-zero only):
    betas: 0.000002 (weight=0.0005)
    limb_scale_regularization: 0.012337 (weight=1e-05)
    limb_trans_regularization: 0.000000 (weight=0.5)
    joint_angle_regularization: 0.131959 (weight=2e-07)
    joint_limit_regularization: 0.001724 (weight=0.0001)
    keypoint_2d: 0.000004 (weight=0.1)
    keypoint_3d: 0.000000 (weight=2)

WARNING: Near-zero total loss detected: 9.38e-07
  Valid samples: 16/16
  Dataset composition: {'unknown': 16}
  Availability masks present: True
  Availability summary:
    global_rot: 0/16 samples have real data
    joint_rot: 0/16 samples have real data
    betas: 16/16 samples have real data
    trans: 0/16 samples have real data
    fov: 0/16 samples have real data
    cam_rot: 0/16 samples have real data
    cam_trans: 0/16 samples have real data
    log_beta_scales: 0/16 samples have real data
    betas_trans: 0/16 samples have real data
    keypoint_2d: 16/16 samples have real data
    keypoint_3d: 16/16 samples have real data
    silhouette: 0/16 samples have real data
  Loss weights: keypoint_2d=0.1, betas=0.0005
  need_keypoint_loss=True, need_silhouette_loss=False
  Loss components (non-zero only):
    betas: 0.000002 (weight=0.0005)
    limb_scale_regularization: 0.012124 (weight=1e-05)
    limb_trans_regularization: 0.000000 (weight=0.5)
    joint_angle_regularization: 0.130548 (weight=2e-07)
    joint_limit_regularization: 0.001675 (weight=0.0001)
    keypoint_2d: 0.000004 (weight=0.1)
    keypoint_3d: 0.000000 (weight=2)

Epoch 408:
  Train Loss = 0.000003, Val Loss = 0.000002, LR = 1.00e-05
  Parameter Errors (Train / Val):
    betas          : 0.000047 / 0.000008
    betas_trans    : 0.000000 / 0.000000
    cam_rot        : 0.000000 / 0.000000
    cam_trans      : 0.000000 / 0.000000
    fov            : 0.000000 / 0.000000
    global_rot     : 0.000000 / 0.000000
    joint_angle_regularization: 0.118332 / 0.118913
    joint_limit_regularization: 0.002223 / 0.002195
    joint_rot      : 0.000000 / 0.000000
    keypoint_2d    : 0.000015 / 0.000012
    keypoint_3d    : 0.000000 / 0.000000
    limb_scale_regularization: 0.014851 / 0.015138
    limb_trans_regularization: 0.000000 / 0.000000
    log_beta_scales: 0.000000 / 0.000000
    silhouette     : 0.000000 / 0.000000
    trans          : 0.000000 / 0.000000

WARNING: Near-zero total loss detected: 9.81e-07
  Valid samples: 16/16
  Dataset composition: {'unknown': 16}
  Availability masks present: True
  Availability summary:
    global_rot: 0/16 samples have real data
    joint_rot: 0/16 samples have real data
    betas: 16/16 samples have real data
    trans: 0/16 samples have real data
    fov: 0/16 samples have real data
    cam_rot: 0/16 samples have real data
    cam_trans: 0/16 samples have real data
    log_beta_scales: 0/16 samples have real data
    betas_trans: 0/16 samples have real data
    keypoint_2d: 16/16 samples have real data
    keypoint_3d: 16/16 samples have real data
    silhouette: 0/16 samples have real data
  Loss weights: keypoint_2d=0.1, betas=0.0005
  need_keypoint_loss=True, need_silhouette_loss=False
  Loss components (non-zero only):
    betas: 0.000003 (weight=0.0005)
    limb_scale_regularization: 0.012591 (weight=1e-05)
    limb_trans_regularization: 0.000000 (weight=0.5)
    joint_angle_regularization: 0.132288 (weight=2e-07)
    joint_limit_regularization: 0.001671 (weight=0.0001)
    keypoint_2d: 0.000004 (weight=0.1)
    keypoint_3d: 0.000000 (weight=2)

WARNING: Near-zero total loss detected: 9.98e-07
  Valid samples: 16/16
  Dataset composition: {'unknown': 16}
  Availability masks present: True
  Availability summary:
    global_rot: 0/16 samples have real data
    joint_rot: 0/16 samples have real data
    betas: 16/16 samples have real data
    trans: 0/16 samples have real data
    fov: 0/16 samples have real data
    cam_rot: 0/16 samples have real data
    cam_trans: 0/16 samples have real data
    log_beta_scales: 0/16 samples have real data
    betas_trans: 0/16 samples have real data
    keypoint_2d: 16/16 samples have real data
    keypoint_3d: 16/16 samples have real data
    silhouette: 0/16 samples have real data
  Loss weights: keypoint_2d=0.1, betas=0.0005
  need_keypoint_loss=True, need_silhouette_loss=False
  Loss components (non-zero only):
    betas: 0.000004 (weight=0.0005)
    limb_scale_regularization: 0.012580 (weight=1e-05)
    limb_trans_regularization: 0.000000 (weight=0.5)
    joint_angle_regularization: 0.132407 (weight=2e-07)
    joint_limit_regularization: 0.001645 (weight=0.0001)
    keypoint_2d: 0.000004 (weight=0.1)
    keypoint_3d: 0.000000 (weight=2)

WARNING: Near-zero total loss detected: 9.38e-07
  Valid samples: 16/16
  Dataset composition: {'unknown': 16}
  Availability masks present: True
  Availability summary:
    global_rot: 0/16 samples have real data
    joint_rot: 0/16 samples have real data
    betas: 16/16 samples have real data
    trans: 0/16 samples have real data
    fov: 0/16 samples have real data
    cam_rot: 0/16 samples have real data
    cam_trans: 0/16 samples have real data
    log_beta_scales: 0/16 samples have real data
    betas_trans: 0/16 samples have real data
    keypoint_2d: 16/16 samples have real data
    keypoint_3d: 16/16 samples have real data
    silhouette: 0/16 samples have real data
  Loss weights: keypoint_2d=0.1, betas=0.0005
  need_keypoint_loss=True, need_silhouette_loss=False
  Loss components (non-zero only):
    betas: 0.000002 (weight=0.0005)
    limb_scale_regularization: 0.012347 (weight=1e-05)
    limb_trans_regularization: 0.000000 (weight=0.5)
    joint_angle_regularization: 0.130957 (weight=2e-07)
    joint_limit_regularization: 0.001647 (weight=0.0001)
    keypoint_2d: 0.000004 (weight=0.1)
    keypoint_3d: 0.000000 (weight=2)

Epoch 409:
  Train Loss = 0.000003, Val Loss = 0.000002, LR = 1.00e-05
  Parameter Errors (Train / Val):
    betas          : 0.000046 / 0.000008
    betas_trans    : 0.000000 / 0.000000
    cam_rot        : 0.000000 / 0.000000
    cam_trans      : 0.000000 / 0.000000
    fov            : 0.000000 / 0.000000
    global_rot     : 0.000000 / 0.000000
    joint_angle_regularization: 0.118429 / 0.118915
    joint_limit_regularization: 0.002162 / 0.002133
    joint_rot      : 0.000000 / 0.000000
    keypoint_2d    : 0.000015 / 0.000012
    keypoint_3d    : 0.000000 / 0.000000
    limb_scale_regularization: 0.015173 / 0.015454
    limb_trans_regularization: 0.000000 / 0.000000
    log_beta_scales: 0.000000 / 0.000000
    silhouette     : 0.000000 / 0.000000
    trans          : 0.000000 / 0.000000
  Checkpoint saved at epoch 409
Visualizing 5 samples from dataset: unknown
Generated 5 visualization images for epoch 409 in /hpcwork/mkd34160/smilify_runs/singleview_lam1e-4/visualizations/epoch_409
Visualizing 5 samples from dataset: unknown
Generated 5 visualization images for epoch 409 in /hpcwork/mkd34160/smilify_runs/singleview_lam1e-4/visualizations_train/epoch_409

WARNING: Near-zero total loss detected: 9.92e-07
  Valid samples: 16/16
  Dataset composition: {'unknown': 16}
  Availability masks present: True
  Availability summary:
    global_rot: 0/16 samples have real data
    joint_rot: 0/16 samples have real data
    betas: 16/16 samples have real data
    trans: 0/16 samples have real data
    fov: 0/16 samples have real data
    cam_rot: 0/16 samples have real data
    cam_trans: 0/16 samples have real data
    log_beta_scales: 0/16 samples have real data
    betas_trans: 0/16 samples have real data
    keypoint_2d: 16/16 samples have real data
    keypoint_3d: 16/16 samples have real data
    silhouette: 0/16 samples have real data
  Loss weights: keypoint_2d=0.1, betas=0.0005
  need_keypoint_loss=True, need_silhouette_loss=False
  Loss components (non-zero only):
    betas: 0.000005 (weight=0.0005)
    limb_scale_regularization: 0.012873 (weight=1e-05)
    limb_trans_regularization: 0.000000 (weight=0.5)
    joint_angle_regularization: 0.131883 (weight=2e-07)
    joint_limit_regularization: 0.001608 (weight=0.0001)
    keypoint_2d: 0.000004 (weight=0.1)
    keypoint_3d: 0.000000 (weight=2)

WARNING: Near-zero total loss detected: 9.32e-07
  Valid samples: 16/16
  Dataset composition: {'unknown': 16}
  Availability masks present: True
  Availability summary:
    global_rot: 0/16 samples have real data
    joint_rot: 0/16 samples have real data
    betas: 16/16 samples have real data
    trans: 0/16 samples have real data
    fov: 0/16 samples have real data
    cam_rot: 0/16 samples have real data
    cam_trans: 0/16 samples have real data
    log_beta_scales: 0/16 samples have real data
    betas_trans: 0/16 samples have real data
    keypoint_2d: 16/16 samples have real data
    keypoint_3d: 16/16 samples have real data
    silhouette: 0/16 samples have real data
  Loss weights: keypoint_2d=0.1, betas=0.0005
  need_keypoint_loss=True, need_silhouette_loss=False
  Loss components (non-zero only):
    betas: 0.000003 (weight=0.0005)
    limb_scale_regularization: 0.012878 (weight=1e-05)
    limb_trans_regularization: 0.000000 (weight=0.5)
    joint_angle_regularization: 0.131541 (weight=2e-07)
    joint_limit_regularization: 0.001572 (weight=0.0001)
    keypoint_2d: 0.000004 (weight=0.1)
    keypoint_3d: 0.000000 (weight=2)

WARNING: Near-zero total loss detected: 9.86e-07
  Valid samples: 16/16
  Dataset composition: {'unknown': 16}
  Availability masks present: True
  Availability summary:
    global_rot: 0/16 samples have real data
    joint_rot: 0/16 samples have real data
    betas: 16/16 samples have real data
    trans: 0/16 samples have real data
    fov: 0/16 samples have real data
    cam_rot: 0/16 samples have real data
    cam_trans: 0/16 samples have real data
    log_beta_scales: 0/16 samples have real data
    betas_trans: 0/16 samples have real data
    keypoint_2d: 16/16 samples have real data
    keypoint_3d: 16/16 samples have real data
    silhouette: 0/16 samples have real data
  Loss weights: keypoint_2d=0.1, betas=0.0005
  need_keypoint_loss=True, need_silhouette_loss=False
  Loss components (non-zero only):
    betas: 0.000002 (weight=0.0005)
    limb_scale_regularization: 0.012676 (weight=1e-05)
    limb_trans_regularization: 0.000000 (weight=0.5)
    joint_angle_regularization: 0.129033 (weight=2e-07)
    joint_limit_regularization: 0.001501 (weight=0.0001)
    keypoint_2d: 0.000004 (weight=0.1)
    keypoint_3d: 0.000000 (weight=2)

WARNING: Near-zero total loss detected: 8.96e-07
  Valid samples: 16/16
  Dataset composition: {'unknown': 16}
  Availability masks present: True
  Availability summary:
    global_rot: 0/16 samples have real data
    joint_rot: 0/16 samples have real data
    betas: 16/16 samples have real data
    trans: 0/16 samples have real data
    fov: 0/16 samples have real data
    cam_rot: 0/16 samples have real data
    cam_trans: 0/16 samples have real data
    log_beta_scales: 0/16 samples have real data
    betas_trans: 0/16 samples have real data
    keypoint_2d: 16/16 samples have real data
    keypoint_3d: 16/16 samples have real data
    silhouette: 0/16 samples have real data
  Loss weights: keypoint_2d=0.1, betas=0.0005
  need_keypoint_loss=True, need_silhouette_loss=False
  Loss components (non-zero only):
    betas: 0.000001 (weight=0.0005)
    limb_scale_regularization: 0.012606 (weight=1e-05)
    limb_trans_regularization: 0.000000 (weight=0.5)
    joint_angle_regularization: 0.130226 (weight=2e-07)
    joint_limit_regularization: 0.001605 (weight=0.0001)
    keypoint_2d: 0.000004 (weight=0.1)
    keypoint_3d: 0.000000 (weight=2)

Epoch 410:
  Train Loss = 0.000003, Val Loss = 0.000002, LR = 1.00e-05
  Parameter Errors (Train / Val):
    betas          : 0.000125 / 0.000009
    betas_trans    : 0.000000 / 0.000000
    cam_rot        : 0.000000 / 0.000000
    cam_trans      : 0.000000 / 0.000000
    fov            : 0.000000 / 0.000000
    global_rot     : 0.000000 / 0.000000
    joint_angle_regularization: 0.118640 / 0.118822
    joint_limit_regularization: 0.002095 / 0.002069
    joint_rot      : 0.000000 / 0.000000
    keypoint_2d    : 0.000015 / 0.000012
    keypoint_3d    : 0.000000 / 0.000000
    limb_scale_regularization: 0.015521 / 0.015730
    limb_trans_regularization: 0.000000 / 0.000000
    log_beta_scales: 0.000000 / 0.000000
    silhouette     : 0.000000 / 0.000000
    trans          : 0.000000 / 0.000000

WARNING: Near-zero total loss detected: 9.83e-07
  Valid samples: 16/16
  Dataset composition: {'unknown': 16}
  Availability masks present: True
  Availability summary:
    global_rot: 0/16 samples have real data
    joint_rot: 0/16 samples have real data
    betas: 16/16 samples have real data
    trans: 0/16 samples have real data
    fov: 0/16 samples have real data
    cam_rot: 0/16 samples have real data
    cam_trans: 0/16 samples have real data
    log_beta_scales: 0/16 samples have real data
    betas_trans: 0/16 samples have real data
    keypoint_2d: 16/16 samples have real data
    keypoint_3d: 16/16 samples have real data
    silhouette: 0/16 samples have real data
  Loss weights: keypoint_2d=0.1, betas=0.0005
  need_keypoint_loss=True, need_silhouette_loss=False
  Loss components (non-zero only):
    betas: 0.000002 (weight=0.0005)
    limb_scale_regularization: 0.013098 (weight=1e-05)
    limb_trans_regularization: 0.000000 (weight=0.5)
    joint_angle_regularization: 0.132215 (weight=2e-07)
    joint_limit_regularization: 0.001567 (weight=0.0001)
    keypoint_2d: 0.000004 (weight=0.1)
    keypoint_3d: 0.000000 (weight=2)

WARNING: Near-zero total loss detected: 9.53e-07
  Valid samples: 16/16
  Dataset composition: {'unknown': 16}
  Availability masks present: True
  Availability summary:
    global_rot: 0/16 samples have real data
    joint_rot: 0/16 samples have real data
    betas: 16/16 samples have real data
    trans: 0/16 samples have real data
    fov: 0/16 samples have real data
    cam_rot: 0/16 samples have real data
    cam_trans: 0/16 samples have real data
    log_beta_scales: 0/16 samples have real data
    betas_trans: 0/16 samples have real data
    keypoint_2d: 16/16 samples have real data
    keypoint_3d: 16/16 samples have real data
    silhouette: 0/16 samples have real data
  Loss weights: keypoint_2d=0.1, betas=0.0005
  need_keypoint_loss=True, need_silhouette_loss=False
  Loss components (non-zero only):
    betas: 0.000003 (weight=0.0005)
    limb_scale_regularization: 0.013082 (weight=1e-05)
    limb_trans_regularization: 0.000000 (weight=0.5)
    joint_angle_regularization: 0.132055 (weight=2e-07)
    joint_limit_regularization: 0.001540 (weight=0.0001)
    keypoint_2d: 0.000004 (weight=0.1)
    keypoint_3d: 0.000000 (weight=2)

WARNING: Near-zero total loss detected: 9.86e-07
  Valid samples: 16/16
  Dataset composition: {'unknown': 16}
  Availability masks present: True
  Availability summary:
    global_rot: 0/16 samples have real data
    joint_rot: 0/16 samples have real data
    betas: 16/16 samples have real data
    trans: 0/16 samples have real data
    fov: 0/16 samples have real data
    cam_rot: 0/16 samples have real data
    cam_trans: 0/16 samples have real data
    log_beta_scales: 0/16 samples have real data
    betas_trans: 0/16 samples have real data
    keypoint_2d: 16/16 samples have real data
    keypoint_3d: 16/16 samples have real data
    silhouette: 0/16 samples have real data
  Loss weights: keypoint_2d=0.1, betas=0.0005
  need_keypoint_loss=True, need_silhouette_loss=False
  Loss components (non-zero only):
    betas: 0.000003 (weight=0.0005)
    limb_scale_regularization: 0.012877 (weight=1e-05)
    limb_trans_regularization: 0.000000 (weight=0.5)
    joint_angle_regularization: 0.129532 (weight=2e-07)
    joint_limit_regularization: 0.001463 (weight=0.0001)
    keypoint_2d: 0.000004 (weight=0.1)
    keypoint_3d: 0.000000 (weight=2)

WARNING: Near-zero total loss detected: 9.38e-07
  Valid samples: 16/16
  Dataset composition: {'unknown': 16}
  Availability masks present: True
  Availability summary:
    global_rot: 0/16 samples have real data
    joint_rot: 0/16 samples have real data
    betas: 16/16 samples have real data
    trans: 0/16 samples have real data
    fov: 0/16 samples have real data
    cam_rot: 0/16 samples have real data
    cam_trans: 0/16 samples have real data
    log_beta_scales: 0/16 samples have real data
    betas_trans: 0/16 samples have real data
    keypoint_2d: 16/16 samples have real data
    keypoint_3d: 16/16 samples have real data
    silhouette: 0/16 samples have real data
  Loss weights: keypoint_2d=0.1, betas=0.0005
  need_keypoint_loss=True, need_silhouette_loss=False
  Loss components (non-zero only):
    betas: 0.000001 (weight=0.0005)
    limb_scale_regularization: 0.012831 (weight=1e-05)
    limb_trans_regularization: 0.000000 (weight=0.5)
    joint_angle_regularization: 0.131149 (weight=2e-07)
    joint_limit_regularization: 0.001565 (weight=0.0001)
    keypoint_2d: 0.000004 (weight=0.1)
    keypoint_3d: 0.000000 (weight=2)

WARNING: Near-zero total loss detected: 9.82e-07
  Valid samples: 16/16
  Dataset composition: {'unknown': 16}
  Availability masks present: True
  Availability summary:
    global_rot: 0/16 samples have real data
    joint_rot: 0/16 samples have real data
    betas: 16/16 samples have real data
    trans: 0/16 samples have real data
    fov: 0/16 samples have real data
    cam_rot: 0/16 samples have real data
    cam_trans: 0/16 samples have real data
    log_beta_scales: 0/16 samples have real data
    betas_trans: 0/16 samples have real data
    keypoint_2d: 16/16 samples have real data
    keypoint_3d: 16/16 samples have real data
    silhouette: 0/16 samples have real data
  Loss weights: keypoint_2d=0.1, betas=0.0005
  need_keypoint_loss=True, need_silhouette_loss=False
  Loss components (non-zero only):
    betas: 0.000003 (weight=0.0005)
    limb_scale_regularization: 0.013075 (weight=1e-05)
    limb_trans_regularization: 0.000000 (weight=0.5)
    joint_angle_regularization: 0.132012 (weight=2e-07)
    joint_limit_regularization: 0.001495 (weight=0.0001)
    keypoint_2d: 0.000004 (weight=0.1)
    keypoint_3d: 0.000000 (weight=2)

Epoch 411:
  Train Loss = 0.000003, Val Loss = 0.000002, LR = 1.00e-05
  Parameter Errors (Train / Val):
    betas          : 0.000045 / 0.000008
    betas_trans    : 0.000000 / 0.000000
    cam_rot        : 0.000000 / 0.000000
    cam_trans      : 0.000000 / 0.000000
    fov            : 0.000000 / 0.000000
    global_rot     : 0.000000 / 0.000000
    joint_angle_regularization: 0.118776 / 0.119006
    joint_limit_regularization: 0.002047 / 0.002023
    joint_rot      : 0.000000 / 0.000000
    keypoint_2d    : 0.000015 / 0.000012
    keypoint_3d    : 0.000000 / 0.000000
    limb_scale_regularization: 0.015814 / 0.015989
    limb_trans_regularization: 0.000000 / 0.000000
    log_beta_scales: 0.000000 / 0.000000
    silhouette     : 0.000000 / 0.000000
    trans          : 0.000000 / 0.000000
  Checkpoint saved at epoch 411

WARNING: Near-zero total loss detected: 8.95e-07
  Valid samples: 16/16
  Dataset composition: {'unknown': 16}
  Availability masks present: True
  Availability summary:
    global_rot: 0/16 samples have real data
    joint_rot: 0/16 samples have real data
    betas: 16/16 samples have real data
    trans: 0/16 samples have real data
    fov: 0/16 samples have real data
    cam_rot: 0/16 samples have real data
    cam_trans: 0/16 samples have real data
    log_beta_scales: 0/16 samples have real data
    betas_trans: 0/16 samples have real data
    keypoint_2d: 16/16 samples have real data
    keypoint_3d: 16/16 samples have real data
    silhouette: 0/16 samples have real data
  Loss weights: keypoint_2d=0.1, betas=0.0005
  need_keypoint_loss=True, need_silhouette_loss=False
  Loss components (non-zero only):
    betas: 0.000003 (weight=0.0005)
    limb_scale_regularization: 0.013093 (weight=1e-05)
    limb_trans_regularization: 0.000000 (weight=0.5)
    joint_angle_regularization: 0.130146 (weight=2e-07)
    joint_limit_regularization: 0.001458 (weight=0.0001)
    keypoint_2d: 0.000004 (weight=0.1)
    keypoint_3d: 0.000000 (weight=2)

WARNING: Near-zero total loss detected: 9.53e-07
  Valid samples: 16/16
  Dataset composition: {'unknown': 16}
  Availability masks present: True
  Availability summary:
    global_rot: 0/16 samples have real data
    joint_rot: 0/16 samples have real data
    betas: 16/16 samples have real data
    trans: 0/16 samples have real data
    fov: 0/16 samples have real data
    cam_rot: 0/16 samples have real data
    cam_trans: 0/16 samples have real data
    log_beta_scales: 0/16 samples have real data
    betas_trans: 0/16 samples have real data
    keypoint_2d: 16/16 samples have real data
    keypoint_3d: 16/16 samples have real data
    silhouette: 0/16 samples have real data
  Loss weights: keypoint_2d=0.1, betas=0.0005
  need_keypoint_loss=True, need_silhouette_loss=False
  Loss components (non-zero only):
    betas: 0.000008 (weight=0.0005)
    limb_scale_regularization: 0.013314 (weight=1e-05)
    limb_trans_regularization: 0.000000 (weight=0.5)
    joint_angle_regularization: 0.131395 (weight=2e-07)
    joint_limit_regularization: 0.001487 (weight=0.0001)
    keypoint_2d: 0.000004 (weight=0.1)
    keypoint_3d: 0.000000 (weight=2)

WARNING: Near-zero total loss detected: 9.85e-07
  Valid samples: 16/16
  Dataset composition: {'unknown': 16}
  Availability masks present: True
  Availability summary:
    global_rot: 0/16 samples have real data
    joint_rot: 0/16 samples have real data
    betas: 16/16 samples have real data
    trans: 0/16 samples have real data
    fov: 0/16 samples have real data
    cam_rot: 0/16 samples have real data
    cam_trans: 0/16 samples have real data
    log_beta_scales: 0/16 samples have real data
    betas_trans: 0/16 samples have real data
    keypoint_2d: 16/16 samples have real data
    keypoint_3d: 16/16 samples have real data
    silhouette: 0/16 samples have real data
  Loss weights: keypoint_2d=0.1, betas=0.0005
  need_keypoint_loss=True, need_silhouette_loss=False
  Loss components (non-zero only):
    betas: 0.000007 (weight=0.0005)
    limb_scale_regularization: 0.013108 (weight=1e-05)
    limb_trans_regularization: 0.000000 (weight=0.5)
    joint_angle_regularization: 0.128806 (weight=2e-07)
    joint_limit_regularization: 0.001399 (weight=0.0001)
    keypoint_2d: 0.000004 (weight=0.1)
    keypoint_3d: 0.000000 (weight=2)

WARNING: Near-zero total loss detected: 9.70e-07
  Valid samples: 16/16
  Dataset composition: {'unknown': 16}
  Availability masks present: True
  Availability summary:
    global_rot: 0/16 samples have real data
    joint_rot: 0/16 samples have real data
    betas: 16/16 samples have real data
    trans: 0/16 samples have real data
    fov: 0/16 samples have real data
    cam_rot: 0/16 samples have real data
    cam_trans: 0/16 samples have real data
    log_beta_scales: 0/16 samples have real data
    betas_trans: 0/16 samples have real data
    keypoint_2d: 16/16 samples have real data
    keypoint_3d: 16/16 samples have real data
    silhouette: 0/16 samples have real data
  Loss weights: keypoint_2d=0.1, betas=0.0005
  need_keypoint_loss=True, need_silhouette_loss=False
  Loss components (non-zero only):
    betas: 0.000002 (weight=0.0005)
    limb_scale_regularization: 0.013235 (weight=1e-05)
    limb_trans_regularization: 0.000000 (weight=0.5)
    joint_angle_regularization: 0.131990 (weight=2e-07)
    joint_limit_regularization: 0.001491 (weight=0.0001)
    keypoint_2d: 0.000004 (weight=0.1)
    keypoint_3d: 0.000000 (weight=2)

Epoch 412:
  Train Loss = 0.000003, Val Loss = 0.000002, LR = 1.00e-05
  Parameter Errors (Train / Val):
    betas          : 0.000047 / 0.000009
    betas_trans    : 0.000000 / 0.000000
    cam_rot        : 0.000000 / 0.000000
    cam_trans      : 0.000000 / 0.000000
    fov            : 0.000000 / 0.000000
    global_rot     : 0.000000 / 0.000000
    joint_angle_regularization: 0.118569 / 0.118971
    joint_limit_regularization: 0.001976 / 0.001973
    joint_rot      : 0.000000 / 0.000000
    keypoint_2d    : 0.000015 / 0.000012
    keypoint_3d    : 0.000000 / 0.000000
    limb_scale_regularization: 0.016030 / 0.016222
    limb_trans_regularization: 0.000000 / 0.000000
    log_beta_scales: 0.000000 / 0.000000
    silhouette     : 0.000000 / 0.000000
    trans          : 0.000000 / 0.000000

WARNING: Near-zero total loss detected: 9.47e-07
  Valid samples: 16/16
  Dataset composition: {'unknown': 16}
  Availability masks present: True
  Availability summary:
    global_rot: 0/16 samples have real data
    joint_rot: 0/16 samples have real data
    betas: 16/16 samples have real data
    trans: 0/16 samples have real data
    fov: 0/16 samples have real data
    cam_rot: 0/16 samples have real data
    cam_trans: 0/16 samples have real data
    log_beta_scales: 0/16 samples have real data
    betas_trans: 0/16 samples have real data
    keypoint_2d: 16/16 samples have real data
    keypoint_3d: 16/16 samples have real data
    silhouette: 0/16 samples have real data
  Loss weights: keypoint_2d=0.1, betas=0.0005
  need_keypoint_loss=True, need_silhouette_loss=False
  Loss components (non-zero only):
    betas: 0.000003 (weight=0.0005)
    limb_scale_regularization: 0.013454 (weight=1e-05)
    limb_trans_regularization: 0.000000 (weight=0.5)
    joint_angle_regularization: 0.131752 (weight=2e-07)
    joint_limit_regularization: 0.001436 (weight=0.0001)
    keypoint_2d: 0.000004 (weight=0.1)
    keypoint_3d: 0.000000 (weight=2)

WARNING: Near-zero total loss detected: 9.90e-07
  Valid samples: 16/16
  Dataset composition: {'unknown': 16}
  Availability masks present: True
  Availability summary:
    global_rot: 0/16 samples have real data
    joint_rot: 0/16 samples have real data
    betas: 16/16 samples have real data
    trans: 0/16 samples have real data
    fov: 0/16 samples have real data
    cam_rot: 0/16 samples have real data
    cam_trans: 0/16 samples have real data
    log_beta_scales: 0/16 samples have real data
    betas_trans: 0/16 samples have real data
    keypoint_2d: 16/16 samples have real data
    keypoint_3d: 16/16 samples have real data
    silhouette: 0/16 samples have real data
  Loss weights: keypoint_2d=0.1, betas=0.0005
  need_keypoint_loss=True, need_silhouette_loss=False
  Loss components (non-zero only):
    betas: 0.000004 (weight=0.0005)
    limb_scale_regularization: 0.013317 (weight=1e-05)
    limb_trans_regularization: 0.000000 (weight=0.5)
    joint_angle_regularization: 0.129835 (weight=2e-07)
    joint_limit_regularization: 0.001405 (weight=0.0001)
    keypoint_2d: 0.000004 (weight=0.1)
    keypoint_3d: 0.000000 (weight=2)

WARNING: Near-zero total loss detected: 9.27e-07
  Valid samples: 16/16
  Dataset composition: {'unknown': 16}
  Availability masks present: True
  Availability summary:
    global_rot: 0/16 samples have real data
    joint_rot: 0/16 samples have real data
    betas: 16/16 samples have real data
    trans: 0/16 samples have real data
    fov: 0/16 samples have real data
    cam_rot: 0/16 samples have real data
    cam_trans: 0/16 samples have real data
    log_beta_scales: 0/16 samples have real data
    betas_trans: 0/16 samples have real data
    keypoint_2d: 16/16 samples have real data
    keypoint_3d: 16/16 samples have real data
    silhouette: 0/16 samples have real data
  Loss weights: keypoint_2d=0.1, betas=0.0005
  need_keypoint_loss=True, need_silhouette_loss=False
  Loss components (non-zero only):
    betas: 0.000004 (weight=0.0005)
    limb_scale_regularization: 0.013472 (weight=1e-05)
    limb_trans_regularization: 0.000000 (weight=0.5)
    joint_angle_regularization: 0.130986 (weight=2e-07)
    joint_limit_regularization: 0.001444 (weight=0.0001)
    keypoint_2d: 0.000004 (weight=0.1)
    keypoint_3d: 0.000000 (weight=2)

WARNING: Near-zero total loss detected: 9.78e-07
  Valid samples: 16/16
  Dataset composition: {'unknown': 16}
  Availability masks present: True
  Availability summary:
    global_rot: 0/16 samples have real data
    joint_rot: 0/16 samples have real data
    betas: 16/16 samples have real data
    trans: 0/16 samples have real data
    fov: 0/16 samples have real data
    cam_rot: 0/16 samples have real data
    cam_trans: 0/16 samples have real data
    log_beta_scales: 0/16 samples have real data
    betas_trans: 0/16 samples have real data
    keypoint_2d: 16/16 samples have real data
    keypoint_3d: 16/16 samples have real data
    silhouette: 0/16 samples have real data
  Loss weights: keypoint_2d=0.1, betas=0.0005
  need_keypoint_loss=True, need_silhouette_loss=False
  Loss components (non-zero only):
    betas: 0.000004 (weight=0.0005)
    limb_scale_regularization: 0.013270 (weight=1e-05)
    limb_trans_regularization: 0.000000 (weight=0.5)
    joint_angle_regularization: 0.128434 (weight=2e-07)
    joint_limit_regularization: 0.001371 (weight=0.0001)
    keypoint_2d: 0.000004 (weight=0.1)
    keypoint_3d: 0.000000 (weight=2)

WARNING: Near-zero total loss detected: 8.89e-07
  Valid samples: 16/16
  Dataset composition: {'unknown': 16}
  Availability masks present: True
  Availability summary:
    global_rot: 0/16 samples have real data
    joint_rot: 0/16 samples have real data
    betas: 16/16 samples have real data
    trans: 0/16 samples have real data
    fov: 0/16 samples have real data
    cam_rot: 0/16 samples have real data
    cam_trans: 0/16 samples have real data
    log_beta_scales: 0/16 samples have real data
    betas_trans: 0/16 samples have real data
    keypoint_2d: 16/16 samples have real data
    keypoint_3d: 16/16 samples have real data
    silhouette: 0/16 samples have real data
  Loss weights: keypoint_2d=0.1, betas=0.0005
  need_keypoint_loss=True, need_silhouette_loss=False
  Loss components (non-zero only):
    betas: 0.000002 (weight=0.0005)
    limb_scale_regularization: 0.013264 (weight=1e-05)
    limb_trans_regularization: 0.000000 (weight=0.5)
    joint_angle_regularization: 0.130631 (weight=2e-07)
    joint_limit_regularization: 0.001455 (weight=0.0001)
    keypoint_2d: 0.000004 (weight=0.1)
    keypoint_3d: 0.000000 (weight=2)

WARNING: Near-zero total loss detected: 9.83e-07
  Valid samples: 16/16
  Dataset composition: {'unknown': 16}
  Availability masks present: True
  Availability summary:
    global_rot: 0/16 samples have real data
    joint_rot: 0/16 samples have real data
    betas: 16/16 samples have real data
    trans: 0/16 samples have real data
    fov: 0/16 samples have real data
    cam_rot: 0/16 samples have real data
    cam_trans: 0/16 samples have real data
    log_beta_scales: 0/16 samples have real data
    betas_trans: 0/16 samples have real data
    keypoint_2d: 16/16 samples have real data
    keypoint_3d: 16/16 samples have real data
    silhouette: 0/16 samples have real data
  Loss weights: keypoint_2d=0.1, betas=0.0005
  need_keypoint_loss=True, need_silhouette_loss=False
  Loss components (non-zero only):
    betas: 0.000003 (weight=0.0005)
    limb_scale_regularization: 0.013406 (weight=1e-05)
    limb_trans_regularization: 0.000000 (weight=0.5)
    joint_angle_regularization: 0.131831 (weight=2e-07)
    joint_limit_regularization: 0.001432 (weight=0.0001)
    keypoint_2d: 0.000004 (weight=0.1)
    keypoint_3d: 0.000000 (weight=2)

Epoch 413:
  Train Loss = 0.000003, Val Loss = 0.000002, LR = 1.00e-05
  Parameter Errors (Train / Val):
    betas          : 0.000049 / 0.000008
    betas_trans    : 0.000000 / 0.000000
    cam_rot        : 0.000000 / 0.000000
    cam_trans      : 0.000000 / 0.000000
    fov            : 0.000000 / 0.000000
    global_rot     : 0.000000 / 0.000000
    joint_angle_regularization: 0.118590 / 0.118912
    joint_limit_regularization: 0.001940 / 0.001920
    joint_rot      : 0.000000 / 0.000000
    keypoint_2d    : 0.000015 / 0.000012
    keypoint_3d    : 0.000000 / 0.000000
    limb_scale_regularization: 0.016261 / 0.016423
    limb_trans_regularization: 0.000000 / 0.000000
    log_beta_scales: 0.000000 / 0.000000
    silhouette     : 0.000000 / 0.000000
    trans          : 0.000000 / 0.000000
  Checkpoint saved at epoch 413

WARNING: Near-zero total loss detected: 9.72e-07
  Valid samples: 16/16
  Dataset composition: {'unknown': 16}
  Availability masks present: True
  Availability summary:
    global_rot: 0/16 samples have real data
    joint_rot: 0/16 samples have real data
    betas: 16/16 samples have real data
    trans: 0/16 samples have real data
    fov: 0/16 samples have real data
    cam_rot: 0/16 samples have real data
    cam_trans: 0/16 samples have real data
    log_beta_scales: 0/16 samples have real data
    betas_trans: 0/16 samples have real data
    keypoint_2d: 16/16 samples have real data
    keypoint_3d: 16/16 samples have real data
    silhouette: 0/16 samples have real data
  Loss weights: keypoint_2d=0.1, betas=0.0005
  need_keypoint_loss=True, need_silhouette_loss=False
  Loss components (non-zero only):
    betas: 0.000002 (weight=0.0005)
    limb_scale_regularization: 0.013668 (weight=1e-05)
    limb_trans_regularization: 0.000000 (weight=0.5)
    joint_angle_regularization: 0.131878 (weight=2e-07)
    joint_limit_regularization: 0.001443 (weight=0.0001)
    keypoint_2d: 0.000004 (weight=0.1)
    keypoint_3d: 0.000000 (weight=2)

WARNING: Near-zero total loss detected: 9.05e-07
  Valid samples: 16/16
  Dataset composition: {'unknown': 16}
  Availability masks present: True
  Availability summary:
    global_rot: 0/16 samples have real data
    joint_rot: 0/16 samples have real data
    betas: 16/16 samples have real data
    trans: 0/16 samples have real data
    fov: 0/16 samples have real data
    cam_rot: 0/16 samples have real data
    cam_trans: 0/16 samples have real data
    log_beta_scales: 0/16 samples have real data
    betas_trans: 0/16 samples have real data
    keypoint_2d: 16/16 samples have real data
    keypoint_3d: 16/16 samples have real data
    silhouette: 0/16 samples have real data
  Loss weights: keypoint_2d=0.1, betas=0.0005
  need_keypoint_loss=True, need_silhouette_loss=False
  Loss components (non-zero only):
    betas: 0.000002 (weight=0.0005)
    limb_scale_regularization: 0.013664 (weight=1e-05)
    limb_trans_regularization: 0.000000 (weight=0.5)
    joint_angle_regularization: 0.131966 (weight=2e-07)
    joint_limit_regularization: 0.001402 (weight=0.0001)
    keypoint_2d: 0.000004 (weight=0.1)
    keypoint_3d: 0.000000 (weight=2)

WARNING: Near-zero total loss detected: 9.64e-07
  Valid samples: 16/16
  Dataset composition: {'unknown': 16}
  Availability masks present: True
  Availability summary:
    global_rot: 0/16 samples have real data
    joint_rot: 0/16 samples have real data
    betas: 16/16 samples have real data
    trans: 0/16 samples have real data
    fov: 0/16 samples have real data
    cam_rot: 0/16 samples have real data
    cam_trans: 0/16 samples have real data
    log_beta_scales: 0/16 samples have real data
    betas_trans: 0/16 samples have real data
    keypoint_2d: 16/16 samples have real data
    keypoint_3d: 16/16 samples have real data
    silhouette: 0/16 samples have real data
  Loss weights: keypoint_2d=0.1, betas=0.0005
  need_keypoint_loss=True, need_silhouette_loss=False
  Loss components (non-zero only):
    betas: 0.000002 (weight=0.0005)
    limb_scale_regularization: 0.013461 (weight=1e-05)
    limb_trans_regularization: 0.000000 (weight=0.5)
    joint_angle_regularization: 0.129405 (weight=2e-07)
    joint_limit_regularization: 0.001322 (weight=0.0001)
    keypoint_2d: 0.000004 (weight=0.1)
    keypoint_3d: 0.000000 (weight=2)

WARNING: Near-zero total loss detected: 9.22e-07
  Valid samples: 16/16
  Dataset composition: {'unknown': 16}
  Availability masks present: True
  Availability summary:
    global_rot: 0/16 samples have real data
    joint_rot: 0/16 samples have real data
    betas: 16/16 samples have real data
    trans: 0/16 samples have real data
    fov: 0/16 samples have real data
    cam_rot: 0/16 samples have real data
    cam_trans: 0/16 samples have real data
    log_beta_scales: 0/16 samples have real data
    betas_trans: 0/16 samples have real data
    keypoint_2d: 16/16 samples have real data
    keypoint_3d: 16/16 samples have real data
    silhouette: 0/16 samples have real data
  Loss weights: keypoint_2d=0.1, betas=0.0005
  need_keypoint_loss=True, need_silhouette_loss=False
  Loss components (non-zero only):
    betas: 0.000001 (weight=0.0005)
    limb_scale_regularization: 0.013447 (weight=1e-05)
    limb_trans_regularization: 0.000000 (weight=0.5)
    joint_angle_regularization: 0.130360 (weight=2e-07)
    joint_limit_regularization: 0.001378 (weight=0.0001)
    keypoint_2d: 0.000004 (weight=0.1)
    keypoint_3d: 0.000000 (weight=2)

WARNING: Near-zero total loss detected: 9.77e-07
  Valid samples: 16/16
  Dataset composition: {'unknown': 16}
  Availability masks present: True
  Availability summary:
    global_rot: 0/16 samples have real data
    joint_rot: 0/16 samples have real data
    betas: 16/16 samples have real data
    trans: 0/16 samples have real data
    fov: 0/16 samples have real data
    cam_rot: 0/16 samples have real data
    cam_trans: 0/16 samples have real data
    log_beta_scales: 0/16 samples have real data
    betas_trans: 0/16 samples have real data
    keypoint_2d: 16/16 samples have real data
    keypoint_3d: 16/16 samples have real data
    silhouette: 0/16 samples have real data
  Loss weights: keypoint_2d=0.1, betas=0.0005
  need_keypoint_loss=True, need_silhouette_loss=False
  Loss components (non-zero only):
    betas: 0.000001 (weight=0.0005)
    limb_scale_regularization: 0.013605 (weight=1e-05)
    limb_trans_regularization: 0.000000 (weight=0.5)
    joint_angle_regularization: 0.132045 (weight=2e-07)
    joint_limit_regularization: 0.001413 (weight=0.0001)
    keypoint_2d: 0.000004 (weight=0.1)
    keypoint_3d: 0.000000 (weight=2)

Epoch 414:
  Train Loss = 0.000003, Val Loss = 0.000002, LR = 1.00e-05
  Parameter Errors (Train / Val):
    betas          : 0.000045 / 0.000008
    betas_trans    : 0.000000 / 0.000000
    cam_rot        : 0.000000 / 0.000000
    cam_trans      : 0.000000 / 0.000000
    fov            : 0.000000 / 0.000000
    global_rot     : 0.000000 / 0.000000
    joint_angle_regularization: 0.118840 / 0.119000
    joint_limit_regularization: 0.001904 / 0.001874
    joint_rot      : 0.000000 / 0.000000
    keypoint_2d    : 0.000015 / 0.000012
    keypoint_3d    : 0.000000 / 0.000000
    limb_scale_regularization: 0.016473 / 0.016652
    limb_trans_regularization: 0.000000 / 0.000000
    log_beta_scales: 0.000000 / 0.000000
    silhouette     : 0.000000 / 0.000000
    trans          : 0.000000 / 0.000000

WARNING: Near-zero total loss detected: 9.25e-07
  Valid samples: 16/16
  Dataset composition: {'unknown': 16}
  Availability masks present: True
  Availability summary:
    global_rot: 0/16 samples have real data
    joint_rot: 0/16 samples have real data
    betas: 16/16 samples have real data
    trans: 0/16 samples have real data
    fov: 0/16 samples have real data
    cam_rot: 0/16 samples have real data
    cam_trans: 0/16 samples have real data
    log_beta_scales: 0/16 samples have real data
    betas_trans: 0/16 samples have real data
    keypoint_2d: 16/16 samples have real data
    keypoint_3d: 16/16 samples have real data
    silhouette: 0/16 samples have real data
  Loss weights: keypoint_2d=0.1, betas=0.0005
  need_keypoint_loss=True, need_silhouette_loss=False
  Loss components (non-zero only):
    betas: 0.000001 (weight=0.0005)
    limb_scale_regularization: 0.013807 (weight=1e-05)
    limb_trans_regularization: 0.000000 (weight=0.5)
    joint_angle_regularization: 0.131017 (weight=2e-07)
    joint_limit_regularization: 0.001320 (weight=0.0001)
    keypoint_2d: 0.000004 (weight=0.1)
    keypoint_3d: 0.000000 (weight=2)

WARNING: Near-zero total loss detected: 9.54e-07
  Valid samples: 16/16
  Dataset composition: {'unknown': 16}
  Availability masks present: True
  Availability summary:
    global_rot: 0/16 samples have real data
    joint_rot: 0/16 samples have real data
    betas: 16/16 samples have real data
    trans: 0/16 samples have real data
    fov: 0/16 samples have real data
    cam_rot: 0/16 samples have real data
    cam_trans: 0/16 samples have real data
    log_beta_scales: 0/16 samples have real data
    betas_trans: 0/16 samples have real data
    keypoint_2d: 16/16 samples have real data
    keypoint_3d: 16/16 samples have real data
    silhouette: 0/16 samples have real data
  Loss weights: keypoint_2d=0.1, betas=0.0005
  need_keypoint_loss=True, need_silhouette_loss=False
  Loss components (non-zero only):
    betas: 0.000003 (weight=0.0005)
    limb_scale_regularization: 0.013672 (weight=1e-05)
    limb_trans_regularization: 0.000000 (weight=0.5)
    joint_angle_regularization: 0.129194 (weight=2e-07)
    joint_limit_regularization: 0.001299 (weight=0.0001)
    keypoint_2d: 0.000004 (weight=0.1)
    keypoint_3d: 0.000000 (weight=2)

WARNING: Near-zero total loss detected: 8.69e-07
  Valid samples: 16/16
  Dataset composition: {'unknown': 16}
  Availability masks present: True
  Availability summary:
    global_rot: 0/16 samples have real data
    joint_rot: 0/16 samples have real data
    betas: 16/16 samples have real data
    trans: 0/16 samples have real data
    fov: 0/16 samples have real data
    cam_rot: 0/16 samples have real data
    cam_trans: 0/16 samples have real data
    log_beta_scales: 0/16 samples have real data
    betas_trans: 0/16 samples have real data
    keypoint_2d: 16/16 samples have real data
    keypoint_3d: 16/16 samples have real data
    silhouette: 0/16 samples have real data
  Loss weights: keypoint_2d=0.1, betas=0.0005
  need_keypoint_loss=True, need_silhouette_loss=False
  Loss components (non-zero only):
    betas: 0.000002 (weight=0.0005)
    limb_scale_regularization: 0.013567 (weight=1e-05)
    limb_trans_regularization: 0.000000 (weight=0.5)
    joint_angle_regularization: 0.129780 (weight=2e-07)
    joint_limit_regularization: 0.001352 (weight=0.0001)
    keypoint_2d: 0.000003 (weight=0.1)
    keypoint_3d: 0.000000 (weight=2)

WARNING: Near-zero total loss detected: 9.12e-07
  Valid samples: 16/16
  Dataset composition: {'unknown': 16}
  Availability masks present: True
  Availability summary:
    global_rot: 0/16 samples have real data
    joint_rot: 0/16 samples have real data
    betas: 16/16 samples have real data
    trans: 0/16 samples have real data
    fov: 0/16 samples have real data
    cam_rot: 0/16 samples have real data
    cam_trans: 0/16 samples have real data
    log_beta_scales: 0/16 samples have real data
    betas_trans: 0/16 samples have real data
    keypoint_2d: 16/16 samples have real data
    keypoint_3d: 16/16 samples have real data
    silhouette: 0/16 samples have real data
  Loss weights: keypoint_2d=0.1, betas=0.0005
  need_keypoint_loss=True, need_silhouette_loss=False
  Loss components (non-zero only):
    betas: 0.000008 (weight=0.0005)
    limb_scale_regularization: 0.013771 (weight=1e-05)
    limb_trans_regularization: 0.000000 (weight=0.5)
    joint_angle_regularization: 0.132297 (weight=2e-07)
    joint_limit_regularization: 0.001361 (weight=0.0001)
    keypoint_2d: 0.000004 (weight=0.1)
    keypoint_3d: 0.000000 (weight=2)

WARNING: Near-zero total loss detected: 9.64e-07
  Valid samples: 16/16
  Dataset composition: {'unknown': 16}
  Availability masks present: True
  Availability summary:
    global_rot: 0/16 samples have real data
    joint_rot: 0/16 samples have real data
    betas: 16/16 samples have real data
    trans: 0/16 samples have real data
    fov: 0/16 samples have real data
    cam_rot: 0/16 samples have real data
    cam_trans: 0/16 samples have real data
    log_beta_scales: 0/16 samples have real data
    betas_trans: 0/16 samples have real data
    keypoint_2d: 16/16 samples have real data
    keypoint_3d: 16/16 samples have real data
    silhouette: 0/16 samples have real data
  Loss weights: keypoint_2d=0.1, betas=0.0005
  need_keypoint_loss=True, need_silhouette_loss=False
  Loss components (non-zero only):
    betas: 0.000011 (weight=0.0005)
    limb_scale_regularization: 0.013569 (weight=1e-05)
    limb_trans_regularization: 0.000000 (weight=0.5)
    joint_angle_regularization: 0.129803 (weight=2e-07)
    joint_limit_regularization: 0.001269 (weight=0.0001)
    keypoint_2d: 0.000004 (weight=0.1)
    keypoint_3d: 0.000000 (weight=2)

WARNING: Near-zero total loss detected: 9.48e-07
  Valid samples: 16/16
  Dataset composition: {'unknown': 16}
  Availability masks present: True
  Availability summary:
    global_rot: 0/16 samples have real data
    joint_rot: 0/16 samples have real data
    betas: 16/16 samples have real data
    trans: 0/16 samples have real data
    fov: 0/16 samples have real data
    cam_rot: 0/16 samples have real data
    cam_trans: 0/16 samples have real data
    log_beta_scales: 0/16 samples have real data
    betas_trans: 0/16 samples have real data
    keypoint_2d: 16/16 samples have real data
    keypoint_3d: 16/16 samples have real data
    silhouette: 0/16 samples have real data
  Loss weights: keypoint_2d=0.1, betas=0.0005
  need_keypoint_loss=True, need_silhouette_loss=False
  Loss components (non-zero only):
    betas: 0.000003 (weight=0.0005)
    limb_scale_regularization: 0.013763 (weight=1e-05)
    limb_trans_regularization: 0.000000 (weight=0.5)
    joint_angle_regularization: 0.132534 (weight=2e-07)
    joint_limit_regularization: 0.001369 (weight=0.0001)
    keypoint_2d: 0.000004 (weight=0.1)
    keypoint_3d: 0.000000 (weight=2)

Epoch 415:
  Train Loss = 0.000003, Val Loss = 0.000002, LR = 1.00e-05
  Parameter Errors (Train / Val):
    betas          : 0.000077 / 0.000009
    betas_trans    : 0.000000 / 0.000000
    cam_rot        : 0.000000 / 0.000000
    cam_trans      : 0.000000 / 0.000000
    fov            : 0.000000 / 0.000000
    global_rot     : 0.000000 / 0.000000
    joint_angle_regularization: 0.118469 / 0.118990
    joint_limit_regularization: 0.001860 / 0.001837
    joint_rot      : 0.000000 / 0.000000
    keypoint_2d    : 0.000015 / 0.000012
    keypoint_3d    : 0.000000 / 0.000000
    limb_scale_regularization: 0.016644 / 0.016807
    limb_trans_regularization: 0.000000 / 0.000000
    log_beta_scales: 0.000000 / 0.000000
    silhouette     : 0.000000 / 0.000000
    trans          : 0.000000 / 0.000000
  Checkpoint saved at epoch 415

WARNING: Near-zero total loss detected: 9.61e-07
  Valid samples: 16/16
  Dataset composition: {'unknown': 16}
  Availability masks present: True
  Availability summary:
    global_rot: 0/16 samples have real data
    joint_rot: 0/16 samples have real data
    betas: 16/16 samples have real data
    trans: 0/16 samples have real data
    fov: 0/16 samples have real data
    cam_rot: 0/16 samples have real data
    cam_trans: 0/16 samples have real data
    log_beta_scales: 0/16 samples have real data
    betas_trans: 0/16 samples have real data
    keypoint_2d: 16/16 samples have real data
    keypoint_3d: 16/16 samples have real data
    silhouette: 0/16 samples have real data
  Loss weights: keypoint_2d=0.1, betas=0.0005
  need_keypoint_loss=True, need_silhouette_loss=False
  Loss components (non-zero only):
    betas: 0.000002 (weight=0.0005)
    limb_scale_regularization: 0.013938 (weight=1e-05)
    limb_trans_regularization: 0.000000 (weight=0.5)
    joint_angle_regularization: 0.132165 (weight=2e-07)
    joint_limit_regularization: 0.001359 (weight=0.0001)
    keypoint_2d: 0.000004 (weight=0.1)
    keypoint_3d: 0.000000 (weight=2)

WARNING: Near-zero total loss detected: 9.95e-07
  Valid samples: 16/16
  Dataset composition: {'unknown': 16}
  Availability masks present: True
  Availability summary:
    global_rot: 0/16 samples have real data
    joint_rot: 0/16 samples have real data
    betas: 16/16 samples have real data
    trans: 0/16 samples have real data
    fov: 0/16 samples have real data
    cam_rot: 0/16 samples have real data
    cam_trans: 0/16 samples have real data
    log_beta_scales: 0/16 samples have real data
    betas_trans: 0/16 samples have real data
    keypoint_2d: 16/16 samples have real data
    keypoint_3d: 16/16 samples have real data
    silhouette: 0/16 samples have real data
  Loss weights: keypoint_2d=0.1, betas=0.0005
  need_keypoint_loss=True, need_silhouette_loss=False
  Loss components (non-zero only):
    betas: 0.000003 (weight=0.0005)
    limb_scale_regularization: 0.013803 (weight=1e-05)
    limb_trans_regularization: 0.000000 (weight=0.5)
    joint_angle_regularization: 0.130305 (weight=2e-07)
    joint_limit_regularization: 0.001323 (weight=0.0001)
    keypoint_2d: 0.000004 (weight=0.1)
    keypoint_3d: 0.000000 (weight=2)

WARNING: Near-zero total loss detected: 9.02e-07
  Valid samples: 16/16
  Dataset composition: {'unknown': 16}
  Availability masks present: True
  Availability summary:
    global_rot: 0/16 samples have real data
    joint_rot: 0/16 samples have real data
    betas: 16/16 samples have real data
    trans: 0/16 samples have real data
    fov: 0/16 samples have real data
    cam_rot: 0/16 samples have real data
    cam_trans: 0/16 samples have real data
    log_beta_scales: 0/16 samples have real data
    betas_trans: 0/16 samples have real data
    keypoint_2d: 16/16 samples have real data
    keypoint_3d: 16/16 samples have real data
    silhouette: 0/16 samples have real data
  Loss weights: keypoint_2d=0.1, betas=0.0005
  need_keypoint_loss=True, need_silhouette_loss=False
  Loss components (non-zero only):
    betas: 0.000001 (weight=0.0005)
    limb_scale_regularization: 0.013867 (weight=1e-05)
    limb_trans_regularization: 0.000000 (weight=0.5)
    joint_angle_regularization: 0.132064 (weight=2e-07)
    joint_limit_regularization: 0.001329 (weight=0.0001)
    keypoint_2d: 0.000004 (weight=0.1)
    keypoint_3d: 0.000000 (weight=2)

WARNING: Near-zero total loss detected: 9.55e-07
  Valid samples: 16/16
  Dataset composition: {'unknown': 16}
  Availability masks present: True
  Availability summary:
    global_rot: 0/16 samples have real data
    joint_rot: 0/16 samples have real data
    betas: 16/16 samples have real data
    trans: 0/16 samples have real data
    fov: 0/16 samples have real data
    cam_rot: 0/16 samples have real data
    cam_trans: 0/16 samples have real data
    log_beta_scales: 0/16 samples have real data
    betas_trans: 0/16 samples have real data
    keypoint_2d: 16/16 samples have real data
    keypoint_3d: 16/16 samples have real data
    silhouette: 0/16 samples have real data
  Loss weights: keypoint_2d=0.1, betas=0.0005
  need_keypoint_loss=True, need_silhouette_loss=False
  Loss components (non-zero only):
    betas: 0.000002 (weight=0.0005)
    limb_scale_regularization: 0.013660 (weight=1e-05)
    limb_trans_regularization: 0.000000 (weight=0.5)
    joint_angle_regularization: 0.129558 (weight=2e-07)
    joint_limit_regularization: 0.001232 (weight=0.0001)
    keypoint_2d: 0.000004 (weight=0.1)
    keypoint_3d: 0.000000 (weight=2)

WARNING: Near-zero total loss detected: 9.51e-07
  Valid samples: 16/16
  Dataset composition: {'unknown': 16}
  Availability masks present: True
  Availability summary:
    global_rot: 0/16 samples have real data
    joint_rot: 0/16 samples have real data
    betas: 16/16 samples have real data
    trans: 0/16 samples have real data
    fov: 0/16 samples have real data
    cam_rot: 0/16 samples have real data
    cam_trans: 0/16 samples have real data
    log_beta_scales: 0/16 samples have real data
    betas_trans: 0/16 samples have real data
    keypoint_2d: 16/16 samples have real data
    keypoint_3d: 16/16 samples have real data
    silhouette: 0/16 samples have real data
  Loss weights: keypoint_2d=0.1, betas=0.0005
  need_keypoint_loss=True, need_silhouette_loss=False
  Loss components (non-zero only):
    betas: 0.000001 (weight=0.0005)
    limb_scale_regularization: 0.013813 (weight=1e-05)
    limb_trans_regularization: 0.000000 (weight=0.5)
    joint_angle_regularization: 0.131033 (weight=2e-07)
    joint_limit_regularization: 0.001321 (weight=0.0001)
    keypoint_2d: 0.000004 (weight=0.1)
    keypoint_3d: 0.000000 (weight=2)

WARNING: Near-zero total loss detected: 9.94e-07
  Valid samples: 16/16
  Dataset composition: {'unknown': 16}
  Availability masks present: True
  Availability summary:
    global_rot: 0/16 samples have real data
    joint_rot: 0/16 samples have real data
    betas: 16/16 samples have real data
    trans: 0/16 samples have real data
    fov: 0/16 samples have real data
    cam_rot: 0/16 samples have real data
    cam_trans: 0/16 samples have real data
    log_beta_scales: 0/16 samples have real data
    betas_trans: 0/16 samples have real data
    keypoint_2d: 16/16 samples have real data
    keypoint_3d: 16/16 samples have real data
    silhouette: 0/16 samples have real data
  Loss weights: keypoint_2d=0.1, betas=0.0005
  need_keypoint_loss=True, need_silhouette_loss=False
  Loss components (non-zero only):
    betas: 0.000002 (weight=0.0005)
    limb_scale_regularization: 0.013771 (weight=1e-05)
    limb_trans_regularization: 0.000000 (weight=0.5)
    joint_angle_regularization: 0.130452 (weight=2e-07)
    joint_limit_regularization: 0.001316 (weight=0.0001)
    keypoint_2d: 0.000005 (weight=0.1)
    keypoint_3d: 0.000000 (weight=2)

WARNING: Near-zero total loss detected: 9.23e-07
  Valid samples: 16/16
  Dataset composition: {'unknown': 16}
  Availability masks present: True
  Availability summary:
    global_rot: 0/16 samples have real data
    joint_rot: 0/16 samples have real data
    betas: 16/16 samples have real data
    trans: 0/16 samples have real data
    fov: 0/16 samples have real data
    cam_rot: 0/16 samples have real data
    cam_trans: 0/16 samples have real data
    log_beta_scales: 0/16 samples have real data
    betas_trans: 0/16 samples have real data
    keypoint_2d: 16/16 samples have real data
    keypoint_3d: 16/16 samples have real data
    silhouette: 0/16 samples have real data
  Loss weights: keypoint_2d=0.1, betas=0.0005
  need_keypoint_loss=True, need_silhouette_loss=False
  Loss components (non-zero only):
    betas: 0.000002 (weight=0.0005)
    limb_scale_regularization: 0.013749 (weight=1e-05)
    limb_trans_regularization: 0.000000 (weight=0.5)
    joint_angle_regularization: 0.130025 (weight=2e-07)
    joint_limit_regularization: 0.001338 (weight=0.0001)
    keypoint_2d: 0.000004 (weight=0.1)
    keypoint_3d: 0.000000 (weight=2)

Epoch 416:
  Train Loss = 0.000003, Val Loss = 0.000002, LR = 1.00e-05
  Parameter Errors (Train / Val):
    betas          : 0.000045 / 0.000009
    betas_trans    : 0.000000 / 0.000000
    cam_rot        : 0.000000 / 0.000000
    cam_trans      : 0.000000 / 0.000000
    fov            : 0.000000 / 0.000000
    global_rot     : 0.000000 / 0.000000
    joint_angle_regularization: 0.118381 / 0.119142
    joint_limit_regularization: 0.001808 / 0.001808
    joint_rot      : 0.000000 / 0.000000
    keypoint_2d    : 0.000015 / 0.000012
    keypoint_3d    : 0.000000 / 0.000000
    limb_scale_regularization: 0.016793 / 0.016944
    limb_trans_regularization: 0.000000 / 0.000000
    log_beta_scales: 0.000000 / 0.000000
    silhouette     : 0.000000 / 0.000000
    trans          : 0.000000 / 0.000000

WARNING: Near-zero total loss detected: 9.50e-07
  Valid samples: 16/16
  Dataset composition: {'unknown': 16}
  Availability masks present: True
  Availability summary:
    global_rot: 0/16 samples have real data
    joint_rot: 0/16 samples have real data
    betas: 16/16 samples have real data
    trans: 0/16 samples have real data
    fov: 0/16 samples have real data
    cam_rot: 0/16 samples have real data
    cam_trans: 0/16 samples have real data
    log_beta_scales: 0/16 samples have real data
    betas_trans: 0/16 samples have real data
    keypoint_2d: 16/16 samples have real data
    keypoint_3d: 16/16 samples have real data
    silhouette: 0/16 samples have real data
  Loss weights: keypoint_2d=0.1, betas=0.0005
  need_keypoint_loss=True, need_silhouette_loss=False
  Loss components (non-zero only):
    betas: 0.000001 (weight=0.0005)
    limb_scale_regularization: 0.014026 (weight=1e-05)
    limb_trans_regularization: 0.000000 (weight=0.5)
    joint_angle_regularization: 0.131207 (weight=2e-07)
    joint_limit_regularization: 0.001282 (weight=0.0001)
    keypoint_2d: 0.000004 (weight=0.1)
    keypoint_3d: 0.000000 (weight=2)

WARNING: Near-zero total loss detected: 9.31e-07
  Valid samples: 16/16
  Dataset composition: {'unknown': 16}
  Availability masks present: True
  Availability summary:
    global_rot: 0/16 samples have real data
    joint_rot: 0/16 samples have real data
    betas: 16/16 samples have real data
    trans: 0/16 samples have real data
    fov: 0/16 samples have real data
    cam_rot: 0/16 samples have real data
    cam_trans: 0/16 samples have real data
    log_beta_scales: 0/16 samples have real data
    betas_trans: 0/16 samples have real data
    keypoint_2d: 16/16 samples have real data
    keypoint_3d: 16/16 samples have real data
    silhouette: 0/16 samples have real data
  Loss weights: keypoint_2d=0.1, betas=0.0005
  need_keypoint_loss=True, need_silhouette_loss=False
  Loss components (non-zero only):
    betas: 0.000002 (weight=0.0005)
    limb_scale_regularization: 0.014036 (weight=1e-05)
    limb_trans_regularization: 0.000000 (weight=0.5)
    joint_angle_regularization: 0.132042 (weight=2e-07)
    joint_limit_regularization: 0.001317 (weight=0.0001)
    keypoint_2d: 0.000004 (weight=0.1)
    keypoint_3d: 0.000000 (weight=2)

WARNING: Near-zero total loss detected: 9.94e-07
  Valid samples: 16/16
  Dataset composition: {'unknown': 16}
  Availability masks present: True
  Availability summary:
    global_rot: 0/16 samples have real data
    joint_rot: 0/16 samples have real data
    betas: 16/16 samples have real data
    trans: 0/16 samples have real data
    fov: 0/16 samples have real data
    cam_rot: 0/16 samples have real data
    cam_trans: 0/16 samples have real data
    log_beta_scales: 0/16 samples have real data
    betas_trans: 0/16 samples have real data
    keypoint_2d: 16/16 samples have real data
    keypoint_3d: 16/16 samples have real data
    silhouette: 0/16 samples have real data
  Loss weights: keypoint_2d=0.1, betas=0.0005
  need_keypoint_loss=True, need_silhouette_loss=False
  Loss components (non-zero only):
    betas: 0.000003 (weight=0.0005)
    limb_scale_regularization: 0.013829 (weight=1e-05)
    limb_trans_regularization: 0.000000 (weight=0.5)
    joint_angle_regularization: 0.129591 (weight=2e-07)
    joint_limit_regularization: 0.001231 (weight=0.0001)
    keypoint_2d: 0.000004 (weight=0.1)
    keypoint_3d: 0.000000 (weight=2)

WARNING: Near-zero total loss detected: 8.50e-07
  Valid samples: 16/16
  Dataset composition: {'unknown': 16}
  Availability masks present: True
  Availability summary:
    global_rot: 0/16 samples have real data
    joint_rot: 0/16 samples have real data
    betas: 16/16 samples have real data
    trans: 0/16 samples have real data
    fov: 0/16 samples have real data
    cam_rot: 0/16 samples have real data
    cam_trans: 0/16 samples have real data
    log_beta_scales: 0/16 samples have real data
    betas_trans: 0/16 samples have real data
    keypoint_2d: 16/16 samples have real data
    keypoint_3d: 16/16 samples have real data
    silhouette: 0/16 samples have real data
  Loss weights: keypoint_2d=0.1, betas=0.0005
  need_keypoint_loss=True, need_silhouette_loss=False
  Loss components (non-zero only):
    betas: 0.000004 (weight=0.0005)
    limb_scale_regularization: 0.013867 (weight=1e-05)
    limb_trans_regularization: 0.000000 (weight=0.5)
    joint_angle_regularization: 0.130047 (weight=2e-07)
    joint_limit_regularization: 0.001263 (weight=0.0001)
    keypoint_2d: 0.000003 (weight=0.1)
    keypoint_3d: 0.000000 (weight=2)

WARNING: Near-zero total loss detected: 9.47e-07
  Valid samples: 16/16
  Dataset composition: {'unknown': 16}
  Availability masks present: True
  Availability summary:
    global_rot: 0/16 samples have real data
    joint_rot: 0/16 samples have real data
    betas: 16/16 samples have real data
    trans: 0/16 samples have real data
    fov: 0/16 samples have real data
    cam_rot: 0/16 samples have real data
    cam_trans: 0/16 samples have real data
    log_beta_scales: 0/16 samples have real data
    betas_trans: 0/16 samples have real data
    keypoint_2d: 16/16 samples have real data
    keypoint_3d: 16/16 samples have real data
    silhouette: 0/16 samples have real data
  Loss weights: keypoint_2d=0.1, betas=0.0005
  need_keypoint_loss=True, need_silhouette_loss=False
  Loss components (non-zero only):
    betas: 0.000003 (weight=0.0005)
    limb_scale_regularization: 0.013947 (weight=1e-05)
    limb_trans_regularization: 0.000000 (weight=0.5)
    joint_angle_regularization: 0.132003 (weight=2e-07)
    joint_limit_regularization: 0.001304 (weight=0.0001)
    keypoint_2d: 0.000004 (weight=0.1)
    keypoint_3d: 0.000000 (weight=2)

Epoch 417:
  Train Loss = 0.000003, Val Loss = 0.000002, LR = 1.00e-05
  Parameter Errors (Train / Val):
    betas          : 0.000094 / 0.000008
    betas_trans    : 0.000000 / 0.000000
    cam_rot        : 0.000000 / 0.000000
    cam_trans      : 0.000000 / 0.000000
    fov            : 0.000000 / 0.000000
    global_rot     : 0.000000 / 0.000000
    joint_angle_regularization: 0.118995 / 0.119030
    joint_limit_regularization: 0.001797 / 0.001760
    joint_rot      : 0.000000 / 0.000000
    keypoint_2d    : 0.000014 / 0.000012
    keypoint_3d    : 0.000000 / 0.000000
    limb_scale_regularization: 0.017018 / 0.017114
    limb_trans_regularization: 0.000000 / 0.000000
    log_beta_scales: 0.000000 / 0.000000
    silhouette     : 0.000000 / 0.000000
    trans          : 0.000000 / 0.000000
  Checkpoint saved at epoch 417

WARNING: Near-zero total loss detected: 8.94e-07
  Valid samples: 16/16
  Dataset composition: {'unknown': 16}
  Availability masks present: True
  Availability summary:
    global_rot: 0/16 samples have real data
    joint_rot: 0/16 samples have real data
    betas: 16/16 samples have real data
    trans: 0/16 samples have real data
    fov: 0/16 samples have real data
    cam_rot: 0/16 samples have real data
    cam_trans: 0/16 samples have real data
    log_beta_scales: 0/16 samples have real data
    betas_trans: 0/16 samples have real data
    keypoint_2d: 16/16 samples have real data
    keypoint_3d: 16/16 samples have real data
    silhouette: 0/16 samples have real data
  Loss weights: keypoint_2d=0.1, betas=0.0005
  need_keypoint_loss=True, need_silhouette_loss=False
  Loss components (non-zero only):
    betas: 0.000001 (weight=0.0005)
    limb_scale_regularization: 0.014120 (weight=1e-05)
    limb_trans_regularization: 0.000000 (weight=0.5)
    joint_angle_regularization: 0.131852 (weight=2e-07)
    joint_limit_regularization: 0.001245 (weight=0.0001)
    keypoint_2d: 0.000004 (weight=0.1)
    keypoint_3d: 0.000000 (weight=2)

WARNING: Near-zero total loss detected: 9.31e-07
  Valid samples: 16/16
  Dataset composition: {'unknown': 16}
  Availability masks present: True
  Availability summary:
    global_rot: 0/16 samples have real data
    joint_rot: 0/16 samples have real data
    betas: 16/16 samples have real data
    trans: 0/16 samples have real data
    fov: 0/16 samples have real data
    cam_rot: 0/16 samples have real data
    cam_trans: 0/16 samples have real data
    log_beta_scales: 0/16 samples have real data
    betas_trans: 0/16 samples have real data
    keypoint_2d: 16/16 samples have real data
    keypoint_3d: 16/16 samples have real data
    silhouette: 0/16 samples have real data
  Loss weights: keypoint_2d=0.1, betas=0.0005
  need_keypoint_loss=True, need_silhouette_loss=False
  Loss components (non-zero only):
    betas: 0.000002 (weight=0.0005)
    limb_scale_regularization: 0.014141 (weight=1e-05)
    limb_trans_regularization: 0.000000 (weight=0.5)
    joint_angle_regularization: 0.131899 (weight=2e-07)
    joint_limit_regularization: 0.001238 (weight=0.0001)
    keypoint_2d: 0.000004 (weight=0.1)
    keypoint_3d: 0.000000 (weight=2)

WARNING: Near-zero total loss detected: 9.40e-07
  Valid samples: 16/16
  Dataset composition: {'unknown': 16}
  Availability masks present: True
  Availability summary:
    global_rot: 0/16 samples have real data
    joint_rot: 0/16 samples have real data
    betas: 16/16 samples have real data
    trans: 0/16 samples have real data
    fov: 0/16 samples have real data
    cam_rot: 0/16 samples have real data
    cam_trans: 0/16 samples have real data
    log_beta_scales: 0/16 samples have real data
    betas_trans: 0/16 samples have real data
    keypoint_2d: 16/16 samples have real data
    keypoint_3d: 16/16 samples have real data
    silhouette: 0/16 samples have real data
  Loss weights: keypoint_2d=0.1, betas=0.0005
  need_keypoint_loss=True, need_silhouette_loss=False
  Loss components (non-zero only):
    betas: 0.000002 (weight=0.0005)
    limb_scale_regularization: 0.013914 (weight=1e-05)
    limb_trans_regularization: 0.000000 (weight=0.5)
    joint_angle_regularization: 0.129563 (weight=2e-07)
    joint_limit_regularization: 0.001160 (weight=0.0001)
    keypoint_2d: 0.000004 (weight=0.1)
    keypoint_3d: 0.000000 (weight=2)

WARNING: Near-zero total loss detected: 9.90e-07
  Valid samples: 16/16
  Dataset composition: {'unknown': 16}
  Availability masks present: True
  Availability summary:
    global_rot: 0/16 samples have real data
    joint_rot: 0/16 samples have real data
    betas: 16/16 samples have real data
    trans: 0/16 samples have real data
    fov: 0/16 samples have real data
    cam_rot: 0/16 samples have real data
    cam_trans: 0/16 samples have real data
    log_beta_scales: 0/16 samples have real data
    betas_trans: 0/16 samples have real data
    keypoint_2d: 16/16 samples have real data
    keypoint_3d: 16/16 samples have real data
    silhouette: 0/16 samples have real data
  Loss weights: keypoint_2d=0.1, betas=0.0005
  need_keypoint_loss=True, need_silhouette_loss=False
  Loss components (non-zero only):
    betas: 0.000004 (weight=0.0005)
    limb_scale_regularization: 0.014007 (weight=1e-05)
    limb_trans_regularization: 0.000000 (weight=0.5)
    joint_angle_regularization: 0.130021 (weight=2e-07)
    joint_limit_regularization: 0.001205 (weight=0.0001)
    keypoint_2d: 0.000004 (weight=0.1)
    keypoint_3d: 0.000000 (weight=2)

WARNING: Near-zero total loss detected: 9.71e-07
  Valid samples: 16/16
  Dataset composition: {'unknown': 16}
  Availability masks present: True
  Availability summary:
    global_rot: 0/16 samples have real data
    joint_rot: 0/16 samples have real data
    betas: 16/16 samples have real data
    trans: 0/16 samples have real data
    fov: 0/16 samples have real data
    cam_rot: 0/16 samples have real data
    cam_trans: 0/16 samples have real data
    log_beta_scales: 0/16 samples have real data
    betas_trans: 0/16 samples have real data
    keypoint_2d: 16/16 samples have real data
    keypoint_3d: 16/16 samples have real data
    silhouette: 0/16 samples have real data
  Loss weights: keypoint_2d=0.1, betas=0.0005
  need_keypoint_loss=True, need_silhouette_loss=False
  Loss components (non-zero only):
    betas: 0.000010 (weight=0.0005)
    limb_scale_regularization: 0.014130 (weight=1e-05)
    limb_trans_regularization: 0.000000 (weight=0.5)
    joint_angle_regularization: 0.131199 (weight=2e-07)
    joint_limit_regularization: 0.001244 (weight=0.0001)
    keypoint_2d: 0.000004 (weight=0.1)
    keypoint_3d: 0.000000 (weight=2)

WARNING: Near-zero total loss detected: 8.72e-07
  Valid samples: 16/16
  Dataset composition: {'unknown': 16}
  Availability masks present: True
  Availability summary:
    global_rot: 0/16 samples have real data
    joint_rot: 0/16 samples have real data
    betas: 16/16 samples have real data
    trans: 0/16 samples have real data
    fov: 0/16 samples have real data
    cam_rot: 0/16 samples have real data
    cam_trans: 0/16 samples have real data
    log_beta_scales: 0/16 samples have real data
    betas_trans: 0/16 samples have real data
    keypoint_2d: 16/16 samples have real data
    keypoint_3d: 16/16 samples have real data
    silhouette: 0/16 samples have real data
  Loss weights: keypoint_2d=0.1, betas=0.0005
  need_keypoint_loss=True, need_silhouette_loss=False
  Loss components (non-zero only):
    betas: 0.000001 (weight=0.0005)
    limb_scale_regularization: 0.013963 (weight=1e-05)
    limb_trans_regularization: 0.000000 (weight=0.5)
    joint_angle_regularization: 0.131202 (weight=2e-07)
    joint_limit_regularization: 0.001291 (weight=0.0001)
    keypoint_2d: 0.000004 (weight=0.1)
    keypoint_3d: 0.000000 (weight=2)

Epoch 418:
  Train Loss = 0.000003, Val Loss = 0.000002, LR = 1.00e-05
  Parameter Errors (Train / Val):
    betas          : 0.000047 / 0.000009
    betas_trans    : 0.000000 / 0.000000
    cam_rot        : 0.000000 / 0.000000
    cam_trans      : 0.000000 / 0.000000
    fov            : 0.000000 / 0.000000
    global_rot     : 0.000000 / 0.000000
    joint_angle_regularization: 0.118844 / 0.119178
    joint_limit_regularization: 0.001757 / 0.001727
    joint_rot      : 0.000000 / 0.000000
    keypoint_2d    : 0.000014 / 0.000012
    keypoint_3d    : 0.000000 / 0.000000
    limb_scale_regularization: 0.017083 / 0.017256
    limb_trans_regularization: 0.000000 / 0.000000
    log_beta_scales: 0.000000 / 0.000000
    silhouette     : 0.000000 / 0.000000
    trans          : 0.000000 / 0.000000

WARNING: Near-zero total loss detected: 9.38e-07
  Valid samples: 16/16
  Dataset composition: {'unknown': 16}
  Availability masks present: True
  Availability summary:
    global_rot: 0/16 samples have real data
    joint_rot: 0/16 samples have real data
    betas: 16/16 samples have real data
    trans: 0/16 samples have real data
    fov: 0/16 samples have real data
    cam_rot: 0/16 samples have real data
    cam_trans: 0/16 samples have real data
    log_beta_scales: 0/16 samples have real data
    betas_trans: 0/16 samples have real data
    keypoint_2d: 16/16 samples have real data
    keypoint_3d: 16/16 samples have real data
    silhouette: 0/16 samples have real data
  Loss weights: keypoint_2d=0.1, betas=0.0005
  need_keypoint_loss=True, need_silhouette_loss=False
  Loss components (non-zero only):
    betas: 0.000003 (weight=0.0005)
    limb_scale_regularization: 0.014229 (weight=1e-05)
    limb_trans_regularization: 0.000000 (weight=0.5)
    joint_angle_regularization: 0.132294 (weight=2e-07)
    joint_limit_regularization: 0.001268 (weight=0.0001)
    keypoint_2d: 0.000004 (weight=0.1)
    keypoint_3d: 0.000000 (weight=2)

WARNING: Near-zero total loss detected: 9.89e-07
  Valid samples: 16/16
  Dataset composition: {'unknown': 16}
  Availability masks present: True
  Availability summary:
    global_rot: 0/16 samples have real data
    joint_rot: 0/16 samples have real data
    betas: 16/16 samples have real data
    trans: 0/16 samples have real data
    fov: 0/16 samples have real data
    cam_rot: 0/16 samples have real data
    cam_trans: 0/16 samples have real data
    log_beta_scales: 0/16 samples have real data
    betas_trans: 0/16 samples have real data
    keypoint_2d: 16/16 samples have real data
    keypoint_3d: 16/16 samples have real data
    silhouette: 0/16 samples have real data
  Loss weights: keypoint_2d=0.1, betas=0.0005
  need_keypoint_loss=True, need_silhouette_loss=False
  Loss components (non-zero only):
    betas: 0.000003 (weight=0.0005)
    limb_scale_regularization: 0.014094 (weight=1e-05)
    limb_trans_regularization: 0.000000 (weight=0.5)
    joint_angle_regularization: 0.130447 (weight=2e-07)
    joint_limit_regularization: 0.001233 (weight=0.0001)
    keypoint_2d: 0.000004 (weight=0.1)
    keypoint_3d: 0.000000 (weight=2)

WARNING: Near-zero total loss detected: 9.38e-07
  Valid samples: 16/16
  Dataset composition: {'unknown': 16}
  Availability masks present: True
  Availability summary:
    global_rot: 0/16 samples have real data
    joint_rot: 0/16 samples have real data
    betas: 16/16 samples have real data
    trans: 0/16 samples have real data
    fov: 0/16 samples have real data
    cam_rot: 0/16 samples have real data
    cam_trans: 0/16 samples have real data
    log_beta_scales: 0/16 samples have real data
    betas_trans: 0/16 samples have real data
    keypoint_2d: 16/16 samples have real data
    keypoint_3d: 16/16 samples have real data
    silhouette: 0/16 samples have real data
  Loss weights: keypoint_2d=0.1, betas=0.0005
  need_keypoint_loss=True, need_silhouette_loss=False
  Loss components (non-zero only):
    betas: 0.000006 (weight=0.0005)
    limb_scale_regularization: 0.014231 (weight=1e-05)
    limb_trans_regularization: 0.000000 (weight=0.5)
    joint_angle_regularization: 0.132269 (weight=2e-07)
    joint_limit_regularization: 0.001291 (weight=0.0001)
    keypoint_2d: 0.000004 (weight=0.1)
    keypoint_3d: 0.000000 (weight=2)

WARNING: Near-zero total loss detected: 9.37e-07
  Valid samples: 16/16
  Dataset composition: {'unknown': 16}
  Availability masks present: True
  Availability summary:
    global_rot: 0/16 samples have real data
    joint_rot: 0/16 samples have real data
    betas: 16/16 samples have real data
    trans: 0/16 samples have real data
    fov: 0/16 samples have real data
    cam_rot: 0/16 samples have real data
    cam_trans: 0/16 samples have real data
    log_beta_scales: 0/16 samples have real data
    betas_trans: 0/16 samples have real data
    keypoint_2d: 16/16 samples have real data
    keypoint_3d: 16/16 samples have real data
    silhouette: 0/16 samples have real data
  Loss weights: keypoint_2d=0.1, betas=0.0005
  need_keypoint_loss=True, need_silhouette_loss=False
  Loss components (non-zero only):
    betas: 0.000001 (weight=0.0005)
    limb_scale_regularization: 0.014242 (weight=1e-05)
    limb_trans_regularization: 0.000000 (weight=0.5)
    joint_angle_regularization: 0.132390 (weight=2e-07)
    joint_limit_regularization: 0.001237 (weight=0.0001)
    keypoint_2d: 0.000004 (weight=0.1)
    keypoint_3d: 0.000000 (weight=2)

WARNING: Near-zero total loss detected: 9.43e-07
  Valid samples: 16/16
  Dataset composition: {'unknown': 16}
  Availability masks present: True
  Availability summary:
    global_rot: 0/16 samples have real data
    joint_rot: 0/16 samples have real data
    betas: 16/16 samples have real data
    trans: 0/16 samples have real data
    fov: 0/16 samples have real data
    cam_rot: 0/16 samples have real data
    cam_trans: 0/16 samples have real data
    log_beta_scales: 0/16 samples have real data
    betas_trans: 0/16 samples have real data
    keypoint_2d: 16/16 samples have real data
    keypoint_3d: 16/16 samples have real data
    silhouette: 0/16 samples have real data
  Loss weights: keypoint_2d=0.1, betas=0.0005
  need_keypoint_loss=True, need_silhouette_loss=False
  Loss components (non-zero only):
    betas: 0.000002 (weight=0.0005)
    limb_scale_regularization: 0.014024 (weight=1e-05)
    limb_trans_regularization: 0.000000 (weight=0.5)
    joint_angle_regularization: 0.130596 (weight=2e-07)
    joint_limit_regularization: 0.001232 (weight=0.0001)
    keypoint_2d: 0.000004 (weight=0.1)
    keypoint_3d: 0.000000 (weight=2)

Epoch 419:
  Train Loss = 0.000003, Val Loss = 0.000002, LR = 1.00e-05
  Parameter Errors (Train / Val):
    betas          : 0.000046 / 0.000009
    betas_trans    : 0.000000 / 0.000000
    cam_rot        : 0.000000 / 0.000000
    cam_trans      : 0.000000 / 0.000000
    fov            : 0.000000 / 0.000000
    global_rot     : 0.000000 / 0.000000
    joint_angle_regularization: 0.118704 / 0.119338
    joint_limit_regularization: 0.001704 / 0.001688
    joint_rot      : 0.000000 / 0.000000
    keypoint_2d    : 0.000015 / 0.000012
    keypoint_3d    : 0.000000 / 0.000000
    limb_scale_regularization: 0.017246 / 0.017372
    limb_trans_regularization: 0.000000 / 0.000000
    log_beta_scales: 0.000000 / 0.000000
    silhouette     : 0.000000 / 0.000000
    trans          : 0.000000 / 0.000000
  Checkpoint saved at epoch 419
Visualizing 5 samples from dataset: unknown
Generated 5 visualization images for epoch 419 in /hpcwork/mkd34160/smilify_runs/singleview_lam1e-4/visualizations/epoch_419
Visualizing 5 samples from dataset: unknown
Generated 5 visualization images for epoch 419 in /hpcwork/mkd34160/smilify_runs/singleview_lam1e-4/visualizations_train/epoch_419

WARNING: Near-zero total loss detected: 9.10e-07
  Valid samples: 16/16
  Dataset composition: {'unknown': 16}
  Availability masks present: True
  Availability summary:
    global_rot: 0/16 samples have real data
    joint_rot: 0/16 samples have real data
    betas: 16/16 samples have real data
    trans: 0/16 samples have real data
    fov: 0/16 samples have real data
    cam_rot: 0/16 samples have real data
    cam_trans: 0/16 samples have real data
    log_beta_scales: 0/16 samples have real data
    betas_trans: 0/16 samples have real data
    keypoint_2d: 16/16 samples have real data
    keypoint_3d: 16/16 samples have real data
    silhouette: 0/16 samples have real data
  Loss weights: keypoint_2d=0.1, betas=0.0005
  need_keypoint_loss=True, need_silhouette_loss=False
  Loss components (non-zero only):
    betas: 0.000002 (weight=0.0005)
    limb_scale_regularization: 0.014327 (weight=1e-05)
    limb_trans_regularization: 0.000000 (weight=0.5)
    joint_angle_regularization: 0.130880 (weight=2e-07)
    joint_limit_regularization: 0.001201 (weight=0.0001)
    keypoint_2d: 0.000004 (weight=0.1)
    keypoint_3d: 0.000000 (weight=2)

WARNING: Near-zero total loss detected: 9.49e-07
  Valid samples: 16/16
  Dataset composition: {'unknown': 16}
  Availability masks present: True
  Availability summary:
    global_rot: 0/16 samples have real data
    joint_rot: 0/16 samples have real data
    betas: 16/16 samples have real data
    trans: 0/16 samples have real data
    fov: 0/16 samples have real data
    cam_rot: 0/16 samples have real data
    cam_trans: 0/16 samples have real data
    log_beta_scales: 0/16 samples have real data
    betas_trans: 0/16 samples have real data
    keypoint_2d: 16/16 samples have real data
    keypoint_3d: 16/16 samples have real data
    silhouette: 0/16 samples have real data
  Loss weights: keypoint_2d=0.1, betas=0.0005
  need_keypoint_loss=True, need_silhouette_loss=False
  Loss components (non-zero only):
    betas: 0.000003 (weight=0.0005)
    limb_scale_regularization: 0.014192 (weight=1e-05)
    limb_trans_regularization: 0.000000 (weight=0.5)
    joint_angle_regularization: 0.128977 (weight=2e-07)
    joint_limit_regularization: 0.001165 (weight=0.0001)
    keypoint_2d: 0.000004 (weight=0.1)
    keypoint_3d: 0.000000 (weight=2)

WARNING: Near-zero total loss detected: 8.88e-07
  Valid samples: 16/16
  Dataset composition: {'unknown': 16}
  Availability masks present: True
  Availability summary:
    global_rot: 0/16 samples have real data
    joint_rot: 0/16 samples have real data
    betas: 16/16 samples have real data
    trans: 0/16 samples have real data
    fov: 0/16 samples have real data
    cam_rot: 0/16 samples have real data
    cam_trans: 0/16 samples have real data
    log_beta_scales: 0/16 samples have real data
    betas_trans: 0/16 samples have real data
    keypoint_2d: 16/16 samples have real data
    keypoint_3d: 16/16 samples have real data
    silhouette: 0/16 samples have real data
  Loss weights: keypoint_2d=0.1, betas=0.0005
  need_keypoint_loss=True, need_silhouette_loss=False
  Loss components (non-zero only):
    betas: 0.000002 (weight=0.0005)
    limb_scale_regularization: 0.014349 (weight=1e-05)
    limb_trans_regularization: 0.000000 (weight=0.5)
    joint_angle_regularization: 0.132302 (weight=2e-07)
    joint_limit_regularization: 0.001205 (weight=0.0001)
    keypoint_2d: 0.000004 (weight=0.1)
    keypoint_3d: 0.000000 (weight=2)

WARNING: Near-zero total loss detected: 9.53e-07
  Valid samples: 16/16
  Dataset composition: {'unknown': 16}
  Availability masks present: True
  Availability summary:
    global_rot: 0/16 samples have real data
    joint_rot: 0/16 samples have real data
    betas: 16/16 samples have real data
    trans: 0/16 samples have real data
    fov: 0/16 samples have real data
    cam_rot: 0/16 samples have real data
    cam_trans: 0/16 samples have real data
    log_beta_scales: 0/16 samples have real data
    betas_trans: 0/16 samples have real data
    keypoint_2d: 16/16 samples have real data
    keypoint_3d: 16/16 samples have real data
    silhouette: 0/16 samples have real data
  Loss weights: keypoint_2d=0.1, betas=0.0005
  need_keypoint_loss=True, need_silhouette_loss=False
  Loss components (non-zero only):
    betas: 0.000002 (weight=0.0005)
    limb_scale_regularization: 0.014142 (weight=1e-05)
    limb_trans_regularization: 0.000000 (weight=0.5)
    joint_angle_regularization: 0.130024 (weight=2e-07)
    joint_limit_regularization: 0.001121 (weight=0.0001)
    keypoint_2d: 0.000004 (weight=0.1)
    keypoint_3d: 0.000000 (weight=2)

WARNING: Near-zero total loss detected: 9.71e-07
  Valid samples: 16/16
  Dataset composition: {'unknown': 16}
  Availability masks present: True
  Availability summary:
    global_rot: 0/16 samples have real data
    joint_rot: 0/16 samples have real data
    betas: 16/16 samples have real data
    trans: 0/16 samples have real data
    fov: 0/16 samples have real data
    cam_rot: 0/16 samples have real data
    cam_trans: 0/16 samples have real data
    log_beta_scales: 0/16 samples have real data
    betas_trans: 0/16 samples have real data
    keypoint_2d: 16/16 samples have real data
    keypoint_3d: 16/16 samples have real data
    silhouette: 0/16 samples have real data
  Loss weights: keypoint_2d=0.1, betas=0.0005
  need_keypoint_loss=True, need_silhouette_loss=False
  Loss components (non-zero only):
    betas: 0.000001 (weight=0.0005)
    limb_scale_regularization: 0.014294 (weight=1e-05)
    limb_trans_regularization: 0.000000 (weight=0.5)
    joint_angle_regularization: 0.131744 (weight=2e-07)
    joint_limit_regularization: 0.001250 (weight=0.0001)
    keypoint_2d: 0.000004 (weight=0.1)
    keypoint_3d: 0.000000 (weight=2)

WARNING: Near-zero total loss detected: 8.67e-07
  Valid samples: 16/16
  Dataset composition: {'unknown': 16}
  Availability masks present: True
  Availability summary:
    global_rot: 0/16 samples have real data
    joint_rot: 0/16 samples have real data
    betas: 16/16 samples have real data
    trans: 0/16 samples have real data
    fov: 0/16 samples have real data
    cam_rot: 0/16 samples have real data
    cam_trans: 0/16 samples have real data
    log_beta_scales: 0/16 samples have real data
    betas_trans: 0/16 samples have real data
    keypoint_2d: 16/16 samples have real data
    keypoint_3d: 16/16 samples have real data
    silhouette: 0/16 samples have real data
  Loss weights: keypoint_2d=0.1, betas=0.0005
  need_keypoint_loss=True, need_silhouette_loss=False
  Loss components (non-zero only):
    betas: 0.000002 (weight=0.0005)
    limb_scale_regularization: 0.014138 (weight=1e-05)
    limb_trans_regularization: 0.000000 (weight=0.5)
    joint_angle_regularization: 0.130856 (weight=2e-07)
    joint_limit_regularization: 0.001259 (weight=0.0001)
    keypoint_2d: 0.000003 (weight=0.1)
    keypoint_3d: 0.000000 (weight=2)

Epoch 420:
  Train Loss = 0.000003, Val Loss = 0.000002, LR = 1.00e-05
  Parameter Errors (Train / Val):
    betas          : 0.000047 / 0.000008
    betas_trans    : 0.000000 / 0.000000
    cam_rot        : 0.000000 / 0.000000
    cam_trans      : 0.000000 / 0.000000
    fov            : 0.000000 / 0.000000
    global_rot     : 0.000000 / 0.000000
    joint_angle_regularization: 0.118989 / 0.119359
    joint_limit_regularization: 0.001685 / 0.001665
    joint_rot      : 0.000000 / 0.000000
    keypoint_2d    : 0.000015 / 0.000012
    keypoint_3d    : 0.000000 / 0.000000
    limb_scale_regularization: 0.017346 / 0.017496
    limb_trans_regularization: 0.000000 / 0.000000
    log_beta_scales: 0.000000 / 0.000000
    silhouette     : 0.000000 / 0.000000
    trans          : 0.000000 / 0.000000

WARNING: Near-zero total loss detected: 9.20e-07
  Valid samples: 16/16
  Dataset composition: {'unknown': 16}
  Availability masks present: True
  Availability summary:
    global_rot: 0/16 samples have real data
    joint_rot: 0/16 samples have real data
    betas: 16/16 samples have real data
    trans: 0/16 samples have real data
    fov: 0/16 samples have real data
    cam_rot: 0/16 samples have real data
    cam_trans: 0/16 samples have real data
    log_beta_scales: 0/16 samples have real data
    betas_trans: 0/16 samples have real data
    keypoint_2d: 16/16 samples have real data
    keypoint_3d: 16/16 samples have real data
    silhouette: 0/16 samples have real data
  Loss weights: keypoint_2d=0.1, betas=0.0005
  need_keypoint_loss=True, need_silhouette_loss=False
  Loss components (non-zero only):
    betas: 0.000004 (weight=0.0005)
    limb_scale_regularization: 0.014438 (weight=1e-05)
    limb_trans_regularization: 0.000000 (weight=0.5)
    joint_angle_regularization: 0.131513 (weight=2e-07)
    joint_limit_regularization: 0.001184 (weight=0.0001)
    keypoint_2d: 0.000004 (weight=0.1)
    keypoint_3d: 0.000000 (weight=2)

WARNING: Near-zero total loss detected: 9.88e-07
  Valid samples: 16/16
  Dataset composition: {'unknown': 16}
  Availability masks present: True
  Availability summary:
    global_rot: 0/16 samples have real data
    joint_rot: 0/16 samples have real data
    betas: 16/16 samples have real data
    trans: 0/16 samples have real data
    fov: 0/16 samples have real data
    cam_rot: 0/16 samples have real data
    cam_trans: 0/16 samples have real data
    log_beta_scales: 0/16 samples have real data
    betas_trans: 0/16 samples have real data
    keypoint_2d: 16/16 samples have real data
    keypoint_3d: 16/16 samples have real data
    silhouette: 0/16 samples have real data
  Loss weights: keypoint_2d=0.1, betas=0.0005
  need_keypoint_loss=True, need_silhouette_loss=False
  Loss components (non-zero only):
    betas: 0.000005 (weight=0.0005)
    limb_scale_regularization: 0.014304 (weight=1e-05)
    limb_trans_regularization: 0.000000 (weight=0.5)
    joint_angle_regularization: 0.129607 (weight=2e-07)
    joint_limit_regularization: 0.001151 (weight=0.0001)
    keypoint_2d: 0.000005 (weight=0.1)
    keypoint_3d: 0.000000 (weight=2)

WARNING: Near-zero total loss detected: 9.36e-07
  Valid samples: 16/16
  Dataset composition: {'unknown': 16}
  Availability masks present: True
  Availability summary:
    global_rot: 0/16 samples have real data
    joint_rot: 0/16 samples have real data
    betas: 16/16 samples have real data
    trans: 0/16 samples have real data
    fov: 0/16 samples have real data
    cam_rot: 0/16 samples have real data
    cam_trans: 0/16 samples have real data
    log_beta_scales: 0/16 samples have real data
    betas_trans: 0/16 samples have real data
    keypoint_2d: 16/16 samples have real data
    keypoint_3d: 16/16 samples have real data
    silhouette: 0/16 samples have real data
  Loss weights: keypoint_2d=0.1, betas=0.0005
  need_keypoint_loss=True, need_silhouette_loss=False
  Loss components (non-zero only):
    betas: 0.000002 (weight=0.0005)
    limb_scale_regularization: 0.014438 (weight=1e-05)
    limb_trans_regularization: 0.000000 (weight=0.5)
    joint_angle_regularization: 0.131572 (weight=2e-07)
    joint_limit_regularization: 0.001133 (weight=0.0001)
    keypoint_2d: 0.000004 (weight=0.1)
    keypoint_3d: 0.000000 (weight=2)

WARNING: Near-zero total loss detected: 9.84e-07
  Valid samples: 16/16
  Dataset composition: {'unknown': 16}
  Availability masks present: True
  Availability summary:
    global_rot: 0/16 samples have real data
    joint_rot: 0/16 samples have real data
    betas: 16/16 samples have real data
    trans: 0/16 samples have real data
    fov: 0/16 samples have real data
    cam_rot: 0/16 samples have real data
    cam_trans: 0/16 samples have real data
    log_beta_scales: 0/16 samples have real data
    betas_trans: 0/16 samples have real data
    keypoint_2d: 16/16 samples have real data
    keypoint_3d: 16/16 samples have real data
    silhouette: 0/16 samples have real data
  Loss weights: keypoint_2d=0.1, betas=0.0005
  need_keypoint_loss=True, need_silhouette_loss=False
  Loss components (non-zero only):
    betas: 0.000002 (weight=0.0005)
    limb_scale_regularization: 0.014233 (weight=1e-05)
    limb_trans_regularization: 0.000000 (weight=0.5)
    joint_angle_regularization: 0.129231 (weight=2e-07)
    joint_limit_regularization: 0.001046 (weight=0.0001)
    keypoint_2d: 0.000004 (weight=0.1)
    keypoint_3d: 0.000000 (weight=2)

WARNING: Near-zero total loss detected: 8.63e-07
  Valid samples: 16/16
  Dataset composition: {'unknown': 16}
  Availability masks present: True
  Availability summary:
    global_rot: 0/16 samples have real data
    joint_rot: 0/16 samples have real data
    betas: 16/16 samples have real data
    trans: 0/16 samples have real data
    fov: 0/16 samples have real data
    cam_rot: 0/16 samples have real data
    cam_trans: 0/16 samples have real data
    log_beta_scales: 0/16 samples have real data
    betas_trans: 0/16 samples have real data
    keypoint_2d: 16/16 samples have real data
    keypoint_3d: 16/16 samples have real data
    silhouette: 0/16 samples have real data
  Loss weights: keypoint_2d=0.1, betas=0.0005
  need_keypoint_loss=True, need_silhouette_loss=False
  Loss components (non-zero only):
    betas: 0.000003 (weight=0.0005)
    limb_scale_regularization: 0.014221 (weight=1e-05)
    limb_trans_regularization: 0.000000 (weight=0.5)
    joint_angle_regularization: 0.132196 (weight=2e-07)
    joint_limit_regularization: 0.001187 (weight=0.0001)
    keypoint_2d: 0.000004 (weight=0.1)
    keypoint_3d: 0.000000 (weight=2)

WARNING: Near-zero total loss detected: 9.55e-07
  Valid samples: 16/16
  Dataset composition: {'unknown': 16}
  Availability masks present: True
  Availability summary:
    global_rot: 0/16 samples have real data
    joint_rot: 0/16 samples have real data
    betas: 16/16 samples have real data
    trans: 0/16 samples have real data
    fov: 0/16 samples have real data
    cam_rot: 0/16 samples have real data
    cam_trans: 0/16 samples have real data
    log_beta_scales: 0/16 samples have real data
    betas_trans: 0/16 samples have real data
    keypoint_2d: 16/16 samples have real data
    keypoint_3d: 16/16 samples have real data
    silhouette: 0/16 samples have real data
  Loss weights: keypoint_2d=0.1, betas=0.0005
  need_keypoint_loss=True, need_silhouette_loss=False
  Loss components (non-zero only):
    betas: 0.000002 (weight=0.0005)
    limb_scale_regularization: 0.014317 (weight=1e-05)
    limb_trans_regularization: 0.000000 (weight=0.5)
    joint_angle_regularization: 0.131066 (weight=2e-07)
    joint_limit_regularization: 0.001183 (weight=0.0001)
    keypoint_2d: 0.000004 (weight=0.1)
    keypoint_3d: 0.000000 (weight=2)

Epoch 421:
  Train Loss = 0.000003, Val Loss = 0.000002, LR = 1.00e-05
  Parameter Errors (Train / Val):
    betas          : 0.000045 / 0.000009
    betas_trans    : 0.000000 / 0.000000
    cam_rot        : 0.000000 / 0.000000
    cam_trans      : 0.000000 / 0.000000
    fov            : 0.000000 / 0.000000
    global_rot     : 0.000000 / 0.000000
    joint_angle_regularization: 0.118868 / 0.119381
    joint_limit_regularization: 0.001643 / 0.001635
    joint_rot      : 0.000000 / 0.000000
    keypoint_2d    : 0.000014 / 0.000012
    keypoint_3d    : 0.000000 / 0.000000
    limb_scale_regularization: 0.017408 / 0.017601
    limb_trans_regularization: 0.000000 / 0.000000
    log_beta_scales: 0.000000 / 0.000000
    silhouette     : 0.000000 / 0.000000
    trans          : 0.000000 / 0.000000
  Checkpoint saved at epoch 421

WARNING: Near-zero total loss detected: 9.31e-07
  Valid samples: 16/16
  Dataset composition: {'unknown': 16}
  Availability masks present: True
  Availability summary:
    global_rot: 0/16 samples have real data
    joint_rot: 0/16 samples have real data
    betas: 16/16 samples have real data
    trans: 0/16 samples have real data
    fov: 0/16 samples have real data
    cam_rot: 0/16 samples have real data
    cam_trans: 0/16 samples have real data
    log_beta_scales: 0/16 samples have real data
    betas_trans: 0/16 samples have real data
    keypoint_2d: 16/16 samples have real data
    keypoint_3d: 16/16 samples have real data
    silhouette: 0/16 samples have real data
  Loss weights: keypoint_2d=0.1, betas=0.0005
  need_keypoint_loss=True, need_silhouette_loss=False
  Loss components (non-zero only):
    betas: 0.000002 (weight=0.0005)
    limb_scale_regularization: 0.014465 (weight=1e-05)
    limb_trans_regularization: 0.000000 (weight=0.5)
    joint_angle_regularization: 0.131565 (weight=2e-07)
    joint_limit_regularization: 0.001173 (weight=0.0001)
    keypoint_2d: 0.000004 (weight=0.1)
    keypoint_3d: 0.000000 (weight=2)

WARNING: Near-zero total loss detected: 9.90e-07
  Valid samples: 16/16
  Dataset composition: {'unknown': 16}
  Availability masks present: True
  Availability summary:
    global_rot: 0/16 samples have real data
    joint_rot: 0/16 samples have real data
    betas: 16/16 samples have real data
    trans: 0/16 samples have real data
    fov: 0/16 samples have real data
    cam_rot: 0/16 samples have real data
    cam_trans: 0/16 samples have real data
    log_beta_scales: 0/16 samples have real data
    betas_trans: 0/16 samples have real data
    keypoint_2d: 16/16 samples have real data
    keypoint_3d: 16/16 samples have real data
    silhouette: 0/16 samples have real data
  Loss weights: keypoint_2d=0.1, betas=0.0005
  need_keypoint_loss=True, need_silhouette_loss=False
  Loss components (non-zero only):
    betas: 0.000003 (weight=0.0005)
    limb_scale_regularization: 0.014330 (weight=1e-05)
    limb_trans_regularization: 0.000000 (weight=0.5)
    joint_angle_regularization: 0.129726 (weight=2e-07)
    joint_limit_regularization: 0.001138 (weight=0.0001)
    keypoint_2d: 0.000005 (weight=0.1)
    keypoint_3d: 0.000000 (weight=2)

WARNING: Near-zero total loss detected: 8.92e-07
  Valid samples: 16/16
  Dataset composition: {'unknown': 16}
  Availability masks present: True
  Availability summary:
    global_rot: 0/16 samples have real data
    joint_rot: 0/16 samples have real data
    betas: 16/16 samples have real data
    trans: 0/16 samples have real data
    fov: 0/16 samples have real data
    cam_rot: 0/16 samples have real data
    cam_trans: 0/16 samples have real data
    log_beta_scales: 0/16 samples have real data
    betas_trans: 0/16 samples have real data
    keypoint_2d: 16/16 samples have real data
    keypoint_3d: 16/16 samples have real data
    silhouette: 0/16 samples have real data
  Loss weights: keypoint_2d=0.1, betas=0.0005
  need_keypoint_loss=True, need_silhouette_loss=False
  Loss components (non-zero only):
    betas: 0.000001 (weight=0.0005)
    limb_scale_regularization: 0.014517 (weight=1e-05)
    limb_trans_regularization: 0.000000 (weight=0.5)
    joint_angle_regularization: 0.132488 (weight=2e-07)
    joint_limit_regularization: 0.001177 (weight=0.0001)
    keypoint_2d: 0.000004 (weight=0.1)
    keypoint_3d: 0.000000 (weight=2)

WARNING: Near-zero total loss detected: 9.33e-07
  Valid samples: 16/16
  Dataset composition: {'unknown': 16}
  Availability masks present: True
  Availability summary:
    global_rot: 0/16 samples have real data
    joint_rot: 0/16 samples have real data
    betas: 16/16 samples have real data
    trans: 0/16 samples have real data
    fov: 0/16 samples have real data
    cam_rot: 0/16 samples have real data
    cam_trans: 0/16 samples have real data
    log_beta_scales: 0/16 samples have real data
    betas_trans: 0/16 samples have real data
    keypoint_2d: 16/16 samples have real data
    keypoint_3d: 16/16 samples have real data
    silhouette: 0/16 samples have real data
  Loss weights: keypoint_2d=0.1, betas=0.0005
  need_keypoint_loss=True, need_silhouette_loss=False
  Loss components (non-zero only):
    betas: 0.000002 (weight=0.0005)
    limb_scale_regularization: 0.014313 (weight=1e-05)
    limb_trans_regularization: 0.000000 (weight=0.5)
    joint_angle_regularization: 0.130040 (weight=2e-07)
    joint_limit_regularization: 0.001082 (weight=0.0001)
    keypoint_2d: 0.000004 (weight=0.1)
    keypoint_3d: 0.000000 (weight=2)

WARNING: Near-zero total loss detected: 9.10e-07
  Valid samples: 16/16
  Dataset composition: {'unknown': 16}
  Availability masks present: True
  Availability summary:
    global_rot: 0/16 samples have real data
    joint_rot: 0/16 samples have real data
    betas: 16/16 samples have real data
    trans: 0/16 samples have real data
    fov: 0/16 samples have real data
    cam_rot: 0/16 samples have real data
    cam_trans: 0/16 samples have real data
    log_beta_scales: 0/16 samples have real data
    betas_trans: 0/16 samples have real data
    keypoint_2d: 16/16 samples have real data
    keypoint_3d: 16/16 samples have real data
    silhouette: 0/16 samples have real data
  Loss weights: keypoint_2d=0.1, betas=0.0005
  need_keypoint_loss=True, need_silhouette_loss=False
  Loss components (non-zero only):
    betas: 0.000003 (weight=0.0005)
    limb_scale_regularization: 0.014314 (weight=1e-05)
    limb_trans_regularization: 0.000000 (weight=0.5)
    joint_angle_regularization: 0.130709 (weight=2e-07)
    joint_limit_regularization: 0.001097 (weight=0.0001)
    keypoint_2d: 0.000004 (weight=0.1)
    keypoint_3d: 0.000000 (weight=2)

WARNING: Near-zero total loss detected: 9.74e-07
  Valid samples: 16/16
  Dataset composition: {'unknown': 16}
  Availability masks present: True
  Availability summary:
    global_rot: 0/16 samples have real data
    joint_rot: 0/16 samples have real data
    betas: 16/16 samples have real data
    trans: 0/16 samples have real data
    fov: 0/16 samples have real data
    cam_rot: 0/16 samples have real data
    cam_trans: 0/16 samples have real data
    log_beta_scales: 0/16 samples have real data
    betas_trans: 0/16 samples have real data
    keypoint_2d: 16/16 samples have real data
    keypoint_3d: 16/16 samples have real data
    silhouette: 0/16 samples have real data
  Loss weights: keypoint_2d=0.1, betas=0.0005
  need_keypoint_loss=True, need_silhouette_loss=False
  Loss components (non-zero only):
    betas: 0.000002 (weight=0.0005)
    limb_scale_regularization: 0.014436 (weight=1e-05)
    limb_trans_regularization: 0.000000 (weight=0.5)
    joint_angle_regularization: 0.131448 (weight=2e-07)
    joint_limit_regularization: 0.001153 (weight=0.0001)
    keypoint_2d: 0.000004 (weight=0.1)
    keypoint_3d: 0.000000 (weight=2)

Epoch 422:
  Train Loss = 0.000003, Val Loss = 0.000002, LR = 1.00e-05
  Parameter Errors (Train / Val):
    betas          : 0.000047 / 0.000008
    betas_trans    : 0.000000 / 0.000000
    cam_rot        : 0.000000 / 0.000000
    cam_trans      : 0.000000 / 0.000000
    fov            : 0.000000 / 0.000000
    global_rot     : 0.000000 / 0.000000
    joint_angle_regularization: 0.119410 / 0.119393
    joint_limit_regularization: 0.001623 / 0.001610
    joint_rot      : 0.000000 / 0.000000
    keypoint_2d    : 0.000015 / 0.000012
    keypoint_3d    : 0.000000 / 0.000000
    limb_scale_regularization: 0.017481 / 0.017705
    limb_trans_regularization: 0.000000 / 0.000000
    log_beta_scales: 0.000000 / 0.000000
    silhouette     : 0.000000 / 0.000000
    trans          : 0.000000 / 0.000000

WARNING: Near-zero total loss detected: 9.52e-07
  Valid samples: 16/16
  Dataset composition: {'unknown': 16}
  Availability masks present: True
  Availability summary:
    global_rot: 0/16 samples have real data
    joint_rot: 0/16 samples have real data
    betas: 16/16 samples have real data
    trans: 0/16 samples have real data
    fov: 0/16 samples have real data
    cam_rot: 0/16 samples have real data
    cam_trans: 0/16 samples have real data
    log_beta_scales: 0/16 samples have real data
    betas_trans: 0/16 samples have real data
    keypoint_2d: 16/16 samples have real data
    keypoint_3d: 16/16 samples have real data
    silhouette: 0/16 samples have real data
  Loss weights: keypoint_2d=0.1, betas=0.0005
  need_keypoint_loss=True, need_silhouette_loss=False
  Loss components (non-zero only):
    betas: 0.000002 (weight=0.0005)
    limb_scale_regularization: 0.014596 (weight=1e-05)
    limb_trans_regularization: 0.000000 (weight=0.5)
    joint_angle_regularization: 0.132167 (weight=2e-07)
    joint_limit_regularization: 0.001130 (weight=0.0001)
    keypoint_2d: 0.000004 (weight=0.1)
    keypoint_3d: 0.000000 (weight=2)

WARNING: Near-zero total loss detected: 9.89e-07
  Valid samples: 16/16
  Dataset composition: {'unknown': 16}
  Availability masks present: True
  Availability summary:
    global_rot: 0/16 samples have real data
    joint_rot: 0/16 samples have real data
    betas: 16/16 samples have real data
    trans: 0/16 samples have real data
    fov: 0/16 samples have real data
    cam_rot: 0/16 samples have real data
    cam_trans: 0/16 samples have real data
    log_beta_scales: 0/16 samples have real data
    betas_trans: 0/16 samples have real data
    keypoint_2d: 16/16 samples have real data
    keypoint_3d: 16/16 samples have real data
    silhouette: 0/16 samples have real data
  Loss weights: keypoint_2d=0.1, betas=0.0005
  need_keypoint_loss=True, need_silhouette_loss=False
  Loss components (non-zero only):
    betas: 0.000004 (weight=0.0005)
    limb_scale_regularization: 0.014464 (weight=1e-05)
    limb_trans_regularization: 0.000000 (weight=0.5)
    joint_angle_regularization: 0.130371 (weight=2e-07)
    joint_limit_regularization: 0.001099 (weight=0.0001)
    keypoint_2d: 0.000004 (weight=0.1)
    keypoint_3d: 0.000000 (weight=2)

WARNING: Near-zero total loss detected: 8.48e-07
  Valid samples: 16/16
  Dataset composition: {'unknown': 16}
  Availability masks present: True
  Availability summary:
    global_rot: 0/16 samples have real data
    joint_rot: 0/16 samples have real data
    betas: 16/16 samples have real data
    trans: 0/16 samples have real data
    fov: 0/16 samples have real data
    cam_rot: 0/16 samples have real data
    cam_trans: 0/16 samples have real data
    log_beta_scales: 0/16 samples have real data
    betas_trans: 0/16 samples have real data
    keypoint_2d: 16/16 samples have real data
    keypoint_3d: 16/16 samples have real data
    silhouette: 0/16 samples have real data
  Loss weights: keypoint_2d=0.1, betas=0.0005
  need_keypoint_loss=True, need_silhouette_loss=False
  Loss components (non-zero only):
    betas: 0.000002 (weight=0.0005)
    limb_scale_regularization: 0.014380 (weight=1e-05)
    limb_trans_regularization: 0.000000 (weight=0.5)
    joint_angle_regularization: 0.130880 (weight=2e-07)
    joint_limit_regularization: 0.001126 (weight=0.0001)
    keypoint_2d: 0.000003 (weight=0.1)
    keypoint_3d: 0.000000 (weight=2)

WARNING: Near-zero total loss detected: 9.86e-07
  Valid samples: 16/16
  Dataset composition: {'unknown': 16}
  Availability masks present: True
  Availability summary:
    global_rot: 0/16 samples have real data
    joint_rot: 0/16 samples have real data
    betas: 16/16 samples have real data
    trans: 0/16 samples have real data
    fov: 0/16 samples have real data
    cam_rot: 0/16 samples have real data
    cam_trans: 0/16 samples have real data
    log_beta_scales: 0/16 samples have real data
    betas_trans: 0/16 samples have real data
    keypoint_2d: 16/16 samples have real data
    keypoint_3d: 16/16 samples have real data
    silhouette: 0/16 samples have real data
  Loss weights: keypoint_2d=0.1, betas=0.0005
  need_keypoint_loss=True, need_silhouette_loss=False
  Loss components (non-zero only):
    betas: 0.000004 (weight=0.0005)
    limb_scale_regularization: 0.014514 (weight=1e-05)
    limb_trans_regularization: 0.000000 (weight=0.5)
    joint_angle_regularization: 0.131636 (weight=2e-07)
    joint_limit_regularization: 0.001100 (weight=0.0001)
    keypoint_2d: 0.000005 (weight=0.1)
    keypoint_3d: 0.000000 (weight=2)

WARNING: Near-zero total loss detected: 8.66e-07
  Valid samples: 16/16
  Dataset composition: {'unknown': 16}
  Availability masks present: True
  Availability summary:
    global_rot: 0/16 samples have real data
    joint_rot: 0/16 samples have real data
    betas: 16/16 samples have real data
    trans: 0/16 samples have real data
    fov: 0/16 samples have real data
    cam_rot: 0/16 samples have real data
    cam_trans: 0/16 samples have real data
    log_beta_scales: 0/16 samples have real data
    betas_trans: 0/16 samples have real data
    keypoint_2d: 16/16 samples have real data
    keypoint_3d: 16/16 samples have real data
    silhouette: 0/16 samples have real data
  Loss weights: keypoint_2d=0.1, betas=0.0005
  need_keypoint_loss=True, need_silhouette_loss=False
  Loss components (non-zero only):
    betas: 0.000003 (weight=0.0005)
    limb_scale_regularization: 0.014536 (weight=1e-05)
    limb_trans_regularization: 0.000000 (weight=0.5)
    joint_angle_regularization: 0.132156 (weight=2e-07)
    joint_limit_regularization: 0.001122 (weight=0.0001)
    keypoint_2d: 0.000004 (weight=0.1)
    keypoint_3d: 0.000000 (weight=2)

WARNING: Near-zero total loss detected: 9.36e-07
  Valid samples: 16/16
  Dataset composition: {'unknown': 16}
  Availability masks present: True
  Availability summary:
    global_rot: 0/16 samples have real data
    joint_rot: 0/16 samples have real data
    betas: 16/16 samples have real data
    trans: 0/16 samples have real data
    fov: 0/16 samples have real data
    cam_rot: 0/16 samples have real data
    cam_trans: 0/16 samples have real data
    log_beta_scales: 0/16 samples have real data
    betas_trans: 0/16 samples have real data
    keypoint_2d: 16/16 samples have real data
    keypoint_3d: 16/16 samples have real data
    silhouette: 0/16 samples have real data
  Loss weights: keypoint_2d=0.1, betas=0.0005
  need_keypoint_loss=True, need_silhouette_loss=False
  Loss components (non-zero only):
    betas: 0.000003 (weight=0.0005)
    limb_scale_regularization: 0.014330 (weight=1e-05)
    limb_trans_regularization: 0.000000 (weight=0.5)
    joint_angle_regularization: 0.129735 (weight=2e-07)
    joint_limit_regularization: 0.001031 (weight=0.0001)
    keypoint_2d: 0.000004 (weight=0.1)
    keypoint_3d: 0.000000 (weight=2)

WARNING: Near-zero total loss detected: 9.28e-07
  Valid samples: 16/16
  Dataset composition: {'unknown': 16}
  Availability masks present: True
  Availability summary:
    global_rot: 0/16 samples have real data
    joint_rot: 0/16 samples have real data
    betas: 16/16 samples have real data
    trans: 0/16 samples have real data
    fov: 0/16 samples have real data
    cam_rot: 0/16 samples have real data
    cam_trans: 0/16 samples have real data
    log_beta_scales: 0/16 samples have real data
    betas_trans: 0/16 samples have real data
    keypoint_2d: 16/16 samples have real data
    keypoint_3d: 16/16 samples have real data
    silhouette: 0/16 samples have real data
  Loss weights: keypoint_2d=0.1, betas=0.0005
  need_keypoint_loss=True, need_silhouette_loss=False
  Loss components (non-zero only):
    betas: 0.000001 (weight=0.0005)
    limb_scale_regularization: 0.014431 (weight=1e-05)
    limb_trans_regularization: 0.000000 (weight=0.5)
    joint_angle_regularization: 0.131508 (weight=2e-07)
    joint_limit_regularization: 0.001127 (weight=0.0001)
    keypoint_2d: 0.000004 (weight=0.1)
    keypoint_3d: 0.000000 (weight=2)

Epoch 423:
  Train Loss = 0.000003, Val Loss = 0.000002, LR = 1.00e-05
  Parameter Errors (Train / Val):
    betas          : 0.000048 / 0.000008
    betas_trans    : 0.000000 / 0.000000
    cam_rot        : 0.000000 / 0.000000
    cam_trans      : 0.000000 / 0.000000
    fov            : 0.000000 / 0.000000
    global_rot     : 0.000000 / 0.000000
    joint_angle_regularization: 0.119325 / 0.119545
    joint_limit_regularization: 0.001596 / 0.001576
    joint_rot      : 0.000000 / 0.000000
    keypoint_2d    : 0.000014 / 0.000012
    keypoint_3d    : 0.000000 / 0.000000
    limb_scale_regularization: 0.017650 / 0.017781
    limb_trans_regularization: 0.000000 / 0.000000
    log_beta_scales: 0.000000 / 0.000000
    silhouette     : 0.000000 / 0.000000
    trans          : 0.000000 / 0.000000
  Checkpoint saved at epoch 423

WARNING: Near-zero total loss detected: 8.98e-07
  Valid samples: 16/16
  Dataset composition: {'unknown': 16}
  Availability masks present: True
  Availability summary:
    global_rot: 0/16 samples have real data
    joint_rot: 0/16 samples have real data
    betas: 16/16 samples have real data
    trans: 0/16 samples have real data
    fov: 0/16 samples have real data
    cam_rot: 0/16 samples have real data
    cam_trans: 0/16 samples have real data
    log_beta_scales: 0/16 samples have real data
    betas_trans: 0/16 samples have real data
    keypoint_2d: 16/16 samples have real data
    keypoint_3d: 16/16 samples have real data
    silhouette: 0/16 samples have real data
  Loss weights: keypoint_2d=0.1, betas=0.0005
  need_keypoint_loss=True, need_silhouette_loss=False
  Loss components (non-zero only):
    betas: 0.000002 (weight=0.0005)
    limb_scale_regularization: 0.014666 (weight=1e-05)
    limb_trans_regularization: 0.000000 (weight=0.5)
    joint_angle_regularization: 0.132473 (weight=2e-07)
    joint_limit_regularization: 0.001056 (weight=0.0001)
    keypoint_2d: 0.000004 (weight=0.1)
    keypoint_3d: 0.000000 (weight=2)

WARNING: Near-zero total loss detected: 9.70e-07
  Valid samples: 16/16
  Dataset composition: {'unknown': 16}
  Availability masks present: True
  Availability summary:
    global_rot: 0/16 samples have real data
    joint_rot: 0/16 samples have real data
    betas: 16/16 samples have real data
    trans: 0/16 samples have real data
    fov: 0/16 samples have real data
    cam_rot: 0/16 samples have real data
    cam_trans: 0/16 samples have real data
    log_beta_scales: 0/16 samples have real data
    betas_trans: 0/16 samples have real data
    keypoint_2d: 16/16 samples have real data
    keypoint_3d: 16/16 samples have real data
    silhouette: 0/16 samples have real data
  Loss weights: keypoint_2d=0.1, betas=0.0005
  need_keypoint_loss=True, need_silhouette_loss=False
  Loss components (non-zero only):
    betas: 0.000004 (weight=0.0005)
    limb_scale_regularization: 0.014534 (weight=1e-05)
    limb_trans_regularization: 0.000000 (weight=0.5)
    joint_angle_regularization: 0.130614 (weight=2e-07)
    joint_limit_regularization: 0.001032 (weight=0.0001)
    keypoint_2d: 0.000005 (weight=0.1)
    keypoint_3d: 0.000000 (weight=2)

WARNING: Near-zero total loss detected: 9.04e-07
  Valid samples: 16/16
  Dataset composition: {'unknown': 16}
  Availability masks present: True
  Availability summary:
    global_rot: 0/16 samples have real data
    joint_rot: 0/16 samples have real data
    betas: 16/16 samples have real data
    trans: 0/16 samples have real data
    fov: 0/16 samples have real data
    cam_rot: 0/16 samples have real data
    cam_trans: 0/16 samples have real data
    log_beta_scales: 0/16 samples have real data
    betas_trans: 0/16 samples have real data
    keypoint_2d: 16/16 samples have real data
    keypoint_3d: 16/16 samples have real data
    silhouette: 0/16 samples have real data
  Loss weights: keypoint_2d=0.1, betas=0.0005
  need_keypoint_loss=True, need_silhouette_loss=False
  Loss components (non-zero only):
    betas: 0.000003 (weight=0.0005)
    limb_scale_regularization: 0.014594 (weight=1e-05)
    limb_trans_regularization: 0.000000 (weight=0.5)
    joint_angle_regularization: 0.132230 (weight=2e-07)
    joint_limit_regularization: 0.001083 (weight=0.0001)
    keypoint_2d: 0.000004 (weight=0.1)
    keypoint_3d: 0.000000 (weight=2)

WARNING: Near-zero total loss detected: 9.73e-07
  Valid samples: 16/16
  Dataset composition: {'unknown': 16}
  Availability masks present: True
  Availability summary:
    global_rot: 0/16 samples have real data
    joint_rot: 0/16 samples have real data
    betas: 16/16 samples have real data
    trans: 0/16 samples have real data
    fov: 0/16 samples have real data
    cam_rot: 0/16 samples have real data
    cam_trans: 0/16 samples have real data
    log_beta_scales: 0/16 samples have real data
    betas_trans: 0/16 samples have real data
    keypoint_2d: 16/16 samples have real data
    keypoint_3d: 16/16 samples have real data
    silhouette: 0/16 samples have real data
  Loss weights: keypoint_2d=0.1, betas=0.0005
  need_keypoint_loss=True, need_silhouette_loss=False
  Loss components (non-zero only):
    betas: 0.000003 (weight=0.0005)
    limb_scale_regularization: 0.014390 (weight=1e-05)
    limb_trans_regularization: 0.000000 (weight=0.5)
    joint_angle_regularization: 0.129826 (weight=2e-07)
    joint_limit_regularization: 0.001000 (weight=0.0001)
    keypoint_2d: 0.000004 (weight=0.1)
    keypoint_3d: 0.000000 (weight=2)

WARNING: Near-zero total loss detected: 8.58e-07
  Valid samples: 16/16
  Dataset composition: {'unknown': 16}
  Availability masks present: True
  Availability summary:
    global_rot: 0/16 samples have real data
    joint_rot: 0/16 samples have real data
    betas: 16/16 samples have real data
    trans: 0/16 samples have real data
    fov: 0/16 samples have real data
    cam_rot: 0/16 samples have real data
    cam_trans: 0/16 samples have real data
    log_beta_scales: 0/16 samples have real data
    betas_trans: 0/16 samples have real data
    keypoint_2d: 16/16 samples have real data
    keypoint_3d: 16/16 samples have real data
    silhouette: 0/16 samples have real data
  Loss weights: keypoint_2d=0.1, betas=0.0005
  need_keypoint_loss=True, need_silhouette_loss=False
  Loss components (non-zero only):
    betas: 0.000003 (weight=0.0005)
    limb_scale_regularization: 0.014381 (weight=1e-05)
    limb_trans_regularization: 0.000000 (weight=0.5)
    joint_angle_regularization: 0.130650 (weight=2e-07)
    joint_limit_regularization: 0.001084 (weight=0.0001)
    keypoint_2d: 0.000003 (weight=0.1)
    keypoint_3d: 0.000000 (weight=2)

WARNING: Near-zero total loss detected: 9.86e-07
  Valid samples: 16/16
  Dataset composition: {'unknown': 16}
  Availability masks present: True
  Availability summary:
    global_rot: 0/16 samples have real data
    joint_rot: 0/16 samples have real data
    betas: 16/16 samples have real data
    trans: 0/16 samples have real data
    fov: 0/16 samples have real data
    cam_rot: 0/16 samples have real data
    cam_trans: 0/16 samples have real data
    log_beta_scales: 0/16 samples have real data
    betas_trans: 0/16 samples have real data
    keypoint_2d: 16/16 samples have real data
    keypoint_3d: 16/16 samples have real data
    silhouette: 0/16 samples have real data
  Loss weights: keypoint_2d=0.1, betas=0.0005
  need_keypoint_loss=True, need_silhouette_loss=False
  Loss components (non-zero only):
    betas: 0.000002 (weight=0.0005)
    limb_scale_regularization: 0.014519 (weight=1e-05)
    limb_trans_regularization: 0.000000 (weight=0.5)
    joint_angle_regularization: 0.131531 (weight=2e-07)
    joint_limit_regularization: 0.001056 (weight=0.0001)
    keypoint_2d: 0.000005 (weight=0.1)
    keypoint_3d: 0.000000 (weight=2)

WARNING: Near-zero total loss detected: 9.28e-07
  Valid samples: 16/16
  Dataset composition: {'unknown': 16}
  Availability masks present: True
  Availability summary:
    global_rot: 0/16 samples have real data
    joint_rot: 0/16 samples have real data
    betas: 16/16 samples have real data
    trans: 0/16 samples have real data
    fov: 0/16 samples have real data
    cam_rot: 0/16 samples have real data
    cam_trans: 0/16 samples have real data
    log_beta_scales: 0/16 samples have real data
    betas_trans: 0/16 samples have real data
    keypoint_2d: 16/16 samples have real data
    keypoint_3d: 16/16 samples have real data
    silhouette: 0/16 samples have real data
  Loss weights: keypoint_2d=0.1, betas=0.0005
  need_keypoint_loss=True, need_silhouette_loss=False
  Loss components (non-zero only):
    betas: 0.000005 (weight=0.0005)
    limb_scale_regularization: 0.014527 (weight=1e-05)
    limb_trans_regularization: 0.000000 (weight=0.5)
    joint_angle_regularization: 0.132276 (weight=2e-07)
    joint_limit_regularization: 0.001108 (weight=0.0001)
    keypoint_2d: 0.000004 (weight=0.1)
    keypoint_3d: 0.000000 (weight=2)

WARNING: Near-zero total loss detected: 9.88e-07
  Valid samples: 16/16
  Dataset composition: {'unknown': 16}
  Availability masks present: True
  Availability summary:
    global_rot: 0/16 samples have real data
    joint_rot: 0/16 samples have real data
    betas: 16/16 samples have real data
    trans: 0/16 samples have real data
    fov: 0/16 samples have real data
    cam_rot: 0/16 samples have real data
    cam_trans: 0/16 samples have real data
    log_beta_scales: 0/16 samples have real data
    betas_trans: 0/16 samples have real data
    keypoint_2d: 16/16 samples have real data
    keypoint_3d: 16/16 samples have real data
    silhouette: 0/16 samples have real data
  Loss weights: keypoint_2d=0.1, betas=0.0005
  need_keypoint_loss=True, need_silhouette_loss=False
  Loss components (non-zero only):
    betas: 0.000005 (weight=0.0005)
    limb_scale_regularization: 0.014486 (weight=1e-05)
    limb_trans_regularization: 0.000000 (weight=0.5)
    joint_angle_regularization: 0.131761 (weight=2e-07)
    joint_limit_regularization: 0.001096 (weight=0.0001)
    keypoint_2d: 0.000005 (weight=0.1)
    keypoint_3d: 0.000000 (weight=2)

Epoch 424:
  Train Loss = 0.000003, Val Loss = 0.000002, LR = 1.00e-05
  Parameter Errors (Train / Val):
    betas          : 0.000051 / 0.000008
    betas_trans    : 0.000000 / 0.000000
    cam_rot        : 0.000000 / 0.000000
    cam_trans      : 0.000000 / 0.000000
    fov            : 0.000000 / 0.000000
    global_rot     : 0.000000 / 0.000000
    joint_angle_regularization: 0.119320 / 0.119725
    joint_limit_regularization: 0.001565 / 0.001563
    joint_rot      : 0.000000 / 0.000000
    keypoint_2d    : 0.000015 / 0.000012
    keypoint_3d    : 0.000000 / 0.000000
    limb_scale_regularization: 0.017760 / 0.017870
    limb_trans_regularization: 0.000000 / 0.000000
    log_beta_scales: 0.000000 / 0.000000
    silhouette     : 0.000000 / 0.000000
    trans          : 0.000000 / 0.000000

WARNING: Near-zero total loss detected: 9.09e-07
  Valid samples: 16/16
  Dataset composition: {'unknown': 16}
  Availability masks present: True
  Availability summary:
    global_rot: 0/16 samples have real data
    joint_rot: 0/16 samples have real data
    betas: 16/16 samples have real data
    trans: 0/16 samples have real data
    fov: 0/16 samples have real data
    cam_rot: 0/16 samples have real data
    cam_trans: 0/16 samples have real data
    log_beta_scales: 0/16 samples have real data
    betas_trans: 0/16 samples have real data
    keypoint_2d: 16/16 samples have real data
    keypoint_3d: 16/16 samples have real data
    silhouette: 0/16 samples have real data
  Loss weights: keypoint_2d=0.1, betas=0.0005
  need_keypoint_loss=True, need_silhouette_loss=False
  Loss components (non-zero only):
    betas: 0.000002 (weight=0.0005)
    limb_scale_regularization: 0.014721 (weight=1e-05)
    limb_trans_regularization: 0.000000 (weight=0.5)
    joint_angle_regularization: 0.131729 (weight=2e-07)
    joint_limit_regularization: 0.001091 (weight=0.0001)
    keypoint_2d: 0.000004 (weight=0.1)
    keypoint_3d: 0.000000 (weight=2)

WARNING: Near-zero total loss detected: 9.78e-07
  Valid samples: 16/16
  Dataset composition: {'unknown': 16}
  Availability masks present: True
  Availability summary:
    global_rot: 0/16 samples have real data
    joint_rot: 0/16 samples have real data
    betas: 16/16 samples have real data
    trans: 0/16 samples have real data
    fov: 0/16 samples have real data
    cam_rot: 0/16 samples have real data
    cam_trans: 0/16 samples have real data
    log_beta_scales: 0/16 samples have real data
    betas_trans: 0/16 samples have real data
    keypoint_2d: 16/16 samples have real data
    keypoint_3d: 16/16 samples have real data
    silhouette: 0/16 samples have real data
  Loss weights: keypoint_2d=0.1, betas=0.0005
  need_keypoint_loss=True, need_silhouette_loss=False
  Loss components (non-zero only):
    betas: 0.000003 (weight=0.0005)
    limb_scale_regularization: 0.014592 (weight=1e-05)
    limb_trans_regularization: 0.000000 (weight=0.5)
    joint_angle_regularization: 0.129836 (weight=2e-07)
    joint_limit_regularization: 0.001061 (weight=0.0001)
    keypoint_2d: 0.000005 (weight=0.1)
    keypoint_3d: 0.000000 (weight=2)

WARNING: Near-zero total loss detected: 9.78e-07
  Valid samples: 16/16
  Dataset composition: {'unknown': 16}
  Availability masks present: True
  Availability summary:
    global_rot: 0/16 samples have real data
    joint_rot: 0/16 samples have real data
    betas: 16/16 samples have real data
    trans: 0/16 samples have real data
    fov: 0/16 samples have real data
    cam_rot: 0/16 samples have real data
    cam_trans: 0/16 samples have real data
    log_beta_scales: 0/16 samples have real data
    betas_trans: 0/16 samples have real data
    keypoint_2d: 16/16 samples have real data
    keypoint_3d: 16/16 samples have real data
    silhouette: 0/16 samples have real data
  Loss weights: keypoint_2d=0.1, betas=0.0005
  need_keypoint_loss=True, need_silhouette_loss=False
  Loss components (non-zero only):
    betas: 0.000003 (weight=0.0005)
    limb_scale_regularization: 0.014614 (weight=1e-05)
    limb_trans_regularization: 0.000000 (weight=0.5)
    joint_angle_regularization: 0.132283 (weight=2e-07)
    joint_limit_regularization: 0.001082 (weight=0.0001)
    keypoint_2d: 0.000005 (weight=0.1)
    keypoint_3d: 0.000000 (weight=2)

WARNING: Near-zero total loss detected: 8.24e-07
  Valid samples: 16/16
  Dataset composition: {'unknown': 16}
  Availability masks present: True
  Availability summary:
    global_rot: 0/16 samples have real data
    joint_rot: 0/16 samples have real data
    betas: 16/16 samples have real data
    trans: 0/16 samples have real data
    fov: 0/16 samples have real data
    cam_rot: 0/16 samples have real data
    cam_trans: 0/16 samples have real data
    log_beta_scales: 0/16 samples have real data
    betas_trans: 0/16 samples have real data
    keypoint_2d: 16/16 samples have real data
    keypoint_3d: 16/16 samples have real data
    silhouette: 0/16 samples have real data
  Loss weights: keypoint_2d=0.1, betas=0.0005
  need_keypoint_loss=True, need_silhouette_loss=False
  Loss components (non-zero only):
    betas: 0.000001 (weight=0.0005)
    limb_scale_regularization: 0.014425 (weight=1e-05)
    limb_trans_regularization: 0.000000 (weight=0.5)
    joint_angle_regularization: 0.131598 (weight=2e-07)
    joint_limit_regularization: 0.001030 (weight=0.0001)
    keypoint_2d: 0.000003 (weight=0.1)
    keypoint_3d: 0.000000 (weight=2)

WARNING: Near-zero total loss detected: 9.62e-07
  Valid samples: 16/16
  Dataset composition: {'unknown': 16}
  Availability masks present: True
  Availability summary:
    global_rot: 0/16 samples have real data
    joint_rot: 0/16 samples have real data
    betas: 16/16 samples have real data
    trans: 0/16 samples have real data
    fov: 0/16 samples have real data
    cam_rot: 0/16 samples have real data
    cam_trans: 0/16 samples have real data
    log_beta_scales: 0/16 samples have real data
    betas_trans: 0/16 samples have real data
    keypoint_2d: 16/16 samples have real data
    keypoint_3d: 16/16 samples have real data
    silhouette: 0/16 samples have real data
  Loss weights: keypoint_2d=0.1, betas=0.0005
  need_keypoint_loss=True, need_silhouette_loss=False
  Loss components (non-zero only):
    betas: 0.000002 (weight=0.0005)
    limb_scale_regularization: 0.014562 (weight=1e-05)
    limb_trans_regularization: 0.000000 (weight=0.5)
    joint_angle_regularization: 0.132329 (weight=2e-07)
    joint_limit_regularization: 0.001006 (weight=0.0001)
    keypoint_2d: 0.000004 (weight=0.1)
    keypoint_3d: 0.000000 (weight=2)

WARNING: Near-zero total loss detected: 9.80e-07
  Valid samples: 16/16
  Dataset composition: {'unknown': 16}
  Availability masks present: True
  Availability summary:
    global_rot: 0/16 samples have real data
    joint_rot: 0/16 samples have real data
    betas: 16/16 samples have real data
    trans: 0/16 samples have real data
    fov: 0/16 samples have real data
    cam_rot: 0/16 samples have real data
    cam_trans: 0/16 samples have real data
    log_beta_scales: 0/16 samples have real data
    betas_trans: 0/16 samples have real data
    keypoint_2d: 16/16 samples have real data
    keypoint_3d: 16/16 samples have real data
    silhouette: 0/16 samples have real data
  Loss weights: keypoint_2d=0.1, betas=0.0005
  need_keypoint_loss=True, need_silhouette_loss=False
  Loss components (non-zero only):
    betas: 0.000004 (weight=0.0005)
    limb_scale_regularization: 0.014596 (weight=1e-05)
    limb_trans_regularization: 0.000000 (weight=0.5)
    joint_angle_regularization: 0.131316 (weight=2e-07)
    joint_limit_regularization: 0.001071 (weight=0.0001)
    keypoint_2d: 0.000005 (weight=0.1)
    keypoint_3d: 0.000000 (weight=2)

Epoch 425:
  Train Loss = 0.000003, Val Loss = 0.000002, LR = 1.00e-05
  Parameter Errors (Train / Val):
    betas          : 0.000053 / 0.000010
    betas_trans    : 0.000000 / 0.000000
    cam_rot        : 0.000000 / 0.000000
    cam_trans      : 0.000000 / 0.000000
    fov            : 0.000000 / 0.000000
    global_rot     : 0.000000 / 0.000000
    joint_angle_regularization: 0.119490 / 0.119770
    joint_limit_regularization: 0.001545 / 0.001539
    joint_rot      : 0.000000 / 0.000000
    keypoint_2d    : 0.000014 / 0.000012
    keypoint_3d    : 0.000000 / 0.000000
    limb_scale_regularization: 0.017805 / 0.017952
    limb_trans_regularization: 0.000000 / 0.000000
    log_beta_scales: 0.000000 / 0.000000
    silhouette     : 0.000000 / 0.000000
    trans          : 0.000000 / 0.000000
  Checkpoint saved at epoch 425

WARNING: Near-zero total loss detected: 9.11e-07
  Valid samples: 16/16
  Dataset composition: {'unknown': 16}
  Availability masks present: True
  Availability summary:
    global_rot: 0/16 samples have real data
    joint_rot: 0/16 samples have real data
    betas: 16/16 samples have real data
    trans: 0/16 samples have real data
    fov: 0/16 samples have real data
    cam_rot: 0/16 samples have real data
    cam_trans: 0/16 samples have real data
    log_beta_scales: 0/16 samples have real data
    betas_trans: 0/16 samples have real data
    keypoint_2d: 16/16 samples have real data
    keypoint_3d: 16/16 samples have real data
    silhouette: 0/16 samples have real data
  Loss weights: keypoint_2d=0.1, betas=0.0005
  need_keypoint_loss=True, need_silhouette_loss=False
  Loss components (non-zero only):
    betas: 0.000002 (weight=0.0005)
    limb_scale_regularization: 0.014680 (weight=1e-05)
    limb_trans_regularization: 0.000000 (weight=0.5)
    joint_angle_regularization: 0.131769 (weight=2e-07)
    joint_limit_regularization: 0.001041 (weight=0.0001)
    keypoint_2d: 0.000004 (weight=0.1)
    keypoint_3d: 0.000000 (weight=2)

WARNING: Near-zero total loss detected: 9.62e-07
  Valid samples: 16/16
  Dataset composition: {'unknown': 16}
  Availability masks present: True
  Availability summary:
    global_rot: 0/16 samples have real data
    joint_rot: 0/16 samples have real data
    betas: 16/16 samples have real data
    trans: 0/16 samples have real data
    fov: 0/16 samples have real data
    cam_rot: 0/16 samples have real data
    cam_trans: 0/16 samples have real data
    log_beta_scales: 0/16 samples have real data
    betas_trans: 0/16 samples have real data
    keypoint_2d: 16/16 samples have real data
    keypoint_3d: 16/16 samples have real data
    silhouette: 0/16 samples have real data
  Loss weights: keypoint_2d=0.1, betas=0.0005
  need_keypoint_loss=True, need_silhouette_loss=False
  Loss components (non-zero only):
    betas: 0.000002 (weight=0.0005)
    limb_scale_regularization: 0.014552 (weight=1e-05)
    limb_trans_regularization: 0.000000 (weight=0.5)
    joint_angle_regularization: 0.129947 (weight=2e-07)
    joint_limit_regularization: 0.001019 (weight=0.0001)
    keypoint_2d: 0.000004 (weight=0.1)
    keypoint_3d: 0.000000 (weight=2)

WARNING: Near-zero total loss detected: 9.73e-07
  Valid samples: 16/16
  Dataset composition: {'unknown': 16}
  Availability masks present: True
  Availability summary:
    global_rot: 0/16 samples have real data
    joint_rot: 0/16 samples have real data
    betas: 16/16 samples have real data
    trans: 0/16 samples have real data
    fov: 0/16 samples have real data
    cam_rot: 0/16 samples have real data
    cam_trans: 0/16 samples have real data
    log_beta_scales: 0/16 samples have real data
    betas_trans: 0/16 samples have real data
    keypoint_2d: 16/16 samples have real data
    keypoint_3d: 16/16 samples have real data
    silhouette: 0/16 samples have real data
  Loss weights: keypoint_2d=0.1, betas=0.0005
  need_keypoint_loss=True, need_silhouette_loss=False
  Loss components (non-zero only):
    betas: 0.000007 (weight=0.0005)
    limb_scale_regularization: 0.014696 (weight=1e-05)
    limb_trans_regularization: 0.000000 (weight=0.5)
    joint_angle_regularization: 0.131542 (weight=2e-07)
    joint_limit_regularization: 0.001012 (weight=0.0001)
    keypoint_2d: 0.000005 (weight=0.1)
    keypoint_3d: 0.000000 (weight=2)

WARNING: Near-zero total loss detected: 8.33e-07
  Valid samples: 16/16
  Dataset composition: {'unknown': 16}
  Availability masks present: True
  Availability summary:
    global_rot: 0/16 samples have real data
    joint_rot: 0/16 samples have real data
    betas: 16/16 samples have real data
    trans: 0/16 samples have real data
    fov: 0/16 samples have real data
    cam_rot: 0/16 samples have real data
    cam_trans: 0/16 samples have real data
    log_beta_scales: 0/16 samples have real data
    betas_trans: 0/16 samples have real data
    keypoint_2d: 16/16 samples have real data
    keypoint_3d: 16/16 samples have real data
    silhouette: 0/16 samples have real data
  Loss weights: keypoint_2d=0.1, betas=0.0005
  need_keypoint_loss=True, need_silhouette_loss=False
  Loss components (non-zero only):
    betas: 0.000002 (weight=0.0005)
    limb_scale_regularization: 0.014507 (weight=1e-05)
    limb_trans_regularization: 0.000000 (weight=0.5)
    joint_angle_regularization: 0.131906 (weight=2e-07)
    joint_limit_regularization: 0.001031 (weight=0.0001)
    keypoint_2d: 0.000003 (weight=0.1)
    keypoint_3d: 0.000000 (weight=2)

WARNING: Near-zero total loss detected: 9.67e-07
  Valid samples: 16/16
  Dataset composition: {'unknown': 16}
  Availability masks present: True
  Availability summary:
    global_rot: 0/16 samples have real data
    joint_rot: 0/16 samples have real data
    betas: 16/16 samples have real data
    trans: 0/16 samples have real data
    fov: 0/16 samples have real data
    cam_rot: 0/16 samples have real data
    cam_trans: 0/16 samples have real data
    log_beta_scales: 0/16 samples have real data
    betas_trans: 0/16 samples have real data
    keypoint_2d: 16/16 samples have real data
    keypoint_3d: 16/16 samples have real data
    silhouette: 0/16 samples have real data
  Loss weights: keypoint_2d=0.1, betas=0.0005
  need_keypoint_loss=True, need_silhouette_loss=False
  Loss components (non-zero only):
    betas: 0.000003 (weight=0.0005)
    limb_scale_regularization: 0.014646 (weight=1e-05)
    limb_trans_regularization: 0.000000 (weight=0.5)
    joint_angle_regularization: 0.132598 (weight=2e-07)
    joint_limit_regularization: 0.000999 (weight=0.0001)
    keypoint_2d: 0.000004 (weight=0.1)
    keypoint_3d: 0.000000 (weight=2)

WARNING: Near-zero total loss detected: 9.49e-07
  Valid samples: 16/16
  Dataset composition: {'unknown': 16}
  Availability masks present: True
  Availability summary:
    global_rot: 0/16 samples have real data
    joint_rot: 0/16 samples have real data
    betas: 16/16 samples have real data
    trans: 0/16 samples have real data
    fov: 0/16 samples have real data
    cam_rot: 0/16 samples have real data
    cam_trans: 0/16 samples have real data
    log_beta_scales: 0/16 samples have real data
    betas_trans: 0/16 samples have real data
    keypoint_2d: 16/16 samples have real data
    keypoint_3d: 16/16 samples have real data
    silhouette: 0/16 samples have real data
  Loss weights: keypoint_2d=0.1, betas=0.0005
  need_keypoint_loss=True, need_silhouette_loss=False
  Loss components (non-zero only):
    betas: 0.000002 (weight=0.0005)
    limb_scale_regularization: 0.014606 (weight=1e-05)
    limb_trans_regularization: 0.000000 (weight=0.5)
    joint_angle_regularization: 0.131461 (weight=2e-07)
    joint_limit_regularization: 0.001027 (weight=0.0001)
    keypoint_2d: 0.000004 (weight=0.1)
    keypoint_3d: 0.000000 (weight=2)

Epoch 426:
  Train Loss = 0.000003, Val Loss = 0.000002, LR = 1.00e-05
  Parameter Errors (Train / Val):
    betas          : 0.000044 / 0.000009
    betas_trans    : 0.000000 / 0.000000
    cam_rot        : 0.000000 / 0.000000
    cam_trans      : 0.000000 / 0.000000
    fov            : 0.000000 / 0.000000
    global_rot     : 0.000000 / 0.000000
    joint_angle_regularization: 0.119129 / 0.119698
    joint_limit_regularization: 0.001516 / 0.001514
    joint_rot      : 0.000000 / 0.000000
    keypoint_2d    : 0.000014 / 0.000012
    keypoint_3d    : 0.000000 / 0.000000
    limb_scale_regularization: 0.017875 / 0.018014
    limb_trans_regularization: 0.000000 / 0.000000
    log_beta_scales: 0.000000 / 0.000000
    silhouette     : 0.000000 / 0.000000
    trans          : 0.000000 / 0.000000

WARNING: Near-zero total loss detected: 9.09e-07
  Valid samples: 16/16
  Dataset composition: {'unknown': 16}
  Availability masks present: True
  Availability summary:
    global_rot: 0/16 samples have real data
    joint_rot: 0/16 samples have real data
    betas: 16/16 samples have real data
    trans: 0/16 samples have real data
    fov: 0/16 samples have real data
    cam_rot: 0/16 samples have real data
    cam_trans: 0/16 samples have real data
    log_beta_scales: 0/16 samples have real data
    betas_trans: 0/16 samples have real data
    keypoint_2d: 16/16 samples have real data
    keypoint_3d: 16/16 samples have real data
    silhouette: 0/16 samples have real data
  Loss weights: keypoint_2d=0.1, betas=0.0005
  need_keypoint_loss=True, need_silhouette_loss=False
  Loss components (non-zero only):
    betas: 0.000001 (weight=0.0005)
    limb_scale_regularization: 0.014734 (weight=1e-05)
    limb_trans_regularization: 0.000000 (weight=0.5)
    joint_angle_regularization: 0.131429 (weight=2e-07)
    joint_limit_regularization: 0.001030 (weight=0.0001)
    keypoint_2d: 0.000004 (weight=0.1)
    keypoint_3d: 0.000000 (weight=2)

WARNING: Near-zero total loss detected: 9.55e-07
  Valid samples: 16/16
  Dataset composition: {'unknown': 16}
  Availability masks present: True
  Availability summary:
    global_rot: 0/16 samples have real data
    joint_rot: 0/16 samples have real data
    betas: 16/16 samples have real data
    trans: 0/16 samples have real data
    fov: 0/16 samples have real data
    cam_rot: 0/16 samples have real data
    cam_trans: 0/16 samples have real data
    log_beta_scales: 0/16 samples have real data
    betas_trans: 0/16 samples have real data
    keypoint_2d: 16/16 samples have real data
    keypoint_3d: 16/16 samples have real data
    silhouette: 0/16 samples have real data
  Loss weights: keypoint_2d=0.1, betas=0.0005
  need_keypoint_loss=True, need_silhouette_loss=False
  Loss components (non-zero only):
    betas: 0.000002 (weight=0.0005)
    limb_scale_regularization: 0.014607 (weight=1e-05)
    limb_trans_regularization: 0.000000 (weight=0.5)
    joint_angle_regularization: 0.129659 (weight=2e-07)
    joint_limit_regularization: 0.001007 (weight=0.0001)
    keypoint_2d: 0.000004 (weight=0.1)
    keypoint_3d: 0.000000 (weight=2)

WARNING: Near-zero total loss detected: 8.55e-07
  Valid samples: 16/16
  Dataset composition: {'unknown': 16}
  Availability masks present: True
  Availability summary:
    global_rot: 0/16 samples have real data
    joint_rot: 0/16 samples have real data
    betas: 16/16 samples have real data
    trans: 0/16 samples have real data
    fov: 0/16 samples have real data
    cam_rot: 0/16 samples have real data
    cam_trans: 0/16 samples have real data
    log_beta_scales: 0/16 samples have real data
    betas_trans: 0/16 samples have real data
    keypoint_2d: 16/16 samples have real data
    keypoint_3d: 16/16 samples have real data
    silhouette: 0/16 samples have real data
  Loss weights: keypoint_2d=0.1, betas=0.0005
  need_keypoint_loss=True, need_silhouette_loss=False
  Loss components (non-zero only):
    betas: 0.000003 (weight=0.0005)
    limb_scale_regularization: 0.014708 (weight=1e-05)
    limb_trans_regularization: 0.000000 (weight=0.5)
    joint_angle_regularization: 0.133126 (weight=2e-07)
    joint_limit_regularization: 0.001037 (weight=0.0001)
    keypoint_2d: 0.000004 (weight=0.1)
    keypoint_3d: 0.000000 (weight=2)

WARNING: Near-zero total loss detected: 9.31e-07
  Valid samples: 16/16
  Dataset composition: {'unknown': 16}
  Availability masks present: True
  Availability summary:
    global_rot: 0/16 samples have real data
    joint_rot: 0/16 samples have real data
    betas: 16/16 samples have real data
    trans: 0/16 samples have real data
    fov: 0/16 samples have real data
    cam_rot: 0/16 samples have real data
    cam_trans: 0/16 samples have real data
    log_beta_scales: 0/16 samples have real data
    betas_trans: 0/16 samples have real data
    keypoint_2d: 16/16 samples have real data
    keypoint_3d: 16/16 samples have real data
    silhouette: 0/16 samples have real data
  Loss weights: keypoint_2d=0.1, betas=0.0005
  need_keypoint_loss=True, need_silhouette_loss=False
  Loss components (non-zero only):
    betas: 0.000002 (weight=0.0005)
    limb_scale_regularization: 0.014506 (weight=1e-05)
    limb_trans_regularization: 0.000000 (weight=0.5)
    joint_angle_regularization: 0.130644 (weight=2e-07)
    joint_limit_regularization: 0.000939 (weight=0.0001)
    keypoint_2d: 0.000004 (weight=0.1)
    keypoint_3d: 0.000000 (weight=2)

WARNING: Near-zero total loss detected: 9.03e-07
  Valid samples: 16/16
  Dataset composition: {'unknown': 16}
  Availability masks present: True
  Availability summary:
    global_rot: 0/16 samples have real data
    joint_rot: 0/16 samples have real data
    betas: 16/16 samples have real data
    trans: 0/16 samples have real data
    fov: 0/16 samples have real data
    cam_rot: 0/16 samples have real data
    cam_trans: 0/16 samples have real data
    log_beta_scales: 0/16 samples have real data
    betas_trans: 0/16 samples have real data
    keypoint_2d: 16/16 samples have real data
    keypoint_3d: 16/16 samples have real data
    silhouette: 0/16 samples have real data
  Loss weights: keypoint_2d=0.1, betas=0.0005
  need_keypoint_loss=True, need_silhouette_loss=False
  Loss components (non-zero only):
    betas: 0.000002 (weight=0.0005)
    limb_scale_regularization: 0.014547 (weight=1e-05)
    limb_trans_regularization: 0.000000 (weight=0.5)
    joint_angle_regularization: 0.131109 (weight=2e-07)
    joint_limit_regularization: 0.000983 (weight=0.0001)
    keypoint_2d: 0.000004 (weight=0.1)
    keypoint_3d: 0.000000 (weight=2)

WARNING: Near-zero total loss detected: 9.24e-07
  Valid samples: 16/16
  Dataset composition: {'unknown': 16}
  Availability masks present: True
  Availability summary:
    global_rot: 0/16 samples have real data
    joint_rot: 0/16 samples have real data
    betas: 16/16 samples have real data
    trans: 0/16 samples have real data
    fov: 0/16 samples have real data
    cam_rot: 0/16 samples have real data
    cam_trans: 0/16 samples have real data
    log_beta_scales: 0/16 samples have real data
    betas_trans: 0/16 samples have real data
    keypoint_2d: 16/16 samples have real data
    keypoint_3d: 16/16 samples have real data
    silhouette: 0/16 samples have real data
  Loss weights: keypoint_2d=0.1, betas=0.0005
  need_keypoint_loss=True, need_silhouette_loss=False
  Loss components (non-zero only):
    betas: 0.000003 (weight=0.0005)
    limb_scale_regularization: 0.014713 (weight=1e-05)
    limb_trans_regularization: 0.000000 (weight=0.5)
    joint_angle_regularization: 0.131762 (weight=2e-07)
    joint_limit_regularization: 0.001033 (weight=0.0001)
    keypoint_2d: 0.000004 (weight=0.1)
    keypoint_3d: 0.000000 (weight=2)

WARNING: Near-zero total loss detected: 9.88e-07
  Valid samples: 16/16
  Dataset composition: {'unknown': 16}
  Availability masks present: True
  Availability summary:
    global_rot: 0/16 samples have real data
    joint_rot: 0/16 samples have real data
    betas: 16/16 samples have real data
    trans: 0/16 samples have real data
    fov: 0/16 samples have real data
    cam_rot: 0/16 samples have real data
    cam_trans: 0/16 samples have real data
    log_beta_scales: 0/16 samples have real data
    betas_trans: 0/16 samples have real data
    keypoint_2d: 16/16 samples have real data
    keypoint_3d: 16/16 samples have real data
    silhouette: 0/16 samples have real data
  Loss weights: keypoint_2d=0.1, betas=0.0005
  need_keypoint_loss=True, need_silhouette_loss=False
  Loss components (non-zero only):
    betas: 0.000003 (weight=0.0005)
    limb_scale_regularization: 0.014676 (weight=1e-05)
    limb_trans_regularization: 0.000000 (weight=0.5)
    joint_angle_regularization: 0.131104 (weight=2e-07)
    joint_limit_regularization: 0.001020 (weight=0.0001)
    keypoint_2d: 0.000005 (weight=0.1)
    keypoint_3d: 0.000000 (weight=2)

Epoch 427:
  Train Loss = 0.000003, Val Loss = 0.000002, LR = 1.00e-05
  Parameter Errors (Train / Val):
    betas          : 0.000044 / 0.000009
    betas_trans    : 0.000000 / 0.000000
    cam_rot        : 0.000000 / 0.000000
    cam_trans      : 0.000000 / 0.000000
    fov            : 0.000000 / 0.000000
    global_rot     : 0.000000 / 0.000000
    joint_angle_regularization: 0.119420 / 0.119855
    joint_limit_regularization: 0.001499 / 0.001499
    joint_rot      : 0.000000 / 0.000000
    keypoint_2d    : 0.000014 / 0.000012
    keypoint_3d    : 0.000000 / 0.000000
    limb_scale_regularization: 0.017896 / 0.018103
    limb_trans_regularization: 0.000000 / 0.000000
    log_beta_scales: 0.000000 / 0.000000
    silhouette     : 0.000000 / 0.000000
    trans          : 0.000000 / 0.000000
  Checkpoint saved at epoch 427

WARNING: Near-zero total loss detected: 9.13e-07
  Valid samples: 16/16
  Dataset composition: {'unknown': 16}
  Availability masks present: True
  Availability summary:
    global_rot: 0/16 samples have real data
    joint_rot: 0/16 samples have real data
    betas: 16/16 samples have real data
    trans: 0/16 samples have real data
    fov: 0/16 samples have real data
    cam_rot: 0/16 samples have real data
    cam_trans: 0/16 samples have real data
    log_beta_scales: 0/16 samples have real data
    betas_trans: 0/16 samples have real data
    keypoint_2d: 16/16 samples have real data
    keypoint_3d: 16/16 samples have real data
    silhouette: 0/16 samples have real data
  Loss weights: keypoint_2d=0.1, betas=0.0005
  need_keypoint_loss=True, need_silhouette_loss=False
  Loss components (non-zero only):
    betas: 0.000003 (weight=0.0005)
    limb_scale_regularization: 0.014731 (weight=1e-05)
    limb_trans_regularization: 0.000000 (weight=0.5)
    joint_angle_regularization: 0.131497 (weight=2e-07)
    joint_limit_regularization: 0.001016 (weight=0.0001)
    keypoint_2d: 0.000004 (weight=0.1)
    keypoint_3d: 0.000000 (weight=2)

WARNING: Near-zero total loss detected: 9.73e-07
  Valid samples: 16/16
  Dataset composition: {'unknown': 16}
  Availability masks present: True
  Availability summary:
    global_rot: 0/16 samples have real data
    joint_rot: 0/16 samples have real data
    betas: 16/16 samples have real data
    trans: 0/16 samples have real data
    fov: 0/16 samples have real data
    cam_rot: 0/16 samples have real data
    cam_trans: 0/16 samples have real data
    log_beta_scales: 0/16 samples have real data
    betas_trans: 0/16 samples have real data
    keypoint_2d: 16/16 samples have real data
    keypoint_3d: 16/16 samples have real data
    silhouette: 0/16 samples have real data
  Loss weights: keypoint_2d=0.1, betas=0.0005
  need_keypoint_loss=True, need_silhouette_loss=False
  Loss components (non-zero only):
    betas: 0.000003 (weight=0.0005)
    limb_scale_regularization: 0.014605 (weight=1e-05)
    limb_trans_regularization: 0.000000 (weight=0.5)
    joint_angle_regularization: 0.129673 (weight=2e-07)
    joint_limit_regularization: 0.000992 (weight=0.0001)
    keypoint_2d: 0.000004 (weight=0.1)
    keypoint_3d: 0.000000 (weight=2)

WARNING: Near-zero total loss detected: 9.91e-07
  Valid samples: 16/16
  Dataset composition: {'unknown': 16}
  Availability masks present: True
  Availability summary:
    global_rot: 0/16 samples have real data
    joint_rot: 0/16 samples have real data
    betas: 16/16 samples have real data
    trans: 0/16 samples have real data
    fov: 0/16 samples have real data
    cam_rot: 0/16 samples have real data
    cam_trans: 0/16 samples have real data
    log_beta_scales: 0/16 samples have real data
    betas_trans: 0/16 samples have real data
    keypoint_2d: 16/16 samples have real data
    keypoint_3d: 16/16 samples have real data
    silhouette: 0/16 samples have real data
  Loss weights: keypoint_2d=0.1, betas=0.0005
  need_keypoint_loss=True, need_silhouette_loss=False
  Loss components (non-zero only):
    betas: 0.000002 (weight=0.0005)
    limb_scale_regularization: 0.014752 (weight=1e-05)
    limb_trans_regularization: 0.000000 (weight=0.5)
    joint_angle_regularization: 0.132416 (weight=2e-07)
    joint_limit_regularization: 0.000998 (weight=0.0001)
    keypoint_2d: 0.000005 (weight=0.1)
    keypoint_3d: 0.000000 (weight=2)

WARNING: Near-zero total loss detected: 8.49e-07
  Valid samples: 16/16
  Dataset composition: {'unknown': 16}
  Availability masks present: True
  Availability summary:
    global_rot: 0/16 samples have real data
    joint_rot: 0/16 samples have real data
    betas: 16/16 samples have real data
    trans: 0/16 samples have real data
    fov: 0/16 samples have real data
    cam_rot: 0/16 samples have real data
    cam_trans: 0/16 samples have real data
    log_beta_scales: 0/16 samples have real data
    betas_trans: 0/16 samples have real data
    keypoint_2d: 16/16 samples have real data
    keypoint_3d: 16/16 samples have real data
    silhouette: 0/16 samples have real data
  Loss weights: keypoint_2d=0.1, betas=0.0005
  need_keypoint_loss=True, need_silhouette_loss=False
  Loss components (non-zero only):
    betas: 0.000003 (weight=0.0005)
    limb_scale_regularization: 0.014591 (weight=1e-05)
    limb_trans_regularization: 0.000000 (weight=0.5)
    joint_angle_regularization: 0.131131 (weight=2e-07)
    joint_limit_regularization: 0.000947 (weight=0.0001)
    keypoint_2d: 0.000004 (weight=0.1)
    keypoint_3d: 0.000000 (weight=2)

WARNING: Near-zero total loss detected: 9.54e-07
  Valid samples: 16/16
  Dataset composition: {'unknown': 16}
  Availability masks present: True
  Availability summary:
    global_rot: 0/16 samples have real data
    joint_rot: 0/16 samples have real data
    betas: 16/16 samples have real data
    trans: 0/16 samples have real data
    fov: 0/16 samples have real data
    cam_rot: 0/16 samples have real data
    cam_trans: 0/16 samples have real data
    log_beta_scales: 0/16 samples have real data
    betas_trans: 0/16 samples have real data
    keypoint_2d: 16/16 samples have real data
    keypoint_3d: 16/16 samples have real data
    silhouette: 0/16 samples have real data
  Loss weights: keypoint_2d=0.1, betas=0.0005
  need_keypoint_loss=True, need_silhouette_loss=False
  Loss components (non-zero only):
    betas: 0.000002 (weight=0.0005)
    limb_scale_regularization: 0.014704 (weight=1e-05)
    limb_trans_regularization: 0.000000 (weight=0.5)
    joint_angle_regularization: 0.131977 (weight=2e-07)
    joint_limit_regularization: 0.000989 (weight=0.0001)
    keypoint_2d: 0.000004 (weight=0.1)
    keypoint_3d: 0.000000 (weight=2)

Epoch 428:
  Train Loss = 0.000003, Val Loss = 0.000002, LR = 1.00e-05
  Parameter Errors (Train / Val):
    betas          : 0.000045 / 0.000008
    betas_trans    : 0.000000 / 0.000000
    cam_rot        : 0.000000 / 0.000000
    cam_trans      : 0.000000 / 0.000000
    fov            : 0.000000 / 0.000000
    global_rot     : 0.000000 / 0.000000
    joint_angle_regularization: 0.119420 / 0.119989
    joint_limit_regularization: 0.001475 / 0.001464
    joint_rot      : 0.000000 / 0.000000
    keypoint_2d    : 0.000014 / 0.000012
    keypoint_3d    : 0.000000 / 0.000000
    limb_scale_regularization: 0.018059 / 0.018142
    limb_trans_regularization: 0.000000 / 0.000000
    log_beta_scales: 0.000000 / 0.000000
    silhouette     : 0.000000 / 0.000000
    trans          : 0.000000 / 0.000000

WARNING: Near-zero total loss detected: 9.39e-07
  Valid samples: 16/16
  Dataset composition: {'unknown': 16}
  Availability masks present: True
  Availability summary:
    global_rot: 0/16 samples have real data
    joint_rot: 0/16 samples have real data
    betas: 16/16 samples have real data
    trans: 0/16 samples have real data
    fov: 0/16 samples have real data
    cam_rot: 0/16 samples have real data
    cam_trans: 0/16 samples have real data
    log_beta_scales: 0/16 samples have real data
    betas_trans: 0/16 samples have real data
    keypoint_2d: 16/16 samples have real data
    keypoint_3d: 16/16 samples have real data
    silhouette: 0/16 samples have real data
  Loss weights: keypoint_2d=0.1, betas=0.0005
  need_keypoint_loss=True, need_silhouette_loss=False
  Loss components (non-zero only):
    betas: 0.000002 (weight=0.0005)
    limb_scale_regularization: 0.014777 (weight=1e-05)
    limb_trans_regularization: 0.000000 (weight=0.5)
    joint_angle_regularization: 0.131373 (weight=2e-07)
    joint_limit_regularization: 0.000962 (weight=0.0001)
    keypoint_2d: 0.000004 (weight=0.1)
    keypoint_3d: 0.000000 (weight=2)

WARNING: Near-zero total loss detected: 9.86e-07
  Valid samples: 16/16
  Dataset composition: {'unknown': 16}
  Availability masks present: True
  Availability summary:
    global_rot: 0/16 samples have real data
    joint_rot: 0/16 samples have real data
    betas: 16/16 samples have real data
    trans: 0/16 samples have real data
    fov: 0/16 samples have real data
    cam_rot: 0/16 samples have real data
    cam_trans: 0/16 samples have real data
    log_beta_scales: 0/16 samples have real data
    betas_trans: 0/16 samples have real data
    keypoint_2d: 16/16 samples have real data
    keypoint_3d: 16/16 samples have real data
    silhouette: 0/16 samples have real data
  Loss weights: keypoint_2d=0.1, betas=0.0005
  need_keypoint_loss=True, need_silhouette_loss=False
  Loss components (non-zero only):
    betas: 0.000003 (weight=0.0005)
    limb_scale_regularization: 0.014653 (weight=1e-05)
    limb_trans_regularization: 0.000000 (weight=0.5)
    joint_angle_regularization: 0.129610 (weight=2e-07)
    joint_limit_regularization: 0.000946 (weight=0.0001)
    keypoint_2d: 0.000005 (weight=0.1)
    keypoint_3d: 0.000000 (weight=2)

WARNING: Near-zero total loss detected: 8.43e-07
  Valid samples: 16/16
  Dataset composition: {'unknown': 16}
  Availability masks present: True
  Availability summary:
    global_rot: 0/16 samples have real data
    joint_rot: 0/16 samples have real data
    betas: 16/16 samples have real data
    trans: 0/16 samples have real data
    fov: 0/16 samples have real data
    cam_rot: 0/16 samples have real data
    cam_trans: 0/16 samples have real data
    log_beta_scales: 0/16 samples have real data
    betas_trans: 0/16 samples have real data
    keypoint_2d: 16/16 samples have real data
    keypoint_3d: 16/16 samples have real data
    silhouette: 0/16 samples have real data
  Loss weights: keypoint_2d=0.1, betas=0.0005
  need_keypoint_loss=True, need_silhouette_loss=False
  Loss components (non-zero only):
    betas: 0.000002 (weight=0.0005)
    limb_scale_regularization: 0.014799 (weight=1e-05)
    limb_trans_regularization: 0.000000 (weight=0.5)
    joint_angle_regularization: 0.132897 (weight=2e-07)
    joint_limit_regularization: 0.000983 (weight=0.0001)
    keypoint_2d: 0.000004 (weight=0.1)
    keypoint_3d: 0.000000 (weight=2)

WARNING: Near-zero total loss detected: 9.12e-07
  Valid samples: 16/16
  Dataset composition: {'unknown': 16}
  Availability masks present: True
  Availability summary:
    global_rot: 0/16 samples have real data
    joint_rot: 0/16 samples have real data
    betas: 16/16 samples have real data
    trans: 0/16 samples have real data
    fov: 0/16 samples have real data
    cam_rot: 0/16 samples have real data
    cam_trans: 0/16 samples have real data
    log_beta_scales: 0/16 samples have real data
    betas_trans: 0/16 samples have real data
    keypoint_2d: 16/16 samples have real data
    keypoint_3d: 16/16 samples have real data
    silhouette: 0/16 samples have real data
  Loss weights: keypoint_2d=0.1, betas=0.0005
  need_keypoint_loss=True, need_silhouette_loss=False
  Loss components (non-zero only):
    betas: 0.000002 (weight=0.0005)
    limb_scale_regularization: 0.014598 (weight=1e-05)
    limb_trans_regularization: 0.000000 (weight=0.5)
    joint_angle_regularization: 0.130548 (weight=2e-07)
    joint_limit_regularization: 0.000891 (weight=0.0001)
    keypoint_2d: 0.000004 (weight=0.1)
    keypoint_3d: 0.000000 (weight=2)

WARNING: Near-zero total loss detected: 8.71e-07
  Valid samples: 16/16
  Dataset composition: {'unknown': 16}
  Availability masks present: True
  Availability summary:
    global_rot: 0/16 samples have real data
    joint_rot: 0/16 samples have real data
    betas: 16/16 samples have real data
    trans: 0/16 samples have real data
    fov: 0/16 samples have real data
    cam_rot: 0/16 samples have real data
    cam_trans: 0/16 samples have real data
    log_beta_scales: 0/16 samples have real data
    betas_trans: 0/16 samples have real data
    keypoint_2d: 16/16 samples have real data
    keypoint_3d: 16/16 samples have real data
    silhouette: 0/16 samples have real data
  Loss weights: keypoint_2d=0.1, betas=0.0005
  need_keypoint_loss=True, need_silhouette_loss=False
  Loss components (non-zero only):
    betas: 0.000002 (weight=0.0005)
    limb_scale_regularization: 0.014632 (weight=1e-05)
    limb_trans_regularization: 0.000000 (weight=0.5)
    joint_angle_regularization: 0.130654 (weight=2e-07)
    joint_limit_regularization: 0.000955 (weight=0.0001)
    keypoint_2d: 0.000004 (weight=0.1)
    keypoint_3d: 0.000000 (weight=2)

WARNING: Near-zero total loss detected: 9.33e-07
  Valid samples: 16/16
  Dataset composition: {'unknown': 16}
  Availability masks present: True
  Availability summary:
    global_rot: 0/16 samples have real data
    joint_rot: 0/16 samples have real data
    betas: 16/16 samples have real data
    trans: 0/16 samples have real data
    fov: 0/16 samples have real data
    cam_rot: 0/16 samples have real data
    cam_trans: 0/16 samples have real data
    log_beta_scales: 0/16 samples have real data
    betas_trans: 0/16 samples have real data
    keypoint_2d: 16/16 samples have real data
    keypoint_3d: 16/16 samples have real data
    silhouette: 0/16 samples have real data
  Loss weights: keypoint_2d=0.1, betas=0.0005
  need_keypoint_loss=True, need_silhouette_loss=False
  Loss components (non-zero only):
    betas: 0.000002 (weight=0.0005)
    limb_scale_regularization: 0.014707 (weight=1e-05)
    limb_trans_regularization: 0.000000 (weight=0.5)
    joint_angle_regularization: 0.132697 (weight=2e-07)
    joint_limit_regularization: 0.000974 (weight=0.0001)
    keypoint_2d: 0.000004 (weight=0.1)
    keypoint_3d: 0.000000 (weight=2)

WARNING: Near-zero total loss detected: 9.78e-07
  Valid samples: 16/16
  Dataset composition: {'unknown': 16}
  Availability masks present: True
  Availability summary:
    global_rot: 0/16 samples have real data
    joint_rot: 0/16 samples have real data
    betas: 16/16 samples have real data
    trans: 0/16 samples have real data
    fov: 0/16 samples have real data
    cam_rot: 0/16 samples have real data
    cam_trans: 0/16 samples have real data
    log_beta_scales: 0/16 samples have real data
    betas_trans: 0/16 samples have real data
    keypoint_2d: 16/16 samples have real data
    keypoint_3d: 16/16 samples have real data
    silhouette: 0/16 samples have real data
  Loss weights: keypoint_2d=0.1, betas=0.0005
  need_keypoint_loss=True, need_silhouette_loss=False
  Loss components (non-zero only):
    betas: 0.000003 (weight=0.0005)
    limb_scale_regularization: 0.014667 (weight=1e-05)
    limb_trans_regularization: 0.000000 (weight=0.5)
    joint_angle_regularization: 0.132125 (weight=2e-07)
    joint_limit_regularization: 0.000951 (weight=0.0001)
    keypoint_2d: 0.000005 (weight=0.1)
    keypoint_3d: 0.000000 (weight=2)

Epoch 429:
  Train Loss = 0.000003, Val Loss = 0.000002, LR = 1.00e-05
  Parameter Errors (Train / Val):
    betas          : 0.000044 / 0.000008
    betas_trans    : 0.000000 / 0.000000
    cam_rot        : 0.000000 / 0.000000
    cam_trans      : 0.000000 / 0.000000
    fov            : 0.000000 / 0.000000
    global_rot     : 0.000000 / 0.000000
    joint_angle_regularization: 0.119905 / 0.120041
    joint_limit_regularization: 0.001471 / 0.001444
    joint_rot      : 0.000000 / 0.000000
    keypoint_2d    : 0.000014 / 0.000012
    keypoint_3d    : 0.000000 / 0.000000
    limb_scale_regularization: 0.018144 / 0.018198
    limb_trans_regularization: 0.000000 / 0.000000
    log_beta_scales: 0.000000 / 0.000000
    silhouette     : 0.000000 / 0.000000
    trans          : 0.000000 / 0.000000
  Checkpoint saved at epoch 429
Visualizing 5 samples from dataset: unknown
Generated 5 visualization images for epoch 429 in /hpcwork/mkd34160/smilify_runs/singleview_lam1e-4/visualizations/epoch_429
Visualizing 5 samples from dataset: unknown
Generated 5 visualization images for epoch 429 in /hpcwork/mkd34160/smilify_runs/singleview_lam1e-4/visualizations_train/epoch_429

WARNING: Near-zero total loss detected: 9.26e-07
  Valid samples: 16/16
  Dataset composition: {'unknown': 16}
  Availability masks present: True
  Availability summary:
    global_rot: 0/16 samples have real data
    joint_rot: 0/16 samples have real data
    betas: 16/16 samples have real data
    trans: 0/16 samples have real data
    fov: 0/16 samples have real data
    cam_rot: 0/16 samples have real data
    cam_trans: 0/16 samples have real data
    log_beta_scales: 0/16 samples have real data
    betas_trans: 0/16 samples have real data
    keypoint_2d: 16/16 samples have real data
    keypoint_3d: 16/16 samples have real data
    silhouette: 0/16 samples have real data
  Loss weights: keypoint_2d=0.1, betas=0.0005
  need_keypoint_loss=True, need_silhouette_loss=False
  Loss components (non-zero only):
    betas: 0.000003 (weight=0.0005)
    limb_scale_regularization: 0.014861 (weight=1e-05)
    limb_trans_regularization: 0.000000 (weight=0.5)
    joint_angle_regularization: 0.131606 (weight=2e-07)
    joint_limit_regularization: 0.000918 (weight=0.0001)
    keypoint_2d: 0.000004 (weight=0.1)
    keypoint_3d: 0.000000 (weight=2)

WARNING: Near-zero total loss detected: 9.89e-07
  Valid samples: 16/16
  Dataset composition: {'unknown': 16}
  Availability masks present: True
  Availability summary:
    global_rot: 0/16 samples have real data
    joint_rot: 0/16 samples have real data
    betas: 16/16 samples have real data
    trans: 0/16 samples have real data
    fov: 0/16 samples have real data
    cam_rot: 0/16 samples have real data
    cam_trans: 0/16 samples have real data
    log_beta_scales: 0/16 samples have real data
    betas_trans: 0/16 samples have real data
    keypoint_2d: 16/16 samples have real data
    keypoint_3d: 16/16 samples have real data
    silhouette: 0/16 samples have real data
  Loss weights: keypoint_2d=0.1, betas=0.0005
  need_keypoint_loss=True, need_silhouette_loss=False
  Loss components (non-zero only):
    betas: 0.000004 (weight=0.0005)
    limb_scale_regularization: 0.014736 (weight=1e-05)
    limb_trans_regularization: 0.000000 (weight=0.5)
    joint_angle_regularization: 0.129876 (weight=2e-07)
    joint_limit_regularization: 0.000912 (weight=0.0001)
    keypoint_2d: 0.000005 (weight=0.1)
    keypoint_3d: 0.000000 (weight=2)

WARNING: Near-zero total loss detected: 9.17e-07
  Valid samples: 16/16
  Dataset composition: {'unknown': 16}
  Availability masks present: True
  Availability summary:
    global_rot: 0/16 samples have real data
    joint_rot: 0/16 samples have real data
    betas: 16/16 samples have real data
    trans: 0/16 samples have real data
    fov: 0/16 samples have real data
    cam_rot: 0/16 samples have real data
    cam_trans: 0/16 samples have real data
    log_beta_scales: 0/16 samples have real data
    betas_trans: 0/16 samples have real data
    keypoint_2d: 16/16 samples have real data
    keypoint_3d: 16/16 samples have real data
    silhouette: 0/16 samples have real data
  Loss weights: keypoint_2d=0.1, betas=0.0005
  need_keypoint_loss=True, need_silhouette_loss=False
  Loss components (non-zero only):
    betas: 0.000005 (weight=0.0005)
    limb_scale_regularization: 0.014768 (weight=1e-05)
    limb_trans_regularization: 0.000000 (weight=0.5)
    joint_angle_regularization: 0.131872 (weight=2e-07)
    joint_limit_regularization: 0.000948 (weight=0.0001)
    keypoint_2d: 0.000004 (weight=0.1)
    keypoint_3d: 0.000000 (weight=2)

WARNING: Near-zero total loss detected: 9.52e-07
  Valid samples: 16/16
  Dataset composition: {'unknown': 16}
  Availability masks present: True
  Availability summary:
    global_rot: 0/16 samples have real data
    joint_rot: 0/16 samples have real data
    betas: 16/16 samples have real data
    trans: 0/16 samples have real data
    fov: 0/16 samples have real data
    cam_rot: 0/16 samples have real data
    cam_trans: 0/16 samples have real data
    log_beta_scales: 0/16 samples have real data
    betas_trans: 0/16 samples have real data
    keypoint_2d: 16/16 samples have real data
    keypoint_3d: 16/16 samples have real data
    silhouette: 0/16 samples have real data
  Loss weights: keypoint_2d=0.1, betas=0.0005
  need_keypoint_loss=True, need_silhouette_loss=False
  Loss components (non-zero only):
    betas: 0.000004 (weight=0.0005)
    limb_scale_regularization: 0.014565 (weight=1e-05)
    limb_trans_regularization: 0.000000 (weight=0.5)
    joint_angle_regularization: 0.129552 (weight=2e-07)
    joint_limit_regularization: 0.000863 (weight=0.0001)
    keypoint_2d: 0.000004 (weight=0.1)
    keypoint_3d: 0.000000 (weight=2)

WARNING: Near-zero total loss detected: 9.67e-07
  Valid samples: 16/16
  Dataset composition: {'unknown': 16}
  Availability masks present: True
  Availability summary:
    global_rot: 0/16 samples have real data
    joint_rot: 0/16 samples have real data
    betas: 16/16 samples have real data
    trans: 0/16 samples have real data
    fov: 0/16 samples have real data
    cam_rot: 0/16 samples have real data
    cam_trans: 0/16 samples have real data
    log_beta_scales: 0/16 samples have real data
    betas_trans: 0/16 samples have real data
    keypoint_2d: 16/16 samples have real data
    keypoint_3d: 16/16 samples have real data
    silhouette: 0/16 samples have real data
  Loss weights: keypoint_2d=0.1, betas=0.0005
  need_keypoint_loss=True, need_silhouette_loss=False
  Loss components (non-zero only):
    betas: 0.000002 (weight=0.0005)
    limb_scale_regularization: 0.014772 (weight=1e-05)
    limb_trans_regularization: 0.000000 (weight=0.5)
    joint_angle_regularization: 0.132580 (weight=2e-07)
    joint_limit_regularization: 0.000946 (weight=0.0001)
    keypoint_2d: 0.000005 (weight=0.1)
    keypoint_3d: 0.000000 (weight=2)

WARNING: Near-zero total loss detected: 8.55e-07
  Valid samples: 16/16
  Dataset composition: {'unknown': 16}
  Availability masks present: True
  Availability summary:
    global_rot: 0/16 samples have real data
    joint_rot: 0/16 samples have real data
    betas: 16/16 samples have real data
    trans: 0/16 samples have real data
    fov: 0/16 samples have real data
    cam_rot: 0/16 samples have real data
    cam_trans: 0/16 samples have real data
    log_beta_scales: 0/16 samples have real data
    betas_trans: 0/16 samples have real data
    keypoint_2d: 16/16 samples have real data
    keypoint_3d: 16/16 samples have real data
    silhouette: 0/16 samples have real data
  Loss weights: keypoint_2d=0.1, betas=0.0005
  need_keypoint_loss=True, need_silhouette_loss=False
  Loss components (non-zero only):
    betas: 0.000002 (weight=0.0005)
    limb_scale_regularization: 0.014673 (weight=1e-05)
    limb_trans_regularization: 0.000000 (weight=0.5)
    joint_angle_regularization: 0.131242 (weight=2e-07)
    joint_limit_regularization: 0.000914 (weight=0.0001)
    keypoint_2d: 0.000004 (weight=0.1)
    keypoint_3d: 0.000000 (weight=2)

WARNING: Near-zero total loss detected: 9.94e-07
  Valid samples: 16/16
  Dataset composition: {'unknown': 16}
  Availability masks present: True
  Availability summary:
    global_rot: 0/16 samples have real data
    joint_rot: 0/16 samples have real data
    betas: 16/16 samples have real data
    trans: 0/16 samples have real data
    fov: 0/16 samples have real data
    cam_rot: 0/16 samples have real data
    cam_trans: 0/16 samples have real data
    log_beta_scales: 0/16 samples have real data
    betas_trans: 0/16 samples have real data
    keypoint_2d: 16/16 samples have real data
    keypoint_3d: 16/16 samples have real data
    silhouette: 0/16 samples have real data
  Loss weights: keypoint_2d=0.1, betas=0.0005
  need_keypoint_loss=True, need_silhouette_loss=False
  Loss components (non-zero only):
    betas: 0.000002 (weight=0.0005)
    limb_scale_regularization: 0.014820 (weight=1e-05)
    limb_trans_regularization: 0.000000 (weight=0.5)
    joint_angle_regularization: 0.131937 (weight=2e-07)
    joint_limit_regularization: 0.000893 (weight=0.0001)
    keypoint_2d: 0.000005 (weight=0.1)
    keypoint_3d: 0.000000 (weight=2)

Epoch 430:
  Train Loss = 0.000003, Val Loss = 0.000002, LR = 1.00e-05
  Parameter Errors (Train / Val):
    betas          : 0.000046 / 0.000009
    betas_trans    : 0.000000 / 0.000000
    cam_rot        : 0.000000 / 0.000000
    cam_trans      : 0.000000 / 0.000000
    fov            : 0.000000 / 0.000000
    global_rot     : 0.000000 / 0.000000
    joint_angle_regularization: 0.119740 / 0.120121
    joint_limit_regularization: 0.001438 / 0.001438
    joint_rot      : 0.000000 / 0.000000
    keypoint_2d    : 0.000014 / 0.000012
    keypoint_3d    : 0.000000 / 0.000000
    limb_scale_regularization: 0.018117 / 0.018271
    limb_trans_regularization: 0.000000 / 0.000000
    log_beta_scales: 0.000000 / 0.000000
    silhouette     : 0.000000 / 0.000000
    trans          : 0.000000 / 0.000000

WARNING: Near-zero total loss detected: 8.91e-07
  Valid samples: 16/16
  Dataset composition: {'unknown': 16}
  Availability masks present: True
  Availability summary:
    global_rot: 0/16 samples have real data
    joint_rot: 0/16 samples have real data
    betas: 16/16 samples have real data
    trans: 0/16 samples have real data
    fov: 0/16 samples have real data
    cam_rot: 0/16 samples have real data
    cam_trans: 0/16 samples have real data
    log_beta_scales: 0/16 samples have real data
    betas_trans: 0/16 samples have real data
    keypoint_2d: 16/16 samples have real data
    keypoint_3d: 16/16 samples have real data
    silhouette: 0/16 samples have real data
  Loss weights: keypoint_2d=0.1, betas=0.0005
  need_keypoint_loss=True, need_silhouette_loss=False
  Loss components (non-zero only):
    betas: 0.000002 (weight=0.0005)
    limb_scale_regularization: 0.014882 (weight=1e-05)
    limb_trans_regularization: 0.000000 (weight=0.5)
    joint_angle_regularization: 0.131671 (weight=2e-07)
    joint_limit_regularization: 0.000919 (weight=0.0001)
    keypoint_2d: 0.000004 (weight=0.1)
    keypoint_3d: 0.000000 (weight=2)

WARNING: Near-zero total loss detected: 9.54e-07
  Valid samples: 16/16
  Dataset composition: {'unknown': 16}
  Availability masks present: True
  Availability summary:
    global_rot: 0/16 samples have real data
    joint_rot: 0/16 samples have real data
    betas: 16/16 samples have real data
    trans: 0/16 samples have real data
    fov: 0/16 samples have real data
    cam_rot: 0/16 samples have real data
    cam_trans: 0/16 samples have real data
    log_beta_scales: 0/16 samples have real data
    betas_trans: 0/16 samples have real data
    keypoint_2d: 16/16 samples have real data
    keypoint_3d: 16/16 samples have real data
    silhouette: 0/16 samples have real data
  Loss weights: keypoint_2d=0.1, betas=0.0005
  need_keypoint_loss=True, need_silhouette_loss=False
  Loss components (non-zero only):
    betas: 0.000002 (weight=0.0005)
    limb_scale_regularization: 0.014755 (weight=1e-05)
    limb_trans_regularization: 0.000000 (weight=0.5)
    joint_angle_regularization: 0.129887 (weight=2e-07)
    joint_limit_regularization: 0.000900 (weight=0.0001)
    keypoint_2d: 0.000004 (weight=0.1)
    keypoint_3d: 0.000000 (weight=2)

WARNING: Near-zero total loss detected: 8.68e-07
  Valid samples: 16/16
  Dataset composition: {'unknown': 16}
  Availability masks present: True
  Availability summary:
    global_rot: 0/16 samples have real data
    joint_rot: 0/16 samples have real data
    betas: 16/16 samples have real data
    trans: 0/16 samples have real data
    fov: 0/16 samples have real data
    cam_rot: 0/16 samples have real data
    cam_trans: 0/16 samples have real data
    log_beta_scales: 0/16 samples have real data
    betas_trans: 0/16 samples have real data
    keypoint_2d: 16/16 samples have real data
    keypoint_3d: 16/16 samples have real data
    silhouette: 0/16 samples have real data
  Loss weights: keypoint_2d=0.1, betas=0.0005
  need_keypoint_loss=True, need_silhouette_loss=False
  Loss components (non-zero only):
    betas: 0.000003 (weight=0.0005)
    limb_scale_regularization: 0.014847 (weight=1e-05)
    limb_trans_regularization: 0.000000 (weight=0.5)
    joint_angle_regularization: 0.132149 (weight=2e-07)
    joint_limit_regularization: 0.000968 (weight=0.0001)
    keypoint_2d: 0.000004 (weight=0.1)
    keypoint_3d: 0.000000 (weight=2)

WARNING: Near-zero total loss detected: 9.31e-07
  Valid samples: 16/16
  Dataset composition: {'unknown': 16}
  Availability masks present: True
  Availability summary:
    global_rot: 0/16 samples have real data
    joint_rot: 0/16 samples have real data
    betas: 16/16 samples have real data
    trans: 0/16 samples have real data
    fov: 0/16 samples have real data
    cam_rot: 0/16 samples have real data
    cam_trans: 0/16 samples have real data
    log_beta_scales: 0/16 samples have real data
    betas_trans: 0/16 samples have real data
    keypoint_2d: 16/16 samples have real data
    keypoint_3d: 16/16 samples have real data
    silhouette: 0/16 samples have real data
  Loss weights: keypoint_2d=0.1, betas=0.0005
  need_keypoint_loss=True, need_silhouette_loss=False
  Loss components (non-zero only):
    betas: 0.000003 (weight=0.0005)
    limb_scale_regularization: 0.014641 (weight=1e-05)
    limb_trans_regularization: 0.000000 (weight=0.5)
    joint_angle_regularization: 0.129766 (weight=2e-07)
    joint_limit_regularization: 0.000883 (weight=0.0001)
    keypoint_2d: 0.000004 (weight=0.1)
    keypoint_3d: 0.000000 (weight=2)

WARNING: Near-zero total loss detected: 8.42e-07
  Valid samples: 16/16
  Dataset composition: {'unknown': 16}
  Availability masks present: True
  Availability summary:
    global_rot: 0/16 samples have real data
    joint_rot: 0/16 samples have real data
    betas: 16/16 samples have real data
    trans: 0/16 samples have real data
    fov: 0/16 samples have real data
    cam_rot: 0/16 samples have real data
    cam_trans: 0/16 samples have real data
    log_beta_scales: 0/16 samples have real data
    betas_trans: 0/16 samples have real data
    keypoint_2d: 16/16 samples have real data
    keypoint_3d: 16/16 samples have real data
    silhouette: 0/16 samples have real data
  Loss weights: keypoint_2d=0.1, betas=0.0005
  need_keypoint_loss=True, need_silhouette_loss=False
  Loss components (non-zero only):
    betas: 0.000003 (weight=0.0005)
    limb_scale_regularization: 0.014720 (weight=1e-05)
    limb_trans_regularization: 0.000000 (weight=0.5)
    joint_angle_regularization: 0.131347 (weight=2e-07)
    joint_limit_regularization: 0.000923 (weight=0.0001)
    keypoint_2d: 0.000004 (weight=0.1)
    keypoint_3d: 0.000000 (weight=2)

WARNING: Near-zero total loss detected: 9.96e-07
  Valid samples: 16/16
  Dataset composition: {'unknown': 16}
  Availability masks present: True
  Availability summary:
    global_rot: 0/16 samples have real data
    joint_rot: 0/16 samples have real data
    betas: 16/16 samples have real data
    trans: 0/16 samples have real data
    fov: 0/16 samples have real data
    cam_rot: 0/16 samples have real data
    cam_trans: 0/16 samples have real data
    log_beta_scales: 0/16 samples have real data
    betas_trans: 0/16 samples have real data
    keypoint_2d: 16/16 samples have real data
    keypoint_3d: 16/16 samples have real data
    silhouette: 0/16 samples have real data
  Loss weights: keypoint_2d=0.1, betas=0.0005
  need_keypoint_loss=True, need_silhouette_loss=False
  Loss components (non-zero only):
    betas: 0.000004 (weight=0.0005)
    limb_scale_regularization: 0.014870 (weight=1e-05)
    limb_trans_regularization: 0.000000 (weight=0.5)
    joint_angle_regularization: 0.131975 (weight=2e-07)
    joint_limit_regularization: 0.000897 (weight=0.0001)
    keypoint_2d: 0.000005 (weight=0.1)
    keypoint_3d: 0.000000 (weight=2)

WARNING: Near-zero total loss detected: 9.23e-07
  Valid samples: 16/16
  Dataset composition: {'unknown': 16}
  Availability masks present: True
  Availability summary:
    global_rot: 0/16 samples have real data
    joint_rot: 0/16 samples have real data
    betas: 16/16 samples have real data
    trans: 0/16 samples have real data
    fov: 0/16 samples have real data
    cam_rot: 0/16 samples have real data
    cam_trans: 0/16 samples have real data
    log_beta_scales: 0/16 samples have real data
    betas_trans: 0/16 samples have real data
    keypoint_2d: 16/16 samples have real data
    keypoint_3d: 16/16 samples have real data
    silhouette: 0/16 samples have real data
  Loss weights: keypoint_2d=0.1, betas=0.0005
  need_keypoint_loss=True, need_silhouette_loss=False
  Loss components (non-zero only):
    betas: 0.000005 (weight=0.0005)
    limb_scale_regularization: 0.014821 (weight=1e-05)
    limb_trans_regularization: 0.000000 (weight=0.5)
    joint_angle_regularization: 0.133024 (weight=2e-07)
    joint_limit_regularization: 0.000931 (weight=0.0001)
    keypoint_2d: 0.000004 (weight=0.1)
    keypoint_3d: 0.000000 (weight=2)

WARNING: Near-zero total loss detected: 9.78e-07
  Valid samples: 16/16
  Dataset composition: {'unknown': 16}
  Availability masks present: True
  Availability summary:
    global_rot: 0/16 samples have real data
    joint_rot: 0/16 samples have real data
    betas: 16/16 samples have real data
    trans: 0/16 samples have real data
    fov: 0/16 samples have real data
    cam_rot: 0/16 samples have real data
    cam_trans: 0/16 samples have real data
    log_beta_scales: 0/16 samples have real data
    betas_trans: 0/16 samples have real data
    keypoint_2d: 16/16 samples have real data
    keypoint_3d: 16/16 samples have real data
    silhouette: 0/16 samples have real data
  Loss weights: keypoint_2d=0.1, betas=0.0005
  need_keypoint_loss=True, need_silhouette_loss=False
  Loss components (non-zero only):
    betas: 0.000007 (weight=0.0005)
    limb_scale_regularization: 0.014782 (weight=1e-05)
    limb_trans_regularization: 0.000000 (weight=0.5)
    joint_angle_regularization: 0.132487 (weight=2e-07)
    joint_limit_regularization: 0.000913 (weight=0.0001)
    keypoint_2d: 0.000005 (weight=0.1)
    keypoint_3d: 0.000000 (weight=2)

Epoch 431:
  Train Loss = 0.000003, Val Loss = 0.000002, LR = 1.00e-05
  Parameter Errors (Train / Val):
    betas          : 0.000044 / 0.000008
    betas_trans    : 0.000000 / 0.000000
    cam_rot        : 0.000000 / 0.000000
    cam_trans      : 0.000000 / 0.000000
    fov            : 0.000000 / 0.000000
    global_rot     : 0.000000 / 0.000000
    joint_angle_regularization: 0.119791 / 0.120129
    joint_limit_regularization: 0.001422 / 0.001405
    joint_rot      : 0.000000 / 0.000000
    keypoint_2d    : 0.000014 / 0.000012
    keypoint_3d    : 0.000000 / 0.000000
    limb_scale_regularization: 0.018264 / 0.018345
    limb_trans_regularization: 0.000000 / 0.000000
    log_beta_scales: 0.000000 / 0.000000
    silhouette     : 0.000000 / 0.000000
    trans          : 0.000000 / 0.000000
  Checkpoint saved at epoch 431

WARNING: Near-zero total loss detected: 8.89e-07
  Valid samples: 16/16
  Dataset composition: {'unknown': 16}
  Availability masks present: True
  Availability summary:
    global_rot: 0/16 samples have real data
    joint_rot: 0/16 samples have real data
    betas: 16/16 samples have real data
    trans: 0/16 samples have real data
    fov: 0/16 samples have real data
    cam_rot: 0/16 samples have real data
    cam_trans: 0/16 samples have real data
    log_beta_scales: 0/16 samples have real data
    betas_trans: 0/16 samples have real data
    keypoint_2d: 16/16 samples have real data
    keypoint_3d: 16/16 samples have real data
    silhouette: 0/16 samples have real data
  Loss weights: keypoint_2d=0.1, betas=0.0005
  need_keypoint_loss=True, need_silhouette_loss=False
  Loss components (non-zero only):
    betas: 0.000005 (weight=0.0005)
    limb_scale_regularization: 0.014903 (weight=1e-05)
    limb_trans_regularization: 0.000000 (weight=0.5)
    joint_angle_regularization: 0.131922 (weight=2e-07)
    joint_limit_regularization: 0.000862 (weight=0.0001)
    keypoint_2d: 0.000004 (weight=0.1)
    keypoint_3d: 0.000000 (weight=2)

WARNING: Near-zero total loss detected: 9.45e-07
  Valid samples: 16/16
  Dataset composition: {'unknown': 16}
  Availability masks present: True
  Availability summary:
    global_rot: 0/16 samples have real data
    joint_rot: 0/16 samples have real data
    betas: 16/16 samples have real data
    trans: 0/16 samples have real data
    fov: 0/16 samples have real data
    cam_rot: 0/16 samples have real data
    cam_trans: 0/16 samples have real data
    log_beta_scales: 0/16 samples have real data
    betas_trans: 0/16 samples have real data
    keypoint_2d: 16/16 samples have real data
    keypoint_3d: 16/16 samples have real data
    silhouette: 0/16 samples have real data
  Loss weights: keypoint_2d=0.1, betas=0.0005
  need_keypoint_loss=True, need_silhouette_loss=False
  Loss components (non-zero only):
    betas: 0.000005 (weight=0.0005)
    limb_scale_regularization: 0.014781 (weight=1e-05)
    limb_trans_regularization: 0.000000 (weight=0.5)
    joint_angle_regularization: 0.130071 (weight=2e-07)
    joint_limit_regularization: 0.000846 (weight=0.0001)
    keypoint_2d: 0.000004 (weight=0.1)
    keypoint_3d: 0.000000 (weight=2)

WARNING: Near-zero total loss detected: 8.69e-07
  Valid samples: 16/16
  Dataset composition: {'unknown': 16}
  Availability masks present: True
  Availability summary:
    global_rot: 0/16 samples have real data
    joint_rot: 0/16 samples have real data
    betas: 16/16 samples have real data
    trans: 0/16 samples have real data
    fov: 0/16 samples have real data
    cam_rot: 0/16 samples have real data
    cam_trans: 0/16 samples have real data
    log_beta_scales: 0/16 samples have real data
    betas_trans: 0/16 samples have real data
    keypoint_2d: 16/16 samples have real data
    keypoint_3d: 16/16 samples have real data
    silhouette: 0/16 samples have real data
  Loss weights: keypoint_2d=0.1, betas=0.0005
  need_keypoint_loss=True, need_silhouette_loss=False
  Loss components (non-zero only):
    betas: 0.000001 (weight=0.0005)
    limb_scale_regularization: 0.014917 (weight=1e-05)
    limb_trans_regularization: 0.000000 (weight=0.5)
    joint_angle_regularization: 0.132090 (weight=2e-07)
    joint_limit_regularization: 0.000912 (weight=0.0001)
    keypoint_2d: 0.000004 (weight=0.1)
    keypoint_3d: 0.000000 (weight=2)

WARNING: Near-zero total loss detected: 9.34e-07
  Valid samples: 16/16
  Dataset composition: {'unknown': 16}
  Availability masks present: True
  Availability summary:
    global_rot: 0/16 samples have real data
    joint_rot: 0/16 samples have real data
    betas: 16/16 samples have real data
    trans: 0/16 samples have real data
    fov: 0/16 samples have real data
    cam_rot: 0/16 samples have real data
    cam_trans: 0/16 samples have real data
    log_beta_scales: 0/16 samples have real data
    betas_trans: 0/16 samples have real data
    keypoint_2d: 16/16 samples have real data
    keypoint_3d: 16/16 samples have real data
    silhouette: 0/16 samples have real data
  Loss weights: keypoint_2d=0.1, betas=0.0005
  need_keypoint_loss=True, need_silhouette_loss=False
  Loss components (non-zero only):
    betas: 0.000002 (weight=0.0005)
    limb_scale_regularization: 0.014711 (weight=1e-05)
    limb_trans_regularization: 0.000000 (weight=0.5)
    joint_angle_regularization: 0.129708 (weight=2e-07)
    joint_limit_regularization: 0.000827 (weight=0.0001)
    keypoint_2d: 0.000004 (weight=0.1)
    keypoint_3d: 0.000000 (weight=2)

WARNING: Near-zero total loss detected: 8.97e-07
  Valid samples: 16/16
  Dataset composition: {'unknown': 16}
  Availability masks present: True
  Availability summary:
    global_rot: 0/16 samples have real data
    joint_rot: 0/16 samples have real data
    betas: 16/16 samples have real data
    trans: 0/16 samples have real data
    fov: 0/16 samples have real data
    cam_rot: 0/16 samples have real data
    cam_trans: 0/16 samples have real data
    log_beta_scales: 0/16 samples have real data
    betas_trans: 0/16 samples have real data
    keypoint_2d: 16/16 samples have real data
    keypoint_3d: 16/16 samples have real data
    silhouette: 0/16 samples have real data
  Loss weights: keypoint_2d=0.1, betas=0.0005
  need_keypoint_loss=True, need_silhouette_loss=False
  Loss components (non-zero only):
    betas: 0.000002 (weight=0.0005)
    limb_scale_regularization: 0.014812 (weight=1e-05)
    limb_trans_regularization: 0.000000 (weight=0.5)
    joint_angle_regularization: 0.131621 (weight=2e-07)
    joint_limit_regularization: 0.000887 (weight=0.0001)
    keypoint_2d: 0.000004 (weight=0.1)
    keypoint_3d: 0.000000 (weight=2)

WARNING: Near-zero total loss detected: 9.72e-07
  Valid samples: 16/16
  Dataset composition: {'unknown': 16}
  Availability masks present: True
  Availability summary:
    global_rot: 0/16 samples have real data
    joint_rot: 0/16 samples have real data
    betas: 16/16 samples have real data
    trans: 0/16 samples have real data
    fov: 0/16 samples have real data
    cam_rot: 0/16 samples have real data
    cam_trans: 0/16 samples have real data
    log_beta_scales: 0/16 samples have real data
    betas_trans: 0/16 samples have real data
    keypoint_2d: 16/16 samples have real data
    keypoint_3d: 16/16 samples have real data
    silhouette: 0/16 samples have real data
  Loss weights: keypoint_2d=0.1, betas=0.0005
  need_keypoint_loss=True, need_silhouette_loss=False
  Loss components (non-zero only):
    betas: 0.000003 (weight=0.0005)
    limb_scale_regularization: 0.014772 (weight=1e-05)
    limb_trans_regularization: 0.000000 (weight=0.5)
    joint_angle_regularization: 0.131042 (weight=2e-07)
    joint_limit_regularization: 0.000870 (weight=0.0001)
    keypoint_2d: 0.000005 (weight=0.1)
    keypoint_3d: 0.000000 (weight=2)

WARNING: Near-zero total loss detected: 8.35e-07
  Valid samples: 16/16
  Dataset composition: {'unknown': 16}
  Availability masks present: True
  Availability summary:
    global_rot: 0/16 samples have real data
    joint_rot: 0/16 samples have real data
    betas: 16/16 samples have real data
    trans: 0/16 samples have real data
    fov: 0/16 samples have real data
    cam_rot: 0/16 samples have real data
    cam_trans: 0/16 samples have real data
    log_beta_scales: 0/16 samples have real data
    betas_trans: 0/16 samples have real data
    keypoint_2d: 16/16 samples have real data
    keypoint_3d: 16/16 samples have real data
    silhouette: 0/16 samples have real data
  Loss weights: keypoint_2d=0.1, betas=0.0005
  need_keypoint_loss=True, need_silhouette_loss=False
  Loss components (non-zero only):
    betas: 0.000002 (weight=0.0005)
    limb_scale_regularization: 0.014716 (weight=1e-05)
    limb_trans_regularization: 0.000000 (weight=0.5)
    joint_angle_regularization: 0.131713 (weight=2e-07)
    joint_limit_regularization: 0.000895 (weight=0.0001)
    keypoint_2d: 0.000004 (weight=0.1)
    keypoint_3d: 0.000000 (weight=2)

WARNING: Near-zero total loss detected: 9.82e-07
  Valid samples: 16/16
  Dataset composition: {'unknown': 16}
  Availability masks present: True
  Availability summary:
    global_rot: 0/16 samples have real data
    joint_rot: 0/16 samples have real data
    betas: 16/16 samples have real data
    trans: 0/16 samples have real data
    fov: 0/16 samples have real data
    cam_rot: 0/16 samples have real data
    cam_trans: 0/16 samples have real data
    log_beta_scales: 0/16 samples have real data
    betas_trans: 0/16 samples have real data
    keypoint_2d: 16/16 samples have real data
    keypoint_3d: 16/16 samples have real data
    silhouette: 0/16 samples have real data
  Loss weights: keypoint_2d=0.1, betas=0.0005
  need_keypoint_loss=True, need_silhouette_loss=False
  Loss components (non-zero only):
    betas: 0.000003 (weight=0.0005)
    limb_scale_regularization: 0.014864 (weight=1e-05)
    limb_trans_regularization: 0.000000 (weight=0.5)
    joint_angle_regularization: 0.132429 (weight=2e-07)
    joint_limit_regularization: 0.000872 (weight=0.0001)
    keypoint_2d: 0.000005 (weight=0.1)
    keypoint_3d: 0.000000 (weight=2)

Epoch 432:
  Train Loss = 0.000003, Val Loss = 0.000002, LR = 1.00e-05
  Parameter Errors (Train / Val):
    betas          : 0.000054 / 0.000009
    betas_trans    : 0.000000 / 0.000000
    cam_rot        : 0.000000 / 0.000000
    cam_trans      : 0.000000 / 0.000000
    fov            : 0.000000 / 0.000000
    global_rot     : 0.000000 / 0.000000
    joint_angle_regularization: 0.120066 / 0.120182
    joint_limit_regularization: 0.001421 / 0.001387
    joint_rot      : 0.000000 / 0.000000
    keypoint_2d    : 0.000014 / 0.000012
    keypoint_3d    : 0.000000 / 0.000000
    limb_scale_regularization: 0.018333 / 0.018397
    limb_trans_regularization: 0.000000 / 0.000000
    log_beta_scales: 0.000000 / 0.000000
    silhouette     : 0.000000 / 0.000000
    trans          : 0.000000 / 0.000000

WARNING: Near-zero total loss detected: 8.65e-07
  Valid samples: 16/16
  Dataset composition: {'unknown': 16}
  Availability masks present: True
  Availability summary:
    global_rot: 0/16 samples have real data
    joint_rot: 0/16 samples have real data
    betas: 16/16 samples have real data
    trans: 0/16 samples have real data
    fov: 0/16 samples have real data
    cam_rot: 0/16 samples have real data
    cam_trans: 0/16 samples have real data
    log_beta_scales: 0/16 samples have real data
    betas_trans: 0/16 samples have real data
    keypoint_2d: 16/16 samples have real data
    keypoint_3d: 16/16 samples have real data
    silhouette: 0/16 samples have real data
  Loss weights: keypoint_2d=0.1, betas=0.0005
  need_keypoint_loss=True, need_silhouette_loss=False
  Loss components (non-zero only):
    betas: 0.000002 (weight=0.0005)
    limb_scale_regularization: 0.014884 (weight=1e-05)
    limb_trans_regularization: 0.000000 (weight=0.5)
    joint_angle_regularization: 0.133009 (weight=2e-07)
    joint_limit_regularization: 0.000874 (weight=0.0001)
    keypoint_2d: 0.000004 (weight=0.1)
    keypoint_3d: 0.000000 (weight=2)

WARNING: Near-zero total loss detected: 9.34e-07
  Valid samples: 16/16
  Dataset composition: {'unknown': 16}
  Availability masks present: True
  Availability summary:
    global_rot: 0/16 samples have real data
    joint_rot: 0/16 samples have real data
    betas: 16/16 samples have real data
    trans: 0/16 samples have real data
    fov: 0/16 samples have real data
    cam_rot: 0/16 samples have real data
    cam_trans: 0/16 samples have real data
    log_beta_scales: 0/16 samples have real data
    betas_trans: 0/16 samples have real data
    keypoint_2d: 16/16 samples have real data
    keypoint_3d: 16/16 samples have real data
    silhouette: 0/16 samples have real data
  Loss weights: keypoint_2d=0.1, betas=0.0005
  need_keypoint_loss=True, need_silhouette_loss=False
  Loss components (non-zero only):
    betas: 0.000003 (weight=0.0005)
    limb_scale_regularization: 0.014762 (weight=1e-05)
    limb_trans_regularization: 0.000000 (weight=0.5)
    joint_angle_regularization: 0.131298 (weight=2e-07)
    joint_limit_regularization: 0.000860 (weight=0.0001)
    keypoint_2d: 0.000004 (weight=0.1)
    keypoint_3d: 0.000000 (weight=2)

WARNING: Near-zero total loss detected: 8.24e-07
  Valid samples: 16/16
  Dataset composition: {'unknown': 16}
  Availability masks present: True
  Availability summary:
    global_rot: 0/16 samples have real data
    joint_rot: 0/16 samples have real data
    betas: 16/16 samples have real data
    trans: 0/16 samples have real data
    fov: 0/16 samples have real data
    cam_rot: 0/16 samples have real data
    cam_trans: 0/16 samples have real data
    log_beta_scales: 0/16 samples have real data
    betas_trans: 0/16 samples have real data
    keypoint_2d: 16/16 samples have real data
    keypoint_3d: 16/16 samples have real data
    silhouette: 0/16 samples have real data
  Loss weights: keypoint_2d=0.1, betas=0.0005
  need_keypoint_loss=True, need_silhouette_loss=False
  Loss components (non-zero only):
    betas: 0.000003 (weight=0.0005)
    limb_scale_regularization: 0.014910 (weight=1e-05)
    limb_trans_regularization: 0.000000 (weight=0.5)
    joint_angle_regularization: 0.132178 (weight=2e-07)
    joint_limit_regularization: 0.000878 (weight=0.0001)
    keypoint_2d: 0.000004 (weight=0.1)
    keypoint_3d: 0.000000 (weight=2)

WARNING: Near-zero total loss detected: 8.85e-07
  Valid samples: 16/16
  Dataset composition: {'unknown': 16}
  Availability masks present: True
  Availability summary:
    global_rot: 0/16 samples have real data
    joint_rot: 0/16 samples have real data
    betas: 16/16 samples have real data
    trans: 0/16 samples have real data
    fov: 0/16 samples have real data
    cam_rot: 0/16 samples have real data
    cam_trans: 0/16 samples have real data
    log_beta_scales: 0/16 samples have real data
    betas_trans: 0/16 samples have real data
    keypoint_2d: 16/16 samples have real data
    keypoint_3d: 16/16 samples have real data
    silhouette: 0/16 samples have real data
  Loss weights: keypoint_2d=0.1, betas=0.0005
  need_keypoint_loss=True, need_silhouette_loss=False
  Loss components (non-zero only):
    betas: 0.000002 (weight=0.0005)
    limb_scale_regularization: 0.014708 (weight=1e-05)
    limb_trans_regularization: 0.000000 (weight=0.5)
    joint_angle_regularization: 0.129855 (weight=2e-07)
    joint_limit_regularization: 0.000791 (weight=0.0001)
    keypoint_2d: 0.000004 (weight=0.1)
    keypoint_3d: 0.000000 (weight=2)

WARNING: Near-zero total loss detected: 8.38e-07
  Valid samples: 16/16
  Dataset composition: {'unknown': 16}
  Availability masks present: True
  Availability summary:
    global_rot: 0/16 samples have real data
    joint_rot: 0/16 samples have real data
    betas: 16/16 samples have real data
    trans: 0/16 samples have real data
    fov: 0/16 samples have real data
    cam_rot: 0/16 samples have real data
    cam_trans: 0/16 samples have real data
    log_beta_scales: 0/16 samples have real data
    betas_trans: 0/16 samples have real data
    keypoint_2d: 16/16 samples have real data
    keypoint_3d: 16/16 samples have real data
    silhouette: 0/16 samples have real data
  Loss weights: keypoint_2d=0.1, betas=0.0005
  need_keypoint_loss=True, need_silhouette_loss=False
  Loss components (non-zero only):
    betas: 0.000002 (weight=0.0005)
    limb_scale_regularization: 0.014768 (weight=1e-05)
    limb_trans_regularization: 0.000000 (weight=0.5)
    joint_angle_regularization: 0.130946 (weight=2e-07)
    joint_limit_regularization: 0.000836 (weight=0.0001)
    keypoint_2d: 0.000004 (weight=0.1)
    keypoint_3d: 0.000000 (weight=2)

WARNING: Near-zero total loss detected: 9.67e-07
  Valid samples: 16/16
  Dataset composition: {'unknown': 16}
  Availability masks present: True
  Availability summary:
    global_rot: 0/16 samples have real data
    joint_rot: 0/16 samples have real data
    betas: 16/16 samples have real data
    trans: 0/16 samples have real data
    fov: 0/16 samples have real data
    cam_rot: 0/16 samples have real data
    cam_trans: 0/16 samples have real data
    log_beta_scales: 0/16 samples have real data
    betas_trans: 0/16 samples have real data
    keypoint_2d: 16/16 samples have real data
    keypoint_3d: 16/16 samples have real data
    silhouette: 0/16 samples have real data
  Loss weights: keypoint_2d=0.1, betas=0.0005
  need_keypoint_loss=True, need_silhouette_loss=False
  Loss components (non-zero only):
    betas: 0.000003 (weight=0.0005)
    limb_scale_regularization: 0.014917 (weight=1e-05)
    limb_trans_regularization: 0.000000 (weight=0.5)
    joint_angle_regularization: 0.131653 (weight=2e-07)
    joint_limit_regularization: 0.000811 (weight=0.0001)
    keypoint_2d: 0.000005 (weight=0.1)
    keypoint_3d: 0.000000 (weight=2)

WARNING: Near-zero total loss detected: 8.99e-07
  Valid samples: 16/16
  Dataset composition: {'unknown': 16}
  Availability masks present: True
  Availability summary:
    global_rot: 0/16 samples have real data
    joint_rot: 0/16 samples have real data
    betas: 16/16 samples have real data
    trans: 0/16 samples have real data
    fov: 0/16 samples have real data
    cam_rot: 0/16 samples have real data
    cam_trans: 0/16 samples have real data
    log_beta_scales: 0/16 samples have real data
    betas_trans: 0/16 samples have real data
    keypoint_2d: 16/16 samples have real data
    keypoint_3d: 16/16 samples have real data
    silhouette: 0/16 samples have real data
  Loss weights: keypoint_2d=0.1, betas=0.0005
  need_keypoint_loss=True, need_silhouette_loss=False
  Loss components (non-zero only):
    betas: 0.000002 (weight=0.0005)
    limb_scale_regularization: 0.014852 (weight=1e-05)
    limb_trans_regularization: 0.000000 (weight=0.5)
    joint_angle_regularization: 0.132346 (weight=2e-07)
    joint_limit_regularization: 0.000859 (weight=0.0001)
    keypoint_2d: 0.000004 (weight=0.1)
    keypoint_3d: 0.000000 (weight=2)

WARNING: Near-zero total loss detected: 9.45e-07
  Valid samples: 16/16
  Dataset composition: {'unknown': 16}
  Availability masks present: True
  Availability summary:
    global_rot: 0/16 samples have real data
    joint_rot: 0/16 samples have real data
    betas: 16/16 samples have real data
    trans: 0/16 samples have real data
    fov: 0/16 samples have real data
    cam_rot: 0/16 samples have real data
    cam_trans: 0/16 samples have real data
    log_beta_scales: 0/16 samples have real data
    betas_trans: 0/16 samples have real data
    keypoint_2d: 16/16 samples have real data
    keypoint_3d: 16/16 samples have real data
    silhouette: 0/16 samples have real data
  Loss weights: keypoint_2d=0.1, betas=0.0005
  need_keypoint_loss=True, need_silhouette_loss=False
  Loss components (non-zero only):
    betas: 0.000004 (weight=0.0005)
    limb_scale_regularization: 0.014812 (weight=1e-05)
    limb_trans_regularization: 0.000000 (weight=0.5)
    joint_angle_regularization: 0.131941 (weight=2e-07)
    joint_limit_regularization: 0.000838 (weight=0.0001)
    keypoint_2d: 0.000005 (weight=0.1)
    keypoint_3d: 0.000000 (weight=2)

Epoch 433:
  Train Loss = 0.000003, Val Loss = 0.000002, LR = 1.00e-05
  Parameter Errors (Train / Val):
    betas          : 0.000044 / 0.000008
    betas_trans    : 0.000000 / 0.000000
    cam_rot        : 0.000000 / 0.000000
    cam_trans      : 0.000000 / 0.000000
    fov            : 0.000000 / 0.000000
    global_rot     : 0.000000 / 0.000000
    joint_angle_regularization: 0.120207 / 0.120422
    joint_limit_regularization: 0.001393 / 0.001368
    joint_rot      : 0.000000 / 0.000000
    keypoint_2d    : 0.000014 / 0.000012
    keypoint_3d    : 0.000000 / 0.000000
    limb_scale_regularization: 0.018290 / 0.018447
    limb_trans_regularization: 0.000000 / 0.000000
    log_beta_scales: 0.000000 / 0.000000
    silhouette     : 0.000000 / 0.000000
    trans          : 0.000000 / 0.000000
  Checkpoint saved at epoch 433

WARNING: Near-zero total loss detected: 8.31e-07
  Valid samples: 16/16
  Dataset composition: {'unknown': 16}
  Availability masks present: True
  Availability summary:
    global_rot: 0/16 samples have real data
    joint_rot: 0/16 samples have real data
    betas: 16/16 samples have real data
    trans: 0/16 samples have real data
    fov: 0/16 samples have real data
    cam_rot: 0/16 samples have real data
    cam_trans: 0/16 samples have real data
    log_beta_scales: 0/16 samples have real data
    betas_trans: 0/16 samples have real data
    keypoint_2d: 16/16 samples have real data
    keypoint_3d: 16/16 samples have real data
    silhouette: 0/16 samples have real data
  Loss weights: keypoint_2d=0.1, betas=0.0005
  need_keypoint_loss=True, need_silhouette_loss=False
  Loss components (non-zero only):
    betas: 0.000001 (weight=0.0005)
    limb_scale_regularization: 0.014860 (weight=1e-05)
    limb_trans_regularization: 0.000000 (weight=0.5)
    joint_angle_regularization: 0.133123 (weight=2e-07)
    joint_limit_regularization: 0.000876 (weight=0.0001)
    keypoint_2d: 0.000004 (weight=0.1)
    keypoint_3d: 0.000000 (weight=2)

WARNING: Near-zero total loss detected: 9.09e-07
  Valid samples: 16/16
  Dataset composition: {'unknown': 16}
  Availability masks present: True
  Availability summary:
    global_rot: 0/16 samples have real data
    joint_rot: 0/16 samples have real data
    betas: 16/16 samples have real data
    trans: 0/16 samples have real data
    fov: 0/16 samples have real data
    cam_rot: 0/16 samples have real data
    cam_trans: 0/16 samples have real data
    log_beta_scales: 0/16 samples have real data
    betas_trans: 0/16 samples have real data
    keypoint_2d: 16/16 samples have real data
    keypoint_3d: 16/16 samples have real data
    silhouette: 0/16 samples have real data
  Loss weights: keypoint_2d=0.1, betas=0.0005
  need_keypoint_loss=True, need_silhouette_loss=False
  Loss components (non-zero only):
    betas: 0.000002 (weight=0.0005)
    limb_scale_regularization: 0.014659 (weight=1e-05)
    limb_trans_regularization: 0.000000 (weight=0.5)
    joint_angle_regularization: 0.130619 (weight=2e-07)
    joint_limit_regularization: 0.000789 (weight=0.0001)
    keypoint_2d: 0.000004 (weight=0.1)
    keypoint_3d: 0.000000 (weight=2)

WARNING: Near-zero total loss detected: 8.78e-07
  Valid samples: 16/16
  Dataset composition: {'unknown': 16}
  Availability masks present: True
  Availability summary:
    global_rot: 0/16 samples have real data
    joint_rot: 0/16 samples have real data
    betas: 16/16 samples have real data
    trans: 0/16 samples have real data
    fov: 0/16 samples have real data
    cam_rot: 0/16 samples have real data
    cam_trans: 0/16 samples have real data
    log_beta_scales: 0/16 samples have real data
    betas_trans: 0/16 samples have real data
    keypoint_2d: 16/16 samples have real data
    keypoint_3d: 16/16 samples have real data
    silhouette: 0/16 samples have real data
  Loss weights: keypoint_2d=0.1, betas=0.0005
  need_keypoint_loss=True, need_silhouette_loss=False
  Loss components (non-zero only):
    betas: 0.000002 (weight=0.0005)
    limb_scale_regularization: 0.014894 (weight=1e-05)
    limb_trans_regularization: 0.000000 (weight=0.5)
    joint_angle_regularization: 0.132565 (weight=2e-07)
    joint_limit_regularization: 0.000895 (weight=0.0001)
    keypoint_2d: 0.000004 (weight=0.1)
    keypoint_3d: 0.000000 (weight=2)

WARNING: Near-zero total loss detected: 9.52e-07
  Valid samples: 16/16
  Dataset composition: {'unknown': 16}
  Availability masks present: True
  Availability summary:
    global_rot: 0/16 samples have real data
    joint_rot: 0/16 samples have real data
    betas: 16/16 samples have real data
    trans: 0/16 samples have real data
    fov: 0/16 samples have real data
    cam_rot: 0/16 samples have real data
    cam_trans: 0/16 samples have real data
    log_beta_scales: 0/16 samples have real data
    betas_trans: 0/16 samples have real data
    keypoint_2d: 16/16 samples have real data
    keypoint_3d: 16/16 samples have real data
    silhouette: 0/16 samples have real data
  Loss weights: keypoint_2d=0.1, betas=0.0005
  need_keypoint_loss=True, need_silhouette_loss=False
  Loss components (non-zero only):
    betas: 0.000003 (weight=0.0005)
    limb_scale_regularization: 0.014772 (weight=1e-05)
    limb_trans_regularization: 0.000000 (weight=0.5)
    joint_angle_regularization: 0.130864 (weight=2e-07)
    joint_limit_regularization: 0.000880 (weight=0.0001)
    keypoint_2d: 0.000004 (weight=0.1)
    keypoint_3d: 0.000000 (weight=2)

WARNING: Near-zero total loss detected: 9.27e-07
  Valid samples: 16/16
  Dataset composition: {'unknown': 16}
  Availability masks present: True
  Availability summary:
    global_rot: 0/16 samples have real data
    joint_rot: 0/16 samples have real data
    betas: 16/16 samples have real data
    trans: 0/16 samples have real data
    fov: 0/16 samples have real data
    cam_rot: 0/16 samples have real data
    cam_trans: 0/16 samples have real data
    log_beta_scales: 0/16 samples have real data
    betas_trans: 0/16 samples have real data
    keypoint_2d: 16/16 samples have real data
    keypoint_3d: 16/16 samples have real data
    silhouette: 0/16 samples have real data
  Loss weights: keypoint_2d=0.1, betas=0.0005
  need_keypoint_loss=True, need_silhouette_loss=False
  Loss components (non-zero only):
    betas: 0.000016 (weight=0.0005)
    limb_scale_regularization: 0.014903 (weight=1e-05)
    limb_trans_regularization: 0.000000 (weight=0.5)
    joint_angle_regularization: 0.132251 (weight=2e-07)
    joint_limit_regularization: 0.000868 (weight=0.0001)
    keypoint_2d: 0.000004 (weight=0.1)
    keypoint_3d: 0.000000 (weight=2)

WARNING: Near-zero total loss detected: 9.87e-07
  Valid samples: 16/16
  Dataset composition: {'unknown': 16}
  Availability masks present: True
  Availability summary:
    global_rot: 0/16 samples have real data
    joint_rot: 0/16 samples have real data
    betas: 16/16 samples have real data
    trans: 0/16 samples have real data
    fov: 0/16 samples have real data
    cam_rot: 0/16 samples have real data
    cam_trans: 0/16 samples have real data
    log_beta_scales: 0/16 samples have real data
    betas_trans: 0/16 samples have real data
    keypoint_2d: 16/16 samples have real data
    keypoint_3d: 16/16 samples have real data
    silhouette: 0/16 samples have real data
  Loss weights: keypoint_2d=0.1, betas=0.0005
  need_keypoint_loss=True, need_silhouette_loss=False
  Loss components (non-zero only):
    betas: 0.000014 (weight=0.0005)
    limb_scale_regularization: 0.014864 (weight=1e-05)
    limb_trans_regularization: 0.000000 (weight=0.5)
    joint_angle_regularization: 0.131768 (weight=2e-07)
    joint_limit_regularization: 0.000842 (weight=0.0001)
    keypoint_2d: 0.000005 (weight=0.1)
    keypoint_3d: 0.000000 (weight=2)

WARNING: Near-zero total loss detected: 8.36e-07
  Valid samples: 16/16
  Dataset composition: {'unknown': 16}
  Availability masks present: True
  Availability summary:
    global_rot: 0/16 samples have real data
    joint_rot: 0/16 samples have real data
    betas: 16/16 samples have real data
    trans: 0/16 samples have real data
    fov: 0/16 samples have real data
    cam_rot: 0/16 samples have real data
    cam_trans: 0/16 samples have real data
    log_beta_scales: 0/16 samples have real data
    betas_trans: 0/16 samples have real data
    keypoint_2d: 16/16 samples have real data
    keypoint_3d: 16/16 samples have real data
    silhouette: 0/16 samples have real data
  Loss weights: keypoint_2d=0.1, betas=0.0005
  need_keypoint_loss=True, need_silhouette_loss=False
  Loss components (non-zero only):
    betas: 0.000004 (weight=0.0005)
    limb_scale_regularization: 0.014780 (weight=1e-05)
    limb_trans_regularization: 0.000000 (weight=0.5)
    joint_angle_regularization: 0.131535 (weight=2e-07)
    joint_limit_regularization: 0.000819 (weight=0.0001)
    keypoint_2d: 0.000003 (weight=0.1)
    keypoint_3d: 0.000000 (weight=2)

WARNING: Near-zero total loss detected: 9.58e-07
  Valid samples: 16/16
  Dataset composition: {'unknown': 16}
  Availability masks present: True
  Availability summary:
    global_rot: 0/16 samples have real data
    joint_rot: 0/16 samples have real data
    betas: 16/16 samples have real data
    trans: 0/16 samples have real data
    fov: 0/16 samples have real data
    cam_rot: 0/16 samples have real data
    cam_trans: 0/16 samples have real data
    log_beta_scales: 0/16 samples have real data
    betas_trans: 0/16 samples have real data
    keypoint_2d: 16/16 samples have real data
    keypoint_3d: 16/16 samples have real data
    silhouette: 0/16 samples have real data
  Loss weights: keypoint_2d=0.1, betas=0.0005
  need_keypoint_loss=True, need_silhouette_loss=False
  Loss components (non-zero only):
    betas: 0.000003 (weight=0.0005)
    limb_scale_regularization: 0.014931 (weight=1e-05)
    limb_trans_regularization: 0.000000 (weight=0.5)
    joint_angle_regularization: 0.132241 (weight=2e-07)
    joint_limit_regularization: 0.000794 (weight=0.0001)
    keypoint_2d: 0.000004 (weight=0.1)
    keypoint_3d: 0.000000 (weight=2)

Epoch 434:
  Train Loss = 0.000003, Val Loss = 0.000002, LR = 1.00e-05
  Parameter Errors (Train / Val):
    betas          : 0.000091 / 0.000009
    betas_trans    : 0.000000 / 0.000000
    cam_rot        : 0.000000 / 0.000000
    cam_trans      : 0.000000 / 0.000000
    fov            : 0.000000 / 0.000000
    global_rot     : 0.000000 / 0.000000
    joint_angle_regularization: 0.120193 / 0.120431
    joint_limit_regularization: 0.001367 / 0.001356
    joint_rot      : 0.000000 / 0.000000
    keypoint_2d    : 0.000014 / 0.000012
    keypoint_3d    : 0.000000 / 0.000000
    limb_scale_regularization: 0.018433 / 0.018473
    limb_trans_regularization: 0.000000 / 0.000000
    log_beta_scales: 0.000000 / 0.000000
    silhouette     : 0.000000 / 0.000000
    trans          : 0.000000 / 0.000000

WARNING: Near-zero total loss detected: 8.79e-07
  Valid samples: 16/16
  Dataset composition: {'unknown': 16}
  Availability masks present: True
  Availability summary:
    global_rot: 0/16 samples have real data
    joint_rot: 0/16 samples have real data
    betas: 16/16 samples have real data
    trans: 0/16 samples have real data
    fov: 0/16 samples have real data
    cam_rot: 0/16 samples have real data
    cam_trans: 0/16 samples have real data
    log_beta_scales: 0/16 samples have real data
    betas_trans: 0/16 samples have real data
    keypoint_2d: 16/16 samples have real data
    keypoint_3d: 16/16 samples have real data
    silhouette: 0/16 samples have real data
  Loss weights: keypoint_2d=0.1, betas=0.0005
  need_keypoint_loss=True, need_silhouette_loss=False
  Loss components (non-zero only):
    betas: 0.000003 (weight=0.0005)
    limb_scale_regularization: 0.014930 (weight=1e-05)
    limb_trans_regularization: 0.000000 (weight=0.5)
    joint_angle_regularization: 0.132758 (weight=2e-07)
    joint_limit_regularization: 0.000829 (weight=0.0001)
    keypoint_2d: 0.000004 (weight=0.1)
    keypoint_3d: 0.000000 (weight=2)

WARNING: Near-zero total loss detected: 9.35e-07
  Valid samples: 16/16
  Dataset composition: {'unknown': 16}
  Availability masks present: True
  Availability summary:
    global_rot: 0/16 samples have real data
    joint_rot: 0/16 samples have real data
    betas: 16/16 samples have real data
    trans: 0/16 samples have real data
    fov: 0/16 samples have real data
    cam_rot: 0/16 samples have real data
    cam_trans: 0/16 samples have real data
    log_beta_scales: 0/16 samples have real data
    betas_trans: 0/16 samples have real data
    keypoint_2d: 16/16 samples have real data
    keypoint_3d: 16/16 samples have real data
    silhouette: 0/16 samples have real data
  Loss weights: keypoint_2d=0.1, betas=0.0005
  need_keypoint_loss=True, need_silhouette_loss=False
  Loss components (non-zero only):
    betas: 0.000003 (weight=0.0005)
    limb_scale_regularization: 0.014808 (weight=1e-05)
    limb_trans_regularization: 0.000000 (weight=0.5)
    joint_angle_regularization: 0.130951 (weight=2e-07)
    joint_limit_regularization: 0.000814 (weight=0.0001)
    keypoint_2d: 0.000004 (weight=0.1)
    keypoint_3d: 0.000000 (weight=2)

WARNING: Near-zero total loss detected: 8.31e-07
  Valid samples: 16/16
  Dataset composition: {'unknown': 16}
  Availability masks present: True
  Availability summary:
    global_rot: 0/16 samples have real data
    joint_rot: 0/16 samples have real data
    betas: 16/16 samples have real data
    trans: 0/16 samples have real data
    fov: 0/16 samples have real data
    cam_rot: 0/16 samples have real data
    cam_trans: 0/16 samples have real data
    log_beta_scales: 0/16 samples have real data
    betas_trans: 0/16 samples have real data
    keypoint_2d: 16/16 samples have real data
    keypoint_3d: 16/16 samples have real data
    silhouette: 0/16 samples have real data
  Loss weights: keypoint_2d=0.1, betas=0.0005
  need_keypoint_loss=True, need_silhouette_loss=False
  Loss components (non-zero only):
    betas: 0.000002 (weight=0.0005)
    limb_scale_regularization: 0.014958 (weight=1e-05)
    limb_trans_regularization: 0.000000 (weight=0.5)
    joint_angle_regularization: 0.132996 (weight=2e-07)
    joint_limit_regularization: 0.000842 (weight=0.0001)
    keypoint_2d: 0.000004 (weight=0.1)
    keypoint_3d: 0.000000 (weight=2)

WARNING: Near-zero total loss detected: 9.04e-07
  Valid samples: 16/16
  Dataset composition: {'unknown': 16}
  Availability masks present: True
  Availability summary:
    global_rot: 0/16 samples have real data
    joint_rot: 0/16 samples have real data
    betas: 16/16 samples have real data
    trans: 0/16 samples have real data
    fov: 0/16 samples have real data
    cam_rot: 0/16 samples have real data
    cam_trans: 0/16 samples have real data
    log_beta_scales: 0/16 samples have real data
    betas_trans: 0/16 samples have real data
    keypoint_2d: 16/16 samples have real data
    keypoint_3d: 16/16 samples have real data
    silhouette: 0/16 samples have real data
  Loss weights: keypoint_2d=0.1, betas=0.0005
  need_keypoint_loss=True, need_silhouette_loss=False
  Loss components (non-zero only):
    betas: 0.000001 (weight=0.0005)
    limb_scale_regularization: 0.014754 (weight=1e-05)
    limb_trans_regularization: 0.000000 (weight=0.5)
    joint_angle_regularization: 0.130572 (weight=2e-07)
    joint_limit_regularization: 0.000758 (weight=0.0001)
    keypoint_2d: 0.000004 (weight=0.1)
    keypoint_3d: 0.000000 (weight=2)

WARNING: Near-zero total loss detected: 8.00e-07
  Valid samples: 16/16
  Dataset composition: {'unknown': 16}
  Availability masks present: True
  Availability summary:
    global_rot: 0/16 samples have real data
    joint_rot: 0/16 samples have real data
    betas: 16/16 samples have real data
    trans: 0/16 samples have real data
    fov: 0/16 samples have real data
    cam_rot: 0/16 samples have real data
    cam_trans: 0/16 samples have real data
    log_beta_scales: 0/16 samples have real data
    betas_trans: 0/16 samples have real data
    keypoint_2d: 16/16 samples have real data
    keypoint_3d: 16/16 samples have real data
    silhouette: 0/16 samples have real data
  Loss weights: keypoint_2d=0.1, betas=0.0005
  need_keypoint_loss=True, need_silhouette_loss=False
  Loss components (non-zero only):
    betas: 0.000001 (weight=0.0005)
    limb_scale_regularization: 0.014722 (weight=1e-05)
    limb_trans_regularization: 0.000000 (weight=0.5)
    joint_angle_regularization: 0.131835 (weight=2e-07)
    joint_limit_regularization: 0.000819 (weight=0.0001)
    keypoint_2d: 0.000003 (weight=0.1)
    keypoint_3d: 0.000000 (weight=2)

WARNING: Near-zero total loss detected: 9.22e-07
  Valid samples: 16/16
  Dataset composition: {'unknown': 16}
  Availability masks present: True
  Availability summary:
    global_rot: 0/16 samples have real data
    joint_rot: 0/16 samples have real data
    betas: 16/16 samples have real data
    trans: 0/16 samples have real data
    fov: 0/16 samples have real data
    cam_rot: 0/16 samples have real data
    cam_trans: 0/16 samples have real data
    log_beta_scales: 0/16 samples have real data
    betas_trans: 0/16 samples have real data
    keypoint_2d: 16/16 samples have real data
    keypoint_3d: 16/16 samples have real data
    silhouette: 0/16 samples have real data
  Loss weights: keypoint_2d=0.1, betas=0.0005
  need_keypoint_loss=True, need_silhouette_loss=False
  Loss components (non-zero only):
    betas: 0.000003 (weight=0.0005)
    limb_scale_regularization: 0.014882 (weight=1e-05)
    limb_trans_regularization: 0.000000 (weight=0.5)
    joint_angle_regularization: 0.132985 (weight=2e-07)
    joint_limit_regularization: 0.000807 (weight=0.0001)
    keypoint_2d: 0.000004 (weight=0.1)
    keypoint_3d: 0.000000 (weight=2)

WARNING: Near-zero total loss detected: 9.73e-07
  Valid samples: 16/16
  Dataset composition: {'unknown': 16}
  Availability masks present: True
  Availability summary:
    global_rot: 0/16 samples have real data
    joint_rot: 0/16 samples have real data
    betas: 16/16 samples have real data
    trans: 0/16 samples have real data
    fov: 0/16 samples have real data
    cam_rot: 0/16 samples have real data
    cam_trans: 0/16 samples have real data
    log_beta_scales: 0/16 samples have real data
    betas_trans: 0/16 samples have real data
    keypoint_2d: 16/16 samples have real data
    keypoint_3d: 16/16 samples have real data
    silhouette: 0/16 samples have real data
  Loss weights: keypoint_2d=0.1, betas=0.0005
  need_keypoint_loss=True, need_silhouette_loss=False
  Loss components (non-zero only):
    betas: 0.000002 (weight=0.0005)
    limb_scale_regularization: 0.014870 (weight=1e-05)
    limb_trans_regularization: 0.000000 (weight=0.5)
    joint_angle_regularization: 0.132561 (weight=2e-07)
    joint_limit_regularization: 0.000796 (weight=0.0001)
    keypoint_2d: 0.000005 (weight=0.1)
    keypoint_3d: 0.000000 (weight=2)

WARNING: Near-zero total loss detected: 9.88e-07
  Valid samples: 16/16
  Dataset composition: {'unknown': 16}
  Availability masks present: True
  Availability summary:
    global_rot: 0/16 samples have real data
    joint_rot: 0/16 samples have real data
    betas: 16/16 samples have real data
    trans: 0/16 samples have real data
    fov: 0/16 samples have real data
    cam_rot: 0/16 samples have real data
    cam_trans: 0/16 samples have real data
    log_beta_scales: 0/16 samples have real data
    betas_trans: 0/16 samples have real data
    keypoint_2d: 16/16 samples have real data
    keypoint_3d: 16/16 samples have real data
    silhouette: 0/16 samples have real data
  Loss weights: keypoint_2d=0.1, betas=0.0005
  need_keypoint_loss=True, need_silhouette_loss=False
  Loss components (non-zero only):
    betas: 0.000004 (weight=0.0005)
    limb_scale_regularization: 0.014843 (weight=1e-05)
    limb_trans_regularization: 0.000000 (weight=0.5)
    joint_angle_regularization: 0.132408 (weight=2e-07)
    joint_limit_regularization: 0.000787 (weight=0.0001)
    keypoint_2d: 0.000005 (weight=0.1)
    keypoint_3d: 0.000000 (weight=2)

Epoch 435:
  Train Loss = 0.000003, Val Loss = 0.000002, LR = 1.00e-05
  Parameter Errors (Train / Val):
    betas          : 0.000044 / 0.000008
    betas_trans    : 0.000000 / 0.000000
    cam_rot        : 0.000000 / 0.000000
    cam_trans      : 0.000000 / 0.000000
    fov            : 0.000000 / 0.000000
    global_rot     : 0.000000 / 0.000000
    joint_angle_regularization: 0.120070 / 0.120591
    joint_limit_regularization: 0.001342 / 0.001341
    joint_rot      : 0.000000 / 0.000000
    keypoint_2d    : 0.000014 / 0.000012
    keypoint_3d    : 0.000000 / 0.000000
    limb_scale_regularization: 0.018394 / 0.018514
    limb_trans_regularization: 0.000000 / 0.000000
    log_beta_scales: 0.000000 / 0.000000
    silhouette     : 0.000000 / 0.000000
    trans          : 0.000000 / 0.000000
  Checkpoint saved at epoch 435

WARNING: Near-zero total loss detected: 8.88e-07
  Valid samples: 16/16
  Dataset composition: {'unknown': 16}
  Availability masks present: True
  Availability summary:
    global_rot: 0/16 samples have real data
    joint_rot: 0/16 samples have real data
    betas: 16/16 samples have real data
    trans: 0/16 samples have real data
    fov: 0/16 samples have real data
    cam_rot: 0/16 samples have real data
    cam_trans: 0/16 samples have real data
    log_beta_scales: 0/16 samples have real data
    betas_trans: 0/16 samples have real data
    keypoint_2d: 16/16 samples have real data
    keypoint_3d: 16/16 samples have real data
    silhouette: 0/16 samples have real data
  Loss weights: keypoint_2d=0.1, betas=0.0005
  need_keypoint_loss=True, need_silhouette_loss=False
  Loss components (non-zero only):
    betas: 0.000001 (weight=0.0005)
    limb_scale_regularization: 0.014946 (weight=1e-05)
    limb_trans_regularization: 0.000000 (weight=0.5)
    joint_angle_regularization: 0.132148 (weight=2e-07)
    joint_limit_regularization: 0.000819 (weight=0.0001)
    keypoint_2d: 0.000004 (weight=0.1)
    keypoint_3d: 0.000000 (weight=2)

WARNING: Near-zero total loss detected: 9.60e-07
  Valid samples: 16/16
  Dataset composition: {'unknown': 16}
  Availability masks present: True
  Availability summary:
    global_rot: 0/16 samples have real data
    joint_rot: 0/16 samples have real data
    betas: 16/16 samples have real data
    trans: 0/16 samples have real data
    fov: 0/16 samples have real data
    cam_rot: 0/16 samples have real data
    cam_trans: 0/16 samples have real data
    log_beta_scales: 0/16 samples have real data
    betas_trans: 0/16 samples have real data
    keypoint_2d: 16/16 samples have real data
    keypoint_3d: 16/16 samples have real data
    silhouette: 0/16 samples have real data
  Loss weights: keypoint_2d=0.1, betas=0.0005
  need_keypoint_loss=True, need_silhouette_loss=False
  Loss components (non-zero only):
    betas: 0.000002 (weight=0.0005)
    limb_scale_regularization: 0.014828 (weight=1e-05)
    limb_trans_regularization: 0.000000 (weight=0.5)
    joint_angle_regularization: 0.130478 (weight=2e-07)
    joint_limit_regularization: 0.000808 (weight=0.0001)
    keypoint_2d: 0.000005 (weight=0.1)
    keypoint_3d: 0.000000 (weight=2)

WARNING: Near-zero total loss detected: 8.35e-07
  Valid samples: 16/16
  Dataset composition: {'unknown': 16}
  Availability masks present: True
  Availability summary:
    global_rot: 0/16 samples have real data
    joint_rot: 0/16 samples have real data
    betas: 16/16 samples have real data
    trans: 0/16 samples have real data
    fov: 0/16 samples have real data
    cam_rot: 0/16 samples have real data
    cam_trans: 0/16 samples have real data
    log_beta_scales: 0/16 samples have real data
    betas_trans: 0/16 samples have real data
    keypoint_2d: 16/16 samples have real data
    keypoint_3d: 16/16 samples have real data
    silhouette: 0/16 samples have real data
  Loss weights: keypoint_2d=0.1, betas=0.0005
  need_keypoint_loss=True, need_silhouette_loss=False
  Loss components (non-zero only):
    betas: 0.000002 (weight=0.0005)
    limb_scale_regularization: 0.014953 (weight=1e-05)
    limb_trans_regularization: 0.000000 (weight=0.5)
    joint_angle_regularization: 0.132276 (weight=2e-07)
    joint_limit_regularization: 0.000839 (weight=0.0001)
    keypoint_2d: 0.000004 (weight=0.1)
    keypoint_3d: 0.000000 (weight=2)

WARNING: Near-zero total loss detected: 8.07e-07
  Valid samples: 16/16
  Dataset composition: {'unknown': 16}
  Availability masks present: True
  Availability summary:
    global_rot: 0/16 samples have real data
    joint_rot: 0/16 samples have real data
    betas: 16/16 samples have real data
    trans: 0/16 samples have real data
    fov: 0/16 samples have real data
    cam_rot: 0/16 samples have real data
    cam_trans: 0/16 samples have real data
    log_beta_scales: 0/16 samples have real data
    betas_trans: 0/16 samples have real data
    keypoint_2d: 16/16 samples have real data
    keypoint_3d: 16/16 samples have real data
    silhouette: 0/16 samples have real data
  Loss weights: keypoint_2d=0.1, betas=0.0005
  need_keypoint_loss=True, need_silhouette_loss=False
  Loss components (non-zero only):
    betas: 0.000002 (weight=0.0005)
    limb_scale_regularization: 0.014797 (weight=1e-05)
    limb_trans_regularization: 0.000000 (weight=0.5)
    joint_angle_regularization: 0.130802 (weight=2e-07)
    joint_limit_regularization: 0.000816 (weight=0.0001)
    keypoint_2d: 0.000003 (weight=0.1)
    keypoint_3d: 0.000000 (weight=2)

WARNING: Near-zero total loss detected: 9.14e-07
  Valid samples: 16/16
  Dataset composition: {'unknown': 16}
  Availability masks present: True
  Availability summary:
    global_rot: 0/16 samples have real data
    joint_rot: 0/16 samples have real data
    betas: 16/16 samples have real data
    trans: 0/16 samples have real data
    fov: 0/16 samples have real data
    cam_rot: 0/16 samples have real data
    cam_trans: 0/16 samples have real data
    log_beta_scales: 0/16 samples have real data
    betas_trans: 0/16 samples have real data
    keypoint_2d: 16/16 samples have real data
    keypoint_3d: 16/16 samples have real data
    silhouette: 0/16 samples have real data
  Loss weights: keypoint_2d=0.1, betas=0.0005
  need_keypoint_loss=True, need_silhouette_loss=False
  Loss components (non-zero only):
    betas: 0.000003 (weight=0.0005)
    limb_scale_regularization: 0.014747 (weight=1e-05)
    limb_trans_regularization: 0.000000 (weight=0.5)
    joint_angle_regularization: 0.129900 (weight=2e-07)
    joint_limit_regularization: 0.000760 (weight=0.0001)
    keypoint_2d: 0.000004 (weight=0.1)
    keypoint_3d: 0.000000 (weight=2)

WARNING: Near-zero total loss detected: 9.53e-07
  Valid samples: 16/16
  Dataset composition: {'unknown': 16}
  Availability masks present: True
  Availability summary:
    global_rot: 0/16 samples have real data
    joint_rot: 0/16 samples have real data
    betas: 16/16 samples have real data
    trans: 0/16 samples have real data
    fov: 0/16 samples have real data
    cam_rot: 0/16 samples have real data
    cam_trans: 0/16 samples have real data
    log_beta_scales: 0/16 samples have real data
    betas_trans: 0/16 samples have real data
    keypoint_2d: 16/16 samples have real data
    keypoint_3d: 16/16 samples have real data
    silhouette: 0/16 samples have real data
  Loss weights: keypoint_2d=0.1, betas=0.0005
  need_keypoint_loss=True, need_silhouette_loss=False
  Loss components (non-zero only):
    betas: 0.000002 (weight=0.0005)
    limb_scale_regularization: 0.014950 (weight=1e-05)
    limb_trans_regularization: 0.000000 (weight=0.5)
    joint_angle_regularization: 0.131566 (weight=2e-07)
    joint_limit_regularization: 0.000793 (weight=0.0001)
    keypoint_2d: 0.000005 (weight=0.1)
    keypoint_3d: 0.000000 (weight=2)

WARNING: Near-zero total loss detected: 9.02e-07
  Valid samples: 16/16
  Dataset composition: {'unknown': 16}
  Availability masks present: True
  Availability summary:
    global_rot: 0/16 samples have real data
    joint_rot: 0/16 samples have real data
    betas: 16/16 samples have real data
    trans: 0/16 samples have real data
    fov: 0/16 samples have real data
    cam_rot: 0/16 samples have real data
    cam_trans: 0/16 samples have real data
    log_beta_scales: 0/16 samples have real data
    betas_trans: 0/16 samples have real data
    keypoint_2d: 16/16 samples have real data
    keypoint_3d: 16/16 samples have real data
    silhouette: 0/16 samples have real data
  Loss weights: keypoint_2d=0.1, betas=0.0005
  need_keypoint_loss=True, need_silhouette_loss=False
  Loss components (non-zero only):
    betas: 0.000001 (weight=0.0005)
    limb_scale_regularization: 0.014940 (weight=1e-05)
    limb_trans_regularization: 0.000000 (weight=0.5)
    joint_angle_regularization: 0.131223 (weight=2e-07)
    joint_limit_regularization: 0.000759 (weight=0.0001)
    keypoint_2d: 0.000004 (weight=0.1)
    keypoint_3d: 0.000000 (weight=2)

WARNING: Near-zero total loss detected: 9.78e-07
  Valid samples: 16/16
  Dataset composition: {'unknown': 16}
  Availability masks present: True
  Availability summary:
    global_rot: 0/16 samples have real data
    joint_rot: 0/16 samples have real data
    betas: 16/16 samples have real data
    trans: 0/16 samples have real data
    fov: 0/16 samples have real data
    cam_rot: 0/16 samples have real data
    cam_trans: 0/16 samples have real data
    log_beta_scales: 0/16 samples have real data
    betas_trans: 0/16 samples have real data
    keypoint_2d: 16/16 samples have real data
    keypoint_3d: 16/16 samples have real data
    silhouette: 0/16 samples have real data
  Loss weights: keypoint_2d=0.1, betas=0.0005
  need_keypoint_loss=True, need_silhouette_loss=False
  Loss components (non-zero only):
    betas: 0.000002 (weight=0.0005)
    limb_scale_regularization: 0.014899 (weight=1e-05)
    limb_trans_regularization: 0.000000 (weight=0.5)
    joint_angle_regularization: 0.130551 (weight=2e-07)
    joint_limit_regularization: 0.000741 (weight=0.0001)
    keypoint_2d: 0.000005 (weight=0.1)
    keypoint_3d: 0.000000 (weight=2)

Epoch 436:
  Train Loss = 0.000003, Val Loss = 0.000002, LR = 1.00e-05
  Parameter Errors (Train / Val):
    betas          : 0.000045 / 0.000008
    betas_trans    : 0.000000 / 0.000000
    cam_rot        : 0.000000 / 0.000000
    cam_trans      : 0.000000 / 0.000000
    fov            : 0.000000 / 0.000000
    global_rot     : 0.000000 / 0.000000
    joint_angle_regularization: 0.120189 / 0.120445
    joint_limit_regularization: 0.001330 / 0.001324
    joint_rot      : 0.000000 / 0.000000
    keypoint_2d    : 0.000014 / 0.000012
    keypoint_3d    : 0.000000 / 0.000000
    limb_scale_regularization: 0.018412 / 0.018560
    limb_trans_regularization: 0.000000 / 0.000000
    log_beta_scales: 0.000000 / 0.000000
    silhouette     : 0.000000 / 0.000000
    trans          : 0.000000 / 0.000000
Training completed!
Evaluating on test set...

WARNING: Near-zero total loss detected: 9.62e-07
  Valid samples: 16/16
  Dataset composition: {'unknown': 16}
  Availability masks present: True
  Availability summary:
    global_rot: 0/16 samples have real data
    joint_rot: 0/16 samples have real data
    betas: 16/16 samples have real data
    trans: 0/16 samples have real data
    fov: 0/16 samples have real data
    cam_rot: 0/16 samples have real data
    cam_trans: 0/16 samples have real data
    log_beta_scales: 0/16 samples have real data
    betas_trans: 0/16 samples have real data
    keypoint_2d: 16/16 samples have real data
    keypoint_3d: 16/16 samples have real data
    silhouette: 0/16 samples have real data
  Loss weights: keypoint_2d=0.1, betas=0.0005
  need_keypoint_loss=True, need_silhouette_loss=False
  Loss components (non-zero only):
    betas: 0.000006 (weight=0.0005)
    limb_scale_regularization: 0.012402 (weight=1e-05)
    limb_trans_regularization: 0.000000 (weight=0.5)
    joint_angle_regularization: 0.119979 (weight=2e-07)
    joint_limit_regularization: 0.001158 (weight=0.0001)
    keypoint_2d: 0.000004 (weight=0.1)
    keypoint_3d: 0.000000 (weight=2)

WARNING: Near-zero total loss detected: 9.21e-07
  Valid samples: 16/16
  Dataset composition: {'unknown': 16}
  Availability masks present: True
  Availability summary:
    global_rot: 0/16 samples have real data
    joint_rot: 0/16 samples have real data
    betas: 16/16 samples have real data
    trans: 0/16 samples have real data
    fov: 0/16 samples have real data
    cam_rot: 0/16 samples have real data
    cam_trans: 0/16 samples have real data
    log_beta_scales: 0/16 samples have real data
    betas_trans: 0/16 samples have real data
    keypoint_2d: 16/16 samples have real data
    keypoint_3d: 16/16 samples have real data
    silhouette: 0/16 samples have real data
  Loss weights: keypoint_2d=0.1, betas=0.0005
  need_keypoint_loss=True, need_silhouette_loss=False
  Loss components (non-zero only):
    betas: 0.000006 (weight=0.0005)
    limb_scale_regularization: 0.012295 (weight=1e-05)
    limb_trans_regularization: 0.000000 (weight=0.5)
    joint_angle_regularization: 0.118681 (weight=2e-07)
    joint_limit_regularization: 0.001082 (weight=0.0001)
    keypoint_2d: 0.000004 (weight=0.1)
    keypoint_3d: 0.000000 (weight=2)

WARNING: Near-zero total loss detected: 9.55e-07
  Valid samples: 16/16
  Dataset composition: {'unknown': 16}
  Availability masks present: True
  Availability summary:
    global_rot: 0/16 samples have real data
    joint_rot: 0/16 samples have real data
    betas: 16/16 samples have real data
    trans: 0/16 samples have real data
    fov: 0/16 samples have real data
    cam_rot: 0/16 samples have real data
    cam_trans: 0/16 samples have real data
    log_beta_scales: 0/16 samples have real data
    betas_trans: 0/16 samples have real data
    keypoint_2d: 16/16 samples have real data
    keypoint_3d: 16/16 samples have real data
    silhouette: 0/16 samples have real data
  Loss weights: keypoint_2d=0.1, betas=0.0005
  need_keypoint_loss=True, need_silhouette_loss=False
  Loss components (non-zero only):
    betas: 0.000005 (weight=0.0005)
    limb_scale_regularization: 0.012423 (weight=1e-05)
    limb_trans_regularization: 0.000000 (weight=0.5)
    joint_angle_regularization: 0.121673 (weight=2e-07)
    joint_limit_regularization: 0.001097 (weight=0.0001)
    keypoint_2d: 0.000004 (weight=0.1)
    keypoint_3d: 0.000000 (weight=2)

WARNING: Near-zero total loss detected: 9.46e-07
  Valid samples: 16/16
  Dataset composition: {'unknown': 16}
  Availability masks present: True
  Availability summary:
    global_rot: 0/16 samples have real data
    joint_rot: 0/16 samples have real data
    betas: 16/16 samples have real data
    trans: 0/16 samples have real data
    fov: 0/16 samples have real data
    cam_rot: 0/16 samples have real data
    cam_trans: 0/16 samples have real data
    log_beta_scales: 0/16 samples have real data
    betas_trans: 0/16 samples have real data
    keypoint_2d: 16/16 samples have real data
    keypoint_3d: 16/16 samples have real data
    silhouette: 0/16 samples have real data
  Loss weights: keypoint_2d=0.1, betas=0.0005
  need_keypoint_loss=True, need_silhouette_loss=False
  Loss components (non-zero only):
    betas: 0.000004 (weight=0.0005)
    limb_scale_regularization: 0.012447 (weight=1e-05)
    limb_trans_regularization: 0.000000 (weight=0.5)
    joint_angle_regularization: 0.121205 (weight=2e-07)
    joint_limit_regularization: 0.001176 (weight=0.0001)
    keypoint_2d: 0.000004 (weight=0.1)
    keypoint_3d: 0.000000 (weight=2)

WARNING: Near-zero total loss detected: 9.60e-07
  Valid samples: 16/16
  Dataset composition: {'unknown': 16}
  Availability masks present: True
  Availability summary:
    global_rot: 0/16 samples have real data
    joint_rot: 0/16 samples have real data
    betas: 16/16 samples have real data
    trans: 0/16 samples have real data
    fov: 0/16 samples have real data
    cam_rot: 0/16 samples have real data
    cam_trans: 0/16 samples have real data
    log_beta_scales: 0/16 samples have real data
    betas_trans: 0/16 samples have real data
    keypoint_2d: 16/16 samples have real data
    keypoint_3d: 16/16 samples have real data
    silhouette: 0/16 samples have real data
  Loss weights: keypoint_2d=0.1, betas=0.0005
  need_keypoint_loss=True, need_silhouette_loss=False
  Loss components (non-zero only):
    betas: 0.000011 (weight=0.0005)
    limb_scale_regularization: 0.012462 (weight=1e-05)
    limb_trans_regularization: 0.000000 (weight=0.5)
    joint_angle_regularization: 0.117697 (weight=2e-07)
    joint_limit_regularization: 0.000676 (weight=0.0001)
    keypoint_2d: 0.000005 (weight=0.1)
    keypoint_3d: 0.000000 (weight=2)

WARNING: Near-zero total loss detected: 9.45e-07
  Valid samples: 16/16
  Dataset composition: {'unknown': 16}
  Availability masks present: True
  Availability summary:
    global_rot: 0/16 samples have real data
    joint_rot: 0/16 samples have real data
    betas: 16/16 samples have real data
    trans: 0/16 samples have real data
    fov: 0/16 samples have real data
    cam_rot: 0/16 samples have real data
    cam_trans: 0/16 samples have real data
    log_beta_scales: 0/16 samples have real data
    betas_trans: 0/16 samples have real data
    keypoint_2d: 16/16 samples have real data
    keypoint_3d: 16/16 samples have real data
    silhouette: 0/16 samples have real data
  Loss weights: keypoint_2d=0.1, betas=0.0005
  need_keypoint_loss=True, need_silhouette_loss=False
  Loss components (non-zero only):
    betas: 0.000005 (weight=0.0005)
    limb_scale_regularization: 0.015556 (weight=1e-05)
    limb_trans_regularization: 0.000000 (weight=0.5)
    joint_angle_regularization: 0.112541 (weight=2e-07)
    joint_limit_regularization: 0.000351 (weight=0.0001)
    keypoint_2d: 0.000005 (weight=0.1)
    keypoint_3d: 0.000000 (weight=2)

WARNING: Near-zero total loss detected: 9.21e-07
  Valid samples: 16/16
  Dataset composition: {'unknown': 16}
  Availability masks present: True
  Availability summary:
    global_rot: 0/16 samples have real data
    joint_rot: 0/16 samples have real data
    betas: 16/16 samples have real data
    trans: 0/16 samples have real data
    fov: 0/16 samples have real data
    cam_rot: 0/16 samples have real data
    cam_trans: 0/16 samples have real data
    log_beta_scales: 0/16 samples have real data
    betas_trans: 0/16 samples have real data
    keypoint_2d: 16/16 samples have real data
    keypoint_3d: 16/16 samples have real data
    silhouette: 0/16 samples have real data
  Loss weights: keypoint_2d=0.1, betas=0.0005
  need_keypoint_loss=True, need_silhouette_loss=False
  Loss components (non-zero only):
    betas: 0.000002 (weight=0.0005)
    limb_scale_regularization: 0.015615 (weight=1e-05)
    limb_trans_regularization: 0.000000 (weight=0.5)
    joint_angle_regularization: 0.112391 (weight=2e-07)
    joint_limit_regularization: 0.000409 (weight=0.0001)
    keypoint_2d: 0.000004 (weight=0.1)
    keypoint_3d: 0.000000 (weight=2)

WARNING: Near-zero total loss detected: 9.50e-07
  Valid samples: 16/16
  Dataset composition: {'unknown': 16}
  Availability masks present: True
  Availability summary:
    global_rot: 0/16 samples have real data
    joint_rot: 0/16 samples have real data
    betas: 16/16 samples have real data
    trans: 0/16 samples have real data
    fov: 0/16 samples have real data
    cam_rot: 0/16 samples have real data
    cam_trans: 0/16 samples have real data
    log_beta_scales: 0/16 samples have real data
    betas_trans: 0/16 samples have real data
    keypoint_2d: 16/16 samples have real data
    keypoint_3d: 16/16 samples have real data
    silhouette: 0/16 samples have real data
  Loss weights: keypoint_2d=0.1, betas=0.0005
  need_keypoint_loss=True, need_silhouette_loss=False
  Loss components (non-zero only):
    betas: 0.000002 (weight=0.0005)
    limb_scale_regularization: 0.014962 (weight=1e-05)
    limb_trans_regularization: 0.000000 (weight=0.5)
    joint_angle_regularization: 0.130431 (weight=2e-07)
    joint_limit_regularization: 0.000824 (weight=0.0001)
    keypoint_2d: 0.000004 (weight=0.1)
    keypoint_3d: 0.000000 (weight=2)

WARNING: Near-zero total loss detected: 9.87e-07
  Valid samples: 16/16
  Dataset composition: {'unknown': 16}
  Availability masks present: True
  Availability summary:
    global_rot: 0/16 samples have real data
    joint_rot: 0/16 samples have real data
    betas: 16/16 samples have real data
    trans: 0/16 samples have real data
    fov: 0/16 samples have real data
    cam_rot: 0/16 samples have real data
    cam_trans: 0/16 samples have real data
    log_beta_scales: 0/16 samples have real data
    betas_trans: 0/16 samples have real data
    keypoint_2d: 16/16 samples have real data
    keypoint_3d: 16/16 samples have real data
    silhouette: 0/16 samples have real data
  Loss weights: keypoint_2d=0.1, betas=0.0005
  need_keypoint_loss=True, need_silhouette_loss=False
  Loss components (non-zero only):
    betas: 0.000001 (weight=0.0005)
    limb_scale_regularization: 0.015003 (weight=1e-05)
    limb_trans_regularization: 0.000000 (weight=0.5)
    joint_angle_regularization: 0.130383 (weight=2e-07)
    joint_limit_regularization: 0.000768 (weight=0.0001)
    keypoint_2d: 0.000005 (weight=0.1)
    keypoint_3d: 0.000000 (weight=2)

WARNING: Near-zero total loss detected: 9.51e-07
  Valid samples: 16/16
  Dataset composition: {'unknown': 16}
  Availability masks present: True
  Availability summary:
    global_rot: 0/16 samples have real data
    joint_rot: 0/16 samples have real data
    betas: 16/16 samples have real data
    trans: 0/16 samples have real data
    fov: 0/16 samples have real data
    cam_rot: 0/16 samples have real data
    cam_trans: 0/16 samples have real data
    log_beta_scales: 0/16 samples have real data
    betas_trans: 0/16 samples have real data
    keypoint_2d: 16/16 samples have real data
    keypoint_3d: 16/16 samples have real data
    silhouette: 0/16 samples have real data
  Loss weights: keypoint_2d=0.1, betas=0.0005
  need_keypoint_loss=True, need_silhouette_loss=False
  Loss components (non-zero only):
    betas: 0.000006 (weight=0.0005)
    limb_scale_regularization: 0.015955 (weight=1e-05)
    limb_trans_regularization: 0.000000 (weight=0.5)
    joint_angle_regularization: 0.105733 (weight=2e-07)
    joint_limit_regularization: 0.000435 (weight=0.0001)
    keypoint_2d: 0.000004 (weight=0.1)
    keypoint_3d: 0.000000 (weight=2)

WARNING: Near-zero total loss detected: 9.84e-07
  Valid samples: 16/16
  Dataset composition: {'unknown': 16}
  Availability masks present: True
  Availability summary:
    global_rot: 0/16 samples have real data
    joint_rot: 0/16 samples have real data
    betas: 16/16 samples have real data
    trans: 0/16 samples have real data
    fov: 0/16 samples have real data
    cam_rot: 0/16 samples have real data
    cam_trans: 0/16 samples have real data
    log_beta_scales: 0/16 samples have real data
    betas_trans: 0/16 samples have real data
    keypoint_2d: 16/16 samples have real data
    keypoint_3d: 16/16 samples have real data
    silhouette: 0/16 samples have real data
  Loss weights: keypoint_2d=0.1, betas=0.0005
  need_keypoint_loss=True, need_silhouette_loss=False
  Loss components (non-zero only):
    betas: 0.000003 (weight=0.0005)
    limb_scale_regularization: 0.015619 (weight=1e-05)
    limb_trans_regularization: 0.000000 (weight=0.5)
    joint_angle_regularization: 0.111263 (weight=2e-07)
    joint_limit_regularization: 0.000380 (weight=0.0001)
    keypoint_2d: 0.000005 (weight=0.1)
    keypoint_3d: 0.000000 (weight=2)

WARNING: Near-zero total loss detected: 9.53e-07
  Valid samples: 16/16
  Dataset composition: {'unknown': 16}
  Availability masks present: True
  Availability summary:
    global_rot: 0/16 samples have real data
    joint_rot: 0/16 samples have real data
    betas: 16/16 samples have real data
    trans: 0/16 samples have real data
    fov: 0/16 samples have real data
    cam_rot: 0/16 samples have real data
    cam_trans: 0/16 samples have real data
    log_beta_scales: 0/16 samples have real data
    betas_trans: 0/16 samples have real data
    keypoint_2d: 16/16 samples have real data
    keypoint_3d: 16/16 samples have real data
    silhouette: 0/16 samples have real data
  Loss weights: keypoint_2d=0.1, betas=0.0005
  need_keypoint_loss=True, need_silhouette_loss=False
  Loss components (non-zero only):
    betas: 0.000002 (weight=0.0005)
    limb_scale_regularization: 0.014954 (weight=1e-05)
    limb_trans_regularization: 0.000000 (weight=0.5)
    joint_angle_regularization: 0.130269 (weight=2e-07)
    joint_limit_regularization: 0.000819 (weight=0.0001)
    keypoint_2d: 0.000005 (weight=0.1)
    keypoint_3d: 0.000000 (weight=2)

WARNING: Near-zero total loss detected: 8.82e-07
  Valid samples: 16/16
  Dataset composition: {'unknown': 16}
  Availability masks present: True
  Availability summary:
    global_rot: 0/16 samples have real data
    joint_rot: 0/16 samples have real data
    betas: 16/16 samples have real data
    trans: 0/16 samples have real data
    fov: 0/16 samples have real data
    cam_rot: 0/16 samples have real data
    cam_trans: 0/16 samples have real data
    log_beta_scales: 0/16 samples have real data
    betas_trans: 0/16 samples have real data
    keypoint_2d: 16/16 samples have real data
    keypoint_3d: 16/16 samples have real data
    silhouette: 0/16 samples have real data
  Loss weights: keypoint_2d=0.1, betas=0.0005
  need_keypoint_loss=True, need_silhouette_loss=False
  Loss components (non-zero only):
    betas: 0.000004 (weight=0.0005)
    limb_scale_regularization: 0.016109 (weight=1e-05)
    limb_trans_regularization: 0.000000 (weight=0.5)
    joint_angle_regularization: 0.106432 (weight=2e-07)
    joint_limit_regularization: 0.000371 (weight=0.0001)
    keypoint_2d: 0.000004 (weight=0.1)
    keypoint_3d: 0.000000 (weight=2)
Test Loss: 0.000002
Test Parameter Errors:
  betas          : 0.000008
  betas_trans    : 0.000000
  cam_rot        : 0.000000
  cam_trans      : 0.000000
  fov            : 0.000000
  global_rot     : 0.000000
  joint_angle_regularization: 0.120218
  joint_limit_regularization: 0.001320
  joint_rot      : 0.000000
  keypoint_2d    : 0.000012
  keypoint_3d    : 0.000000
  limb_scale_regularization: 0.018442
  limb_trans_regularization: 0.000000
  log_beta_scales: 0.000000
  silhouette     : 0.000000
  trans          : 0.000000
Done (singleview, lambda=1e-4, 4 rank(s)) — Wed Sep  2 08:25:16 CEST 2026
