==================================================================
Job 3175399 task 1 on n23g0008.hpc.itc.rwth-aachen.de — Wed Aug 26 12:47:31 CEST 2026
  arm    : CONSTRAINED / multiview
  cluster: RWTH CLAIX-2023 | partition c23g | account rwth2151
  repo   : /rwthfs/rz/cluster/home/mkd34160/test/SMILify
  env    : /hpcwork/mkd34160/conda/envs/pytorch3d
  config : configs_runs/multiview_constrained.json
==================================================================
  torch  : 2.3.1, CUDA 11.8, 4 GPU(s) visible
  resume checkpoint : SMILySTICKS_ViT_model.pth (epoch 345)
  start epoch       : 346
  num_epochs (end)  : 356
  -> will train 10 epoch(s)
  joint_limit_regularization: 100.0
  smal_file         : 3D_model_prep/SMILy_STICK_limits_authored.pkl
  authored limits   : 129/162 non-root axes constrained (80%), across 43 joints
  NOTE: the penalty is a mean over ALL 162 non-root axes, so the effective
        prior strength is w x 0.80. At w=100.0 that is an effective 79.6.
  batch_size 8 per GPU x 4 GPUs -> effective 32 (batch_size is PER PROCESS under DDP)
  checkpoints -> runs/multiview_constrained/checkpoints

=== /rwthfs/rz/cluster/home/mkd34160/test/SMILify/configs_runs/multiview_constrained.json ===
  mode: multiview
  resume checkpoint: SMILySTICKS_ViT_model.pth (epoch 345)
  inferred from tensors: {'max_views': 5, 'hidden_dim': 1024}
  note: config declares hidden_dim=512 but backbone 'vit_large_patch16_224' forces 1024 via get_adjusted_hidden_dim() — the declared value is unused
  architecture: consistent with the checkpoint

Pre-flight OK — safe to submit.
[config] SMAL_FILE overridden to: 3D_model_prep/SMILy_STICK_limits_authored.pkl
[config] SMAL_FILE overridden to: 3D_model_prep/SMILy_STICK_limits_authored.pkl[config] N_POSE=54, N_BETAS=5, joints=55
[config] SMAL_FILE overridden to: 3D_model_prep/SMILy_STICK_limits_authored.pkl
[config] N_POSE=54, N_BETAS=5, joints=55[config] SMAL_FILE overridden to: 3D_model_prep/SMILy_STICK_limits_authored.pkl


[config] N_POSE=54, N_BETAS=5, joints=55[config] N_POSE=54, N_BETAS=5, joints=55

Loaded config from: configs_runs/multiview_constrained.json
Resolved config saved to: runs/multiview_constrained/checkpoints/config.json
Loaded config from: configs_runs/multiview_constrained.json
Loaded config from: configs_runs/multiview_constrained.jsonResolved config saved to: runs/multiview_constrained/checkpoints/config.json
Loaded config from: configs_runs/multiview_constrained.json
Resolved config saved to: runs/multiview_constrained/checkpoints/config.json

Resolved config saved to: runs/multiview_constrained/checkpoints/config.json
Detected torchrun/HPC launch environment:
  Global rank: 0
  Local rank (GPU): 0
  World size: 4
  MASTER_ADDR: n23g0008.hpc.itc.rwth-aachen.de
  MASTER_PORT: 43241
WARNING: MASTER_ADDR 'n23g0008.hpc.itc.rwth-aachen.de' is not an IPv4 address!WARNING: MASTER_ADDR 'n23g0008.hpc.itc.rwth-aachen.de' is not an IPv4 address!
WARNING: MASTER_ADDR 'n23g0008.hpc.itc.rwth-aachen.de' is not an IPv4 address!
  Attempting to resolve to IPv4...
  Attempting to resolve to IPv4...
WARNING: MASTER_ADDR 'n23g0008.hpc.itc.rwth-aachen.de' is not an IPv4 address!  Attempting to resolve to IPv4...


  Attempting to resolve to IPv4...
  Resolved to: 134.61.46.196
CUDA devices available: 4
CUDA_VISIBLE_DEVICES: 0,1,2,3
  Resolved to: 134.61.46.196
  Resolved to: 134.61.46.196
  Resolved to: 134.61.46.196
[Rank 2] Initializing distributed: WORLD_SIZE=4, LOCAL_RANK/GPU=2, MASTER=134.61.46.196:43241
[Rank 1] Initializing distributed: WORLD_SIZE=4, LOCAL_RANK/GPU=1, MASTER=134.61.46.196:43241
[Rank 0] Initializing distributed: WORLD_SIZE=4, LOCAL_RANK/GPU=0, MASTER=134.61.46.196:43241
[Rank 3] Initializing distributed: WORLD_SIZE=4, LOCAL_RANK/GPU=3, MASTER=134.61.46.196:43241
[Rank 3] Successfully initialized NCCL process group
[config] SMAL_FILE overridden to: 3D_model_prep/SMILy_STICK_limits_authored.pkl
[config] N_POSE=54, N_BETAS=5, joints=55
[Rank 2] Successfully initialized NCCL process group
[Rank 1] Successfully initialized NCCL process group
[config] SMAL_FILE overridden to: 3D_model_prep/SMILy_STICK_limits_authored.pkl
[config] N_POSE=54, N_BETAS=5, joints=55
[config] SMAL_FILE overridden to: 3D_model_prep/SMILy_STICK_limits_authored.pkl
[config] N_POSE=54, N_BETAS=5, joints=55
[Rank 0] Successfully initialized NCCL process group
[config] SMAL_FILE overridden to: 3D_model_prep/SMILy_STICK_limits_authored.pkl
[config] N_POSE=54, N_BETAS=5, joints=55

============================================================
MULTI-VIEW SMIL IMAGE REGRESSOR TRAINING
============================================================
Device: cuda:0
Distributed: True (world_size=4)
Dataset: SMILySTICKS_centred_reprojected_FIXED.h5
Backbone: vit_large_patch16_224
Num views to use: None
Cross-attention layers: 2
============================================================

Loading multi-view dataset...

==================================================
MULTI-VIEW SLEAP DATASET SUMMARY
==================================================
Dataset type: sleap_multiview
Number of samples: 101250
Maximum views per sample: 5
Number of joints: 55
Target resolution: 512x512
Backbone: vit_large_patch16_224
Crop mode: centred
N_POSE: 54
N_BETAS: 5
Min views per sample: 2
Canonical camera order: ['A', 'B', 'C', 'D', 'E']
Num views to use: all
==================================================
Max views in dataset: 5
Dataset canonical camera order: ['A', 'B', 'C', 'D', 'E']

Resuming from checkpoint - inferring model architecture from checkpoint...
Inferred max_views=5 from checkpoint view_embeddings.weight shape
Model architecture: max_views=5, canonical_camera_order has 5 cameras

Dataset split:
  Train: 86062
  Val: 5062
  Test: 10126

  Dataset fraction: 20.0%
  Samples per epoch: 17212 (of 86062 total)
  Note: Different random subset sampled each epoch for diversity
  Augmentation: enabled (photometric)

Creating multi-view model...
Using input resolution: 224x224 (backbone: vit_large_patch16_224)
Mesh scaling enabled with init=1.0
[ViTBackbone:vit_large_patch16_224] input normalization: mean=[0.5, 0.5, 0.5], std=[0.5, 0.5, 0.5]
[ViTBackbone:vit_large_patch16_224] input normalization: mean=[0.5, 0.5, 0.5], std=[0.5, 0.5, 0.5]
[ViTBackbone:vit_large_patch16_224] input normalization: mean=[0.5, 0.5, 0.5], std=[0.5, 0.5, 0.5]
[ViTBackbone:vit_large_patch16_224] input normalization: mean=[0.5, 0.5, 0.5], std=[0.5, 0.5, 0.5]
Total parameters: 357,663,547
Trainable parameters: 357,660,907
Backbone chunk size: 16 (reduces peak VRAM)
Gradient accumulation: 2 steps (effective batch size: 16)
Resuming from checkpoint: SMILySTICKS_ViT_model.pth
Resuming training from epoch 346 (checkpoint was at epoch 345)

Starting training for 356 epochs...
Base loss weights: {'global_rot': 0.0, 'joint_rot': 0.001, 'betas': 0.0005, 'trans': 0.0005, 'fov': 0.001, 'cam_rot': 0.01, 'cam_trans': 0.01, 'log_beta_scales': 0.0005, 'betas_trans': 0.0005, 'keypoint_2d': 0.1, 'keypoint_3d': 0.25, 'silhouette': 0.0, 'joint_angle_regularization': 0.001, 'limb_scale_regularization': 0.1, 'limb_trans_regularization': 1, 'triangulation_consistency': 0.0, 'ief_intermediate': 0.1, 'joint_limit_regularization': 100.0}
Using TrainingConfig loss curriculum: 8 stages
Using TrainingConfig LR curriculum: 3 stages

Joint importance: 6/6 joints matched, multiplier=10.0
Joint importance: 6/6 joints matched, multiplier=10.0
Joint importance: 6/6 joints matched, multiplier=10.0
Joint importance: 6/6 joints matched, multiplier=10.0

Epoch 346 Summary:
  Train Loss: 0.0265
  Val Loss: 0.0001
  Loss Components (Train / Val):
    betas               : 0.098221 / 0.042463
    cam_rot             : 0.000000 / 0.000000
    cam_trans           : 0.000000 / 0.000000
    fov                 : 0.000429 / 0.000503
    ief_pose_delta_1    : 8.270911 / 8.278416
    ief_pose_delta_2    : 13.930683 / 13.995936
    joint_angle_regularization: 0.086694 / 0.079355
    joint_limit_regularization: 0.000263 / 0.000000
    joint_rot           : 0.000000 / 0.000000
    keypoint_2d         : 0.000871 / 0.000617
    keypoint_3d         : 0.000016 / 0.000011
    limb_scale_regularization: 0.027185 / 0.025963
    limb_trans_regularization: 0.000031 / 0.000023
    trans               : 0.000000 / 0.000000
  LR (curriculum): 1.00e-05
  Key loss weights: kp2d=0.1000, joint_rot=0.0010, limb_scale_reg=0.000050, limb_trans_reg=0.500000

Epoch 347 Summary:
  Train Loss: 0.0001
  Val Loss: 0.0001
  Loss Components (Train / Val):
    betas               : 0.026376 / 0.014547
    cam_rot             : 0.000000 / 0.000000
    cam_trans           : 0.000000 / 0.000001
    fov                 : 0.000381 / 0.000425
    ief_pose_delta_1    : 8.392519 / 8.369930
    ief_pose_delta_2    : 14.234656 / 14.096876
    joint_angle_regularization: 0.077848 / 0.078838
    joint_limit_regularization: 0.000000 / 0.000000
    joint_rot           : 0.000000 / 0.000000
    keypoint_2d         : 0.000504 / 0.000457
    keypoint_3d         : 0.000009 / 0.000008
    limb_scale_regularization: 0.026868 / 0.026079
    limb_trans_regularization: 0.000020 / 0.000015
    trans               : 0.000000 / 0.000000
  LR (curriculum): 1.00e-05
  Key loss weights: kp2d=0.1000, joint_rot=0.0010, limb_scale_reg=0.000050, limb_trans_reg=0.500000

Epoch 348 Summary:
  Train Loss: 0.0001
  Val Loss: 0.0001
  Loss Components (Train / Val):
    betas               : 0.007517 / 0.005645
    cam_rot             : 0.000000 / 0.000000
    cam_trans           : 0.000001 / 0.000001
    fov                 : 0.000368 / 0.000579
    ief_pose_delta_1    : 8.370322 / 8.388598
    ief_pose_delta_2    : 14.164951 / 14.171032
    joint_angle_regularization: 0.073955 / 0.076284
    joint_limit_regularization: 0.000000 / 0.000000
    joint_rot           : 0.000000 / 0.000000
    keypoint_2d         : 0.000443 / 0.000390
    keypoint_3d         : 0.000008 / 0.000007
    limb_scale_regularization: 0.024402 / 0.026244
    limb_trans_regularization: 0.000012 / 0.000010
    trans               : 0.000000 / 0.000000
  LR (curriculum): 1.00e-05
  Key loss weights: kp2d=0.1000, joint_rot=0.0010, limb_scale_reg=0.000050, limb_trans_reg=0.500000

Epoch 349 Summary:
  Train Loss: 0.0001
  Val Loss: 0.0001
  Loss Components (Train / Val):
    betas               : 0.010187 / 0.010461
    cam_rot             : 0.000001 / 0.000001
    cam_trans           : 0.000005 / 0.000009
    fov                 : 0.002403 / 0.003815
    ief_pose_delta_1    : 8.357463 / 8.432307
    ief_pose_delta_2    : 14.156121 / 14.338162
    joint_angle_regularization: 0.072083 / 0.076478
    joint_limit_regularization: 0.000001 / 0.000000
    joint_rot           : 0.000000 / 0.000000
    keypoint_2d         : 0.000421 / 0.000386
    keypoint_3d         : 0.000008 / 0.000007
    limb_scale_regularization: 0.024206 / 0.028150
    limb_trans_regularization: 0.000013 / 0.000009
    trans               : 0.000000 / 0.000000
  LR (curriculum): 1.00e-05
  Key loss weights: kp2d=0.1000, joint_rot=0.0010, limb_scale_reg=0.000050, limb_trans_reg=0.500000
Checkpoint saved: runs/multiview_constrained/checkpoints/checkpoint_epoch_0349.pth

=== Joint Scales for Multiview Sample 0 ===
Mode: separate
Joint Name              Scale X    Scale Y    Scale Z   Mean Scale
----------------------------------------------------------------------
b_t                      1.0892     1.1069     1.1027       1.0996
b_a_1                    1.4185     0.9987     0.9141       1.1104
b_a_2                    1.0997     1.1213     1.0143       1.0784
b_a_3                    1.1225     1.0760     1.0517       1.0834
b_a_4                    1.0833     1.1034     1.0826       1.0898
b_a_5                    1.0862     1.0762     1.1002       1.0875
l_1_co_r                 1.5037     1.3638     1.2725       1.3800
l_1_tr_r                 0.9324     1.0816     1.3749       1.1296
l_1_fe_r                 1.0939     1.4024     1.6529       1.3830
l_1_ti_r                 1.0646     1.1531     0.8414       1.0197
l_1_ta_r                 1.0511     0.9751     0.9609       0.9957
l_1_pt_r                 1.0980     1.0930     1.1015       1.0975
l_2_co_r                 1.2700     1.6288     1.3892       1.4293
l_2_tr_r                 0.9549     1.3373     1.3753       1.2225
l_2_fe_r                 1.1443     1.0265     0.9980       1.0562
l_2_ti_r                 1.1691     1.0352     0.8587       1.0210
l_2_ta_r                 1.1136     1.0262     1.0329       1.0576
l_2_pt_r                 1.1114     1.0999     1.1025       1.1046
l_3_co_r                 1.6407     0.9400     1.0685       1.2164
l_3_tr_r                 1.0354     1.5563     0.9144       1.1687
l_3_fe_r                 1.3205     1.1198     1.3146       1.2516
l_3_ti_r                 0.9751     1.1419     0.8224       0.9798
l_3_ta_r                 1.0451     1.0463     1.0331       1.0415
l_3_pt_r                 1.0869     1.1040     1.0900       1.0937
w_1_r                    1.0951     1.0927     1.0974       1.0951
w_2_r                    1.0805     1.0821     1.0992       1.0873
l_1_co_l                 1.3893     1.4638     1.2727       1.3753
l_1_tr_l                 0.8739     1.3084     1.0396       1.0740
l_1_fe_l                 1.3262     1.1511     1.5975       1.3582
l_1_ti_l                 0.9700     1.0827     1.0218       1.0248
l_1_ta_l                 1.0663     0.9903     1.0259       1.0275
l_1_pt_l                 1.0987     1.1007     1.0843       1.0946
l_2_co_l                 1.2491     1.5029     1.1400       1.2973
l_2_tr_l                 1.0630     1.2952     1.0478       1.1353
l_2_fe_l                 1.1273     0.9744     1.2862       1.1293
l_2_ti_l                 1.1150     1.0795     0.8588       1.0178
l_2_ta_l                 1.1317     1.0040     1.0313       1.0557
l_2_pt_l                 1.0964     1.0806     1.0609       1.0793
l_3_co_l                 1.5630     1.0105     1.1688       1.2474
l_3_tr_l                 1.0831     1.1614     1.1666       1.1370
l_3_fe_l                 1.1495     1.1277     1.3264       1.2012
l_3_ti_l                 0.9521     1.0765     0.9899       1.0061
l_3_ta_l                 1.0603     1.1335     1.0552       1.0830
l_3_pt_l                 1.0982     1.0922     1.0888       1.0931
w_1_l                    0.6192     1.1658     1.1861       0.9904
w_2_l                    1.1147     1.0981     1.1104       1.1077
b_h                      1.5236     1.2892     0.7189       1.1773
ma_r                     1.0943     1.0865     1.0812       1.0873
an_1_r                   1.3920     1.2307     0.9444       1.1890
an_2_r                   1.3626     1.1435     0.9712       1.1591
an_3_r                   1.0810     1.1009     1.0910       1.0910
ma_l                     1.0945     1.1000     1.0959       1.0968
an_1_l                   1.5743     0.9671     0.9896       1.1770
an_2_l                   1.1347     1.0951     1.0459       1.0919
an_3_l                   1.1009     1.0994     1.1000       1.1001

Summary Statistics:
  Mean scale (all joints, all axes): 1.1288
  Std scale (all joints, all axes): 0.1697
  Min scale: 0.6192
  Max scale: 1.6529
  Joints with scale > 1.1: 44
  Joints with scale < 0.9: 7
======================================================================


=== Joint Scales for Multiview Sample 1 ===
Mode: separate
Joint Name              Scale X    Scale Y    Scale Z   Mean Scale
----------------------------------------------------------------------
b_t                      1.0746     1.0892     1.0858       1.0832
b_a_1                    1.5432     0.9821     0.9504       1.1586
b_a_2                    1.1860     1.1013     1.0128       1.1000
b_a_3                    1.1372     1.0727     1.0556       1.0885
b_a_4                    1.0631     1.0813     1.0690       1.0711
b_a_5                    1.0699     1.0566     1.0820       1.0695
l_1_co_r                 1.4071     1.1749     1.1729       1.2516
l_1_tr_r                 0.9371     1.0717     1.2581       1.0890
l_1_fe_r                 1.0185     1.2702     1.3549       1.2145
l_1_ti_r                 1.0177     1.0910     0.8352       0.9813
l_1_ta_r                 1.0151     0.9369     0.9179       0.9566
l_1_pt_r                 1.0834     1.0734     1.0848       1.0805
l_2_co_r                 1.1270     1.4091     1.1711       1.2357
l_2_tr_r                 0.9677     1.2871     1.3038       1.1862
l_2_fe_r                 1.1033     0.9463     0.9816       1.0104
l_2_ti_r                 1.1732     0.9781     0.8325       0.9946
l_2_ta_r                 1.1017     0.9344     1.0181       1.0181
l_2_pt_r                 1.0903     1.0783     1.0801       1.0829
l_3_co_r                 1.6674     0.9286     1.0740       1.2233
l_3_tr_r                 0.9785     1.4113     0.8446       1.0781
l_3_fe_r                 1.1596     1.0293     1.1406       1.1099
l_3_ti_r                 0.9022     1.0810     0.8062       0.9298
l_3_ta_r                 1.0015     1.0171     1.0579       1.0255
l_3_pt_r                 1.0696     1.0864     1.0732       1.0764
w_1_r                    1.0784     1.0765     1.0810       1.0786
w_2_r                    1.0649     1.0673     1.0813       1.0712
l_1_co_l                 1.2803     1.2005     1.2149       1.2319
l_1_tr_l                 0.8686     1.2096     1.0463       1.0415
l_1_fe_l                 1.2730     1.0622     1.4786       1.2713
l_1_ti_l                 1.0372     1.0073     1.0469       1.0305
l_1_ta_l                 1.0286     0.9652     0.9982       0.9973
l_1_pt_l                 1.0809     1.0803     1.0687       1.0766
l_2_co_l                 1.2592     1.3646     1.0340       1.2193
l_2_tr_l                 1.0826     1.2838     0.9720       1.1128
l_2_fe_l                 1.0910     0.9113     1.1224       1.0416
l_2_ti_l                 1.1273     0.9643     0.8463       0.9793
l_2_ta_l                 1.1130     0.9492     1.0087       1.0236
l_2_pt_l                 1.0783     1.0663     1.0496       1.0647
l_3_co_l                 1.4452     1.0795     1.1690       1.2312
l_3_tr_l                 1.0356     1.1418     1.1345       1.1040
l_3_fe_l                 1.0428     1.0621     1.1386       1.0812
l_3_ti_l                 0.9174     1.0538     1.0059       0.9924
l_3_ta_l                 0.9896     1.0692     1.0537       1.0375
l_3_pt_l                 1.0800     1.0742     1.0742       1.0761
w_1_l                    0.6958     1.1533     1.1691       1.0061
w_2_l                    1.0936     1.0792     1.0960       1.0896
b_h                      1.3273     1.2112     0.6485       1.0623
ma_r                     1.0733     1.0675     1.0691       1.0699
an_1_r                   1.2448     1.2112     0.9645       1.1402
an_2_r                   1.3077     1.1231     0.9676       1.1328
an_3_r                   1.0652     1.0830     1.0731       1.0738
ma_l                     1.0775     1.0814     1.0799       1.0796
an_1_l                   1.6093     0.9747     0.9961       1.1934
an_2_l                   1.2121     1.0709     1.0533       1.1121
an_3_l                   1.0839     1.0816     1.0815       1.0823

Summary Statistics:
  Mean scale (all joints, all axes): 1.0895
  Std scale (all joints, all axes): 0.1437
  Min scale: 0.6485
  Max scale: 1.6674
  Joints with scale > 1.1: 31
  Joints with scale < 0.9: 8
======================================================================


=== Joint Scales for Multiview Sample 2 ===
Mode: separate
Joint Name              Scale X    Scale Y    Scale Z   Mean Scale
----------------------------------------------------------------------
b_t                      1.0898     1.1081     1.1044       1.1008
b_a_1                    1.4308     0.9957     0.9231       1.1165
b_a_2                    1.1154     1.1231     1.0088       1.0825
b_a_3                    1.1258     1.0774     1.0534       1.0855
b_a_4                    1.0850     1.1051     1.0846       1.0915
b_a_5                    1.0872     1.0782     1.1010       1.0888
l_1_co_r                 1.4759     1.3445     1.2750       1.3651
l_1_tr_r                 0.9247     1.0566     1.3666       1.1160
l_1_fe_r                 1.0833     1.4194     1.6604       1.3877
l_1_ti_r                 1.0523     1.1654     0.8436       1.0204
l_1_ta_r                 1.0525     0.9909     0.9663       1.0032
l_1_pt_r                 1.0997     1.0952     1.1032       1.0994
l_2_co_r                 1.2691     1.5943     1.4488       1.4374
l_2_tr_r                 0.9581     1.3375     1.3946       1.2301
l_2_fe_r                 1.1566     1.0300     1.0200       1.0689
l_2_ti_r                 1.1744     1.0355     0.8620       1.0240
l_2_ta_r                 1.1147     1.0277     1.0351       1.0592
l_2_pt_r                 1.1132     1.1014     1.1039       1.1061
l_3_co_r                 1.6560     0.9461     1.0733       1.2251
l_3_tr_r                 1.0323     1.5641     0.9261       1.1741
l_3_fe_r                 1.3235     1.1086     1.3171       1.2497
l_3_ti_r                 0.9804     1.1260     0.8189       0.9751
l_3_ta_r                 1.0369     1.0299     1.0363       1.0343
l_3_pt_r                 1.0869     1.1053     1.0910       1.0944
w_1_r                    1.0960     1.0939     1.0987       1.0962
w_2_r                    1.0812     1.0836     1.1002       1.0884
l_1_co_l                 1.3709     1.4869     1.2604       1.3727
l_1_tr_l                 0.8698     1.3001     1.0320       1.0673
l_1_fe_l                 1.3143     1.1538     1.5844       1.3509
l_1_ti_l                 0.9730     1.0818     1.0237       1.0262
l_1_ta_l                 1.0723     0.9894     1.0285       1.0301
l_1_pt_l                 1.0995     1.1024     1.0857       1.0959
l_2_co_l                 1.2525     1.5112     1.1416       1.3018
l_2_tr_l                 1.0641     1.3081     1.0339       1.1354
l_2_fe_l                 1.1196     0.9708     1.2754       1.1220
l_2_ti_l                 1.1127     1.0755     0.8533       1.0138
l_2_ta_l                 1.1336     0.9879     1.0367       1.0528
l_2_pt_l                 1.0976     1.0820     1.0617       1.0804
l_3_co_l                 1.5932     1.0030     1.1868       1.2610
l_3_tr_l                 1.1129     1.1742     1.1650       1.1507
l_3_fe_l                 1.1599     1.1367     1.3026       1.1997
l_3_ti_l                 0.9474     1.0662     0.9905       1.0013
l_3_ta_l                 1.0622     1.1344     1.0553       1.0840
l_3_pt_l                 1.0992     1.0932     1.0899       1.0941
w_1_l                    0.6334     1.1674     1.1865       0.9958
w_2_l                    1.1167     1.0986     1.1118       1.1090
b_h                      1.5522     1.3019     0.7191       1.1910
ma_r                     1.0963     1.0881     1.0825       1.0890
an_1_r                   1.3808     1.2382     0.9396       1.1862
an_2_r                   1.3489     1.1465     0.9709       1.1554
an_3_r                   1.0821     1.1012     1.0928       1.0920
ma_l                     1.0960     1.1013     1.0971       1.0982
an_1_l                   1.5763     0.9573     0.9937       1.1757
an_2_l                   1.1312     1.0963     1.0495       1.0924
an_3_l                   1.1019     1.1011     1.1012       1.1014

Summary Statistics:
  Mean scale (all joints, all axes): 1.1299
  Std scale (all joints, all axes): 0.1705
  Min scale: 0.6334
  Max scale: 1.6604
  Joints with scale > 1.1: 46
  Joints with scale < 0.9: 7
======================================================================


=== Joint Scales for Multiview Sample 3 ===
Mode: separate
Joint Name              Scale X    Scale Y    Scale Z   Mean Scale
----------------------------------------------------------------------
b_t                      1.0899     1.1073     1.1035       1.1002
b_a_1                    1.4209     0.9981     0.9261       1.1150
b_a_2                    1.1075     1.1214     1.0140       1.0810
b_a_3                    1.1236     1.0772     1.0515       1.0841
b_a_4                    1.0838     1.1045     1.0840       1.0908
b_a_5                    1.0865     1.0766     1.1005       1.0879
l_1_co_r                 1.5010     1.3494     1.2712       1.3739
l_1_tr_r                 0.9323     1.0810     1.3660       1.1264
l_1_fe_r                 1.0810     1.3967     1.6477       1.3751
l_1_ti_r                 1.0709     1.1594     0.8357       1.0220
l_1_ta_r                 1.0558     0.9753     0.9563       0.9958
l_1_pt_r                 1.0989     1.0939     1.1017       1.0982
l_2_co_r                 1.2715     1.6341     1.3881       1.4312
l_2_tr_r                 0.9653     1.3442     1.3819       1.2305
l_2_fe_r                 1.1515     1.0282     1.0028       1.0608
l_2_ti_r                 1.1708     1.0336     0.8595       1.0213
l_2_ta_r                 1.1145     1.0254     1.0326       1.0575
l_2_pt_r                 1.1122     1.1004     1.1029       1.1052
l_3_co_r                 1.6429     0.9413     1.0587       1.2143
l_3_tr_r                 1.0420     1.5663     0.9030       1.1704
l_3_fe_r                 1.3016     1.1174     1.3112       1.2434
l_3_ti_r                 0.9663     1.1384     0.8119       0.9722
l_3_ta_r                 1.0370     1.0456     1.0355       1.0393
l_3_pt_r                 1.0877     1.1046     1.0909       1.0944
w_1_r                    1.0957     1.0933     1.0976       1.0955
w_2_r                    1.0809     1.0825     1.0996       1.0877
l_1_co_l                 1.3869     1.4570     1.2796       1.3745
l_1_tr_l                 0.8684     1.3022     1.0390       1.0698
l_1_fe_l                 1.3264     1.1629     1.5958       1.3617
l_1_ti_l                 0.9737     1.0849     1.0294       1.0293
l_1_ta_l                 1.0700     0.9915     1.0303       1.0306
l_1_pt_l                 1.0991     1.1014     1.0852       1.0952
l_2_co_l                 1.2507     1.5025     1.1340       1.2957
l_2_tr_l                 1.0699     1.2955     1.0427       1.1360
l_2_fe_l                 1.1278     0.9707     1.2881       1.1289
l_2_ti_l                 1.1179     1.0803     0.8562       1.0181
l_2_ta_l                 1.1295     1.0003     1.0335       1.0544
l_2_pt_l                 1.0970     1.0810     1.0615       1.0798
l_3_co_l                 1.5937     1.0132     1.1686       1.2585
l_3_tr_l                 1.1163     1.1706     1.1661       1.1510
l_3_fe_l                 1.1658     1.1389     1.3048       1.2032
l_3_ti_l                 0.9534     1.0666     0.9937       1.0046
l_3_ta_l                 1.0637     1.1348     1.0542       1.0842
l_3_pt_l                 1.0985     1.0925     1.0895       1.0935
w_1_l                    0.6246     1.1659     1.1841       0.9915
w_2_l                    1.1151     1.0986     1.1111       1.1083
b_h                      1.5254     1.2863     0.7148       1.1755
ma_r                     1.0949     1.0870     1.0820       1.0880
an_1_r                   1.3895     1.2307     0.9487       1.1896
an_2_r                   1.3637     1.1446     0.9727       1.1603
an_3_r                   1.0813     1.1015     1.0919       1.0916
ma_l                     1.0949     1.1004     1.0965       1.0973
an_1_l                   1.5663     0.9667     0.9910       1.1747
an_2_l                   1.1339     1.0924     1.0514       1.0926
an_3_l                   1.1014     1.0999     1.1004       1.1006

Summary Statistics:
  Mean scale (all joints, all axes): 1.1293
  Std scale (all joints, all axes): 0.1697
  Min scale: 0.6246
  Max scale: 1.6477
  Joints with scale > 1.1: 45
  Joints with scale < 0.9: 7
======================================================================


=== Joint Scales for Multiview Sample 4 ===
Mode: separate
Joint Name              Scale X    Scale Y    Scale Z   Mean Scale
----------------------------------------------------------------------
b_t                      1.0894     1.1072     1.1039       1.1002
b_a_1                    1.4186     0.9957     0.9183       1.1109
b_a_2                    1.1063     1.1212     1.0079       1.0785
b_a_3                    1.1224     1.0773     1.0554       1.0850
b_a_4                    1.0838     1.1035     1.0847       1.0907
b_a_5                    1.0866     1.0774     1.1000       1.0880
l_1_co_r                 1.4930     1.3623     1.2640       1.3731
l_1_tr_r                 0.9342     1.0769     1.3653       1.1255
l_1_fe_r                 1.0878     1.4172     1.6538       1.3863
l_1_ti_r                 1.0546     1.1601     0.8450       1.0199
l_1_ta_r                 1.0446     0.9798     0.9663       0.9969
l_1_pt_r                 1.0991     1.0939     1.1019       1.0983
l_2_co_r                 1.2616     1.6055     1.3839       1.4170
l_2_tr_r                 0.9639     1.3393     1.3728       1.2253
l_2_fe_r                 1.1468     1.0356     1.0038       1.0621
l_2_ti_r                 1.1709     1.0376     0.8613       1.0233
l_2_ta_r                 1.1132     1.0272     1.0368       1.0591
l_2_pt_r                 1.1119     1.1009     1.1028       1.1052
l_3_co_r                 1.6528     0.9294     1.0727       1.2183
l_3_tr_r                 1.0301     1.5254     0.9251       1.1602
l_3_fe_r                 1.3114     1.0953     1.3295       1.2454
l_3_ti_r                 0.9676     1.1379     0.8194       0.9749
l_3_ta_r                 1.0393     1.0438     1.0372       1.0401
l_3_pt_r                 1.0868     1.1047     1.0904       1.0940
w_1_r                    1.0952     1.0933     1.0976       1.0954
w_2_r                    1.0806     1.0829     1.0995       1.0877
l_1_co_l                 1.3604     1.4686     1.2607       1.3633
l_1_tr_l                 0.8692     1.3073     1.0316       1.0694
l_1_fe_l                 1.3184     1.1616     1.5841       1.3547
l_1_ti_l                 0.9773     1.0802     1.0304       1.0293
l_1_ta_l                 1.0676     0.9898     1.0301       1.0292
l_1_pt_l                 1.0987     1.1015     1.0854       1.0952
l_2_co_l                 1.2318     1.4850     1.1392       1.2853
l_2_tr_l                 1.0636     1.2862     1.0571       1.1357
l_2_fe_l                 1.1189     0.9719     1.2682       1.1197
l_2_ti_l                 1.1135     1.0775     0.8541       1.0151
l_2_ta_l                 1.1317     0.9906     1.0342       1.0521
l_2_pt_l                 1.0969     1.0817     1.0612       1.0799
l_3_co_l                 1.5960     1.0108     1.1692       1.2587
l_3_tr_l                 1.1249     1.1820     1.1695       1.1588
l_3_fe_l                 1.1726     1.1478     1.2782       1.1995
l_3_ti_l                 0.9579     1.0691     0.9977       1.0083
l_3_ta_l                 1.0651     1.1402     1.0540       1.0864
l_3_pt_l                 1.0981     1.0925     1.0893       1.0933
w_1_l                    0.6293     1.1673     1.1873       0.9946
w_2_l                    1.1155     1.0978     1.1111       1.1081
b_h                      1.5284     1.3101     0.7119       1.1834
ma_r                     1.0951     1.0873     1.0818       1.0881
an_1_r                   1.3752     1.2339     0.9418       1.1836
an_2_r                   1.3490     1.1451     0.9728       1.1556
an_3_r                   1.0819     1.1005     1.0920       1.0915
ma_l                     1.0948     1.1005     1.0966       1.0973
an_1_l                   1.5765     0.9621     0.9962       1.1783
an_2_l                   1.1383     1.0940     1.0514       1.0945
an_3_l                   1.1012     1.1001     1.1005       1.1006

Summary Statistics:
  Mean scale (all joints, all axes): 1.1286
  Std scale (all joints, all axes): 0.1679
  Min scale: 0.6293
  Max scale: 1.6538
  Joints with scale > 1.1: 44
  Joints with scale < 0.9: 7
======================================================================

Generated 5 multi-view visualizations for epoch 349 in runs/multiview_constrained/visualizations/epoch_349

=== Joint Scales for Sample 0 (Single-View Renders) ===
Mode: separate
Joint Name              Scale X    Scale Y    Scale Z   Mean Scale
----------------------------------------------------------------------
b_t                      1.0892     1.1069     1.1027       1.0996
b_a_1                    1.4185     0.9987     0.9141       1.1104
b_a_2                    1.0997     1.1213     1.0143       1.0784
b_a_3                    1.1225     1.0760     1.0517       1.0834
b_a_4                    1.0833     1.1034     1.0826       1.0898
b_a_5                    1.0862     1.0762     1.1002       1.0875
l_1_co_r                 1.5037     1.3638     1.2725       1.3800
l_1_tr_r                 0.9324     1.0816     1.3749       1.1296
l_1_fe_r                 1.0939     1.4024     1.6529       1.3830
l_1_ti_r                 1.0646     1.1531     0.8414       1.0197
l_1_ta_r                 1.0511     0.9751     0.9609       0.9957
l_1_pt_r                 1.0980     1.0930     1.1015       1.0975
l_2_co_r                 1.2700     1.6288     1.3892       1.4293
l_2_tr_r                 0.9549     1.3373     1.3753       1.2225
l_2_fe_r                 1.1443     1.0265     0.9980       1.0562
l_2_ti_r                 1.1691     1.0352     0.8587       1.0210
l_2_ta_r                 1.1136     1.0262     1.0329       1.0576
l_2_pt_r                 1.1114     1.0999     1.1025       1.1046
l_3_co_r                 1.6407     0.9400     1.0685       1.2164
l_3_tr_r                 1.0354     1.5563     0.9144       1.1687
l_3_fe_r                 1.3205     1.1198     1.3146       1.2516
l_3_ti_r                 0.9751     1.1419     0.8224       0.9798
l_3_ta_r                 1.0451     1.0463     1.0331       1.0415
l_3_pt_r                 1.0869     1.1040     1.0900       1.0937
w_1_r                    1.0951     1.0927     1.0974       1.0951
w_2_r                    1.0805     1.0821     1.0992       1.0873
l_1_co_l                 1.3893     1.4638     1.2727       1.3753
l_1_tr_l                 0.8739     1.3084     1.0396       1.0740
l_1_fe_l                 1.3262     1.1511     1.5975       1.3582
l_1_ti_l                 0.9700     1.0827     1.0218       1.0248
l_1_ta_l                 1.0663     0.9903     1.0259       1.0275
l_1_pt_l                 1.0987     1.1007     1.0843       1.0946
l_2_co_l                 1.2491     1.5029     1.1400       1.2973
l_2_tr_l                 1.0630     1.2952     1.0478       1.1353
l_2_fe_l                 1.1273     0.9744     1.2862       1.1293
l_2_ti_l                 1.1150     1.0795     0.8588       1.0178
l_2_ta_l                 1.1317     1.0040     1.0313       1.0557
l_2_pt_l                 1.0964     1.0806     1.0609       1.0793
l_3_co_l                 1.5630     1.0105     1.1688       1.2474
l_3_tr_l                 1.0831     1.1614     1.1666       1.1370
l_3_fe_l                 1.1495     1.1277     1.3264       1.2012
l_3_ti_l                 0.9521     1.0765     0.9899       1.0061
l_3_ta_l                 1.0603     1.1335     1.0552       1.0830
l_3_pt_l                 1.0982     1.0922     1.0888       1.0931
w_1_l                    0.6192     1.1658     1.1861       0.9904
w_2_l                    1.1147     1.0981     1.1104       1.1077
b_h                      1.5236     1.2892     0.7189       1.1773
ma_r                     1.0943     1.0865     1.0812       1.0873
an_1_r                   1.3920     1.2307     0.9444       1.1890
an_2_r                   1.3626     1.1435     0.9712       1.1591
an_3_r                   1.0810     1.1009     1.0910       1.0910
ma_l                     1.0945     1.1000     1.0959       1.0968
an_1_l                   1.5743     0.9671     0.9896       1.1770
an_2_l                   1.1347     1.0951     1.0459       1.0919
an_3_l                   1.1009     1.0994     1.1000       1.1001

Summary Statistics:
  Mean scale (all joints, all axes): 1.1288
  Std scale (all joints, all axes): 0.1697
  Min scale: 0.6192
  Max scale: 1.6529
  Joints with scale > 1.1: 44
  Joints with scale < 0.9: 7
======================================================================


[Visualization] Using model renderer image size: 224
  Original image size: (512, 512, 3)
  Model renderer size: 224
  This ensures keypoint normalization matches training

[Sample 0] Input fingerprint (img patch mean): 0.598290
  trans: [0.0044, 0.0121, 0.3290]
  global_rot[0:3]: [-0.1006, -0.4777, 0.1206]
  fov_per_view[0]: 35.6480
  mesh_scale: 0.0303

[Camera Debug] View 0:
  FOV: 35.65 degrees
  cam_trans: [-0.01423838  0.23887886 -0.07009366]
  cam_rot (first row): [-0.03215547  0.7630179   0.64531255]
  Renderer image size: 224
  Body trans: [0.00441356 0.01210522 0.3289907 ]
  Betas (first 3): [3.4731727  0.58576787 0.85110307]
  Camera R shape: torch.Size([1, 3, 3])
  Camera T shape: torch.Size([1, 3])
  Camera fov shape: torch.Size([1])

[GT Cam+3D Sanity] view 0:
  GT fov_y: 35.67 deg
  ||GT cam_T||: 0.249  (should be O(0.1-10) after scaling, not O(100-1000))
  max|GT kp3d|: 0.345 (same unit scale as SMAL verts/joints)
  mean reproj err (GT 3D + GT cam -> 2D): 0.13 px @ 224px
  Exported mesh to: runs/multiview_constrained/singleview_renders/epoch_349/sample_000_view_00_epoch_349.obj
  Mesh vertices: torch.Size([1, 3020, 3]), range: [-0.029, 0.345]
  Mesh faces: torch.Size([6019, 3])
  Mean pred 3D: [0.0046, 0.0131, 0.3318]
  Mean GT 3D:  [0.0026, 0.0098, 0.2538]
  Root rot magnitude: 172.71°
  Generated 3D keypoint visualization: runs/multiview_constrained/singleview_renders/epoch_349/sample_000_epoch_349_3d_keypoints.png
  Mean 3D error: 0.0053, Max error: 0.0118
  Plotted joints: 42, Suppressed: 13

=== Joint Scales for Sample 1 (Single-View Renders) ===
Mode: separate
Joint Name              Scale X    Scale Y    Scale Z   Mean Scale
----------------------------------------------------------------------
b_t                      1.0746     1.0892     1.0858       1.0832
b_a_1                    1.5432     0.9821     0.9504       1.1586
b_a_2                    1.1860     1.1013     1.0128       1.1000
b_a_3                    1.1372     1.0727     1.0556       1.0885
b_a_4                    1.0631     1.0813     1.0690       1.0711
b_a_5                    1.0699     1.0566     1.0820       1.0695
l_1_co_r                 1.4071     1.1749     1.1729       1.2516
l_1_tr_r                 0.9371     1.0717     1.2581       1.0890
l_1_fe_r                 1.0185     1.2702     1.3549       1.2145
l_1_ti_r                 1.0177     1.0910     0.8352       0.9813
l_1_ta_r                 1.0151     0.9369     0.9179       0.9566
l_1_pt_r                 1.0834     1.0734     1.0848       1.0805
l_2_co_r                 1.1270     1.4091     1.1711       1.2357
l_2_tr_r                 0.9677     1.2871     1.3038       1.1862
l_2_fe_r                 1.1033     0.9463     0.9816       1.0104
l_2_ti_r                 1.1732     0.9781     0.8325       0.9946
l_2_ta_r                 1.1017     0.9344     1.0181       1.0181
l_2_pt_r                 1.0903     1.0783     1.0801       1.0829
l_3_co_r                 1.6674     0.9286     1.0740       1.2233
l_3_tr_r                 0.9785     1.4113     0.8446       1.0781
l_3_fe_r                 1.1596     1.0293     1.1406       1.1099
l_3_ti_r                 0.9022     1.0810     0.8062       0.9298
l_3_ta_r                 1.0015     1.0171     1.0579       1.0255
l_3_pt_r                 1.0696     1.0864     1.0732       1.0764
w_1_r                    1.0784     1.0765     1.0810       1.0786
w_2_r                    1.0649     1.0673     1.0813       1.0712
l_1_co_l                 1.2803     1.2005     1.2149       1.2319
l_1_tr_l                 0.8686     1.2096     1.0463       1.0415
l_1_fe_l                 1.2730     1.0622     1.4786       1.2713
l_1_ti_l                 1.0372     1.0073     1.0469       1.0305
l_1_ta_l                 1.0286     0.9652     0.9982       0.9973
l_1_pt_l                 1.0809     1.0803     1.0687       1.0766
l_2_co_l                 1.2592     1.3646     1.0340       1.2193
l_2_tr_l                 1.0826     1.2838     0.9720       1.1128
l_2_fe_l                 1.0910     0.9113     1.1224       1.0416
l_2_ti_l                 1.1273     0.9643     0.8463       0.9793
l_2_ta_l                 1.1130     0.9492     1.0087       1.0236
l_2_pt_l                 1.0783     1.0663     1.0496       1.0647
l_3_co_l                 1.4452     1.0795     1.1690       1.2312
l_3_tr_l                 1.0356     1.1418     1.1345       1.1040
l_3_fe_l                 1.0428     1.0621     1.1386       1.0812
l_3_ti_l                 0.9174     1.0538     1.0059       0.9924
l_3_ta_l                 0.9896     1.0692     1.0537       1.0375
l_3_pt_l                 1.0800     1.0742     1.0742       1.0761
w_1_l                    0.6958     1.1533     1.1691       1.0061
w_2_l                    1.0936     1.0792     1.0960       1.0896
b_h                      1.3273     1.2112     0.6485       1.0623
ma_r                     1.0733     1.0675     1.0691       1.0699
an_1_r                   1.2448     1.2112     0.9645       1.1402
an_2_r                   1.3077     1.1231     0.9676       1.1328
an_3_r                   1.0652     1.0830     1.0731       1.0738
ma_l                     1.0775     1.0814     1.0799       1.0796
an_1_l                   1.6093     0.9747     0.9961       1.1934
an_2_l                   1.2121     1.0709     1.0533       1.1121
an_3_l                   1.0839     1.0816     1.0815       1.0823

Summary Statistics:
  Mean scale (all joints, all axes): 1.0895
  Std scale (all joints, all axes): 0.1437
  Min scale: 0.6485
  Max scale: 1.6674
  Joints with scale > 1.1: 31
  Joints with scale < 0.9: 8
======================================================================


[Sample 1] Input fingerprint (img patch mean): 0.462455
  trans: [0.0129, 0.0230, 0.3344]
  global_rot[0:3]: [0.3653, 0.6441, 0.1353]
  fov_per_view[0]: 37.4549
  mesh_scale: 0.0207
  Mean pred 3D: [0.0119, 0.0226, 0.3362]
  Mean GT 3D:  [0.0093, 0.0171, 0.2570]
  Root rot magnitude: 170.85°

=== Joint Scales for Sample 2 (Single-View Renders) ===
Mode: separate
Joint Name              Scale X    Scale Y    Scale Z   Mean Scale
----------------------------------------------------------------------
b_t                      1.0898     1.1081     1.1044       1.1008
b_a_1                    1.4308     0.9957     0.9231       1.1165
b_a_2                    1.1154     1.1231     1.0088       1.0825
b_a_3                    1.1258     1.0774     1.0534       1.0855
b_a_4                    1.0850     1.1051     1.0846       1.0915
b_a_5                    1.0872     1.0782     1.1010       1.0888
l_1_co_r                 1.4759     1.3445     1.2750       1.3651
l_1_tr_r                 0.9247     1.0566     1.3666       1.1160
l_1_fe_r                 1.0833     1.4194     1.6604       1.3877
l_1_ti_r                 1.0523     1.1654     0.8436       1.0204
l_1_ta_r                 1.0525     0.9909     0.9663       1.0032
l_1_pt_r                 1.0997     1.0952     1.1032       1.0994
l_2_co_r                 1.2691     1.5943     1.4488       1.4374
l_2_tr_r                 0.9581     1.3375     1.3946       1.2301
l_2_fe_r                 1.1566     1.0300     1.0200       1.0689
l_2_ti_r                 1.1744     1.0355     0.8620       1.0240
l_2_ta_r                 1.1147     1.0277     1.0351       1.0592
l_2_pt_r                 1.1132     1.1014     1.1039       1.1061
l_3_co_r                 1.6560     0.9461     1.0733       1.2251
l_3_tr_r                 1.0323     1.5641     0.9261       1.1741
l_3_fe_r                 1.3235     1.1086     1.3171       1.2497
l_3_ti_r                 0.9804     1.1260     0.8189       0.9751
l_3_ta_r                 1.0369     1.0299     1.0363       1.0343
l_3_pt_r                 1.0869     1.1053     1.0910       1.0944
w_1_r                    1.0960     1.0939     1.0987       1.0962
w_2_r                    1.0812     1.0836     1.1002       1.0884
l_1_co_l                 1.3709     1.4869     1.2604       1.3727
l_1_tr_l                 0.8698     1.3001     1.0320       1.0673
l_1_fe_l                 1.3143     1.1538     1.5844       1.3509
l_1_ti_l                 0.9730     1.0818     1.0237       1.0262
l_1_ta_l                 1.0723     0.9894     1.0285       1.0301
l_1_pt_l                 1.0995     1.1024     1.0857       1.0959
l_2_co_l                 1.2525     1.5112     1.1416       1.3018
l_2_tr_l                 1.0641     1.3081     1.0339       1.1354
l_2_fe_l                 1.1196     0.9708     1.2754       1.1220
l_2_ti_l                 1.1127     1.0755     0.8533       1.0138
l_2_ta_l                 1.1336     0.9879     1.0367       1.0528
l_2_pt_l                 1.0976     1.0820     1.0617       1.0804
l_3_co_l                 1.5932     1.0030     1.1868       1.2610
l_3_tr_l                 1.1129     1.1742     1.1650       1.1507
l_3_fe_l                 1.1599     1.1367     1.3026       1.1997
l_3_ti_l                 0.9474     1.0662     0.9905       1.0013
l_3_ta_l                 1.0622     1.1344     1.0553       1.0840
l_3_pt_l                 1.0992     1.0932     1.0899       1.0941
w_1_l                    0.6334     1.1674     1.1865       0.9958
w_2_l                    1.1167     1.0986     1.1118       1.1090
b_h                      1.5522     1.3019     0.7191       1.1910
ma_r                     1.0963     1.0881     1.0825       1.0890
an_1_r                   1.3808     1.2382     0.9396       1.1862
an_2_r                   1.3489     1.1465     0.9709       1.1554
an_3_r                   1.0821     1.1012     1.0928       1.0920
ma_l                     1.0960     1.1013     1.0971       1.0982
an_1_l                   1.5763     0.9573     0.9937       1.1757
an_2_l                   1.1312     1.0963     1.0495       1.0924
an_3_l                   1.1019     1.1011     1.1012       1.1014

Summary Statistics:
  Mean scale (all joints, all axes): 1.1299
  Std scale (all joints, all axes): 0.1705
  Min scale: 0.6334
  Max scale: 1.6604
  Joints with scale > 1.1: 46
  Joints with scale < 0.9: 7
======================================================================


[Sample 2] Input fingerprint (img patch mean): 0.354034
  trans: [0.0018, 0.0065, 0.3293]
  global_rot[0:3]: [-0.5689, -0.0476, 0.1472]
  fov_per_view[0]: 35.5638
  mesh_scale: 0.0298
  Mean pred 3D: [0.0028, 0.0061, 0.3324]
  Mean GT 3D:  [0.0020, 0.0047, 0.2424]
  Root rot magnitude: 165.80°

=== Joint Scales for Sample 3 (Single-View Renders) ===
Mode: separate
Joint Name              Scale X    Scale Y    Scale Z   Mean Scale
----------------------------------------------------------------------
b_t                      1.0899     1.1073     1.1035       1.1002
b_a_1                    1.4209     0.9981     0.9261       1.1150
b_a_2                    1.1075     1.1214     1.0140       1.0810
b_a_3                    1.1236     1.0772     1.0515       1.0841
b_a_4                    1.0838     1.1045     1.0840       1.0908
b_a_5                    1.0865     1.0766     1.1005       1.0879
l_1_co_r                 1.5010     1.3494     1.2712       1.3739
l_1_tr_r                 0.9323     1.0810     1.3660       1.1264
l_1_fe_r                 1.0810     1.3967     1.6477       1.3751
l_1_ti_r                 1.0709     1.1594     0.8357       1.0220
l_1_ta_r                 1.0558     0.9753     0.9563       0.9958
l_1_pt_r                 1.0989     1.0939     1.1017       1.0982
l_2_co_r                 1.2715     1.6341     1.3881       1.4312
l_2_tr_r                 0.9653     1.3442     1.3819       1.2305
l_2_fe_r                 1.1515     1.0282     1.0028       1.0608
l_2_ti_r                 1.1708     1.0336     0.8595       1.0213
l_2_ta_r                 1.1145     1.0254     1.0326       1.0575
l_2_pt_r                 1.1122     1.1004     1.1029       1.1052
l_3_co_r                 1.6429     0.9413     1.0587       1.2143
l_3_tr_r                 1.0420     1.5663     0.9030       1.1704
l_3_fe_r                 1.3016     1.1174     1.3112       1.2434
l_3_ti_r                 0.9663     1.1384     0.8119       0.9722
l_3_ta_r                 1.0370     1.0456     1.0355       1.0393
l_3_pt_r                 1.0877     1.1046     1.0909       1.0944
w_1_r                    1.0957     1.0933     1.0976       1.0955
w_2_r                    1.0809     1.0825     1.0996       1.0877
l_1_co_l                 1.3869     1.4570     1.2796       1.3745
l_1_tr_l                 0.8684     1.3022     1.0390       1.0698
l_1_fe_l                 1.3264     1.1629     1.5958       1.3617
l_1_ti_l                 0.9737     1.0849     1.0294       1.0293
l_1_ta_l                 1.0700     0.9915     1.0303       1.0306
l_1_pt_l                 1.0991     1.1014     1.0852       1.0952
l_2_co_l                 1.2507     1.5025     1.1340       1.2957
l_2_tr_l                 1.0699     1.2955     1.0427       1.1360
l_2_fe_l                 1.1278     0.9707     1.2881       1.1289
l_2_ti_l                 1.1179     1.0803     0.8562       1.0181
l_2_ta_l                 1.1295     1.0003     1.0335       1.0544
l_2_pt_l                 1.0970     1.0810     1.0615       1.0798
l_3_co_l                 1.5937     1.0132     1.1686       1.2585
l_3_tr_l                 1.1163     1.1706     1.1661       1.1510
l_3_fe_l                 1.1658     1.1389     1.3048       1.2032
l_3_ti_l                 0.9534     1.0666     0.9937       1.0046
l_3_ta_l                 1.0637     1.1348     1.0542       1.0842
l_3_pt_l                 1.0985     1.0925     1.0895       1.0935
w_1_l                    0.6246     1.1659     1.1841       0.9915
w_2_l                    1.1151     1.0986     1.1111       1.1083
b_h                      1.5254     1.2863     0.7148       1.1755
ma_r                     1.0949     1.0870     1.0820       1.0880
an_1_r                   1.3895     1.2307     0.9487       1.1896
an_2_r                   1.3637     1.1446     0.9727       1.1603
an_3_r                   1.0813     1.1015     1.0919       1.0916
ma_l                     1.0949     1.1004     1.0965       1.0973
an_1_l                   1.5663     0.9667     0.9910       1.1747
an_2_l                   1.1339     1.0924     1.0514       1.0926
an_3_l                   1.1014     1.0999     1.1004       1.1006

Summary Statistics:
  Mean scale (all joints, all axes): 1.1293
  Std scale (all joints, all axes): 0.1697
  Min scale: 0.6246
  Max scale: 1.6477
  Joints with scale > 1.1: 45
  Joints with scale < 0.9: 7
======================================================================


[Sample 3] Input fingerprint (img patch mean): 0.591885
  trans: [0.0059, 0.0132, 0.3289]
  global_rot[0:3]: [-0.2252, -0.4455, 0.1239]
  fov_per_view[0]: 35.6436
  mesh_scale: 0.0305
  Mean pred 3D: [0.0064, 0.0145, 0.3318]
  Mean GT 3D:  [0.0044, 0.0115, 0.2541]
  Root rot magnitude: 172.32°

=== Joint Scales for Sample 4 (Single-View Renders) ===
Mode: separate
Joint Name              Scale X    Scale Y    Scale Z   Mean Scale
----------------------------------------------------------------------
b_t                      1.0894     1.1072     1.1039       1.1002
b_a_1                    1.4186     0.9957     0.9183       1.1109
b_a_2                    1.1063     1.1212     1.0079       1.0785
b_a_3                    1.1224     1.0773     1.0554       1.0850
b_a_4                    1.0838     1.1035     1.0847       1.0907
b_a_5                    1.0866     1.0774     1.1000       1.0880
l_1_co_r                 1.4930     1.3623     1.2640       1.3731
l_1_tr_r                 0.9342     1.0769     1.3653       1.1255
l_1_fe_r                 1.0878     1.4172     1.6538       1.3863
l_1_ti_r                 1.0546     1.1601     0.8450       1.0199
l_1_ta_r                 1.0446     0.9798     0.9663       0.9969
l_1_pt_r                 1.0991     1.0939     1.1019       1.0983
l_2_co_r                 1.2616     1.6055     1.3839       1.4170
l_2_tr_r                 0.9639     1.3393     1.3728       1.2253
l_2_fe_r                 1.1468     1.0356     1.0038       1.0621
l_2_ti_r                 1.1709     1.0376     0.8613       1.0233
l_2_ta_r                 1.1132     1.0272     1.0368       1.0591
l_2_pt_r                 1.1119     1.1009     1.1028       1.1052
l_3_co_r                 1.6528     0.9294     1.0727       1.2183
l_3_tr_r                 1.0301     1.5254     0.9251       1.1602
l_3_fe_r                 1.3114     1.0953     1.3295       1.2454
l_3_ti_r                 0.9676     1.1379     0.8194       0.9749
l_3_ta_r                 1.0393     1.0438     1.0372       1.0401
l_3_pt_r                 1.0868     1.1047     1.0904       1.0940
w_1_r                    1.0952     1.0933     1.0976       1.0954
w_2_r                    1.0806     1.0829     1.0995       1.0877
l_1_co_l                 1.3604     1.4686     1.2607       1.3633
l_1_tr_l                 0.8692     1.3073     1.0316       1.0694
l_1_fe_l                 1.3184     1.1616     1.5841       1.3547
l_1_ti_l                 0.9773     1.0802     1.0304       1.0293
l_1_ta_l                 1.0676     0.9898     1.0301       1.0292
l_1_pt_l                 1.0987     1.1015     1.0854       1.0952
l_2_co_l                 1.2318     1.4850     1.1392       1.2853
l_2_tr_l                 1.0636     1.2862     1.0571       1.1357
l_2_fe_l                 1.1189     0.9719     1.2682       1.1197
l_2_ti_l                 1.1135     1.0775     0.8541       1.0151
l_2_ta_l                 1.1317     0.9906     1.0342       1.0521
l_2_pt_l                 1.0969     1.0817     1.0612       1.0799
l_3_co_l                 1.5960     1.0108     1.1692       1.2587
l_3_tr_l                 1.1249     1.1820     1.1695       1.1588
l_3_fe_l                 1.1726     1.1478     1.2782       1.1995
l_3_ti_l                 0.9579     1.0691     0.9977       1.0083
l_3_ta_l                 1.0651     1.1402     1.0540       1.0864
l_3_pt_l                 1.0981     1.0925     1.0893       1.0933
w_1_l                    0.6293     1.1673     1.1873       0.9946
w_2_l                    1.1155     1.0978     1.1111       1.1081
b_h                      1.5284     1.3101     0.7119       1.1834
ma_r                     1.0951     1.0873     1.0818       1.0881
an_1_r                   1.3752     1.2339     0.9418       1.1836
an_2_r                   1.3490     1.1451     0.9728       1.1556
an_3_r                   1.0819     1.1005     1.0920       1.0915
ma_l                     1.0948     1.1005     1.0966       1.0973
an_1_l                   1.5765     0.9621     0.9962       1.1783
an_2_l                   1.1383     1.0940     1.0514       1.0945
an_3_l                   1.1012     1.1001     1.1005       1.1006

Summary Statistics:
  Mean scale (all joints, all axes): 1.1286
  Std scale (all joints, all axes): 0.1679
  Min scale: 0.6293
  Max scale: 1.6538
  Joints with scale > 1.1: 44
  Joints with scale < 0.9: 7
======================================================================


[Sample 4] Input fingerprint (img patch mean): 0.592601
  trans: [0.0053, 0.0098, 0.3294]
  global_rot[0:3]: [-0.5527, -0.0285, 0.1394]
  fov_per_view[0]: 35.5806
  mesh_scale: 0.0303
  Mean pred 3D: [0.0060, 0.0093, 0.3323]
  Mean GT 3D:  [0.0038, 0.0074, 0.2543]
  Root rot magnitude: 166.02°
Generated single-view renders for 5 samples (epoch 349) in runs/multiview_constrained/singleview_renders/epoch_349

Epoch 350 Summary:
  Train Loss: 0.0001
  Val Loss: 0.0001
  Loss Components (Train / Val):
    betas               : 0.009161 / 0.003165
    cam_rot             : 0.000002 / 0.000001
    cam_trans           : 0.000017 / 0.000009
    fov                 : 0.007944 / 0.003896
    ief_pose_delta_1    : 8.367500 / 8.398430
    ief_pose_delta_2    : 14.182061 / 14.279886
    joint_angle_regularization: 0.066788 / 0.074061
    joint_limit_regularization: 0.000000 / 0.000000
    joint_rot           : 0.000000 / 0.000000
    keypoint_2d         : 0.000390 / 0.000337
    keypoint_3d         : 0.000008 / 0.000006
    limb_scale_regularization: 0.025613 / 0.027967
    limb_trans_regularization: 0.000009 / 0.000007
    trans               : 0.000000 / 0.000000
  LR (curriculum): 1.00e-05
  Key loss weights: kp2d=0.1000, joint_rot=0.0010, limb_scale_reg=0.000050, limb_trans_reg=0.500000

Epoch 351 Summary:
  Train Loss: 0.0001
  Val Loss: 0.0001
  Loss Components (Train / Val):
    betas               : 0.003665 / 0.002077
    cam_rot             : 0.000001 / 0.000001
    cam_trans           : 0.000011 / 0.000007
    fov                 : 0.004616 / 0.002979
    ief_pose_delta_1    : 8.337553 / 8.347512
    ief_pose_delta_2    : 14.103715 / 14.217439
    joint_angle_regularization: 0.063783 / 0.070979
    joint_limit_regularization: 0.000000 / 0.000000
    joint_rot           : 0.000000 / 0.000000
    keypoint_2d         : 0.000322 / 0.000288
    keypoint_3d         : 0.000006 / 0.000005
    limb_scale_regularization: 0.025139 / 0.029799
    limb_trans_regularization: 0.000007 / 0.000008
    trans               : 0.000000 / 0.000000
  LR (curriculum): 1.00e-05
  Key loss weights: kp2d=0.1000, joint_rot=0.0010, limb_scale_reg=0.000050, limb_trans_reg=0.500000

Epoch 352 Summary:
  Train Loss: 0.0001
  Val Loss: 0.0000
  Loss Components (Train / Val):
    betas               : 0.002954 / 0.001289
    cam_rot             : 0.000001 / 0.000001
    cam_trans           : 0.000008 / 0.000004
    fov                 : 0.002884 / 0.001652
    ief_pose_delta_1    : 8.355473 / 8.340974
    ief_pose_delta_2    : 14.077772 / 14.177455
    joint_angle_regularization: 0.066246 / 0.070754
    joint_limit_regularization: 0.000000 / 0.000000
    joint_rot           : 0.000000 / 0.000000
    keypoint_2d         : 0.000288 / 0.000241
    keypoint_3d         : 0.000005 / 0.000004
    limb_scale_regularization: 0.028043 / 0.031637
    limb_trans_regularization: 0.000007 / 0.000006
    trans               : 0.000000 / 0.000000
  LR (curriculum): 1.00e-05
  Key loss weights: kp2d=0.1000, joint_rot=0.0010, limb_scale_reg=0.000050, limb_trans_reg=0.500000

Epoch 353 Summary:
  Train Loss: 0.0001
  Val Loss: 0.0000
  Loss Components (Train / Val):
    betas               : 0.003792 / 0.001264
    cam_rot             : 0.000001 / 0.000001
    cam_trans           : 0.000006 / 0.000004
    fov                 : 0.001978 / 0.001485
    ief_pose_delta_1    : 8.352553 / 8.347057
    ief_pose_delta_2    : 14.098095 / 14.189763
    joint_angle_regularization: 0.064753 / 0.069051
    joint_limit_regularization: 0.000000 / 0.000000
    joint_rot           : 0.000000 / 0.000000
    keypoint_2d         : 0.000272 / 0.000232
    keypoint_3d         : 0.000005 / 0.000004
    limb_scale_regularization: 0.031035 / 0.034616
    limb_trans_regularization: 0.000008 / 0.000006
    trans               : 0.000000 / 0.000000
  LR (curriculum): 1.00e-05
  Key loss weights: kp2d=0.1000, joint_rot=0.0010, limb_scale_reg=0.000050, limb_trans_reg=0.500000

Epoch 354 Summary:
  Train Loss: 0.0000
  Val Loss: 0.0000
  Loss Components (Train / Val):
    betas               : 0.002141 / 0.001311
    cam_rot             : 0.000001 / 0.000000
    cam_trans           : 0.000005 / 0.000003
    fov                 : 0.001554 / 0.000996
    ief_pose_delta_1    : 8.335784 / 8.356431
    ief_pose_delta_2    : 14.041374 / 14.153154
    joint_angle_regularization: 0.063463 / 0.070459
    joint_limit_regularization: 0.000000 / 0.000000
    joint_rot           : 0.000000 / 0.000000
    keypoint_2d         : 0.000240 / 0.000202
    keypoint_3d         : 0.000004 / 0.000004
    limb_scale_regularization: 0.032530 / 0.035645
    limb_trans_regularization: 0.000007 / 0.000007
    trans               : 0.000000 / 0.000000
  LR (curriculum): 1.00e-05
  Key loss weights: kp2d=0.1000, joint_rot=0.0010, limb_scale_reg=0.000050, limb_trans_reg=0.500000
Checkpoint saved: runs/multiview_constrained/checkpoints/checkpoint_epoch_0354.pth

=== Joint Scales for Multiview Sample 0 ===
Mode: separate
Joint Name              Scale X    Scale Y    Scale Z   Mean Scale
----------------------------------------------------------------------
b_t                      1.0852     1.0774     1.0801       1.0809
b_a_1                    1.2704     1.0098     0.9347       1.0717
b_a_2                    1.0658     1.0770     1.0165       1.0531
b_a_3                    1.0624     1.0682     1.0449       1.0585
b_a_4                    1.0666     1.0903     1.0616       1.0729
b_a_5                    1.0717     1.0686     1.0888       1.0764
l_1_co_r                 1.8553     1.2702     1.1866       1.4374
l_1_tr_r                 1.0457     1.2671     1.0348       1.1159
l_1_fe_r                 0.8457     1.2683     1.6438       1.2526
l_1_ti_r                 0.8768     1.1067     0.8134       0.9323
l_1_ta_r                 0.9708     0.9485     0.8974       0.9389
l_1_pt_r                 1.0784     1.0768     1.0797       1.0783
l_2_co_r                 1.8156     1.4698     1.2597       1.5150
l_2_tr_r                 1.2142     1.3600     1.3271       1.3004
l_2_fe_r                 1.5531     0.9428     1.1331       1.2097
l_2_ti_r                 1.4576     0.9795     0.8314       1.0895
l_2_ta_r                 1.1882     0.9850     1.0039       1.0590
l_2_pt_r                 1.0889     1.0820     1.0902       1.0871
l_3_co_r                 1.6968     0.8947     1.0357       1.2091
l_3_tr_r                 0.9999     1.5700     1.0200       1.1966
l_3_fe_r                 1.0728     1.0801     1.3666       1.1732
l_3_ti_r                 0.9337     1.0833     0.7862       0.9344
l_3_ta_r                 0.9792     0.9705     1.0390       0.9962
l_3_pt_r                 1.0768     1.0888     1.0870       1.0842
w_1_r                    1.0810     1.0786     1.0870       1.0822
w_2_r                    1.0689     1.0708     1.0861       1.0753
l_1_co_l                 1.6692     1.3951     1.1242       1.3962
l_1_tr_l                 0.9505     1.3824     0.9704       1.1011
l_1_fe_l                 1.3307     1.0593     1.7335       1.3745
l_1_ti_l                 0.8668     1.0059     0.9904       0.9544
l_1_ta_l                 0.9744     0.9548     0.9064       0.9452
l_1_pt_l                 1.0773     1.0909     1.0723       1.0801
l_2_co_l                 1.7256     1.3914     1.1779       1.4316
l_2_tr_l                 1.3400     1.3305     1.0776       1.2494
l_2_fe_l                 1.5233     0.9564     1.4668       1.3155
l_2_ti_l                 1.4044     1.0972     0.8325       1.1114
l_2_ta_l                 1.2175     0.9498     1.0020       1.0565
l_2_pt_l                 1.0791     1.0652     1.0625       1.0690
l_3_co_l                 1.5745     0.9506     1.1196       1.2149
l_3_tr_l                 1.1058     1.0771     1.1762       1.1197
l_3_fe_l                 0.9562     0.9877     1.3549       1.0996
l_3_ti_l                 0.8754     1.0181     0.9264       0.9400
l_3_ta_l                 1.0010     1.0004     1.0482       1.0165
l_3_pt_l                 1.0821     1.0819     1.0801       1.0814
w_1_l                    0.7057     1.1329     1.1555       0.9980
w_2_l                    1.0867     1.0941     1.0890       1.0899
b_h                      1.5954     1.2579     0.6648       1.1727
ma_r                     1.0830     1.0791     1.0731       1.0784
an_1_r                   1.2669     1.3567     0.9651       1.1962
an_2_r                   1.3104     1.2253     1.0050       1.1802
an_3_r                   1.0740     1.0883     1.0727       1.0784
ma_l                     1.0769     1.0771     1.0845       1.0795
an_1_l                   1.4467     0.8916     0.9456       1.0946
an_2_l                   1.1024     1.0437     1.0152       1.0538
an_3_l                   1.0837     1.0841     1.0845       1.0841

Summary Statistics:
  Mean scale (all joints, all axes): 1.1244
  Std scale (all joints, all axes): 0.2080
  Min scale: 0.6648
  Max scale: 1.8553
  Joints with scale > 1.1: 30
  Joints with scale < 0.9: 12
======================================================================


=== Joint Scales for Multiview Sample 1 ===
Mode: separate
Joint Name              Scale X    Scale Y    Scale Z   Mean Scale
----------------------------------------------------------------------
b_t                      1.0644     1.0552     1.0578       1.0591
b_a_1                    1.3547     0.9942     0.9746       1.1078
b_a_2                    1.1461     1.0523     1.0169       1.0718
b_a_3                    1.0671     1.0599     1.0475       1.0581
b_a_4                    1.0416     1.0622     1.0443       1.0493
b_a_5                    1.0512     1.0442     1.0635       1.0530
l_1_co_r                 1.6786     1.0473     1.0890       1.2716
l_1_tr_r                 1.0362     1.2260     0.9492       1.0705
l_1_fe_r                 0.7689     1.1291     1.3309       1.0763
l_1_ti_r                 0.8230     1.0285     0.8054       0.8856
l_1_ta_r                 0.9280     0.8977     0.8509       0.8922
l_1_pt_r                 1.0584     1.0525     1.0579       1.0563
l_2_co_r                 1.5804     1.2508     1.0497       1.2936
l_2_tr_r                 1.2357     1.3043     1.2534       1.2644
l_2_fe_r                 1.4921     0.8657     1.1162       1.1580
l_2_ti_r                 1.4547     0.9227     0.8151       1.0642
l_2_ta_r                 1.1700     0.8947     0.9873       1.0173
l_2_pt_r                 1.0629     1.0554     1.0613       1.0599
l_3_co_r                 1.7070     0.8904     1.0486       1.2153
l_3_tr_r                 0.9237     1.4215     0.9476       1.0976
l_3_fe_r                 0.9236     0.9979     1.1821       1.0345
l_3_ti_r                 0.8502     1.0427     0.7799       0.8909
l_3_ta_r                 0.9330     0.9568     1.0662       0.9853
l_3_pt_r                 1.0530     1.0656     1.0645       1.0610
w_1_r                    1.0592     1.0563     1.0649       1.0601
w_2_r                    1.0491     1.0516     1.0632       1.0546
l_1_co_l                 1.5065     1.0962     1.0599       1.2208
l_1_tr_l                 0.9450     1.2384     0.9811       1.0548
l_1_fe_l                 1.2568     0.9516     1.6054       1.2713
l_1_ti_l                 0.9346     0.9122     1.0220       0.9563
l_1_ta_l                 0.9296     0.9186     0.8777       0.9086
l_1_pt_l                 1.0534     1.0637     1.0517       1.0563
l_2_co_l                 1.7328     1.2617     1.0642       1.3529
l_2_tr_l                 1.3630     1.3189     0.9945       1.2255
l_2_fe_l                 1.4567     0.8915     1.2631       1.2038
l_2_ti_l                 1.4131     0.9653     0.8229       1.0671
l_2_ta_l                 1.1907     0.8967     0.9740       1.0205
l_2_pt_l                 1.0556     1.0470     1.0471       1.0499
l_3_co_l                 1.4153     1.0347     1.1280       1.1927
l_3_tr_l                 1.0313     1.0654     1.1438       1.0802
l_3_fe_l                 0.8483     0.9357     1.1390       0.9744
l_3_ti_l                 0.8350     1.0099     0.9448       0.9299
l_3_ta_l                 0.9209     0.9412     1.0453       0.9691
l_3_pt_l                 1.0582     1.0591     1.0606       1.0593
w_1_l                    0.7901     1.1129     1.1285       1.0105
w_2_l                    1.0597     1.0693     1.0694       1.0661
b_h                      1.3780     1.1420     0.6092       1.0431
ma_r                     1.0571     1.0541     1.0562       1.0558
an_1_r                   1.1067     1.3169     1.0004       1.1413
an_2_r                   1.2517     1.1901     1.0007       1.1475
an_3_r                   1.0532     1.0643     1.0506       1.0561
ma_l                     1.0546     1.0540     1.0624       1.0570
an_1_l                   1.4498     0.8889     0.9530       1.0972
an_2_l                   1.1677     1.0098     1.0224       1.0666
an_3_l                   1.0610     1.0617     1.0608       1.0612

Summary Statistics:
  Mean scale (all joints, all axes): 1.0783
  Std scale (all joints, all axes): 0.1819
  Min scale: 0.6092
  Max scale: 1.7328
  Joints with scale > 1.1: 30
  Joints with scale < 0.9: 17
======================================================================


=== Joint Scales for Multiview Sample 2 ===
Mode: separate
Joint Name              Scale X    Scale Y    Scale Z   Mean Scale
----------------------------------------------------------------------
b_t                      1.0853     1.0786     1.0816       1.0818
b_a_1                    1.2793     1.0067     0.9469       1.0776
b_a_2                    1.0831     1.0774     1.0107       1.0570
b_a_3                    1.0646     1.0692     1.0461       1.0600
b_a_4                    1.0684     1.0917     1.0640       1.0747
b_a_5                    1.0727     1.0705     1.0894       1.0775
l_1_co_r                 1.7866     1.2396     1.2049       1.4104
l_1_tr_r                 1.0284     1.2228     1.0434       1.0982
l_1_fe_r                 0.8309     1.2856     1.6566       1.2577
l_1_ti_r                 0.8558     1.1207     0.8139       0.9302
l_1_ta_r                 0.9685     0.9654     0.9022       0.9453
l_1_pt_r                 1.0797     1.0790     1.0809       1.0799
l_2_co_r                 1.8091     1.4289     1.3144       1.5175
l_2_tr_r                 1.2205     1.3644     1.3443       1.3098
l_2_fe_r                 1.5755     0.9433     1.1603       1.2264
l_2_ti_r                 1.4688     0.9781     0.8332       1.0933
l_2_ta_r                 1.1907     0.9861     1.0056       1.0608
l_2_pt_r                 1.0905     1.0834     1.0915       1.0885
l_3_co_r                 1.7015     0.9013     1.0501       1.2176
l_3_tr_r                 0.9889     1.5641     1.0452       1.1994
l_3_fe_r                 1.0681     1.0625     1.3711       1.1672
l_3_ti_r                 0.9288     1.0617     0.7809       0.9238
l_3_ta_r                 0.9622     0.9504     1.0418       0.9848
l_3_pt_r                 1.0767     1.0897     1.0880       1.0848
w_1_r                    1.0819     1.0797     1.0881       1.0832
w_2_r                    1.0694     1.0721     1.0871       1.0762
l_1_co_l                 1.6419     1.4316     1.1093       1.3943
l_1_tr_l                 0.9525     1.3818     0.9693       1.1012
l_1_fe_l                 1.3056     1.0614     1.7151       1.3607
l_1_ti_l                 0.8727     1.0027     0.9922       0.9559
l_1_ta_l                 0.9804     0.9516     0.9089       0.9470
l_1_pt_l                 1.0781     1.0925     1.0736       1.0814
l_2_co_l                 1.7328     1.4065     1.1752       1.4382
l_2_tr_l                 1.3409     1.3508     1.0617       1.2511
l_2_fe_l                 1.5105     0.9491     1.4523       1.3040
l_2_ti_l                 1.4027     1.0869     0.8244       1.1047
l_2_ta_l                 1.2203     0.9316     1.0065       1.0528
l_2_pt_l                 1.0799     1.0666     1.0637       1.0701
l_3_co_l                 1.6056     0.9399     1.1379       1.2278
l_3_tr_l                 1.1431     1.0935     1.1826       1.1397
l_3_fe_l                 0.9661     0.9967     1.3263       1.0963
l_3_ti_l                 0.8734     1.0056     0.9278       0.9356
l_3_ta_l                 1.0064     0.9994     1.0475       1.0178
l_3_pt_l                 1.0830     1.0827     1.0809       1.0822
w_1_l                    0.7202     1.1335     1.1545       1.0027
w_2_l                    1.0882     1.0948     1.0897       1.0909
b_h                      1.6472     1.2776     0.6671       1.1973
ma_r                     1.0850     1.0807     1.0746       1.0801
an_1_r                   1.2508     1.3707     0.9587       1.1934
an_2_r                   1.2898     1.2308     1.0060       1.1755
an_3_r                   1.0749     1.0880     1.0745       1.0791
ma_l                     1.0782     1.0781     1.0856       1.0806
an_1_l                   1.4448     0.8831     0.9480       1.0920
an_2_l                   1.1031     1.0440     1.0193       1.0555
an_3_l                   1.0845     1.0859     1.0854       1.0853

Summary Statistics:
  Mean scale (all joints, all axes): 1.1250
  Std scale (all joints, all axes): 0.2077
  Min scale: 0.6671
  Max scale: 1.8091
  Joints with scale > 1.1: 30
  Joints with scale < 0.9: 10
======================================================================


=== Joint Scales for Multiview Sample 3 ===
Mode: separate
Joint Name              Scale X    Scale Y    Scale Z   Mean Scale
----------------------------------------------------------------------
b_t                      1.0863     1.0779     1.0810       1.0818
b_a_1                    1.2719     1.0091     0.9504       1.0771
b_a_2                    1.0752     1.0767     1.0160       1.0560
b_a_3                    1.0634     1.0698     1.0446       1.0592
b_a_4                    1.0674     1.0918     1.0632       1.0741
b_a_5                    1.0722     1.0692     1.0894       1.0769
l_1_co_r                 1.8527     1.2534     1.1844       1.4302
l_1_tr_r                 1.0472     1.2648     1.0284       1.1134
l_1_fe_r                 0.8344     1.2600     1.6398       1.2447
l_1_ti_r                 0.8829     1.1144     0.8053       0.9342
l_1_ta_r                 0.9743     0.9484     0.8917       0.9381
l_1_pt_r                 1.0796     1.0778     1.0800       1.0791
l_2_co_r                 1.8197     1.4744     1.2521       1.5154
l_2_tr_r                 1.2301     1.3686     1.3328       1.3105
l_2_fe_r                 1.5670     0.9436     1.1402       1.2169
l_2_ti_r                 1.4617     0.9767     0.8318       1.0901
l_2_ta_r                 1.1897     0.9834     1.0029       1.0587
l_2_pt_r                 1.0900     1.0827     1.0908       1.0878
l_3_co_r                 1.6989     0.8948     1.0296       1.2078
l_3_tr_r                 1.0071     1.5779     1.0056       1.1969
l_3_fe_r                 1.0514     1.0766     1.3632       1.1637
l_3_ti_r                 0.9180     1.0775     0.7720       0.9225
l_3_ta_r                 0.9655     0.9683     1.0415       0.9918
l_3_pt_r                 1.0780     1.0896     1.0884       1.0853
w_1_r                    1.0819     1.0795     1.0875       1.0829
w_2_r                    1.0695     1.0714     1.0868       1.0759
l_1_co_l                 1.6696     1.3844     1.1327       1.3956
l_1_tr_l                 0.9416     1.3741     0.9658       1.0938
l_1_fe_l                 1.3332     1.0720     1.7319       1.3790
l_1_ti_l                 0.8697     1.0082     0.9986       0.9588
l_1_ta_l                 0.9790     0.9559     0.9103       0.9484
l_1_pt_l                 1.0779     1.0920     1.0735       1.0812
l_2_co_l                 1.7287     1.3885     1.1709       1.4294
l_2_tr_l                 1.3522     1.3283     1.0721       1.2508
l_2_fe_l                 1.5271     0.9504     1.4708       1.3161
l_2_ti_l                 1.4112     1.0987     0.8279       1.1126
l_2_ta_l                 1.2150     0.9450     1.0048       1.0549
l_2_pt_l                 1.0800     1.0658     1.0633       1.0697
l_3_co_l                 1.6234     0.9522     1.1207       1.2321
l_3_tr_l                 1.1542     1.0867     1.1788       1.1399
l_3_fe_l                 0.9766     1.0000     1.3260       1.1009
l_3_ti_l                 0.8791     1.0063     0.9323       0.9392
l_3_ta_l                 1.0070     1.0017     1.0465       1.0184
l_3_pt_l                 1.0825     1.0824     1.0810       1.0820
w_1_l                    0.7129     1.1325     1.1521       0.9992
w_2_l                    1.0871     1.0950     1.0900       1.0907
b_h                      1.5984     1.2534     0.6605       1.1708
ma_r                     1.0838     1.0799     1.0742       1.0793
an_1_r                   1.2641     1.3588     0.9704       1.1978
an_2_r                   1.3105     1.2285     1.0076       1.1822
an_3_r                   1.0744     1.0892     1.0738       1.0792
ma_l                     1.0775     1.0776     1.0854       1.0801
an_1_l                   1.4333     0.8911     0.9469       1.0904
an_2_l                   1.1006     1.0407     1.0217       1.0543
an_3_l                   1.0844     1.0847     1.0850       1.0847

Summary Statistics:
  Mean scale (all joints, all axes): 1.1251
  Std scale (all joints, all axes): 0.2090
  Min scale: 0.6605
  Max scale: 1.8527
  Joints with scale > 1.1: 30
  Joints with scale < 0.9: 12
======================================================================


=== Joint Scales for Multiview Sample 4 ===
Mode: separate
Joint Name              Scale X    Scale Y    Scale Z   Mean Scale
----------------------------------------------------------------------
b_t                      1.0855     1.0780     1.0814       1.0816
b_a_1                    1.2663     1.0070     0.9407       1.0714
b_a_2                    1.0709     1.0759     1.0097       1.0522
b_a_3                    1.0601     1.0700     1.0489       1.0597
b_a_4                    1.0673     1.0904     1.0645       1.0740
b_a_5                    1.0723     1.0700     1.0887       1.0770
l_1_co_r                 1.8287     1.2645     1.1821       1.4251
l_1_tr_r                 1.0506     1.2587     1.0286       1.1126
l_1_fe_r                 0.8399     1.2807     1.6395       1.2534
l_1_ti_r                 0.8655     1.1118     0.8181       0.9318
l_1_ta_r                 0.9603     0.9518     0.9033       0.9385
l_1_pt_r                 1.0796     1.0779     1.0800       1.0792
l_2_co_r                 1.7937     1.4541     1.2314       1.4931
l_2_tr_r                 1.2273     1.3652     1.3180       1.3035
l_2_fe_r                 1.5540     0.9542     1.1365       1.2149
l_2_ti_r                 1.4584     0.9824     0.8353       1.0920
l_2_ta_r                 1.1877     0.9868     1.0086       1.0610
l_2_pt_r                 1.0896     1.0832     1.0907       1.0878
l_3_co_r                 1.6890     0.8790     1.0502       1.2061
l_3_tr_r                 0.9826     1.5042     1.0396       1.1755
l_3_fe_r                 1.0526     1.0476     1.3925       1.1643
l_3_ti_r                 0.9089     1.0766     0.7809       0.9221
l_3_ta_r                 0.9617     0.9665     1.0438       0.9907
l_3_pt_r                 1.0771     1.0896     1.0877       1.0848
w_1_r                    1.0814     1.0797     1.0874       1.0828
w_2_r                    1.0690     1.0717     1.0864       1.0757
l_1_co_l                 1.6318     1.4050     1.1065       1.3811
l_1_tr_l                 0.9548     1.3906     0.9649       1.1034
l_1_fe_l                 1.3178     1.0700     1.7096       1.3658
l_1_ti_l                 0.8772     1.0007     1.0007       0.9596
l_1_ta_l                 0.9775     0.9523     0.9124       0.9474
l_1_pt_l                 1.0777     1.0920     1.0740       1.0812
l_2_co_l                 1.6859     1.3712     1.1750       1.4107
l_2_tr_l                 1.3368     1.3126     1.0952       1.2482
l_2_fe_l                 1.5094     0.9504     1.4393       1.2997
l_2_ti_l                 1.4023     1.0923     0.8273       1.1073
l_2_ta_l                 1.2173     0.9371     1.0038       1.0527
l_2_pt_l                 1.0796     1.0666     1.0631       1.0697
l_3_co_l                 1.6249     0.9472     1.1179       1.2300
l_3_tr_l                 1.1693     1.1021     1.1835       1.1516
l_3_fe_l                 0.9902     1.0145     1.2872       1.0973
l_3_ti_l                 0.8890     1.0103     0.9382       0.9458
l_3_ta_l                 1.0115     1.0086     1.0454       1.0218
l_3_pt_l                 1.0821     1.0825     1.0807       1.0817
w_1_l                    0.7175     1.1335     1.1558       1.0022
w_2_l                    1.0873     1.0943     1.0896       1.0904
b_h                      1.6009     1.2842     0.6606       1.1819
ma_r                     1.0840     1.0801     1.0741       1.0794
an_1_r                   1.2470     1.3635     0.9607       1.1904
an_2_r                   1.2913     1.2288     1.0083       1.1761
an_3_r                   1.0751     1.0881     1.0739       1.0790
ma_l                     1.0771     1.0776     1.0854       1.0801
an_1_l                   1.4375     0.8870     0.9515       1.0920
an_2_l                   1.1041     1.0414     1.0220       1.0558
an_3_l                   1.0843     1.0852     1.0851       1.0849

Summary Statistics:
  Mean scale (all joints, all axes): 1.1232
  Std scale (all joints, all axes): 0.2037
  Min scale: 0.6606
  Max scale: 1.8287
  Joints with scale > 1.1: 30
  Joints with scale < 0.9: 11
======================================================================

Generated 5 multi-view visualizations for epoch 354 in runs/multiview_constrained/visualizations/epoch_354

=== Joint Scales for Sample 0 (Single-View Renders) ===
Mode: separate
Joint Name              Scale X    Scale Y    Scale Z   Mean Scale
----------------------------------------------------------------------
b_t                      1.0852     1.0774     1.0801       1.0809
b_a_1                    1.2704     1.0098     0.9347       1.0717
b_a_2                    1.0658     1.0770     1.0165       1.0531
b_a_3                    1.0624     1.0682     1.0449       1.0585
b_a_4                    1.0666     1.0903     1.0616       1.0729
b_a_5                    1.0717     1.0686     1.0888       1.0764
l_1_co_r                 1.8553     1.2702     1.1866       1.4374
l_1_tr_r                 1.0457     1.2671     1.0348       1.1159
l_1_fe_r                 0.8457     1.2683     1.6438       1.2526
l_1_ti_r                 0.8768     1.1067     0.8134       0.9323
l_1_ta_r                 0.9708     0.9485     0.8974       0.9389
l_1_pt_r                 1.0784     1.0768     1.0797       1.0783
l_2_co_r                 1.8156     1.4698     1.2597       1.5150
l_2_tr_r                 1.2142     1.3600     1.3271       1.3004
l_2_fe_r                 1.5531     0.9428     1.1331       1.2097
l_2_ti_r                 1.4576     0.9795     0.8314       1.0895
l_2_ta_r                 1.1882     0.9850     1.0039       1.0590
l_2_pt_r                 1.0889     1.0820     1.0902       1.0871
l_3_co_r                 1.6968     0.8947     1.0357       1.2091
l_3_tr_r                 0.9999     1.5700     1.0200       1.1966
l_3_fe_r                 1.0728     1.0801     1.3666       1.1732
l_3_ti_r                 0.9337     1.0833     0.7862       0.9344
l_3_ta_r                 0.9792     0.9705     1.0390       0.9962
l_3_pt_r                 1.0768     1.0888     1.0870       1.0842
w_1_r                    1.0810     1.0786     1.0870       1.0822
w_2_r                    1.0689     1.0708     1.0861       1.0753
l_1_co_l                 1.6692     1.3951     1.1242       1.3962
l_1_tr_l                 0.9505     1.3824     0.9704       1.1011
l_1_fe_l                 1.3307     1.0593     1.7335       1.3745
l_1_ti_l                 0.8668     1.0059     0.9904       0.9544
l_1_ta_l                 0.9744     0.9548     0.9064       0.9452
l_1_pt_l                 1.0773     1.0909     1.0723       1.0801
l_2_co_l                 1.7256     1.3914     1.1779       1.4316
l_2_tr_l                 1.3400     1.3305     1.0776       1.2494
l_2_fe_l                 1.5233     0.9564     1.4668       1.3155
l_2_ti_l                 1.4044     1.0972     0.8325       1.1114
l_2_ta_l                 1.2175     0.9498     1.0020       1.0565
l_2_pt_l                 1.0791     1.0652     1.0625       1.0690
l_3_co_l                 1.5745     0.9506     1.1196       1.2149
l_3_tr_l                 1.1058     1.0771     1.1762       1.1197
l_3_fe_l                 0.9562     0.9877     1.3549       1.0996
l_3_ti_l                 0.8754     1.0181     0.9264       0.9400
l_3_ta_l                 1.0010     1.0004     1.0482       1.0165
l_3_pt_l                 1.0821     1.0819     1.0801       1.0814
w_1_l                    0.7057     1.1329     1.1555       0.9980
w_2_l                    1.0867     1.0941     1.0890       1.0899
b_h                      1.5954     1.2579     0.6648       1.1727
ma_r                     1.0830     1.0791     1.0731       1.0784
an_1_r                   1.2669     1.3567     0.9651       1.1962
an_2_r                   1.3104     1.2253     1.0050       1.1802
an_3_r                   1.0740     1.0883     1.0727       1.0784
ma_l                     1.0769     1.0771     1.0845       1.0795
an_1_l                   1.4467     0.8916     0.9456       1.0946
an_2_l                   1.1024     1.0437     1.0152       1.0538
an_3_l                   1.0837     1.0841     1.0845       1.0841

Summary Statistics:
  Mean scale (all joints, all axes): 1.1244
  Std scale (all joints, all axes): 0.2080
  Min scale: 0.6648
  Max scale: 1.8553
  Joints with scale > 1.1: 30
  Joints with scale < 0.9: 12
======================================================================


[Visualization] Using model renderer image size: 224
  Original image size: (512, 512, 3)
  Model renderer size: 224
  This ensures keypoint normalization matches training

[Sample 0] Input fingerprint (img patch mean): 0.598290
  trans: [0.0041, 0.0132, 0.3275]
  global_rot[0:3]: [-0.0896, -0.5240, 0.1112]
  fov_per_view[0]: 35.6906
  mesh_scale: 0.0342

[Camera Debug] View 0:
  FOV: 35.69 degrees
  cam_trans: [-0.01423674  0.2391992  -0.06711279]
  cam_rot (first row): [-0.03269773  0.7633936   0.6448394 ]
  Renderer image size: 224
  Body trans: [0.00410126 0.01316965 0.32746404]
  Betas (first 3): [3.6186557  0.628252   0.84859896]
  Camera R shape: torch.Size([1, 3, 3])
  Camera T shape: torch.Size([1, 3])
  Camera fov shape: torch.Size([1])

[GT Cam+3D Sanity] view 0:
  GT fov_y: 35.67 deg
  ||GT cam_T||: 0.249  (should be O(0.1-10) after scaling, not O(100-1000))
  max|GT kp3d|: 0.345 (same unit scale as SMAL verts/joints)
  mean reproj err (GT 3D + GT cam -> 2D): 0.13 px @ 224px
  Exported mesh to: runs/multiview_constrained/singleview_renders/epoch_354/sample_000_view_00_epoch_354.obj
  Mesh vertices: torch.Size([1, 3020, 3]), range: [-0.031, 0.344]
  Mesh faces: torch.Size([6019, 3])
  Mean pred 3D: [0.0044, 0.0133, 0.3315]
  Mean GT 3D:  [0.0026, 0.0098, 0.2538]
  Root rot magnitude: 172.24°
  Generated 3D keypoint visualization: runs/multiview_constrained/singleview_renders/epoch_354/sample_000_epoch_354_3d_keypoints.png
  Mean 3D error: 0.0040, Max error: 0.0139
  Plotted joints: 42, Suppressed: 13

=== Joint Scales for Sample 1 (Single-View Renders) ===
Mode: separate
Joint Name              Scale X    Scale Y    Scale Z   Mean Scale
----------------------------------------------------------------------
b_t                      1.0644     1.0552     1.0578       1.0591
b_a_1                    1.3547     0.9942     0.9746       1.1078
b_a_2                    1.1461     1.0523     1.0169       1.0718
b_a_3                    1.0671     1.0599     1.0475       1.0581
b_a_4                    1.0416     1.0622     1.0443       1.0493
b_a_5                    1.0512     1.0442     1.0635       1.0530
l_1_co_r                 1.6786     1.0473     1.0890       1.2716
l_1_tr_r                 1.0362     1.2260     0.9492       1.0705
l_1_fe_r                 0.7689     1.1291     1.3309       1.0763
l_1_ti_r                 0.8230     1.0285     0.8054       0.8856
l_1_ta_r                 0.9280     0.8977     0.8509       0.8922
l_1_pt_r                 1.0584     1.0525     1.0579       1.0563
l_2_co_r                 1.5804     1.2508     1.0497       1.2936
l_2_tr_r                 1.2357     1.3043     1.2534       1.2644
l_2_fe_r                 1.4921     0.8657     1.1162       1.1580
l_2_ti_r                 1.4547     0.9227     0.8151       1.0642
l_2_ta_r                 1.1700     0.8947     0.9873       1.0173
l_2_pt_r                 1.0629     1.0554     1.0613       1.0599
l_3_co_r                 1.7070     0.8904     1.0486       1.2153
l_3_tr_r                 0.9237     1.4215     0.9476       1.0976
l_3_fe_r                 0.9236     0.9979     1.1821       1.0345
l_3_ti_r                 0.8502     1.0427     0.7799       0.8909
l_3_ta_r                 0.9330     0.9568     1.0662       0.9853
l_3_pt_r                 1.0530     1.0656     1.0645       1.0610
w_1_r                    1.0592     1.0563     1.0649       1.0601
w_2_r                    1.0491     1.0516     1.0632       1.0546
l_1_co_l                 1.5065     1.0962     1.0599       1.2208
l_1_tr_l                 0.9450     1.2384     0.9811       1.0548
l_1_fe_l                 1.2568     0.9516     1.6054       1.2713
l_1_ti_l                 0.9346     0.9122     1.0220       0.9563
l_1_ta_l                 0.9296     0.9186     0.8777       0.9086
l_1_pt_l                 1.0534     1.0637     1.0517       1.0563
l_2_co_l                 1.7328     1.2617     1.0642       1.3529
l_2_tr_l                 1.3630     1.3189     0.9945       1.2255
l_2_fe_l                 1.4567     0.8915     1.2631       1.2038
l_2_ti_l                 1.4131     0.9653     0.8229       1.0671
l_2_ta_l                 1.1907     0.8967     0.9740       1.0205
l_2_pt_l                 1.0556     1.0470     1.0471       1.0499
l_3_co_l                 1.4153     1.0347     1.1280       1.1927
l_3_tr_l                 1.0313     1.0654     1.1438       1.0802
l_3_fe_l                 0.8483     0.9357     1.1390       0.9744
l_3_ti_l                 0.8350     1.0099     0.9448       0.9299
l_3_ta_l                 0.9209     0.9412     1.0453       0.9691
l_3_pt_l                 1.0582     1.0591     1.0606       1.0593
w_1_l                    0.7901     1.1129     1.1285       1.0105
w_2_l                    1.0597     1.0693     1.0694       1.0661
b_h                      1.3780     1.1420     0.6092       1.0431
ma_r                     1.0571     1.0541     1.0562       1.0558
an_1_r                   1.1067     1.3169     1.0004       1.1413
an_2_r                   1.2517     1.1901     1.0007       1.1475
an_3_r                   1.0532     1.0643     1.0506       1.0561
ma_l                     1.0546     1.0540     1.0624       1.0570
an_1_l                   1.4498     0.8889     0.9530       1.0972
an_2_l                   1.1677     1.0098     1.0224       1.0666
an_3_l                   1.0610     1.0617     1.0608       1.0612

Summary Statistics:
  Mean scale (all joints, all axes): 1.0783
  Std scale (all joints, all axes): 0.1819
  Min scale: 0.6092
  Max scale: 1.7328
  Joints with scale > 1.1: 30
  Joints with scale < 0.9: 17
======================================================================


[Sample 1] Input fingerprint (img patch mean): 0.462455
  trans: [0.0130, 0.0219, 0.3342]
  global_rot[0:3]: [0.3616, 0.6376, 0.1277]
  fov_per_view[0]: 37.4705
  mesh_scale: 0.0215
  Mean pred 3D: [0.0120, 0.0222, 0.3363]
  Mean GT 3D:  [0.0093, 0.0171, 0.2570]
  Root rot magnitude: 169.61°

=== Joint Scales for Sample 2 (Single-View Renders) ===
Mode: separate
Joint Name              Scale X    Scale Y    Scale Z   Mean Scale
----------------------------------------------------------------------
b_t                      1.0853     1.0786     1.0816       1.0818
b_a_1                    1.2793     1.0067     0.9469       1.0776
b_a_2                    1.0831     1.0774     1.0107       1.0570
b_a_3                    1.0646     1.0692     1.0461       1.0600
b_a_4                    1.0684     1.0917     1.0640       1.0747
b_a_5                    1.0727     1.0705     1.0894       1.0775
l_1_co_r                 1.7866     1.2396     1.2049       1.4104
l_1_tr_r                 1.0284     1.2228     1.0434       1.0982
l_1_fe_r                 0.8309     1.2856     1.6566       1.2577
l_1_ti_r                 0.8558     1.1207     0.8139       0.9302
l_1_ta_r                 0.9685     0.9654     0.9022       0.9453
l_1_pt_r                 1.0797     1.0790     1.0809       1.0799
l_2_co_r                 1.8091     1.4289     1.3144       1.5175
l_2_tr_r                 1.2205     1.3644     1.3443       1.3098
l_2_fe_r                 1.5755     0.9433     1.1603       1.2264
l_2_ti_r                 1.4688     0.9781     0.8332       1.0933
l_2_ta_r                 1.1907     0.9861     1.0056       1.0608
l_2_pt_r                 1.0905     1.0834     1.0915       1.0885
l_3_co_r                 1.7015     0.9013     1.0501       1.2176
l_3_tr_r                 0.9889     1.5641     1.0452       1.1994
l_3_fe_r                 1.0681     1.0625     1.3711       1.1672
l_3_ti_r                 0.9288     1.0617     0.7809       0.9238
l_3_ta_r                 0.9622     0.9504     1.0418       0.9848
l_3_pt_r                 1.0767     1.0897     1.0880       1.0848
w_1_r                    1.0819     1.0797     1.0881       1.0832
w_2_r                    1.0694     1.0721     1.0871       1.0762
l_1_co_l                 1.6419     1.4316     1.1093       1.3943
l_1_tr_l                 0.9525     1.3818     0.9693       1.1012
l_1_fe_l                 1.3056     1.0614     1.7151       1.3607
l_1_ti_l                 0.8727     1.0027     0.9922       0.9559
l_1_ta_l                 0.9804     0.9516     0.9089       0.9470
l_1_pt_l                 1.0781     1.0925     1.0736       1.0814
l_2_co_l                 1.7328     1.4065     1.1752       1.4382
l_2_tr_l                 1.3409     1.3508     1.0617       1.2511
l_2_fe_l                 1.5105     0.9491     1.4523       1.3040
l_2_ti_l                 1.4027     1.0869     0.8244       1.1047
l_2_ta_l                 1.2203     0.9316     1.0065       1.0528
l_2_pt_l                 1.0799     1.0666     1.0637       1.0701
l_3_co_l                 1.6056     0.9399     1.1379       1.2278
l_3_tr_l                 1.1431     1.0935     1.1826       1.1397
l_3_fe_l                 0.9661     0.9967     1.3263       1.0963
l_3_ti_l                 0.8734     1.0056     0.9278       0.9356
l_3_ta_l                 1.0064     0.9994     1.0475       1.0178
l_3_pt_l                 1.0830     1.0827     1.0809       1.0822
w_1_l                    0.7202     1.1335     1.1545       1.0027
w_2_l                    1.0882     1.0948     1.0897       1.0909
b_h                      1.6472     1.2776     0.6671       1.1973
ma_r                     1.0850     1.0807     1.0746       1.0801
an_1_r                   1.2508     1.3707     0.9587       1.1934
an_2_r                   1.2898     1.2308     1.0060       1.1755
an_3_r                   1.0749     1.0880     1.0745       1.0791
ma_l                     1.0782     1.0781     1.0856       1.0806
an_1_l                   1.4448     0.8831     0.9480       1.0920
an_2_l                   1.1031     1.0440     1.0193       1.0555
an_3_l                   1.0845     1.0859     1.0854       1.0853

Summary Statistics:
  Mean scale (all joints, all axes): 1.1250
  Std scale (all joints, all axes): 0.2077
  Min scale: 0.6671
  Max scale: 1.8091
  Joints with scale > 1.1: 30
  Joints with scale < 0.9: 10
======================================================================


[Sample 2] Input fingerprint (img patch mean): 0.354034
  trans: [0.0028, 0.0071, 0.3281]
  global_rot[0:3]: [-0.5848, -0.0512, 0.1355]
  fov_per_view[0]: 35.6701
  mesh_scale: 0.0336
  Mean pred 3D: [0.0033, 0.0062, 0.3322]
  Mean GT 3D:  [0.0020, 0.0047, 0.2424]
  Root rot magnitude: 167.19°

=== Joint Scales for Sample 3 (Single-View Renders) ===
Mode: separate
Joint Name              Scale X    Scale Y    Scale Z   Mean Scale
----------------------------------------------------------------------
b_t                      1.0863     1.0779     1.0810       1.0818
b_a_1                    1.2719     1.0091     0.9504       1.0771
b_a_2                    1.0752     1.0767     1.0160       1.0560
b_a_3                    1.0634     1.0698     1.0446       1.0592
b_a_4                    1.0674     1.0918     1.0632       1.0741
b_a_5                    1.0722     1.0692     1.0894       1.0769
l_1_co_r                 1.8527     1.2534     1.1844       1.4302
l_1_tr_r                 1.0472     1.2648     1.0284       1.1134
l_1_fe_r                 0.8344     1.2600     1.6398       1.2447
l_1_ti_r                 0.8829     1.1144     0.8053       0.9342
l_1_ta_r                 0.9743     0.9484     0.8917       0.9381
l_1_pt_r                 1.0796     1.0778     1.0800       1.0791
l_2_co_r                 1.8197     1.4744     1.2521       1.5154
l_2_tr_r                 1.2301     1.3686     1.3328       1.3105
l_2_fe_r                 1.5670     0.9436     1.1402       1.2169
l_2_ti_r                 1.4617     0.9767     0.8318       1.0901
l_2_ta_r                 1.1897     0.9834     1.0029       1.0587
l_2_pt_r                 1.0900     1.0827     1.0908       1.0878
l_3_co_r                 1.6989     0.8948     1.0296       1.2078
l_3_tr_r                 1.0071     1.5779     1.0056       1.1969
l_3_fe_r                 1.0514     1.0766     1.3632       1.1637
l_3_ti_r                 0.9180     1.0775     0.7720       0.9225
l_3_ta_r                 0.9655     0.9683     1.0415       0.9918
l_3_pt_r                 1.0780     1.0896     1.0884       1.0853
w_1_r                    1.0819     1.0795     1.0875       1.0829
w_2_r                    1.0695     1.0714     1.0868       1.0759
l_1_co_l                 1.6696     1.3844     1.1327       1.3956
l_1_tr_l                 0.9416     1.3741     0.9658       1.0938
l_1_fe_l                 1.3332     1.0720     1.7319       1.3790
l_1_ti_l                 0.8697     1.0082     0.9986       0.9588
l_1_ta_l                 0.9790     0.9559     0.9103       0.9484
l_1_pt_l                 1.0779     1.0920     1.0735       1.0812
l_2_co_l                 1.7287     1.3885     1.1709       1.4294
l_2_tr_l                 1.3522     1.3283     1.0721       1.2508
l_2_fe_l                 1.5271     0.9504     1.4708       1.3161
l_2_ti_l                 1.4112     1.0987     0.8279       1.1126
l_2_ta_l                 1.2150     0.9450     1.0048       1.0549
l_2_pt_l                 1.0800     1.0658     1.0633       1.0697
l_3_co_l                 1.6234     0.9522     1.1207       1.2321
l_3_tr_l                 1.1542     1.0867     1.1788       1.1399
l_3_fe_l                 0.9766     1.0000     1.3260       1.1009
l_3_ti_l                 0.8791     1.0063     0.9323       0.9392
l_3_ta_l                 1.0070     1.0017     1.0465       1.0184
l_3_pt_l                 1.0825     1.0824     1.0810       1.0820
w_1_l                    0.7129     1.1325     1.1521       0.9992
w_2_l                    1.0871     1.0950     1.0900       1.0907
b_h                      1.5984     1.2534     0.6605       1.1708
ma_r                     1.0838     1.0799     1.0742       1.0793
an_1_r                   1.2641     1.3588     0.9704       1.1978
an_2_r                   1.3105     1.2285     1.0076       1.1822
an_3_r                   1.0744     1.0892     1.0738       1.0792
ma_l                     1.0775     1.0776     1.0854       1.0801
an_1_l                   1.4333     0.8911     0.9469       1.0904
an_2_l                   1.1006     1.0407     1.0217       1.0543
an_3_l                   1.0844     1.0847     1.0850       1.0847

Summary Statistics:
  Mean scale (all joints, all axes): 1.1251
  Std scale (all joints, all axes): 0.2090
  Min scale: 0.6605
  Max scale: 1.8527
  Joints with scale > 1.1: 30
  Joints with scale < 0.9: 12
======================================================================


[Sample 3] Input fingerprint (img patch mean): 0.591885
  trans: [0.0061, 0.0143, 0.3274]
  global_rot[0:3]: [-0.2297, -0.4951, 0.1119]
  fov_per_view[0]: 35.6851
  mesh_scale: 0.0346
  Mean pred 3D: [0.0066, 0.0149, 0.3316]
  Mean GT 3D:  [0.0044, 0.0115, 0.2541]
  Root rot magnitude: 172.27°

=== Joint Scales for Sample 4 (Single-View Renders) ===
Mode: separate
Joint Name              Scale X    Scale Y    Scale Z   Mean Scale
----------------------------------------------------------------------
b_t                      1.0855     1.0780     1.0814       1.0816
b_a_1                    1.2663     1.0070     0.9407       1.0714
b_a_2                    1.0709     1.0759     1.0097       1.0522
b_a_3                    1.0601     1.0700     1.0489       1.0597
b_a_4                    1.0673     1.0904     1.0645       1.0740
b_a_5                    1.0723     1.0700     1.0887       1.0770
l_1_co_r                 1.8287     1.2645     1.1821       1.4251
l_1_tr_r                 1.0506     1.2587     1.0286       1.1126
l_1_fe_r                 0.8399     1.2807     1.6395       1.2534
l_1_ti_r                 0.8655     1.1118     0.8181       0.9318
l_1_ta_r                 0.9603     0.9518     0.9033       0.9385
l_1_pt_r                 1.0796     1.0779     1.0800       1.0792
l_2_co_r                 1.7937     1.4541     1.2314       1.4931
l_2_tr_r                 1.2273     1.3652     1.3180       1.3035
l_2_fe_r                 1.5540     0.9542     1.1365       1.2149
l_2_ti_r                 1.4584     0.9824     0.8353       1.0920
l_2_ta_r                 1.1877     0.9868     1.0086       1.0610
l_2_pt_r                 1.0896     1.0832     1.0907       1.0878
l_3_co_r                 1.6890     0.8790     1.0502       1.2061
l_3_tr_r                 0.9826     1.5042     1.0396       1.1755
l_3_fe_r                 1.0526     1.0476     1.3925       1.1643
l_3_ti_r                 0.9089     1.0766     0.7809       0.9221
l_3_ta_r                 0.9617     0.9665     1.0438       0.9907
l_3_pt_r                 1.0771     1.0896     1.0877       1.0848
w_1_r                    1.0814     1.0797     1.0874       1.0828
w_2_r                    1.0690     1.0717     1.0864       1.0757
l_1_co_l                 1.6318     1.4050     1.1065       1.3811
l_1_tr_l                 0.9548     1.3906     0.9649       1.1034
l_1_fe_l                 1.3178     1.0700     1.7096       1.3658
l_1_ti_l                 0.8772     1.0007     1.0007       0.9596
l_1_ta_l                 0.9775     0.9523     0.9124       0.9474
l_1_pt_l                 1.0777     1.0920     1.0740       1.0812
l_2_co_l                 1.6859     1.3712     1.1750       1.4107
l_2_tr_l                 1.3368     1.3126     1.0952       1.2482
l_2_fe_l                 1.5094     0.9504     1.4393       1.2997
l_2_ti_l                 1.4023     1.0923     0.8273       1.1073
l_2_ta_l                 1.2173     0.9371     1.0038       1.0527
l_2_pt_l                 1.0796     1.0666     1.0631       1.0697
l_3_co_l                 1.6249     0.9472     1.1179       1.2300
l_3_tr_l                 1.1693     1.1021     1.1835       1.1516
l_3_fe_l                 0.9902     1.0145     1.2872       1.0973
l_3_ti_l                 0.8890     1.0103     0.9382       0.9458
l_3_ta_l                 1.0115     1.0086     1.0454       1.0218
l_3_pt_l                 1.0821     1.0825     1.0807       1.0817
w_1_l                    0.7175     1.1335     1.1558       1.0022
w_2_l                    1.0873     1.0943     1.0896       1.0904
b_h                      1.6009     1.2842     0.6606       1.1819
ma_r                     1.0840     1.0801     1.0741       1.0794
an_1_r                   1.2470     1.3635     0.9607       1.1904
an_2_r                   1.2913     1.2288     1.0083       1.1761
an_3_r                   1.0751     1.0881     1.0739       1.0790
ma_l                     1.0771     1.0776     1.0854       1.0801
an_1_l                   1.4375     0.8870     0.9515       1.0920
an_2_l                   1.1041     1.0414     1.0220       1.0558
an_3_l                   1.0843     1.0852     1.0851       1.0849

Summary Statistics:
  Mean scale (all joints, all axes): 1.1232
  Std scale (all joints, all axes): 0.2037
  Min scale: 0.6606
  Max scale: 1.8287
  Joints with scale > 1.1: 30
  Joints with scale < 0.9: 11
======================================================================


[Sample 4] Input fingerprint (img patch mean): 0.592601
  trans: [0.0060, 0.0104, 0.3279]
  global_rot[0:3]: [-0.5727, -0.0344, 0.1244]
  fov_per_view[0]: 35.6687
  mesh_scale: 0.0345
  Mean pred 3D: [0.0059, 0.0093, 0.3317]
  Mean GT 3D:  [0.0038, 0.0074, 0.2543]
  Root rot magnitude: 167.90°
Generated single-view renders for 5 samples (epoch 354) in runs/multiview_constrained/singleview_renders/epoch_354

Epoch 355 Summary:
  Train Loss: 0.0000
  Val Loss: 0.0001
  Loss Components (Train / Val):
    betas               : 0.002037 / 0.005849
    cam_rot             : 0.000001 / 0.000000
    cam_trans           : 0.000004 / 0.000003
    fov                 : 0.001101 / 0.001126
    ief_pose_delta_1    : 8.324029 / 8.425702
    ief_pose_delta_2    : 14.120216 / 14.320960
    joint_angle_regularization: 0.064987 / 0.074447
    joint_limit_regularization: 0.000000 / 0.000000
    joint_rot           : 0.000000 / 0.000000
    keypoint_2d         : 0.000227 / 0.000230
    keypoint_3d         : 0.000004 / 0.000004
    limb_scale_regularization: 0.033962 / 0.039606
    limb_trans_regularization: 0.000007 / 0.000008
    trans               : 0.000000 / 0.000000
  LR (curriculum): 1.00e-05
  Key loss weights: kp2d=0.1000, joint_rot=0.0010, limb_scale_reg=0.000050, limb_trans_reg=0.500000
Checkpoint saved: runs/multiview_constrained/checkpoints/final_model.pth

Training completed!
Best validation loss: 0.0000
Checkpoints saved to: runs/multiview_constrained/checkpoints
Training plots saved to: runs/multiview_constrained/plots
Done (multiview) — Wed Aug 26 13:56:05 CEST 2026
